CASENUM,PSU,PSU_VAR,PSUSTRAT,REGION,REGIONNAME,URBANICITY,URBANICITYNAME,STRATUM,STRATUMNAME,PJ,WEIGHT,PEDS,PERNOTMVIT,VE_TOTAL,VE_FORMS,PVH_INVL,PERMVIT,MONTH,MONTHNAME,DAY_WEEK,DAY_WEEKNAME,WKDY_IM,WKDY_IMNAME,YEAR,YEARNAME,HOUR,HOURNAME,HOUR_IM,HOUR_IMNAME,MINUTE,MINUTENAME,MINUTE_IM,MINUTE_IMNAME,HARM_EV,HARM_EVNAME,EVENT1_IM,EVENT1_IMNAME,MAN_COLL,MAN_COLLNAME,MANCOL_IM,MANCOL_IMNAME,RELJCT1,RELJCT1NAME,RELJCT1_IM,RELJCT1_IMNAME,RELJCT2,RELJCT2NAME,RELJCT2_IM,RELJCT2_IMNAME,TYP_INT,TYP_INTNAME,REL_ROAD,REL_ROADNAME,WRK_ZONE,WRK_ZONENAME,LGT_COND,LGT_CONDNAME,LGTCON_IM,LGTCON_IMNAME,WEATHER,WEATHERNAME,WEATHR_IM,WEATHR_IMNAME,SCH_BUS,SCH_BUSNAME,INT_HWY,INT_HWYNAME,MAX_SEV,MAX_SEVNAME,MAXSEV_IM,MAXSEV_IMNAME,NUM_INJ,NUM_INJNAME,NO_INJ_IM,NO_INJ_IMNAME,ALCOHOL,ALCOHOLNAME,ALCHL_IM,ALCHL_IMNAME
202304632910,39,39,7,2,"Midwest (OH, IN, IL, MI, WI, MN, ND, SD, NE, IA, MO, KS)",1,Urban Area,10,Stratum 10 - Other,4154,210.86019124,0,0,1,1,0,1,1,January,1,Sunday,1,Sunday,2023,2023,3,3:00am-3:59am,3,3:00am-3:59am,0,0,0,0,53,Mail Box,53,Mail Box,0,The First Harmful Event was Not a Collision with a Motor Vehicle In-Transport,0,The First Harmful Event was Not a Collision with a Motor Vehicle In-Transport,0,No,0,No,1,Non-Junction,1,Non-Junction,1,Not an Intersection,4,On Roadside,0,,6,Dark - Unknown Lighting,6,Dark - Unknown Lighting,1,Clear,1,Clear,0,No,0,No,9,Unknown/Not Reported,0,No Apparent Injury (O),99,All Persons in Crash are Unknown If Injured,0,No Person Injured/Property Damage Only Crash,9,Reported as Unknown,2,No Alcohol Involved
202304632916,77,77,9,2,"Midwest (OH, IN, IL, MI, WI, MN, ND, SD, NE, IA, MO, KS)",2,Rural Area,10,Stratum 10 - Other,4151,217.37927863,0,0,2,1,1,1,1,January,1,Sunday,1,Sunday,2023,2023,7,7:00am-7:59am,7,7:00am-7:59am,51,51,51,51,14,Parked Motor Vehicle,14,Parked Motor Vehicle,0,The First Harmful Event was Not a Collision with a Motor Vehicle In-Transport,0,The First Harmful Event was Not a Collision with a Motor Vehicle In-Transport,0,No,0,No,1,Non-Junction,1,Non-Junction,1,Not an Intersection,7,In Parking Lane/Zone,0,,2,Dark - Not Lighted,2,Dark - Not Lighted,1,Clear,1,Clear,0,No,0,No,9,Unknown/Not Reported,0,No Apparent Injury (O),99,All Persons in Crash are Unknown If Injured,0,No Person Injured/Property Damage Only Crash,9,Reported as Unknown,2,No Alcohol Involved
202304635310,48,48,12,3,"South (MD, DE, DC, WV, VA, KY, TN, NC, SC, GA, FL, AL, MS, LA, AR, OK, TX)",1,Urban Area,10,Stratum 10 - Other,91,223.42002683,0,0,2,2,0,4,1,January,1,Sunday,1,Sunday,2023,2023,14,2:00pm-2:59pm,14,2:00pm-2:59pm,0,0,0,0,12,Motor Vehicle In-Transport,12,Motor Vehicle In-Transport,6,Angle,6,Angle,0,No,0,No,2,Intersection,2,Intersection,2,Four-Way Intersection,1,On Roadway,0,,1,Daylight,1,Daylight,1,Clear,1,Clear,0,No,0,No,0,No Apparent Injury (O),0,No Apparent Injury (O),0,No Person Injured/Property Damage Only Crash,0,No Person Injured/Property Damage Only Crash,2,No Alcohol Involved,2,No Alcohol Involved
202304635315,48,48,12,3,"South (MD, DE, DC, WV, VA, KY, TN, NC, SC, GA, FL, AL, MS, LA, AR, OK, TX)",1,Urban Area,3,Stratum 3 - Motorcycle Any Injury,91,25.966354942,0,0,2,2,0,3,1,January,1,Sunday,1,Sunday,2023,2023,18,6:00pm-6:59pm,18,6:00pm-6:59pm,54,54,54,54,12,Motor Vehicle In-Transport,12,Motor Vehicle In-Transport,1,Front-to-Rear,1,Front-to-Rear,0,No,0,No,8,Driveway Access Related,8,Driveway Access Related,1,Not an Intersection,1,On Roadway,0,,3,Dark - Lighted,3,Dark - Lighted,1,Clear,1,Clear,0,No,0,No,1,Possible Injury (C),1,Possible Injury (C),1,1,1,1,2,No Alcohol Involved,2,No Alcohol Involved
202304635387,48,48,12,3,"South (MD, DE, DC, WV, VA, KY, TN, NC, SC, GA, FL, AL, MS, LA, AR, OK, TX)",1,Urban Area,8,Stratum 8 - NLMY PV Minor Injury,87,134.13956402,0,0,3,3,0,5,1,January,1,Sunday,1,Sunday,2023,2023,17,5:00pm-5:59pm,17,5:00pm-5:59pm,35,35,35,35,12,Motor Vehicle In-Transport,12,Motor Vehicle In-Transport,1,Front-to-Rear,1,Front-to-Rear,0,No,0,No,3,Intersection-Related,3,Intersection-Related,3,T-Intersection,1,On Roadway,0,,2,Dark - Not Lighted,2,Dark - Not Lighted,1,Clear,1,Clear,0,No,0,No,1,Possible Injury (C),1,Possible Injury (C),1,1,1,1,9,Reported as Unknown,2,No Alcohol Involved
202304635547,70,70,16,3,"South (MD, DE, DC, WV, VA, KY, TN, NC, SC, GA, FL, AL, MS, LA, AR, OK, TX)",2,Rural Area,8,Stratum 8 - NLMY PV Minor Injury,46,130.17867369,0,0,1,1,0,1,1,January,1,Sunday,1,Sunday,2023,2023,1,1:00am-1:59am,1,1:00am-1:59am,20,20,20,20,34,Ditch,34,Ditch,0,The First Harmful Event was Not a Collision with a Motor Vehicle In-Transport,0,The First Harmful Event was Not a Collision with a Motor Vehicle In-Transport,0,No,0,No,1,Non-Junction,1,Non-Junction,1,Not an Intersection,4,On Roadside,0,,2,Dark - Not Lighted,2,Dark - Not Lighted,1,Clear,1,Clear,0,No,0,No,1,Possible Injury (C),1,Possible Injury (C),1,1,1,1,2,No Alcohol Involved,2,No Alcohol Involved
202304635551,70,70,16,3,"South (MD, DE, DC, WV, VA, KY, TN, NC, SC, GA, FL, AL, MS, LA, AR, OK, TX)",2,Rural Area,3,Stratum 3 - Motorcycle Any Injury,46,26.785767508,0,0,2,2,0,3,1,January,1,Sunday,1,Sunday,2023,2023,12,12:00pm-12:59pm,12,12:00pm-12:59pm,58,58,58,58,12,Motor Vehicle In-Transport,12,Motor Vehicle In-Transport,6,Angle,6,Angle,0,No,0,No,2,Intersection,2,Intersection,2,Four-Way Intersection,1,On Roadway,0,,1,Daylight,1,Daylight,1,Clear,1,Clear,0,No,0,No,2,Suspected Minor Injury (B),2,Suspected Minor Injury (B),1,1,1,1,2,No Alcohol Involved,2,No Alcohol Involved
202304635552,70,70,16,3,"South (MD, DE, DC, WV, VA, KY, TN, NC, SC, GA, FL, AL, MS, LA, AR, OK, TX)",2,Rural Area,9,Stratum 9 - LMY PV No Injuries in Crash,138,138.11173411,0,0,2,2,0,5,1,January,1,Sunday,1,Sunday,2023,2023,11,11:00am-11:59am,11,11:00am-11:59am,42,42,42,42,12,Motor Vehicle In-Transport,12,Motor Vehicle In-Transport,6,Angle,6,Angle,0,No,0,No,8,Driveway Access Related,8,Driveway Access Related,1,Not an Intersection,1,On Roadway,0,,1,Daylight,1,Daylight,10,Cloudy,10,Cloudy,0,No,0,No,0,No Apparent Injury (O),0,No Apparent Injury (O),0,No Person Injured/Property Damage Only Crash,0,No Person Injured/Property Damage Only Crash,2,No Alcohol Involved,2,No Alcohol Involved
202304635741,28,28,11,3,"South (MD, DE, DC, WV, VA, KY, TN, NC, SC, GA, FL, AL, MS, LA, AR, OK, TX)",1,Urban Area,9,Stratum 9 - LMY PV No Injuries in Crash,4139,141.34570405,0,0,2,2,0,3,1,January,1,Sunday,1,Sunday,2023,2023,7,7:00am-7:59am,7,7:00am-7:59am,45,45,45,45,12,Motor Vehicle In-Transport,12,Motor Vehicle In-Transport,6,Angle,6,Angle,0,No,0,No,2,Intersection,2,Intersection,3,T-Intersection,1,On Roadway,0,,1,Daylight,1,Daylight,5,"Fog, Smog, Smoke",5,"Fog, Smog, Smoke",0,No,0,No,0,No Apparent Injury (O),0,No Apparent Injury (O),0,No Person Injured/Property Damage Only Crash,0,No Person Injured/Property Damage Only Crash,2,No Alcohol Involved,2,No Alcohol Involved
202304635757,12,12,12,3,"South (MD, DE, DC, WV, VA, KY, TN, NC, SC, GA, FL, AL, MS, LA, AR, OK, TX)",1,Urban Area,10,Stratum 10 - Other,4142,222.0578669,0,0,1,1,0,1,1,January,1,Sunday,1,Sunday,2023,2023,0,0:00am-0:59am,0,0:00am-0:59am,0,0,0,0,34,Ditch,34,Ditch,0,The First Harmful Event was Not a Collision with a Motor Vehicle In-Transport,0,The First Harmful Event was Not a Collision with a Motor Vehicle In-Transport,0,No,0,No,1,Non-Junction,1,Non-Junction,1,Not an Intersection,4,On Roadside,0,,6,Dark - Unknown Lighting,6,Dark - Unknown Lighting,10,Cloudy,10,Cloudy,0,No,0,No,9,Unknown/Not Reported,0,No Apparent Injury (O),99,All Persons in Crash are Unknown If Injured,0,No Person Injured/Property Damage Only Crash,9,Reported as Unknown,2,No Alcohol Involved
202304635828,47,47,9,2,"Midwest (OH, IN, IL, MI, WI, MN, ND, SD, NE, IA, MO, KS)",2,Rural Area,10,Stratum 10 - Other,4153,218.1275432,0,0,1,1,0,1,1,January,2,Monday,2,Monday,2023,2023,18,6:00pm-6:59pm,18,6:00pm-6:59pm,48,48,48,48,11,Live Animal,11,Live Animal,0,The First Harmful Event was Not a Collision with a Motor Vehicle In-Transport,0,The First Harmful Event was Not a Collision with a Motor Vehicle In-Transport,0,No,0,No,1,Non-Junction,1,Non-Junction,1,Not an Intersection,1,On Roadway,0,,2,Dark - Not Lighted,2,Dark - Not Lighted,5,"Fog, Smog, Smoke",5,"Fog, Smog, Smoke",0,No,0,No,0,No Apparent Injury (O),0,No Apparent Injury (O),0,No Person Injured/Property Damage Only Crash,0,No Person Injured/Property Damage Only Crash,9,Reported as Unknown,2,No Alcohol Involved
202304636961,77,77,9,2,"Midwest (OH, IN, IL, MI, WI, MN, ND, SD, NE, IA, MO, KS)",2,Rural Area,9,Stratum 9 - LMY PV No Injuries in Crash,4151,138.14428062,0,0,1,1,0,2,1,January,2,Monday,2,Monday,2023,2023,17,5:00pm-5:59pm,17,5:00pm-5:59pm,0,0,0,0,11,Live Animal,11,Live Animal,0,The First Harmful Event was Not a Collision with a Motor Vehicle In-Transport,0,The First Harmful Event was Not a Collision with a Motor Vehicle In-Transport,0,No,0,No,98,Not Reported,1,Non-Junction,1,Not an Intersection,1,On Roadway,0,,5,Dusk,5,Dusk,98,Not Reported,1,Clear,0,No,0,No,0,No Apparent Injury (O),0,No Apparent Injury (O),0,No Person Injured/Property Damage Only Crash,0,No Person Injured/Property Damage Only Crash,9,Reported as Unknown,2,No Alcohol Involved
202304636966,63,63,16,3,"South (MD, DE, DC, WV, VA, KY, TN, NC, SC, GA, FL, AL, MS, LA, AR, OK, TX)",2,Rural Area,3,Stratum 3 - Motorcycle Any Injury,4135,25.357948747,0,0,1,1,0,1,1,January,1,Sunday,1,Sunday,2023,2023,11,11:00am-11:59am,11,11:00am-11:59am,25,25,25,25,43,Other Fixed Object,43,Other Fixed Object,0,The First Harmful Event was Not a Collision with a Motor Vehicle In-Transport,0,The First Harmful Event was Not a Collision with a Motor Vehicle In-Transport,0,No,0,No,1,Non-Junction,1,Non-Junction,1,Not an Intersection,2,On Shoulder,0,,1,Daylight,1,Daylight,1,Clear,1,Clear,0,No,0,No,2,Suspected Minor Injury (B),2,Suspected Minor Injury (B),1,1,1,1,9,Reported as Unknown,2,No Alcohol Involved
202304636984,58,58,6,2,"Midwest (OH, IN, IL, MI, WI, MN, ND, SD, NE, IA, MO, KS)",1,Urban Area,6,Stratum 6 - LMY PV Minor Injury,4143,52.072729333,0,0,2,2,0,4,1,January,2,Monday,2,Monday,2023,2023,14,2:00pm-2:59pm,14,2:00pm-2:59pm,37,37,37,37,12,Motor Vehicle In-Transport,12,Motor Vehicle In-Transport,8,Sideswipe - Opposite Direction,8,Sideswipe - Opposite Direction,0,No,0,No,2,Intersection,2,Intersection,2,Four-Way Intersection,1,On Roadway,0,,1,Daylight,1,Daylight,10,Cloudy,10,Cloudy,0,No,0,No,2,Suspected Minor Injury (B),2,Suspected Minor Injury (B),2,2,2,2,2,No Alcohol Involved,2,No Alcohol Involved
202304637026,40,40,15,3,"South (MD, DE, DC, WV, VA, KY, TN, NC, SC, GA, FL, AL, MS, LA, AR, OK, TX)",1,Urban Area,8,Stratum 8 - NLMY PV Minor Injury,4147,134.72857413,0,0,2,2,0,3,1,January,1,Sunday,1,Sunday,2023,2023,21,9:00pm-9:59pm,21,9:00pm-9:59pm,42,42,42,42,12,Motor Vehicle In-Transport,12,Motor Vehicle In-Transport,6,Angle,6,Angle,0,No,0,No,2,Intersection,2,Intersection,2,Four-Way Intersection,1,On Roadway,0,,3,Dark - Lighted,3,Dark - Lighted,98,Not Reported,1,Clear,0,No,0,No,2,Suspected Minor Injury (B),2,Suspected Minor Injury (B),1,1,1,1,9,Reported as Unknown,2,No Alcohol Involved
202304637033,40,40,15,3,"South (MD, DE, DC, WV, VA, KY, TN, NC, SC, GA, FL, AL, MS, LA, AR, OK, TX)",1,Urban Area,10,Stratum 10 - Other,4147,221.35366521,0,0,1,1,0,1,1,January,1,Sunday,1,Sunday,2023,2023,7,7:00am-7:59am,7,7:00am-7:59am,30,30,30,30,34,Ditch,34,Ditch,0,The First Harmful Event was Not a Collision with a Motor Vehicle In-Transport,0,The First Harmful Event was Not a Collision with a Motor Vehicle In-Transport,1,Yes,1,Yes,5,Entrance/Exit Ramp Related,5,Entrance/Exit Ramp Related,1,Not an Intersection,4,On Roadside,0,,1,Daylight,1,Daylight,5,"Fog, Smog, Smoke",5,"Fog, Smog, Smoke",0,No,0,No,0,No Apparent Injury (O),0,No Apparent Injury (O),0,No Person Injured/Property Damage Only Crash,0,No Person Injured/Property Damage Only Crash,2,No Alcohol Involved,2,No Alcohol Involved
202304637470,25,25,8,2,"Midwest (OH, IN, IL, MI, WI, MN, ND, SD, NE, IA, MO, KS)",1,Urban Area,8,Stratum 8 - NLMY PV Minor Injury,4150,131.83084766,0,0,2,2,0,2,1,January,3,Tuesday,3,Tuesday,2023,2023,16,4:00pm-4:59pm,16,4:00pm-4:59pm,1,1,1,1,12,Motor Vehicle In-Transport,12,Motor Vehicle In-Transport,1,Front-to-Rear,1,Front-to-Rear,0,No,0,No,3,Intersection-Related,3,Intersection-Related,3,T-Intersection,1,On Roadway,0,,1,Daylight,1,Daylight,2,Rain,2,Rain,0,No,0,No,1,Possible Injury (C),1,Possible Injury (C),2,2,2,2,9,Reported as Unknown,2,No Alcohol Involved
202304637474,25,25,8,2,"Midwest (OH, IN, IL, MI, WI, MN, ND, SD, NE, IA, MO, KS)",1,Urban Area,9,Stratum 9 - LMY PV No Injuries in Crash,4150,138.4046856,0,0,2,2,0,2,1,January,3,Tuesday,3,Tuesday,2023,2023,15,3:00pm-3:59pm,15,3:00pm-3:59pm,45,45,45,45,12,Motor Vehicle In-Transport,12,Motor Vehicle In-Transport,6,Angle,6,Angle,0,No,0,No,8,Driveway Access Related,8,Driveway Access Related,1,Not an Intersection,1,On Roadway,0,,1,Daylight,1,Daylight,10,Cloudy,10,Cloudy,0,No,0,No,0,No Apparent Injury (O),0,No Apparent Injury (O),0,No Person Injured/Property Damage Only Crash,0,No Person Injured/Property Damage Only Crash,9,Reported as Unknown,2,No Alcohol Involved
202304637482,25,25,8,2,"Midwest (OH, IN, IL, MI, WI, MN, ND, SD, NE, IA, MO, KS)",1,Urban Area,10,Stratum 10 - Other,4150,218.84769319,0,0,2,2,0,3,1,January,2,Monday,2,Monday,2023,2023,9,9:00am-9:59am,9,9:00am-9:59am,51,51,51,51,12,Motor Vehicle In-Transport,12,Motor Vehicle In-Transport,7,Sideswipe - Same Direction,7,Sideswipe - Same Direction,0,No,0,No,1,Non-Junction,1,Non-Junction,1,Not an Intersection,1,On Roadway,0,,1,Daylight,1,Daylight,2,Rain,2,Rain,0,No,0,No,0,No Apparent Injury (O),0,No Apparent Injury (O),0,No Person Injured/Property Damage Only Crash,0,No Person Injured/Property Damage Only Crash,9,Reported as Unknown,2,No Alcohol Involved
202304637495,32,32,17,3,"South (MD, DE, DC, WV, VA, KY, TN, NC, SC, GA, FL, AL, MS, LA, AR, OK, TX)",2,Rural Area,8,Stratum 8 - NLMY PV Minor Injury,4145,132.26105527,0,0,1,1,0,1,1,January,2,Monday,2,Monday,2023,2023,14,2:00pm-2:59pm,14,2:00pm-2:59pm,15,15,15,15,42,Tree (Standing Only),42,Tree (Standing Only),0,The First Harmful Event was Not a Collision with a Motor Vehicle In-Transport,0,The First Harmful Event was Not a Collision with a Motor Vehicle In-Transport,0,No,0,No,1,Non-Junction,1,Non-Junction,1,Not an Intersection,4,On Roadside,0,,1,Daylight,1,Daylight,1,Clear,1,Clear,0,No,0,No,1,Possible Injury (C),1,Possible Injury (C),1,1,1,1,2,No Alcohol Involved,2,No Alcohol Involved
202304637518,47,47,9,2,"Midwest (OH, IN, IL, MI, WI, MN, ND, SD, NE, IA, MO, KS)",2,Rural Area,10,Stratum 10 - Other,4153,218.1275432,0,0,2,2,0,6,1,January,1,Sunday,1,Sunday,2023,2023,19,7:00pm-7:59pm,19,7:00pm-7:59pm,34,34,34,34,12,Motor Vehicle In-Transport,12,Motor Vehicle In-Transport,1,Front-to-Rear,1,Front-to-Rear,0,No,0,No,8,Driveway Access Related,8,Driveway Access Related,1,Not an Intersection,1,On Roadway,0,,3,Dark - Lighted,3,Dark - Lighted,10,Cloudy,10,Cloudy,0,No,0,No,0,No Apparent Injury (O),0,No Apparent Injury (O),0,No Person Injured/Property Damage Only Crash,0,No Person Injured/Property Damage Only Crash,9,Reported as Unknown,2,No Alcohol Involved
202304637519,67,67,8,2,"Midwest (OH, IN, IL, MI, WI, MN, ND, SD, NE, IA, MO, KS)",1,Urban Area,2,Stratum 2 - Not a MV Occupant Any Injury,4152,22.85254939,1,1,1,1,0,1,1,January,2,Monday,2,Monday,2023,2023,15,3:00pm-3:59pm,15,3:00pm-3:59pm,53,53,53,53,9,Pedalcyclist,9,Pedalcyclist,0,The First Harmful Event was Not a Collision with a Motor Vehicle In-Transport,0,The First Harmful Event was Not a Collision with a Motor Vehicle In-Transport,0,No,0,No,1,Non-Junction,1,Non-Junction,1,Not an Intersection,1,On Roadway,0,,1,Daylight,1,Daylight,10,Cloudy,10,Cloudy,0,No,0,No,1,Possible Injury (C),1,Possible Injury (C),1,1,1,1,9,Reported as Unknown,2,No Alcohol Involved
202304637520,67,67,8,2,"Midwest (OH, IN, IL, MI, WI, MN, ND, SD, NE, IA, MO, KS)",1,Urban Area,4,Stratum 4 - LMY PV Serious Injury,4152,17.368065388,0,0,3,3,0,5,1,January,3,Tuesday,3,Tuesday,2023,2023,17,5:00pm-5:59pm,17,5:00pm-5:59pm,14,14,14,14,12,Motor Vehicle In-Transport,12,Motor Vehicle In-Transport,6,Angle,6,Angle,0,No,0,No,2,Intersection,2,Intersection,2,Four-Way Intersection,1,On Roadway,0,,3,Dark - Lighted,3,Dark - Lighted,10,Cloudy,10,Cloudy,0,No,0,No,4,Fatal Injury (K),4,Fatal Injury (K),4,4,4,4,9,Reported as Unknown,2,No Alcohol Involved
202304637521,67,67,8,2,"Midwest (OH, IN, IL, MI, WI, MN, ND, SD, NE, IA, MO, KS)",1,Urban Area,4,Stratum 4 - LMY PV Serious Injury,4152,10.694814761,0,0,2,2,0,2,1,January,3,Tuesday,3,Tuesday,2023,2023,7,7:00am-7:59am,7,7:00am-7:59am,1,1,1,1,12,Motor Vehicle In-Transport,12,Motor Vehicle In-Transport,6,Angle,6,Angle,0,No,0,No,2,Intersection,2,Intersection,2,Four-Way Intersection,1,On Roadway,0,,3,Dark - Lighted,3,Dark - Lighted,2,Rain,2,Rain,0,No,0,No,3,Suspected Serious Injury (A),3,Suspected Serious Injury (A),2,2,2,2,9,Reported as Unknown,2,No Alcohol Involved
202304637523,67,67,8,2,"Midwest (OH, IN, IL, MI, WI, MN, ND, SD, NE, IA, MO, KS)",1,Urban Area,6,Stratum 6 - LMY PV Minor Injury,4152,52.656968394,0,0,2,2,0,2,1,January,3,Tuesday,3,Tuesday,2023,2023,8,8:00am-8:59am,8,8:00am-8:59am,21,21,21,21,12,Motor Vehicle In-Transport,12,Motor Vehicle In-Transport,6,Angle,6,Angle,0,No,0,No,2,Intersection,2,Intersection,2,Four-Way Intersection,1,On Roadway,0,,4,Dawn,4,Dawn,2,Rain,2,Rain,0,No,0,No,2,Suspected Minor Injury (B),2,Suspected Minor Injury (B),2,2,2,2,9,Reported as Unknown,2,No Alcohol Involved
202304637555,83,83,13,3,"South (MD, DE, DC, WV, VA, KY, TN, NC, SC, GA, FL, AL, MS, LA, AR, OK, TX)",1,Urban Area,2,Stratum 2 - Not a MV Occupant Any Injury,4148,23.528556331,1,1,1,1,0,1,1,January,1,Sunday,1,Sunday,2023,2023,10,10:00am-10:59am,10,10:00am-10:59am,8,8,8,8,8,Pedestrian,8,Pedestrian,0,The First Harmful Event was Not a Collision with a Motor Vehicle In-Transport,0,The First Harmful Event was Not a Collision with a Motor Vehicle In-Transport,0,No,0,No,3,Intersection-Related,3,Intersection-Related,2,Four-Way Intersection,1,On Roadway,0,,1,Daylight,1,Daylight,1,Clear,1,Clear,0,No,0,No,3,Suspected Serious Injury (A),3,Suspected Serious Injury (A),1,1,1,1,9,Reported as Unknown,1,Alcohol Involved
202304637563,83,83,13,3,"South (MD, DE, DC, WV, VA, KY, TN, NC, SC, GA, FL, AL, MS, LA, AR, OK, TX)",1,Urban Area,7,Stratum 7 - M/H Truck or Bus,4148,159.29212129,0,0,2,2,0,3,1,January,1,Sunday,1,Sunday,2023,2023,11,11:00am-11:59am,11,11:00am-11:59am,50,50,50,50,12,Motor Vehicle In-Transport,12,Motor Vehicle In-Transport,6,Angle,6,Angle,0,No,0,No,2,Intersection,2,Intersection,2,Four-Way Intersection,1,On Roadway,0,,1,Daylight,1,Daylight,1,Clear,1,Clear,0,No,0,No,0,No Apparent Injury (O),0,No Apparent Injury (O),0,No Person Injured/Property Damage Only Crash,0,No Person Injured/Property Damage Only Crash,2,No Alcohol Involved,2,No Alcohol Involved
202304637567,83,83,13,3,"South (MD, DE, DC, WV, VA, KY, TN, NC, SC, GA, FL, AL, MS, LA, AR, OK, TX)",1,Urban Area,8,Stratum 8 - NLMY PV Minor Injury,4148,134.77451173,0,0,1,1,0,1,1,January,1,Sunday,1,Sunday,2023,2023,16,4:00pm-4:59pm,16,4:00pm-4:59pm,12,12,12,12,30,Utility Pole/Light Support,30,Utility Pole/Light Support,0,The First Harmful Event was Not a Collision with a Motor Vehicle In-Transport,0,The First Harmful Event was Not a Collision with a Motor Vehicle In-Transport,0,No,0,No,1,Non-Junction,1,Non-Junction,1,Not an Intersection,4,On Roadside,0,,1,Daylight,1,Daylight,1,Clear,1,Clear,0,No,0,No,1,Possible Injury (C),1,Possible Injury (C),1,1,1,1,9,Reported as Unknown,2,No Alcohol Involved
202304638333,75,75,19,3,"South (MD, DE, DC, WV, VA, KY, TN, NC, SC, GA, FL, AL, MS, LA, AR, OK, TX)",2,Rural Area,6,Stratum 6 - LMY PV Minor Injury,4144,52.157911527,0,0,2,2,0,2,1,January,3,Tuesday,3,Tuesday,2023,2023,10,10:00am-10:59am,10,10:00am-10:59am,35,35,35,35,12,Motor Vehicle In-Transport,12,Motor Vehicle In-Transport,6,Angle,6,Angle,0,No,0,No,2,Intersection,2,Intersection,2,Four-Way Intersection,1,On Roadway,0,,1,Daylight,1,Daylight,2,Rain,2,Rain,0,No,0,No,1,Possible Injury (C),1,Possible Injury (C),2,2,2,2,2,No Alcohol Involved,2,No Alcohol Involved
202304638342,39,39,7,2,"Midwest (OH, IN, IL, MI, WI, MN, ND, SD, NE, IA, MO, KS)",1,Urban Area,9,Stratum 9 - LMY PV No Injuries in Crash,4154,134.35656935,0,0,2,2,0,3,1,January,4,Wednesday,4,Wednesday,2023,2023,9,9:00am-9:59am,9,9:00am-9:59am,27,27,27,27,12,Motor Vehicle In-Transport,12,Motor Vehicle In-Transport,6,Angle,6,Angle,0,No,0,No,2,Intersection,2,Intersection,2,Four-Way Intersection,1,On Roadway,0,,1,Daylight,1,Daylight,4,Snow,4,Snow,0,No,0,No,0,No Apparent Injury (O),0,No Apparent Injury (O),0,No Person Injured/Property Damage Only Crash,0,No Person Injured/Property Damage Only Crash,2,No Alcohol Involved,2,No Alcohol Involved
202304638347,39,39,7,2,"Midwest (OH, IN, IL, MI, WI, MN, ND, SD, NE, IA, MO, KS)",1,Urban Area,10,Stratum 10 - Other,4154,210.86019124,0,0,2,2,0,3,1,January,4,Wednesday,4,Wednesday,2023,2023,11,11:00am-11:59am,11,11:00am-11:59am,3,3,3,3,12,Motor Vehicle In-Transport,12,Motor Vehicle In-Transport,1,Front-to-Rear,1,Front-to-Rear,0,No,0,No,3,Intersection-Related,3,Intersection-Related,2,Four-Way Intersection,1,On Roadway,0,,1,Daylight,1,Daylight,1,Clear,1,Clear,0,No,0,No,0,No Apparent Injury (O),0,No Apparent Injury (O),0,No Person Injured/Property Damage Only Crash,0,No Person Injured/Property Damage Only Crash,2,No Alcohol Involved,2,No Alcohol Involved
202304638366,58,58,6,2,"Midwest (OH, IN, IL, MI, WI, MN, ND, SD, NE, IA, MO, KS)",1,Urban Area,9,Stratum 9 - LMY PV No Injuries in Crash,4143,135.86534075,0,0,2,2,0,3,1,January,3,Tuesday,3,Tuesday,2023,2023,10,10:00am-10:59am,10,10:00am-10:59am,15,15,15,15,12,Motor Vehicle In-Transport,12,Motor Vehicle In-Transport,6,Angle,6,Angle,0,No,0,No,8,Driveway Access Related,8,Driveway Access Related,1,Not an Intersection,1,On Roadway,0,,1,Daylight,1,Daylight,2,Rain,2,Rain,0,No,0,No,0,No Apparent Injury (O),0,No Apparent Injury (O),0,No Person Injured/Property Damage Only Crash,0,No Person Injured/Property Damage Only Crash,2,No Alcohol Involved,2,No Alcohol Involved
202304638384,65,65,13,3,"South (MD, DE, DC, WV, VA, KY, TN, NC, SC, GA, FL, AL, MS, LA, AR, OK, TX)",1,Urban Area,8,Stratum 8 - NLMY PV Minor Injury,4138,134.88703025,0,0,2,2,0,2,1,January,1,Sunday,1,Sunday,2023,2023,1,1:00am-1:59am,1,1:00am-1:59am,24,24,24,24,12,Motor Vehicle In-Transport,12,Motor Vehicle In-Transport,7,Sideswipe - Same Direction,7,Sideswipe - Same Direction,1,Yes,1,Yes,18,Through Roadway,18,Through Roadway,1,Not an Intersection,1,On Roadway,0,,3,Dark - Lighted,3,Dark - Lighted,1,Clear,1,Clear,0,No,0,No,1,Possible Injury (C),1,Possible Injury (C),1,1,1,1,9,Reported as Unknown,2,No Alcohol Involved
202304638401,65,65,13,3,"South (MD, DE, DC, WV, VA, KY, TN, NC, SC, GA, FL, AL, MS, LA, AR, OK, TX)",1,Urban Area,10,Stratum 10 - Other,4138,221.11846351,0,0,2,2,0,2,1,January,2,Monday,2,Monday,2023,2023,14,2:00pm-2:59pm,14,2:00pm-2:59pm,29,29,29,29,12,Motor Vehicle In-Transport,12,Motor Vehicle In-Transport,1,Front-to-Rear,1,Front-to-Rear,1,Yes,1,Yes,18,Through Roadway,18,Through Roadway,1,Not an Intersection,1,On Roadway,0,,1,Daylight,1,Daylight,10,Cloudy,10,Cloudy,0,No,1,Yes,0,No Apparent Injury (O),0,No Apparent Injury (O),0,No Person Injured/Property Damage Only Crash,0,No Person Injured/Property Damage Only Crash,9,Reported as Unknown,2,No Alcohol Involved
202304638424,40,40,15,3,"South (MD, DE, DC, WV, VA, KY, TN, NC, SC, GA, FL, AL, MS, LA, AR, OK, TX)",1,Urban Area,2,Stratum 2 - Not a MV Occupant Any Injury,4147,23.401351761,1,1,1,1,0,1,1,January,1,Sunday,1,Sunday,2023,2023,23,11:00pm-11:59pm,23,11:00pm-11:59pm,4,4,4,4,8,Pedestrian,8,Pedestrian,0,The First Harmful Event was Not a Collision with a Motor Vehicle In-Transport,0,The First Harmful Event was Not a Collision with a Motor Vehicle In-Transport,0,No,0,No,3,Intersection-Related,3,Intersection-Related,2,Four-Way Intersection,1,On Roadway,0,,2,Dark - Not Lighted,2,Dark - Not Lighted,98,Not Reported,1,Clear,0,No,0,No,4,Fatal Injury (K),4,Fatal Injury (K),1,1,1,1,1,Alcohol Involved,1,Alcohol Involved
202304638425,40,40,15,3,"South (MD, DE, DC, WV, VA, KY, TN, NC, SC, GA, FL, AL, MS, LA, AR, OK, TX)",1,Urban Area,5,Stratum 5 - NLMY PV Serious Injury,4147,25.736272888,0,0,2,2,0,3,1,January,1,Sunday,1,Sunday,2023,2023,18,6:00pm-6:59pm,18,6:00pm-6:59pm,33,33,33,33,12,Motor Vehicle In-Transport,12,Motor Vehicle In-Transport,6,Angle,6,Angle,0,No,0,No,2,Intersection,2,Intersection,2,Four-Way Intersection,1,On Roadway,0,,2,Dark - Not Lighted,2,Dark - Not Lighted,98,Not Reported,1,Clear,0,No,0,No,3,Suspected Serious Injury (A),3,Suspected Serious Injury (A),3,3,3,3,1,Alcohol Involved,1,Alcohol Involved
202304638543,35,35,13,3,"South (MD, DE, DC, WV, VA, KY, TN, NC, SC, GA, FL, AL, MS, LA, AR, OK, TX)",1,Urban Area,4,Stratum 4 - LMY PV Serious Injury,4141,11.040494082,0,0,2,2,0,3,1,January,2,Monday,2,Monday,2023,2023,15,3:00pm-3:59pm,15,3:00pm-3:59pm,41,41,41,41,12,Motor Vehicle In-Transport,12,Motor Vehicle In-Transport,2,Front-to-Front,2,Front-to-Front,0,No,0,No,1,Non-Junction,1,Non-Junction,1,Not an Intersection,1,On Roadway,0,,1,Daylight,1,Daylight,2,Rain,2,Rain,0,No,0,No,3,Suspected Serious Injury (A),3,Suspected Serious Injury (A),3,3,3,3,2,No Alcohol Involved,2,No Alcohol Involved
202304638547,35,35,13,3,"South (MD, DE, DC, WV, VA, KY, TN, NC, SC, GA, FL, AL, MS, LA, AR, OK, TX)",1,Urban Area,6,Stratum 6 - LMY PV Minor Injury,4141,54.437803538,0,0,2,2,0,2,1,January,2,Monday,2,Monday,2023,2023,16,4:00pm-4:59pm,16,4:00pm-4:59pm,46,46,46,46,12,Motor Vehicle In-Transport,12,Motor Vehicle In-Transport,6,Angle,6,Angle,0,No,0,No,2,Intersection,2,Intersection,2,Four-Way Intersection,1,On Roadway,0,,5,Dusk,5,Dusk,10,Cloudy,10,Cloudy,0,No,0,No,1,Possible Injury (C),1,Possible Injury (C),2,2,2,2,2,No Alcohol Involved,2,No Alcohol Involved
202304638558,35,35,13,3,"South (MD, DE, DC, WV, VA, KY, TN, NC, SC, GA, FL, AL, MS, LA, AR, OK, TX)",1,Urban Area,8,Stratum 8 - NLMY PV Minor Injury,4141,134.51815149,0,0,2,1,1,1,1,January,1,Sunday,1,Sunday,2023,2023,22,10:00pm-10:59pm,22,10:00pm-10:59pm,14,14,14,14,14,Parked Motor Vehicle,14,Parked Motor Vehicle,0,The First Harmful Event was Not a Collision with a Motor Vehicle In-Transport,0,The First Harmful Event was Not a Collision with a Motor Vehicle In-Transport,0,No,0,No,1,Non-Junction,1,Non-Junction,1,Not an Intersection,2,On Shoulder,0,,3,Dark - Lighted,3,Dark - Lighted,1,Clear,1,Clear,0,No,0,No,1,Possible Injury (C),1,Possible Injury (C),1,1,1,1,1,Alcohol Involved,1,Alcohol Involved
202304638564,35,35,13,3,"South (MD, DE, DC, WV, VA, KY, TN, NC, SC, GA, FL, AL, MS, LA, AR, OK, TX)",1,Urban Area,9,Stratum 9 - LMY PV No Injuries in Crash,4141,141.63889146,0,0,1,1,0,1,1,January,1,Sunday,1,Sunday,2023,2023,20,8:00pm-8:59pm,20,8:00pm-8:59pm,58,58,58,58,11,Live Animal,11,Live Animal,0,The First Harmful Event was Not a Collision with a Motor Vehicle In-Transport,0,The First Harmful Event was Not a Collision with a Motor Vehicle In-Transport,0,No,0,No,1,Non-Junction,1,Non-Junction,1,Not an Intersection,1,On Roadway,0,,2,Dark - Not Lighted,2,Dark - Not Lighted,1,Clear,1,Clear,0,No,0,No,0,No Apparent Injury (O),0,No Apparent Injury (O),0,No Person Injured/Property Damage Only Crash,0,No Person Injured/Property Damage Only Crash,2,No Alcohol Involved,2,No Alcohol Involved
202304638580,35,35,13,3,"South (MD, DE, DC, WV, VA, KY, TN, NC, SC, GA, FL, AL, MS, LA, AR, OK, TX)",1,Urban Area,10,Stratum 10 - Other,4141,222.47241975,0,0,1,1,0,2,1,January,3,Tuesday,3,Tuesday,2023,2023,8,8:00am-8:59am,8,8:00am-8:59am,58,58,58,58,24,Guardrail Face,24,Guardrail Face,0,The First Harmful Event was Not a Collision with a Motor Vehicle In-Transport,0,The First Harmful Event was Not a Collision with a Motor Vehicle In-Transport,0,No,0,No,1,Non-Junction,1,Non-Junction,1,Not an Intersection,3,On Median,0,,1,Daylight,1,Daylight,2,Rain,2,Rain,0,No,1,Yes,0,No Apparent Injury (O),0,No Apparent Injury (O),0,No Person Injured/Property Damage Only Crash,0,No Person Injured/Property Damage Only Crash,2,No Alcohol Involved,2,No Alcohol Involved
202304638625,25,25,8,2,"Midwest (OH, IN, IL, MI, WI, MN, ND, SD, NE, IA, MO, KS)",1,Urban Area,10,Stratum 10 - Other,4150,218.84769319,0,0,1,1,0,1,1,January,3,Tuesday,3,Tuesday,2023,2023,0,0:00am-0:59am,0,0:00am-0:59am,1,1,1,1,30,Utility Pole/Light Support,30,Utility Pole/Light Support,0,The First Harmful Event was Not a Collision with a Motor Vehicle In-Transport,0,The First Harmful Event was Not a Collision with a Motor Vehicle In-Transport,0,No,0,No,1,Non-Junction,1,Non-Junction,1,Not an Intersection,4,On Roadside,0,,3,Dark - Lighted,3,Dark - Lighted,5,"Fog, Smog, Smoke",5,"Fog, Smog, Smoke",0,No,0,No,0,No Apparent Injury (O),0,No Apparent Injury (O),0,No Person Injured/Property Damage Only Crash,0,No Person Injured/Property Damage Only Crash,9,Reported as Unknown,2,No Alcohol Involved
202304638645,39,39,7,2,"Midwest (OH, IN, IL, MI, WI, MN, ND, SD, NE, IA, MO, KS)",1,Urban Area,10,Stratum 10 - Other,4154,210.86019124,0,1,2,1,1,1,1,January,4,Wednesday,4,Wednesday,2023,2023,14,2:00pm-2:59pm,14,2:00pm-2:59pm,41,41,41,41,14,Parked Motor Vehicle,14,Parked Motor Vehicle,0,The First Harmful Event was Not a Collision with a Motor Vehicle In-Transport,0,The First Harmful Event was Not a Collision with a Motor Vehicle In-Transport,0,No,0,No,8,Driveway Access Related,8,Driveway Access Related,1,Not an Intersection,7,In Parking Lane/Zone,0,,1,Daylight,1,Daylight,4,Snow,4,Snow,0,No,0,No,0,No Apparent Injury (O),0,No Apparent Injury (O),0,No Person Injured/Property Damage Only Crash,0,No Person Injured/Property Damage Only Crash,9,Reported as Unknown,2,No Alcohol Involved
202304638652,32,32,17,3,"South (MD, DE, DC, WV, VA, KY, TN, NC, SC, GA, FL, AL, MS, LA, AR, OK, TX)",2,Rural Area,6,Stratum 6 - LMY PV Minor Injury,4145,53.487926763,0,0,2,2,0,3,1,January,2,Monday,2,Monday,2023,2023,16,4:00pm-4:59pm,16,4:00pm-4:59pm,34,34,34,34,12,Motor Vehicle In-Transport,12,Motor Vehicle In-Transport,6,Angle,6,Angle,0,No,0,No,2,Intersection,2,Intersection,2,Four-Way Intersection,1,On Roadway,0,,1,Daylight,1,Daylight,1,Clear,1,Clear,0,No,0,No,2,Suspected Minor Injury (B),2,Suspected Minor Injury (B),1,1,1,1,2,No Alcohol Involved,2,No Alcohol Involved
202304638654,32,32,17,3,"South (MD, DE, DC, WV, VA, KY, TN, NC, SC, GA, FL, AL, MS, LA, AR, OK, TX)",2,Rural Area,10,Stratum 10 - Other,4145,220.3414238,0,0,2,2,0,2,1,January,2,Monday,2,Monday,2023,2023,11,11:00am-11:59am,11,11:00am-11:59am,7,7,7,7,12,Motor Vehicle In-Transport,12,Motor Vehicle In-Transport,1,Front-to-Rear,1,Front-to-Rear,0,No,0,No,3,Intersection-Related,3,Intersection-Related,2,Four-Way Intersection,1,On Roadway,0,,1,Daylight,1,Daylight,1,Clear,1,Clear,0,No,0,No,0,No Apparent Injury (O),0,No Apparent Injury (O),0,No Person Injured/Property Damage Only Crash,0,No Person Injured/Property Damage Only Crash,2,No Alcohol Involved,2,No Alcohol Involved
202304638685,67,67,8,2,"Midwest (OH, IN, IL, MI, WI, MN, ND, SD, NE, IA, MO, KS)",1,Urban Area,7,Stratum 7 - M/H Truck or Bus,4152,154.57591643,0,0,2,1,1,1,1,January,3,Tuesday,3,Tuesday,2023,2023,17,5:00pm-5:59pm,17,5:00pm-5:59pm,20,20,20,20,14,Parked Motor Vehicle,14,Parked Motor Vehicle,0,The First Harmful Event was Not a Collision with a Motor Vehicle In-Transport,0,The First Harmful Event was Not a Collision with a Motor Vehicle In-Transport,0,No,0,No,3,Intersection-Related,3,Intersection-Related,2,Four-Way Intersection,7,In Parking Lane/Zone,0,,5,Dusk,5,Dusk,2,Rain,2,Rain,0,No,0,No,0,No Apparent Injury (O),0,No Apparent Injury (O),0,No Person Injured/Property Damage Only Crash,0,No Person Injured/Property Damage Only Crash,9,Reported as Unknown,2,No Alcohol Involved
202304638695,67,67,8,2,"Midwest (OH, IN, IL, MI, WI, MN, ND, SD, NE, IA, MO, KS)",1,Urban Area,9,Stratum 9 - LMY PV No Injuries in Crash,4152,137.41921075,0,0,2,2,0,3,1,January,3,Tuesday,3,Tuesday,2023,2023,16,4:00pm-4:59pm,16,4:00pm-4:59pm,30,30,30,30,12,Motor Vehicle In-Transport,12,Motor Vehicle In-Transport,1,Front-to-Rear,1,Front-to-Rear,0,No,0,No,3,Intersection-Related,3,Intersection-Related,2,Four-Way Intersection,1,On Roadway,0,,1,Daylight,1,Daylight,1,Clear,1,Clear,0,No,0,No,0,No Apparent Injury (O),0,No Apparent Injury (O),0,No Person Injured/Property Damage Only Crash,0,No Person Injured/Property Damage Only Crash,9,Reported as Unknown,2,No Alcohol Involved
202304638730,56,214,20,4,"West (MT, ID, WA, OR, CA, NV, NM, AZ, UT, CO, WY, AK, HI)",1,Urban Area,7,Stratum 7 - M/H Truck or Bus,214,188.16697546,0,0,1,1,0,2,1,January,1,Sunday,1,Sunday,2023,2023,13,1:00pm-1:59pm,13,1:00pm-1:59pm,35,35,35,35,2,Fire/Explosion,2,Fire/Explosion,0,The First Harmful Event was Not a Collision with a Motor Vehicle In-Transport,0,The First Harmful Event was Not a Collision with a Motor Vehicle In-Transport,0,No,0,No,1,Non-Junction,1,Non-Junction,1,Not an Intersection,1,On Roadway,0,,1,Daylight,1,Daylight,2,Rain,2,Rain,0,No,1,Yes,0,No Apparent Injury (O),0,No Apparent Injury (O),0,No Person Injured/Property Damage Only Crash,0,No Person Injured/Property Damage Only Crash,2,No Alcohol Involved,2,No Alcohol Involved
202304638739,83,83,13,3,"South (MD, DE, DC, WV, VA, KY, TN, NC, SC, GA, FL, AL, MS, LA, AR, OK, TX)",1,Urban Area,5,Stratum 5 - NLMY PV Serious Injury,4148,25.929429426,0,0,1,1,0,2,1,January,3,Tuesday,3,Tuesday,2023,2023,13,1:00pm-1:59pm,13,1:00pm-1:59pm,55,55,55,55,42,Tree (Standing Only),42,Tree (Standing Only),0,The First Harmful Event was Not a Collision with a Motor Vehicle In-Transport,0,The First Harmful Event was Not a Collision with a Motor Vehicle In-Transport,0,No,0,No,1,Non-Junction,1,Non-Junction,1,Not an Intersection,4,On Roadside,0,,1,Daylight,1,Daylight,2,Rain,2,Rain,0,No,0,No,3,Suspected Serious Injury (A),3,Suspected Serious Injury (A),2,2,2,2,1,Alcohol Involved,1,Alcohol Involved
202304638781,83,83,13,3,"South (MD, DE, DC, WV, VA, KY, TN, NC, SC, GA, FL, AL, MS, LA, AR, OK, TX)",1,Urban Area,10,Stratum 10 - Other,4148,223.23894247,0,0,2,2,0,2,1,January,2,Monday,2,Monday,2023,2023,15,3:00pm-3:59pm,15,3:00pm-3:59pm,0,0,0,0,12,Motor Vehicle In-Transport,12,Motor Vehicle In-Transport,1,Front-to-Rear,1,Front-to-Rear,0,No,0,No,1,Non-Junction,1,Non-Junction,1,Not an Intersection,1,On Roadway,0,,1,Daylight,1,Daylight,2,Rain,2,Rain,0,No,0,No,0,No Apparent Injury (O),0,No Apparent Injury (O),0,No Person Injured/Property Damage Only Crash,0,No Person Injured/Property Damage Only Crash,2,No Alcohol Involved,2,No Alcohol Involved
202304641079,55,55,17,3,"South (MD, DE, DC, WV, VA, KY, TN, NC, SC, GA, FL, AL, MS, LA, AR, OK, TX)",2,Rural Area,10,Stratum 10 - Other,1056,214.14090401,0,0,2,2,0,2,1,January,1,Sunday,1,Sunday,2023,2023,8,8:00am-8:59am,8,8:00am-8:59am,52,52,52,52,12,Motor Vehicle In-Transport,12,Motor Vehicle In-Transport,2,Front-to-Front,2,Front-to-Front,0,No,0,No,4,Driveway Access,4,Driveway Access,1,Not an Intersection,1,On Roadway,0,,1,Daylight,1,Daylight,5,"Fog, Smog, Smoke",5,"Fog, Smog, Smoke",0,No,0,No,0,No Apparent Injury (O),0,No Apparent Injury (O),0,No Person Injured/Property Damage Only Crash,0,No Person Injured/Property Damage Only Crash,9,Reported as Unknown,2,No Alcohol Involved
202304641097,63,63,16,3,"South (MD, DE, DC, WV, VA, KY, TN, NC, SC, GA, FL, AL, MS, LA, AR, OK, TX)",2,Rural Area,2,Stratum 2 - Not a MV Occupant Any Injury,4135,24.557171418,1,1,1,1,0,1,1,January,3,Tuesday,3,Tuesday,2023,2023,18,6:00pm-6:59pm,18,6:00pm-6:59pm,51,51,51,51,9,Pedalcyclist,9,Pedalcyclist,0,The First Harmful Event was Not a Collision with a Motor Vehicle In-Transport,0,The First Harmful Event was Not a Collision with a Motor Vehicle In-Transport,0,No,0,No,1,Non-Junction,1,Non-Junction,1,Not an Intersection,1,On Roadway,0,,2,Dark - Not Lighted,2,Dark - Not Lighted,10,Cloudy,10,Cloudy,0,No,0,No,2,Suspected Minor Injury (B),2,Suspected Minor Injury (B),1,1,1,1,9,Reported as Unknown,2,No Alcohol Involved
202304641100,63,63,16,3,"South (MD, DE, DC, WV, VA, KY, TN, NC, SC, GA, FL, AL, MS, LA, AR, OK, TX)",2,Rural Area,9,Stratum 9 - LMY PV No Injuries in Crash,4135,137.52015994,0,0,1,1,0,1,1,January,3,Tuesday,3,Tuesday,2023,2023,6,6:00am-6:59am,6,6:00am-6:59am,30,30,30,30,11,Live Animal,11,Live Animal,0,The First Harmful Event was Not a Collision with a Motor Vehicle In-Transport,0,The First Harmful Event was Not a Collision with a Motor Vehicle In-Transport,0,No,0,No,1,Non-Junction,1,Non-Junction,1,Not an Intersection,1,On Roadway,0,,2,Dark - Not Lighted,2,Dark - Not Lighted,10,Cloudy,10,Cloudy,0,No,0,No,0,No Apparent Injury (O),0,No Apparent Injury (O),0,No Person Injured/Property Damage Only Crash,0,No Person Injured/Property Damage Only Crash,9,Reported as Unknown,2,No Alcohol Involved
202304641212,59,59,10,3,"South (MD, DE, DC, WV, VA, KY, TN, NC, SC, GA, FL, AL, MS, LA, AR, OK, TX)",1,Urban Area,9,Stratum 9 - LMY PV No Injuries in Crash,4137,142.15884183,0,0,1,1,0,2,1,January,2,Monday,2,Monday,2023,2023,11,11:00am-11:59am,11,11:00am-11:59am,50,50,50,50,73,Object That Had Fallen From Motor Vehicle In-Transport,73,Object That Had Fallen From Motor Vehicle In-Transport,0,The First Harmful Event was Not a Collision with a Motor Vehicle In-Transport,0,The First Harmful Event was Not a Collision with a Motor Vehicle In-Transport,0,No,0,No,1,Non-Junction,1,Non-Junction,1,Not an Intersection,1,On Roadway,0,,1,Daylight,1,Daylight,1,Clear,1,Clear,0,No,0,No,0,No Apparent Injury (O),0,No Apparent Injury (O),0,No Person Injured/Property Damage Only Crash,0,No Person Injured/Property Damage Only Crash,2,No Alcohol Involved,2,No Alcohol Involved
202304641312,59,59,10,3,"South (MD, DE, DC, WV, VA, KY, TN, NC, SC, GA, FL, AL, MS, LA, AR, OK, TX)",1,Urban Area,10,Stratum 10 - Other,4137,222.57657535,0,0,2,2,0,4,1,January,2,Monday,2,Monday,2023,2023,16,4:00pm-4:59pm,16,4:00pm-4:59pm,27,27,27,27,12,Motor Vehicle In-Transport,12,Motor Vehicle In-Transport,6,Angle,6,Angle,0,No,0,No,1,Non-Junction,1,Non-Junction,1,Not an Intersection,1,On Roadway,0,,1,Daylight,1,Daylight,1,Clear,1,Clear,0,No,0,No,0,No Apparent Injury (O),0,No Apparent Injury (O),0,No Person Injured/Property Damage Only Crash,0,No Person Injured/Property Damage Only Crash,2,No Alcohol Involved,2,No Alcohol Involved
202304641342,59,59,10,3,"South (MD, DE, DC, WV, VA, KY, TN, NC, SC, GA, FL, AL, MS, LA, AR, OK, TX)",1,Urban Area,2,Stratum 2 - Not a MV Occupant Any Injury,4137,23.577464434,1,1,1,1,0,1,1,January,3,Tuesday,3,Tuesday,2023,2023,11,11:00am-11:59am,11,11:00am-11:59am,10,10,10,10,8,Pedestrian,8,Pedestrian,0,The First Harmful Event was Not a Collision with a Motor Vehicle In-Transport,0,The First Harmful Event was Not a Collision with a Motor Vehicle In-Transport,0,No,0,No,3,Intersection-Related,3,Intersection-Related,2,Four-Way Intersection,1,On Roadway,0,,1,Daylight,1,Daylight,1,Clear,1,Clear,0,No,0,No,2,Suspected Minor Injury (B),2,Suspected Minor Injury (B),1,1,1,1,9,Reported as Unknown,2,No Alcohol Involved
202304641584,28,28,11,3,"South (MD, DE, DC, WV, VA, KY, TN, NC, SC, GA, FL, AL, MS, LA, AR, OK, TX)",1,Urban Area,9,Stratum 9 - LMY PV No Injuries in Crash,4139,141.34570405,0,0,2,2,0,5,1,January,2,Monday,2,Monday,2023,2023,10,10:00am-10:59am,10,10:00am-10:59am,45,45,45,45,12,Motor Vehicle In-Transport,12,Motor Vehicle In-Transport,6,Angle,6,Angle,1,Yes,1,Yes,2,Intersection,2,Intersection,3,T-Intersection,1,On Roadway,0,,1,Daylight,1,Daylight,1,Clear,1,Clear,0,No,0,No,0,No Apparent Injury (O),0,No Apparent Injury (O),0,No Person Injured/Property Damage Only Crash,0,No Person Injured/Property Damage Only Crash,2,No Alcohol Involved,2,No Alcohol Involved
202304641664,12,12,12,3,"South (MD, DE, DC, WV, VA, KY, TN, NC, SC, GA, FL, AL, MS, LA, AR, OK, TX)",1,Urban Area,2,Stratum 2 - Not a MV Occupant Any Injury,4142,23.399878123,1,1,1,1,0,1,1,January,2,Monday,2,Monday,2023,2023,18,6:00pm-6:59pm,18,6:00pm-6:59pm,29,29,29,29,8,Pedestrian,8,Pedestrian,0,The First Harmful Event was Not a Collision with a Motor Vehicle In-Transport,0,The First Harmful Event was Not a Collision with a Motor Vehicle In-Transport,0,No,0,No,2,Intersection,2,Intersection,3,T-Intersection,1,On Roadway,0,,3,Dark - Lighted,3,Dark - Lighted,1,Clear,1,Clear,0,No,0,No,1,Possible Injury (C),1,Possible Injury (C),1,1,1,1,9,Reported as Unknown,2,No Alcohol Involved
202304641708,12,12,12,3,"South (MD, DE, DC, WV, VA, KY, TN, NC, SC, GA, FL, AL, MS, LA, AR, OK, TX)",1,Urban Area,3,Stratum 3 - Motorcycle Any Injury,4142,26.320422443,0,0,2,2,0,2,1,January,1,Sunday,1,Sunday,2023,2023,14,2:00pm-2:59pm,14,2:00pm-2:59pm,44,44,44,44,12,Motor Vehicle In-Transport,12,Motor Vehicle In-Transport,2,Front-to-Front,2,Front-to-Front,0,No,0,No,2,Intersection,2,Intersection,3,T-Intersection,1,On Roadway,0,,1,Daylight,1,Daylight,10,Cloudy,10,Cloudy,0,No,0,No,3,Suspected Serious Injury (A),3,Suspected Serious Injury (A),1,1,1,1,2,No Alcohol Involved,2,No Alcohol Involved
202304641718,12,12,12,3,"South (MD, DE, DC, WV, VA, KY, TN, NC, SC, GA, FL, AL, MS, LA, AR, OK, TX)",1,Urban Area,9,Stratum 9 - LMY PV No Injuries in Crash,4142,141.83585636,0,0,2,2,0,3,1,January,2,Monday,2,Monday,2023,2023,13,1:00pm-1:59pm,13,1:00pm-1:59pm,50,50,50,50,12,Motor Vehicle In-Transport,12,Motor Vehicle In-Transport,6,Angle,6,Angle,0,No,0,No,2,Intersection,2,Intersection,2,Four-Way Intersection,1,On Roadway,0,,1,Daylight,1,Daylight,1,Clear,1,Clear,0,No,0,No,0,No Apparent Injury (O),0,No Apparent Injury (O),0,No Person Injured/Property Damage Only Crash,0,No Person Injured/Property Damage Only Crash,2,No Alcohol Involved,2,No Alcohol Involved
202304641736,12,12,12,3,"South (MD, DE, DC, WV, VA, KY, TN, NC, SC, GA, FL, AL, MS, LA, AR, OK, TX)",1,Urban Area,10,Stratum 10 - Other,4142,222.0578669,0,0,3,3,0,3,1,January,3,Tuesday,3,Tuesday,2023,2023,6,6:00am-6:59am,6,6:00am-6:59am,30,30,30,30,12,Motor Vehicle In-Transport,12,Motor Vehicle In-Transport,1,Front-to-Rear,1,Front-to-Rear,0,No,0,No,1,Non-Junction,1,Non-Junction,1,Not an Intersection,1,On Roadway,0,,3,Dark - Lighted,3,Dark - Lighted,1,Clear,1,Clear,0,No,0,No,0,No Apparent Injury (O),0,No Apparent Injury (O),0,No Person Injured/Property Damage Only Crash,0,No Person Injured/Property Damage Only Crash,2,No Alcohol Involved,2,No Alcohol Involved
202304641786,75,75,19,3,"South (MD, DE, DC, WV, VA, KY, TN, NC, SC, GA, FL, AL, MS, LA, AR, OK, TX)",2,Rural Area,9,Stratum 9 - LMY PV No Injuries in Crash,4144,135.87719692,0,0,2,2,0,2,1,January,1,Sunday,1,Sunday,2023,2023,15,3:00pm-3:59pm,15,3:00pm-3:59pm,0,0,0,0,12,Motor Vehicle In-Transport,12,Motor Vehicle In-Transport,6,Angle,6,Angle,0,No,0,No,2,Intersection,2,Intersection,2,Four-Way Intersection,1,On Roadway,0,,1,Daylight,1,Daylight,1,Clear,1,Clear,0,No,0,No,0,No Apparent Injury (O),0,No Apparent Injury (O),0,No Person Injured/Property Damage Only Crash,0,No Person Injured/Property Damage Only Crash,2,No Alcohol Involved,2,No Alcohol Involved
202304641802,78,78,10,3,"South (MD, DE, DC, WV, VA, KY, TN, NC, SC, GA, FL, AL, MS, LA, AR, OK, TX)",1,Urban Area,10,Stratum 10 - Other,4146,222.24582732,0,0,2,2,0,3,1,January,2,Monday,2,Monday,2023,2023,18,6:00pm-6:59pm,18,6:00pm-6:59pm,0,0,0,0,12,Motor Vehicle In-Transport,12,Motor Vehicle In-Transport,6,Angle,6,Angle,0,No,0,No,3,Intersection-Related,3,Intersection-Related,3,T-Intersection,11,Continuous Left - Turn Lane,0,,5,Dusk,5,Dusk,1,Clear,1,Clear,0,No,0,No,0,No Apparent Injury (O),0,No Apparent Injury (O),0,No Person Injured/Property Damage Only Crash,0,No Person Injured/Property Damage Only Crash,2,No Alcohol Involved,2,No Alcohol Involved
202304641845,78,78,10,3,"South (MD, DE, DC, WV, VA, KY, TN, NC, SC, GA, FL, AL, MS, LA, AR, OK, TX)",1,Urban Area,9,Stratum 9 - LMY PV No Injuries in Crash,4146,141.59880277,0,0,2,2,0,2,1,January,2,Monday,2,Monday,2023,2023,10,10:00am-10:59am,10,10:00am-10:59am,55,55,55,55,12,Motor Vehicle In-Transport,12,Motor Vehicle In-Transport,6,Angle,6,Angle,0,No,0,No,2,Intersection,2,Intersection,3,T-Intersection,1,On Roadway,0,,1,Daylight,1,Daylight,1,Clear,1,Clear,0,No,0,No,0,No Apparent Injury (O),0,No Apparent Injury (O),0,No Person Injured/Property Damage Only Crash,0,No Person Injured/Property Damage Only Crash,9,Reported as Unknown,2,No Alcohol Involved
202304641882,78,78,10,3,"South (MD, DE, DC, WV, VA, KY, TN, NC, SC, GA, FL, AL, MS, LA, AR, OK, TX)",1,Urban Area,6,Stratum 6 - LMY PV Minor Injury,4146,54.478812229,0,0,2,2,0,2,1,January,3,Tuesday,3,Tuesday,2023,2023,18,6:00pm-6:59pm,18,6:00pm-6:59pm,45,45,45,45,12,Motor Vehicle In-Transport,12,Motor Vehicle In-Transport,1,Front-to-Rear,1,Front-to-Rear,0,No,0,No,3,Intersection-Related,3,Intersection-Related,2,Four-Way Intersection,1,On Roadway,0,,3,Dark - Lighted,3,Dark - Lighted,1,Clear,1,Clear,0,No,0,No,1,Possible Injury (C),1,Possible Injury (C),1,1,1,1,1,Alcohol Involved,1,Alcohol Involved
202304641921,22,22,5,1,"Northeast (PA, NJ, NY, NH, VT, RI, MA, ME, CT)",2,Rural Area,9,Stratum 9 - LMY PV No Injuries in Crash,4149,139.70227482,0,0,1,1,0,1,1,January,4,Wednesday,4,Wednesday,2023,2023,22,10:00pm-10:59pm,22,10:00pm-10:59pm,5,5,5,5,11,Live Animal,11,Live Animal,0,The First Harmful Event was Not a Collision with a Motor Vehicle In-Transport,0,The First Harmful Event was Not a Collision with a Motor Vehicle In-Transport,0,No,0,No,1,Non-Junction,1,Non-Junction,1,Not an Intersection,1,On Roadway,0,,3,Dark - Lighted,3,Dark - Lighted,2,Rain,2,Rain,0,No,0,No,0,No Apparent Injury (O),0,No Apparent Injury (O),0,No Person Injured/Property Damage Only Crash,0,No Person Injured/Property Damage Only Crash,2,No Alcohol Involved,2,No Alcohol Involved
202304641925,77,77,9,2,"Midwest (OH, IN, IL, MI, WI, MN, ND, SD, NE, IA, MO, KS)",2,Rural Area,5,Stratum 5 - NLMY PV Serious Injury,4151,29.72205493,0,0,1,1,0,1,1,January,4,Wednesday,4,Wednesday,2023,2023,8,8:00am-8:59am,8,8:00am-8:59am,40,40,40,40,21,Bridge Pier or Support,21,Bridge Pier or Support,0,The First Harmful Event was Not a Collision with a Motor Vehicle In-Transport,0,The First Harmful Event was Not a Collision with a Motor Vehicle In-Transport,0,No,0,No,1,Non-Junction,1,Non-Junction,1,Not an Intersection,3,On Median,0,,1,Daylight,1,Daylight,1,Clear,1,Clear,0,No,0,No,3,Suspected Serious Injury (A),3,Suspected Serious Injury (A),1,1,1,1,9,Reported as Unknown,2,No Alcohol Involved
202304641928,77,77,9,2,"Midwest (OH, IN, IL, MI, WI, MN, ND, SD, NE, IA, MO, KS)",2,Rural Area,8,Stratum 8 - NLMY PV Minor Injury,4151,132.36109359,0,0,1,1,0,1,1,January,4,Wednesday,4,Wednesday,2023,2023,17,5:00pm-5:59pm,17,5:00pm-5:59pm,26,26,26,26,35,Embankment,35,Embankment,0,The First Harmful Event was Not a Collision with a Motor Vehicle In-Transport,0,The First Harmful Event was Not a Collision with a Motor Vehicle In-Transport,1,Yes,1,Yes,19,Other location within Interchange Area,19,Other location within Interchange Area,1,Not an Intersection,4,On Roadside,0,,2,Dark - Not Lighted,2,Dark - Not Lighted,10,Cloudy,10,Cloudy,0,No,0,No,2,Suspected Minor Injury (B),2,Suspected Minor Injury (B),1,1,1,1,9,Reported as Unknown,2,No Alcohol Involved
202304641929,77,77,9,2,"Midwest (OH, IN, IL, MI, WI, MN, ND, SD, NE, IA, MO, KS)",2,Rural Area,10,Stratum 10 - Other,4151,217.37927863,0,0,1,1,0,1,1,January,4,Wednesday,4,Wednesday,2023,2023,18,6:00pm-6:59pm,18,6:00pm-6:59pm,27,27,27,27,11,Live Animal,11,Live Animal,0,The First Harmful Event was Not a Collision with a Motor Vehicle In-Transport,0,The First Harmful Event was Not a Collision with a Motor Vehicle In-Transport,0,No,0,No,1,Non-Junction,1,Non-Junction,1,Not an Intersection,1,On Roadway,0,,2,Dark - Not Lighted,2,Dark - Not Lighted,1,Clear,1,Clear,0,No,0,No,0,No Apparent Injury (O),0,No Apparent Injury (O),0,No Person Injured/Property Damage Only Crash,0,No Person Injured/Property Damage Only Crash,9,Reported as Unknown,2,No Alcohol Involved
202304641931,39,39,7,2,"Midwest (OH, IN, IL, MI, WI, MN, ND, SD, NE, IA, MO, KS)",1,Urban Area,7,Stratum 7 - M/H Truck or Bus,4154,153.46384112,0,0,2,2,0,3,1,January,4,Wednesday,4,Wednesday,2023,2023,11,11:00am-11:59am,11,11:00am-11:59am,24,24,24,24,12,Motor Vehicle In-Transport,12,Motor Vehicle In-Transport,1,Front-to-Rear,1,Front-to-Rear,0,No,0,No,3,Intersection-Related,3,Intersection-Related,3,T-Intersection,1,On Roadway,0,,1,Daylight,1,Daylight,4,Snow,4,Snow,0,No,0,No,0,No Apparent Injury (O),0,No Apparent Injury (O),0,No Person Injured/Property Damage Only Crash,0,No Person Injured/Property Damage Only Crash,2,No Alcohol Involved,2,No Alcohol Involved
202304641954,39,39,7,2,"Midwest (OH, IN, IL, MI, WI, MN, ND, SD, NE, IA, MO, KS)",1,Urban Area,5,Stratum 5 - NLMY PV Serious Injury,4154,24.221475122,0,0,2,2,0,3,1,January,5,Thursday,5,Thursday,2023,2023,12,12:00pm-12:59pm,12,12:00pm-12:59pm,49,49,49,49,12,Motor Vehicle In-Transport,12,Motor Vehicle In-Transport,6,Angle,6,Angle,0,No,0,No,2,Intersection,2,Intersection,2,Four-Way Intersection,1,On Roadway,0,,1,Daylight,1,Daylight,11,Blowing Snow,11,Blowing Snow,0,No,0,No,3,Suspected Serious Injury (A),3,Suspected Serious Injury (A),3,3,3,3,2,No Alcohol Involved,2,No Alcohol Involved
202304643195,49,49,21,4,"West (MT, ID, WA, OR, CA, NV, NM, AZ, UT, CO, WY, AK, HI)",1,Urban Area,8,Stratum 8 - NLMY PV Minor Injury,262,151.24846034,0,0,1,1,0,1,1,January,4,Wednesday,4,Wednesday,2023,2023,6,6:00am-6:59am,6,6:00am-6:59am,35,35,35,35,42,Tree (Standing Only),42,Tree (Standing Only),0,The First Harmful Event was Not a Collision with a Motor Vehicle In-Transport,0,The First Harmful Event was Not a Collision with a Motor Vehicle In-Transport,0,No,0,No,1,Non-Junction,1,Non-Junction,1,Not an Intersection,4,On Roadside,0,,2,Dark - Not Lighted,2,Dark - Not Lighted,2,Rain,2,Rain,0,No,0,No,1,Possible Injury (C),1,Possible Injury (C),1,1,1,1,2,No Alcohol Involved,2,No Alcohol Involved
202304643263,35,35,13,3,"South (MD, DE, DC, WV, VA, KY, TN, NC, SC, GA, FL, AL, MS, LA, AR, OK, TX)",1,Urban Area,10,Stratum 10 - Other,4141,222.47241975,0,0,2,2,0,2,1,January,3,Tuesday,3,Tuesday,2023,2023,16,4:00pm-4:59pm,16,4:00pm-4:59pm,32,32,32,32,12,Motor Vehicle In-Transport,12,Motor Vehicle In-Transport,1,Front-to-Rear,1,Front-to-Rear,0,No,0,No,3,Intersection-Related,3,Intersection-Related,2,Four-Way Intersection,1,On Roadway,0,,1,Daylight,1,Daylight,10,Cloudy,10,Cloudy,0,No,0,No,0,No Apparent Injury (O),0,No Apparent Injury (O),0,No Person Injured/Property Damage Only Crash,0,No Person Injured/Property Damage Only Crash,2,No Alcohol Involved,2,No Alcohol Involved
202304643289,58,58,6,2,"Midwest (OH, IN, IL, MI, WI, MN, ND, SD, NE, IA, MO, KS)",1,Urban Area,10,Stratum 10 - Other,4143,213.68759167,0,0,2,2,0,3,1,January,3,Tuesday,3,Tuesday,2023,2023,22,10:00pm-10:59pm,22,10:00pm-10:59pm,24,24,24,24,12,Motor Vehicle In-Transport,12,Motor Vehicle In-Transport,6,Angle,6,Angle,0,No,0,No,2,Intersection,2,Intersection,2,Four-Way Intersection,1,On Roadway,0,,3,Dark - Lighted,3,Dark - Lighted,1,Clear,1,Clear,0,No,0,No,0,No Apparent Injury (O),0,No Apparent Injury (O),0,No Person Injured/Property Damage Only Crash,0,No Person Injured/Property Damage Only Crash,9,Reported as Unknown,2,No Alcohol Involved
202304643299,58,58,6,2,"Midwest (OH, IN, IL, MI, WI, MN, ND, SD, NE, IA, MO, KS)",1,Urban Area,8,Stratum 8 - NLMY PV Minor Injury,4143,130.03640335,0,0,2,2,0,3,1,January,4,Wednesday,4,Wednesday,2023,2023,19,7:00pm-7:59pm,19,7:00pm-7:59pm,20,20,20,20,12,Motor Vehicle In-Transport,12,Motor Vehicle In-Transport,6,Angle,6,Angle,0,No,0,No,1,Non-Junction,1,Non-Junction,1,Not an Intersection,1,On Roadway,0,,3,Dark - Lighted,3,Dark - Lighted,4,Snow,4,Snow,0,No,0,No,2,Suspected Minor Injury (B),2,Suspected Minor Injury (B),1,1,1,1,2,No Alcohol Involved,2,No Alcohol Involved
202304643309,32,32,17,3,"South (MD, DE, DC, WV, VA, KY, TN, NC, SC, GA, FL, AL, MS, LA, AR, OK, TX)",2,Rural Area,7,Stratum 7 - M/H Truck or Bus,4145,157.12432243,0,0,2,2,0,2,1,January,4,Wednesday,4,Wednesday,2023,2023,9,9:00am-9:59am,9,9:00am-9:59am,20,20,20,20,12,Motor Vehicle In-Transport,12,Motor Vehicle In-Transport,1,Front-to-Rear,1,Front-to-Rear,0,No,0,No,1,Non-Junction,1,Non-Junction,1,Not an Intersection,1,On Roadway,0,,1,Daylight,1,Daylight,10,Cloudy,10,Cloudy,0,No,0,No,0,No Apparent Injury (O),0,No Apparent Injury (O),0,No Person Injured/Property Damage Only Crash,0,No Person Injured/Property Damage Only Crash,2,No Alcohol Involved,2,No Alcohol Involved
202304643310,32,32,17,3,"South (MD, DE, DC, WV, VA, KY, TN, NC, SC, GA, FL, AL, MS, LA, AR, OK, TX)",2,Rural Area,10,Stratum 10 - Other,4145,220.3414238,0,0,2,2,0,6,1,January,4,Wednesday,4,Wednesday,2023,2023,99,Unknown Hours,17,5:00pm-5:59pm,99,Unknown Minutes,34,34,12,Motor Vehicle In-Transport,12,Motor Vehicle In-Transport,6,Angle,6,Angle,0,No,0,No,2,Intersection,2,Intersection,3,T-Intersection,1,On Roadway,0,,1,Daylight,1,Daylight,10,Cloudy,10,Cloudy,0,No,0,No,0,No Apparent Injury (O),0,No Apparent Injury (O),0,No Person Injured/Property Damage Only Crash,0,No Person Injured/Property Damage Only Crash,2,No Alcohol Involved,2,No Alcohol Involved
202304643316,83,83,13,3,"South (MD, DE, DC, WV, VA, KY, TN, NC, SC, GA, FL, AL, MS, LA, AR, OK, TX)",1,Urban Area,4,Stratum 4 - LMY PV Serious Injury,4148,11.212827626,0,0,1,1,0,1,1,January,4,Wednesday,4,Wednesday,2023,2023,5,5:00am-5:59am,5,5:00am-5:59am,30,30,30,30,35,Embankment,35,Embankment,0,The First Harmful Event was Not a Collision with a Motor Vehicle In-Transport,0,The First Harmful Event was Not a Collision with a Motor Vehicle In-Transport,0,No,0,No,1,Non-Junction,1,Non-Junction,1,Not an Intersection,4,On Roadside,0,,2,Dark - Not Lighted,2,Dark - Not Lighted,1,Clear,1,Clear,0,No,0,No,3,Suspected Serious Injury (A),3,Suspected Serious Injury (A),1,1,1,1,2,No Alcohol Involved,2,No Alcohol Involved
202304643357,83,83,13,3,"South (MD, DE, DC, WV, VA, KY, TN, NC, SC, GA, FL, AL, MS, LA, AR, OK, TX)",1,Urban Area,10,Stratum 10 - Other,4148,223.23894247,0,0,2,2,0,2,1,January,3,Tuesday,3,Tuesday,2023,2023,8,8:00am-8:59am,8,8:00am-8:59am,15,15,15,15,12,Motor Vehicle In-Transport,12,Motor Vehicle In-Transport,1,Front-to-Rear,1,Front-to-Rear,0,No,0,No,3,Intersection-Related,3,Intersection-Related,3,T-Intersection,1,On Roadway,0,,1,Daylight,1,Daylight,2,Rain,2,Rain,0,No,0,No,0,No Apparent Injury (O),0,No Apparent Injury (O),0,No Person Injured/Property Damage Only Crash,0,No Person Injured/Property Damage Only Crash,9,Reported as Unknown,2,No Alcohol Involved
202304643359,83,83,13,3,"South (MD, DE, DC, WV, VA, KY, TN, NC, SC, GA, FL, AL, MS, LA, AR, OK, TX)",1,Urban Area,9,Stratum 9 - LMY PV No Injuries in Crash,4148,141.94136347,0,0,2,2,0,2,1,January,3,Tuesday,3,Tuesday,2023,2023,15,3:00pm-3:59pm,15,3:00pm-3:59pm,45,45,45,45,12,Motor Vehicle In-Transport,12,Motor Vehicle In-Transport,1,Front-to-Rear,1,Front-to-Rear,0,No,0,No,3,Intersection-Related,3,Intersection-Related,3,T-Intersection,1,On Roadway,0,,1,Daylight,1,Daylight,1,Clear,1,Clear,0,No,0,No,0,No Apparent Injury (O),0,No Apparent Injury (O),0,No Person Injured/Property Damage Only Crash,0,No Person Injured/Property Damage Only Crash,2,No Alcohol Involved,2,No Alcohol Involved
202304643378,83,83,13,3,"South (MD, DE, DC, WV, VA, KY, TN, NC, SC, GA, FL, AL, MS, LA, AR, OK, TX)",1,Urban Area,8,Stratum 8 - NLMY PV Minor Injury,4148,134.77451173,0,0,3,3,0,4,1,January,3,Tuesday,3,Tuesday,2023,2023,18,6:00pm-6:59pm,18,6:00pm-6:59pm,30,30,30,30,12,Motor Vehicle In-Transport,12,Motor Vehicle In-Transport,1,Front-to-Rear,1,Front-to-Rear,0,No,0,No,3,Intersection-Related,3,Intersection-Related,2,Four-Way Intersection,1,On Roadway,0,,5,Dusk,5,Dusk,1,Clear,1,Clear,0,No,0,No,1,Possible Injury (C),1,Possible Injury (C),1,1,1,1,9,Reported as Unknown,2,No Alcohol Involved
202304643455,25,25,8,2,"Midwest (OH, IN, IL, MI, WI, MN, ND, SD, NE, IA, MO, KS)",1,Urban Area,10,Stratum 10 - Other,4150,218.84769319,0,0,2,2,0,3,1,January,3,Tuesday,3,Tuesday,2023,2023,10,10:00am-10:59am,10,10:00am-10:59am,35,35,35,35,12,Motor Vehicle In-Transport,12,Motor Vehicle In-Transport,1,Front-to-Rear,1,Front-to-Rear,0,No,0,No,2,Intersection,2,Intersection,2,Four-Way Intersection,1,On Roadway,0,,1,Daylight,1,Daylight,10,Cloudy,10,Cloudy,0,No,0,No,0,No Apparent Injury (O),0,No Apparent Injury (O),0,No Person Injured/Property Damage Only Crash,0,No Person Injured/Property Damage Only Crash,9,Reported as Unknown,2,No Alcohol Involved
202304643459,25,25,8,2,"Midwest (OH, IN, IL, MI, WI, MN, ND, SD, NE, IA, MO, KS)",1,Urban Area,4,Stratum 4 - LMY PV Serious Injury,4150,12.921193489,0,0,1,1,0,2,1,January,4,Wednesday,4,Wednesday,2023,2023,13,1:00pm-1:59pm,13,1:00pm-1:59pm,39,39,39,39,34,Ditch,34,Ditch,0,The First Harmful Event was Not a Collision with a Motor Vehicle In-Transport,0,The First Harmful Event was Not a Collision with a Motor Vehicle In-Transport,0,No,0,No,1,Non-Junction,1,Non-Junction,1,Not an Intersection,4,On Roadside,0,,1,Daylight,1,Daylight,2,Rain,2,Rain,0,No,0,No,3,Suspected Serious Injury (A),3,Suspected Serious Injury (A),2,2,2,2,9,Reported as Unknown,2,No Alcohol Involved
202304643460,25,25,8,2,"Midwest (OH, IN, IL, MI, WI, MN, ND, SD, NE, IA, MO, KS)",1,Urban Area,9,Stratum 9 - LMY PV No Injuries in Crash,4150,138.4046856,0,0,2,2,0,3,1,January,5,Thursday,5,Thursday,2023,2023,16,4:00pm-4:59pm,16,4:00pm-4:59pm,25,25,25,25,12,Motor Vehicle In-Transport,12,Motor Vehicle In-Transport,1,Front-to-Rear,1,Front-to-Rear,0,No,0,No,3,Intersection-Related,3,Intersection-Related,2,Four-Way Intersection,1,On Roadway,0,,1,Daylight,1,Daylight,1,Clear,1,Clear,0,No,0,No,0,No Apparent Injury (O),0,No Apparent Injury (O),0,No Person Injured/Property Damage Only Crash,0,No Person Injured/Property Damage Only Crash,9,Reported as Unknown,2,No Alcohol Involved
202304643486,67,67,8,2,"Midwest (OH, IN, IL, MI, WI, MN, ND, SD, NE, IA, MO, KS)",1,Urban Area,10,Stratum 10 - Other,4152,216.86508996,0,0,2,2,0,2,1,January,4,Wednesday,4,Wednesday,2023,2023,8,8:00am-8:59am,8,8:00am-8:59am,51,51,51,51,12,Motor Vehicle In-Transport,12,Motor Vehicle In-Transport,6,Angle,6,Angle,0,No,0,No,2,Intersection,2,Intersection,3,T-Intersection,1,On Roadway,0,,1,Daylight,1,Daylight,2,Rain,2,Rain,0,No,0,No,0,No Apparent Injury (O),0,No Apparent Injury (O),0,No Person Injured/Property Damage Only Crash,0,No Person Injured/Property Damage Only Crash,9,Reported as Unknown,2,No Alcohol Involved
202304643494,67,67,8,2,"Midwest (OH, IN, IL, MI, WI, MN, ND, SD, NE, IA, MO, KS)",1,Urban Area,3,Stratum 3 - Motorcycle Any Injury,4152,41.25480266,0,0,2,2,0,2,1,January,2,Monday,2,Monday,2023,2023,17,5:00pm-5:59pm,17,5:00pm-5:59pm,18,18,18,18,12,Motor Vehicle In-Transport,12,Motor Vehicle In-Transport,6,Angle,6,Angle,0,No,0,No,2,Intersection,2,Intersection,2,Four-Way Intersection,1,On Roadway,0,,5,Dusk,5,Dusk,10,Cloudy,10,Cloudy,0,No,0,No,4,Fatal Injury (K),4,Fatal Injury (K),2,2,2,2,9,Reported as Unknown,2,No Alcohol Involved
202304643509,47,47,9,2,"Midwest (OH, IN, IL, MI, WI, MN, ND, SD, NE, IA, MO, KS)",2,Rural Area,6,Stratum 6 - LMY PV Minor Injury,4153,52.991202556,0,0,1,1,0,2,1,January,4,Wednesday,4,Wednesday,2023,2023,10,10:00am-10:59am,10,10:00am-10:59am,7,7,7,7,34,Ditch,34,Ditch,0,The First Harmful Event was Not a Collision with a Motor Vehicle In-Transport,0,The First Harmful Event was Not a Collision with a Motor Vehicle In-Transport,0,No,0,No,3,Intersection-Related,3,Intersection-Related,3,T-Intersection,4,On Roadside,0,,1,Daylight,1,Daylight,2,Rain,2,Rain,0,No,0,No,1,Possible Injury (C),1,Possible Injury (C),1,1,1,1,9,Reported as Unknown,2,No Alcohol Involved
202304643510,47,47,9,2,"Midwest (OH, IN, IL, MI, WI, MN, ND, SD, NE, IA, MO, KS)",2,Rural Area,8,Stratum 8 - NLMY PV Minor Injury,4153,132.26082933,0,0,2,2,0,2,1,January,5,Thursday,5,Thursday,2023,2023,10,10:00am-10:59am,10,10:00am-10:59am,28,28,28,28,12,Motor Vehicle In-Transport,12,Motor Vehicle In-Transport,6,Angle,6,Angle,0,No,0,No,8,Driveway Access Related,8,Driveway Access Related,1,Not an Intersection,1,On Roadway,0,,1,Daylight,1,Daylight,1,Clear,1,Clear,0,No,0,No,1,Possible Injury (C),1,Possible Injury (C),1,1,1,1,9,Reported as Unknown,2,No Alcohol Involved
202304643513,47,47,9,2,"Midwest (OH, IN, IL, MI, WI, MN, ND, SD, NE, IA, MO, KS)",2,Rural Area,5,Stratum 5 - NLMY PV Serious Injury,4153,37.760238212,0,0,1,1,0,1,1,January,1,Sunday,1,Sunday,2023,2023,16,4:00pm-4:59pm,16,4:00pm-4:59pm,3,3,3,3,35,Embankment,35,Embankment,0,The First Harmful Event was Not a Collision with a Motor Vehicle In-Transport,0,The First Harmful Event was Not a Collision with a Motor Vehicle In-Transport,0,No,0,No,1,Non-Junction,1,Non-Junction,1,Not an Intersection,3,On Median,0,,1,Daylight,1,Daylight,10,Cloudy,10,Cloudy,0,No,0,No,3,Suspected Serious Injury (A),3,Suspected Serious Injury (A),1,1,1,1,9,Reported as Unknown,2,No Alcohol Involved
202304645763,51,51,10,3,"South (MD, DE, DC, WV, VA, KY, TN, NC, SC, GA, FL, AL, MS, LA, AR, OK, TX)",1,Urban Area,2,Stratum 2 - Not a MV Occupant Any Injury,1080,23.169736911,1,1,1,1,0,1,1,January,4,Wednesday,4,Wednesday,2023,2023,19,7:00pm-7:59pm,19,7:00pm-7:59pm,50,50,50,50,8,Pedestrian,8,Pedestrian,0,The First Harmful Event was Not a Collision with a Motor Vehicle In-Transport,0,The First Harmful Event was Not a Collision with a Motor Vehicle In-Transport,0,No,0,No,2,Intersection,2,Intersection,3,T-Intersection,1,On Roadway,0,,3,Dark - Lighted,3,Dark - Lighted,1,Clear,1,Clear,0,No,0,No,3,Suspected Serious Injury (A),3,Suspected Serious Injury (A),1,1,1,1,9,Reported as Unknown,2,No Alcohol Involved
202304645770,63,63,16,3,"South (MD, DE, DC, WV, VA, KY, TN, NC, SC, GA, FL, AL, MS, LA, AR, OK, TX)",2,Rural Area,8,Stratum 8 - NLMY PV Minor Injury,4135,131.11775453,0,0,3,3,0,3,1,January,5,Thursday,5,Thursday,2023,2023,7,7:00am-7:59am,7,7:00am-7:59am,53,53,53,53,12,Motor Vehicle In-Transport,12,Motor Vehicle In-Transport,6,Angle,6,Angle,0,No,0,No,2,Intersection,2,Intersection,2,Four-Way Intersection,1,On Roadway,0,,1,Daylight,1,Daylight,1,Clear,1,Clear,0,No,0,No,1,Possible Injury (C),1,Possible Injury (C),1,1,1,1,9,Reported as Unknown,1,Alcohol Involved
202304645773,59,59,10,3,"South (MD, DE, DC, WV, VA, KY, TN, NC, SC, GA, FL, AL, MS, LA, AR, OK, TX)",1,Urban Area,8,Stratum 8 - NLMY PV Minor Injury,4137,136.09449501,0,0,2,2,0,4,1,January,3,Tuesday,3,Tuesday,2023,2023,14,2:00pm-2:59pm,14,2:00pm-2:59pm,12,12,12,12,12,Motor Vehicle In-Transport,12,Motor Vehicle In-Transport,6,Angle,6,Angle,0,No,0,No,8,Driveway Access Related,8,Driveway Access Related,1,Not an Intersection,1,On Roadway,0,,1,Daylight,1,Daylight,1,Clear,1,Clear,0,No,0,No,1,Possible Injury (C),1,Possible Injury (C),2,2,2,2,2,No Alcohol Involved,2,No Alcohol Involved
202304645872,59,59,10,3,"South (MD, DE, DC, WV, VA, KY, TN, NC, SC, GA, FL, AL, MS, LA, AR, OK, TX)",1,Urban Area,9,Stratum 9 - LMY PV No Injuries in Crash,4137,142.15884183,0,0,2,2,0,3,1,January,2,Monday,2,Monday,2023,2023,12,12:00pm-12:59pm,12,12:00pm-12:59pm,45,45,45,45,12,Motor Vehicle In-Transport,12,Motor Vehicle In-Transport,6,Angle,6,Angle,0,No,0,No,2,Intersection,2,Intersection,3,T-Intersection,1,On Roadway,0,,1,Daylight,1,Daylight,1,Clear,1,Clear,0,No,0,No,0,No Apparent Injury (O),0,No Apparent Injury (O),0,No Person Injured/Property Damage Only Crash,0,No Person Injured/Property Damage Only Crash,2,No Alcohol Involved,2,No Alcohol Involved
202304646050,65,65,13,3,"South (MD, DE, DC, WV, VA, KY, TN, NC, SC, GA, FL, AL, MS, LA, AR, OK, TX)",1,Urban Area,7,Stratum 7 - M/H Truck or Bus,4138,159.50253429,0,0,2,2,0,3,1,January,4,Wednesday,4,Wednesday,2023,2023,16,4:00pm-4:59pm,16,4:00pm-4:59pm,20,20,20,20,12,Motor Vehicle In-Transport,12,Motor Vehicle In-Transport,6,Angle,6,Angle,0,No,0,No,2,Intersection,2,Intersection,3,T-Intersection,1,On Roadway,0,,1,Daylight,1,Daylight,1,Clear,1,Clear,0,No,0,No,0,No Apparent Injury (O),0,No Apparent Injury (O),0,No Person Injured/Property Damage Only Crash,0,No Person Injured/Property Damage Only Crash,9,Reported as Unknown,2,No Alcohol Involved
202304646074,28,28,11,3,"South (MD, DE, DC, WV, VA, KY, TN, NC, SC, GA, FL, AL, MS, LA, AR, OK, TX)",1,Urban Area,10,Stratum 10 - Other,4139,223.21940771,0,0,2,2,0,2,1,January,4,Wednesday,4,Wednesday,2023,2023,15,3:00pm-3:59pm,15,3:00pm-3:59pm,29,29,29,29,12,Motor Vehicle In-Transport,12,Motor Vehicle In-Transport,1,Front-to-Rear,1,Front-to-Rear,0,No,0,No,3,Intersection-Related,3,Intersection-Related,2,Four-Way Intersection,1,On Roadway,0,,1,Daylight,1,Daylight,1,Clear,1,Clear,0,No,0,No,0,No Apparent Injury (O),0,No Apparent Injury (O),0,No Person Injured/Property Damage Only Crash,0,No Person Injured/Property Damage Only Crash,2,No Alcohol Involved,2,No Alcohol Involved
202304646154,12,12,12,3,"South (MD, DE, DC, WV, VA, KY, TN, NC, SC, GA, FL, AL, MS, LA, AR, OK, TX)",1,Urban Area,8,Stratum 8 - NLMY PV Minor Injury,4142,135.18572704,0,0,3,3,0,3,1,January,4,Wednesday,4,Wednesday,2023,2023,9,9:00am-9:59am,9,9:00am-9:59am,32,32,32,32,12,Motor Vehicle In-Transport,12,Motor Vehicle In-Transport,1,Front-to-Rear,1,Front-to-Rear,0,No,0,No,3,Intersection-Related,3,Intersection-Related,2,Four-Way Intersection,1,On Roadway,0,,1,Daylight,1,Daylight,10,Cloudy,10,Cloudy,0,No,0,No,2,Suspected Minor Injury (B),2,Suspected Minor Injury (B),1,1,1,1,2,No Alcohol Involved,2,No Alcohol Involved
202304646161,12,12,12,3,"South (MD, DE, DC, WV, VA, KY, TN, NC, SC, GA, FL, AL, MS, LA, AR, OK, TX)",1,Urban Area,7,Stratum 7 - M/H Truck or Bus,4142,159.26096295,0,0,2,1,1,1,1,January,5,Thursday,5,Thursday,2023,2023,16,4:00pm-4:59pm,16,4:00pm-4:59pm,22,22,22,22,14,Parked Motor Vehicle,14,Parked Motor Vehicle,0,The First Harmful Event was Not a Collision with a Motor Vehicle In-Transport,0,The First Harmful Event was Not a Collision with a Motor Vehicle In-Transport,0,No,0,No,1,Non-Junction,1,Non-Junction,1,Not an Intersection,7,In Parking Lane/Zone,0,,1,Daylight,1,Daylight,1,Clear,1,Clear,0,No,0,No,0,No Apparent Injury (O),0,No Apparent Injury (O),0,No Person Injured/Property Damage Only Crash,0,No Person Injured/Property Damage Only Crash,2,No Alcohol Involved,2,No Alcohol Involved
202304646182,12,12,12,3,"South (MD, DE, DC, WV, VA, KY, TN, NC, SC, GA, FL, AL, MS, LA, AR, OK, TX)",1,Urban Area,2,Stratum 2 - Not a MV Occupant Any Injury,4142,23.455463743,1,1,1,1,0,1,1,January,5,Thursday,5,Thursday,2023,2023,20,8:00pm-8:59pm,20,8:00pm-8:59pm,0,0,0,0,15,Non-Motorist on Personal Conveyance,15,Non-Motorist on Personal Conveyance,0,The First Harmful Event was Not a Collision with a Motor Vehicle In-Transport,0,The First Harmful Event was Not a Collision with a Motor Vehicle In-Transport,0,No,0,No,1,Non-Junction,1,Non-Junction,1,Not an Intersection,1,On Roadway,0,,2,Dark - Not Lighted,2,Dark - Not Lighted,1,Clear,1,Clear,0,No,0,No,4,Fatal Injury (K),4,Fatal Injury (K),1,1,1,1,9,Reported as Unknown,1,Alcohol Involved
202304646205,12,12,12,3,"South (MD, DE, DC, WV, VA, KY, TN, NC, SC, GA, FL, AL, MS, LA, AR, OK, TX)",1,Urban Area,6,Stratum 6 - LMY PV Minor Injury,4142,54.442512321,0,0,2,2,0,2,1,January,4,Wednesday,4,Wednesday,2023,2023,16,4:00pm-4:59pm,16,4:00pm-4:59pm,27,27,27,27,12,Motor Vehicle In-Transport,12,Motor Vehicle In-Transport,1,Front-to-Rear,1,Front-to-Rear,0,No,0,No,1,Non-Junction,1,Non-Junction,1,Not an Intersection,1,On Roadway,0,,1,Daylight,1,Daylight,1,Clear,1,Clear,0,No,1,Yes,2,Suspected Minor Injury (B),2,Suspected Minor Injury (B),1,1,1,1,2,No Alcohol Involved,2,No Alcohol Involved
202304646224,12,12,12,3,"South (MD, DE, DC, WV, VA, KY, TN, NC, SC, GA, FL, AL, MS, LA, AR, OK, TX)",1,Urban Area,9,Stratum 9 - LMY PV No Injuries in Crash,4142,141.83585636,0,0,2,2,0,2,1,January,5,Thursday,5,Thursday,2023,2023,9,9:00am-9:59am,9,9:00am-9:59am,55,55,55,55,12,Motor Vehicle In-Transport,12,Motor Vehicle In-Transport,7,Sideswipe - Same Direction,7,Sideswipe - Same Direction,0,No,0,No,1,Non-Junction,1,Non-Junction,1,Not an Intersection,1,On Roadway,0,,1,Daylight,1,Daylight,2,Rain,2,Rain,0,No,0,No,0,No Apparent Injury (O),0,No Apparent Injury (O),0,No Person Injured/Property Damage Only Crash,0,No Person Injured/Property Damage Only Crash,2,No Alcohol Involved,2,No Alcohol Involved
202304646225,12,12,12,3,"South (MD, DE, DC, WV, VA, KY, TN, NC, SC, GA, FL, AL, MS, LA, AR, OK, TX)",1,Urban Area,10,Stratum 10 - Other,4142,222.0578669,0,0,2,2,0,2,1,January,5,Thursday,5,Thursday,2023,2023,11,11:00am-11:59am,11,11:00am-11:59am,0,0,0,0,12,Motor Vehicle In-Transport,12,Motor Vehicle In-Transport,1,Front-to-Rear,1,Front-to-Rear,0,No,0,No,1,Non-Junction,1,Non-Junction,1,Not an Intersection,1,On Roadway,0,,1,Daylight,1,Daylight,2,Rain,2,Rain,0,No,0,No,0,No Apparent Injury (O),0,No Apparent Injury (O),0,No Person Injured/Property Damage Only Crash,0,No Person Injured/Property Damage Only Crash,2,No Alcohol Involved,2,No Alcohol Involved
202304646241,75,75,19,3,"South (MD, DE, DC, WV, VA, KY, TN, NC, SC, GA, FL, AL, MS, LA, AR, OK, TX)",2,Rural Area,5,Stratum 5 - NLMY PV Serious Injury,4144,25.061743809,0,0,1,1,0,1,1,January,5,Thursday,5,Thursday,2023,2023,17,5:00pm-5:59pm,17,5:00pm-5:59pm,58,58,58,58,52,Guardrail End,52,Guardrail End,0,The First Harmful Event was Not a Collision with a Motor Vehicle In-Transport,0,The First Harmful Event was Not a Collision with a Motor Vehicle In-Transport,0,No,0,No,1,Non-Junction,1,Non-Junction,1,Not an Intersection,4,On Roadside,0,,5,Dusk,5,Dusk,10,Cloudy,10,Cloudy,0,No,0,No,3,Suspected Serious Injury (A),3,Suspected Serious Injury (A),1,1,1,1,2,No Alcohol Involved,2,No Alcohol Involved
202304646246,78,78,10,3,"South (MD, DE, DC, WV, VA, KY, TN, NC, SC, GA, FL, AL, MS, LA, AR, OK, TX)",1,Urban Area,2,Stratum 2 - Not a MV Occupant Any Injury,4146,23.300984338,1,1,1,1,0,2,1,January,5,Thursday,5,Thursday,2023,2023,20,8:00pm-8:59pm,20,8:00pm-8:59pm,0,0,0,0,8,Pedestrian,8,Pedestrian,0,The First Harmful Event was Not a Collision with a Motor Vehicle In-Transport,0,The First Harmful Event was Not a Collision with a Motor Vehicle In-Transport,0,No,0,No,3,Intersection-Related,3,Intersection-Related,2,Four-Way Intersection,1,On Roadway,0,,3,Dark - Lighted,3,Dark - Lighted,1,Clear,1,Clear,0,No,0,No,2,Suspected Minor Injury (B),2,Suspected Minor Injury (B),1,1,1,1,2,No Alcohol Involved,2,No Alcohol Involved
202304646254,78,78,10,3,"South (MD, DE, DC, WV, VA, KY, TN, NC, SC, GA, FL, AL, MS, LA, AR, OK, TX)",1,Urban Area,8,Stratum 8 - NLMY PV Minor Injury,4146,134.67439368,0,0,2,2,0,5,1,January,4,Wednesday,4,Wednesday,2023,2023,18,6:00pm-6:59pm,18,6:00pm-6:59pm,10,10,10,10,12,Motor Vehicle In-Transport,12,Motor Vehicle In-Transport,6,Angle,6,Angle,0,No,0,No,2,Intersection,2,Intersection,3,T-Intersection,1,On Roadway,0,,5,Dusk,5,Dusk,1,Clear,1,Clear,0,No,0,No,1,Possible Injury (C),1,Possible Injury (C),2,2,2,2,2,No Alcohol Involved,2,No Alcohol Involved
202304646294,78,78,10,3,"South (MD, DE, DC, WV, VA, KY, TN, NC, SC, GA, FL, AL, MS, LA, AR, OK, TX)",1,Urban Area,2,Stratum 2 - Not a MV Occupant Any Injury,4146,23.300984338,1,1,1,1,0,1,1,January,2,Monday,2,Monday,2023,2023,12,12:00pm-12:59pm,12,12:00pm-12:59pm,10,10,10,10,8,Pedestrian,8,Pedestrian,0,The First Harmful Event was Not a Collision with a Motor Vehicle In-Transport,0,The First Harmful Event was Not a Collision with a Motor Vehicle In-Transport,0,No,0,No,3,Intersection-Related,3,Intersection-Related,3,T-Intersection,1,On Roadway,0,,1,Daylight,1,Daylight,1,Clear,1,Clear,0,No,0,No,1,Possible Injury (C),1,Possible Injury (C),1,1,1,1,2,No Alcohol Involved,2,No Alcohol Involved
202304646314,78,78,10,3,"South (MD, DE, DC, WV, VA, KY, TN, NC, SC, GA, FL, AL, MS, LA, AR, OK, TX)",1,Urban Area,10,Stratum 10 - Other,4146,222.24582732,0,0,1,1,0,1,1,January,5,Thursday,5,Thursday,2023,2023,6,6:00am-6:59am,6,6:00am-6:59am,0,0,0,0,34,Ditch,34,Ditch,0,The First Harmful Event was Not a Collision with a Motor Vehicle In-Transport,0,The First Harmful Event was Not a Collision with a Motor Vehicle In-Transport,0,No,0,No,1,Non-Junction,1,Non-Junction,1,Not an Intersection,4,On Roadside,0,,2,Dark - Not Lighted,2,Dark - Not Lighted,5,"Fog, Smog, Smoke",5,"Fog, Smog, Smoke",0,No,0,No,0,No Apparent Injury (O),0,No Apparent Injury (O),0,No Person Injured/Property Damage Only Crash,0,No Person Injured/Property Damage Only Crash,2,No Alcohol Involved,2,No Alcohol Involved
202304646347,40,40,15,3,"South (MD, DE, DC, WV, VA, KY, TN, NC, SC, GA, FL, AL, MS, LA, AR, OK, TX)",1,Urban Area,10,Stratum 10 - Other,4147,221.35366521,0,0,2,2,0,2,1,January,5,Thursday,5,Thursday,2023,2023,8,8:00am-8:59am,8,8:00am-8:59am,6,6,6,6,12,Motor Vehicle In-Transport,12,Motor Vehicle In-Transport,1,Front-to-Rear,1,Front-to-Rear,1,Yes,1,Yes,18,Through Roadway,18,Through Roadway,1,Not an Intersection,1,On Roadway,0,,1,Daylight,1,Daylight,98,Not Reported,1,Clear,0,No,1,Yes,0,No Apparent Injury (O),0,No Apparent Injury (O),0,No Person Injured/Property Damage Only Crash,0,No Person Injured/Property Damage Only Crash,2,No Alcohol Involved,2,No Alcohol Involved
202304646363,77,77,9,2,"Midwest (OH, IN, IL, MI, WI, MN, ND, SD, NE, IA, MO, KS)",2,Rural Area,10,Stratum 10 - Other,4151,217.37927863,0,0,1,1,0,1,1,January,6,Friday,6,Friday,2023,2023,6,6:00am-6:59am,6,6:00am-6:59am,50,50,50,50,11,Live Animal,11,Live Animal,0,The First Harmful Event was Not a Collision with a Motor Vehicle In-Transport,0,The First Harmful Event was Not a Collision with a Motor Vehicle In-Transport,0,No,0,No,1,Non-Junction,1,Non-Junction,1,Not an Intersection,1,On Roadway,0,,4,Dawn,4,Dawn,98,Not Reported,1,Clear,0,No,0,No,0,No Apparent Injury (O),0,No Apparent Injury (O),0,No Person Injured/Property Damage Only Crash,0,No Person Injured/Property Damage Only Crash,9,Reported as Unknown,2,No Alcohol Involved
202304646373,39,39,7,2,"Midwest (OH, IN, IL, MI, WI, MN, ND, SD, NE, IA, MO, KS)",1,Urban Area,9,Stratum 9 - LMY PV No Injuries in Crash,4154,134.35656935,0,0,2,2,0,2,1,January,6,Friday,6,Friday,2023,2023,9,9:00am-9:59am,9,9:00am-9:59am,42,42,42,42,12,Motor Vehicle In-Transport,12,Motor Vehicle In-Transport,6,Angle,6,Angle,0,No,0,No,2,Intersection,2,Intersection,2,Four-Way Intersection,1,On Roadway,0,,1,Daylight,1,Daylight,1,Clear,1,Clear,0,No,0,No,0,No Apparent Injury (O),0,No Apparent Injury (O),0,No Person Injured/Property Damage Only Crash,0,No Person Injured/Property Damage Only Crash,2,No Alcohol Involved,2,No Alcohol Involved
202304646374,39,39,7,2,"Midwest (OH, IN, IL, MI, WI, MN, ND, SD, NE, IA, MO, KS)",1,Urban Area,10,Stratum 10 - Other,4154,210.86019124,0,1,2,1,1,1,1,January,6,Friday,6,Friday,2023,2023,10,10:00am-10:59am,10,10:00am-10:59am,15,15,15,15,14,Parked Motor Vehicle,14,Parked Motor Vehicle,0,The First Harmful Event was Not a Collision with a Motor Vehicle In-Transport,0,The First Harmful Event was Not a Collision with a Motor Vehicle In-Transport,0,No,0,No,1,Non-Junction,1,Non-Junction,1,Not an Intersection,7,In Parking Lane/Zone,0,,1,Daylight,1,Daylight,1,Clear,1,Clear,0,No,0,No,0,No Apparent Injury (O),0,No Apparent Injury (O),0,No Person Injured/Property Damage Only Crash,0,No Person Injured/Property Damage Only Crash,9,Reported as Unknown,2,No Alcohol Involved
202304646389,39,39,7,2,"Midwest (OH, IN, IL, MI, WI, MN, ND, SD, NE, IA, MO, KS)",1,Urban Area,8,Stratum 8 - NLMY PV Minor Injury,4154,128.45262486,0,0,3,3,0,5,1,January,6,Friday,6,Friday,2023,2023,15,3:00pm-3:59pm,15,3:00pm-3:59pm,22,22,22,22,12,Motor Vehicle In-Transport,12,Motor Vehicle In-Transport,6,Angle,6,Angle,0,No,0,No,2,Intersection,2,Intersection,2,Four-Way Intersection,1,On Roadway,0,,1,Daylight,1,Daylight,1,Clear,1,Clear,0,No,0,No,1,Possible Injury (C),1,Possible Injury (C),1,1,1,1,2,No Alcohol Involved,2,No Alcohol Involved
202304646401,49,49,21,4,"West (MT, ID, WA, OR, CA, NV, NM, AZ, UT, CO, WY, AK, HI)",1,Urban Area,10,Stratum 10 - Other,4015,239.0037764,0,0,1,1,0,1,1,January,5,Thursday,5,Thursday,2023,2023,9,9:00am-9:59am,9,9:00am-9:59am,20,20,20,20,30,Utility Pole/Light Support,30,Utility Pole/Light Support,0,The First Harmful Event was Not a Collision with a Motor Vehicle In-Transport,0,The First Harmful Event was Not a Collision with a Motor Vehicle In-Transport,0,No,0,No,1,Non-Junction,1,Non-Junction,1,Not an Intersection,4,On Roadside,0,,1,Daylight,1,Daylight,2,Rain,2,Rain,0,No,0,No,0,No Apparent Injury (O),0,No Apparent Injury (O),0,No Person Injured/Property Damage Only Crash,0,No Person Injured/Property Damage Only Crash,2,No Alcohol Involved,2,No Alcohol Involved
202304646421,35,35,13,3,"South (MD, DE, DC, WV, VA, KY, TN, NC, SC, GA, FL, AL, MS, LA, AR, OK, TX)",1,Urban Area,9,Stratum 9 - LMY PV No Injuries in Crash,4141,141.63889146,0,0,2,2,0,2,1,January,4,Wednesday,4,Wednesday,2023,2023,12,12:00pm-12:59pm,12,12:00pm-12:59pm,2,2,2,2,12,Motor Vehicle In-Transport,12,Motor Vehicle In-Transport,6,Angle,6,Angle,0,No,0,No,8,Driveway Access Related,8,Driveway Access Related,1,Not an Intersection,1,On Roadway,0,,1,Daylight,1,Daylight,1,Clear,1,Clear,0,No,0,No,0,No Apparent Injury (O),0,No Apparent Injury (O),0,No Person Injured/Property Damage Only Crash,0,No Person Injured/Property Damage Only Crash,2,No Alcohol Involved,2,No Alcohol Involved
202304646462,58,58,6,2,"Midwest (OH, IN, IL, MI, WI, MN, ND, SD, NE, IA, MO, KS)",1,Urban Area,7,Stratum 7 - M/H Truck or Bus,4143,153.81694225,0,0,4,4,0,4,1,January,3,Tuesday,3,Tuesday,2023,2023,17,5:00pm-5:59pm,17,5:00pm-5:59pm,0,0,0,0,12,Motor Vehicle In-Transport,12,Motor Vehicle In-Transport,1,Front-to-Rear,1,Front-to-Rear,0,No,0,No,3,Intersection-Related,3,Intersection-Related,2,Four-Way Intersection,1,On Roadway,0,,3,Dark - Lighted,3,Dark - Lighted,2,Rain,2,Rain,0,No,0,No,2,Suspected Minor Injury (B),2,Suspected Minor Injury (B),1,1,1,1,2,No Alcohol Involved,2,No Alcohol Involved
202304646466,75,75,19,3,"South (MD, DE, DC, WV, VA, KY, TN, NC, SC, GA, FL, AL, MS, LA, AR, OK, TX)",2,Rural Area,10,Stratum 10 - Other,4144,213.71816658,0,0,2,2,0,2,1,January,6,Friday,6,Friday,2023,2023,21,9:00pm-9:59pm,21,9:00pm-9:59pm,33,33,33,33,24,Guardrail Face,24,Guardrail Face,0,The First Harmful Event was Not a Collision with a Motor Vehicle In-Transport,0,The First Harmful Event was Not a Collision with a Motor Vehicle In-Transport,0,No,0,No,1,Non-Junction,1,Non-Junction,1,Not an Intersection,4,On Roadside,0,,3,Dark - Lighted,3,Dark - Lighted,2,Rain,2,Rain,0,No,1,Yes,0,No Apparent Injury (O),0,No Apparent Injury (O),0,No Person Injured/Property Damage Only Crash,0,No Person Injured/Property Damage Only Crash,2,No Alcohol Involved,2,No Alcohol Involved
202304646514,83,83,13,3,"South (MD, DE, DC, WV, VA, KY, TN, NC, SC, GA, FL, AL, MS, LA, AR, OK, TX)",1,Urban Area,10,Stratum 10 - Other,4148,223.23894247,0,0,2,2,0,2,1,January,4,Wednesday,4,Wednesday,2023,2023,13,1:00pm-1:59pm,13,1:00pm-1:59pm,55,55,55,55,12,Motor Vehicle In-Transport,12,Motor Vehicle In-Transport,7,Sideswipe - Same Direction,7,Sideswipe - Same Direction,0,No,0,No,3,Intersection-Related,3,Intersection-Related,2,Four-Way Intersection,1,On Roadway,0,,1,Daylight,1,Daylight,1,Clear,1,Clear,0,No,0,No,0,No Apparent Injury (O),0,No Apparent Injury (O),0,No Person Injured/Property Damage Only Crash,0,No Person Injured/Property Damage Only Crash,2,No Alcohol Involved,2,No Alcohol Involved
202304646564,83,83,13,3,"South (MD, DE, DC, WV, VA, KY, TN, NC, SC, GA, FL, AL, MS, LA, AR, OK, TX)",1,Urban Area,9,Stratum 9 - LMY PV No Injuries in Crash,4148,141.94136347,0,0,2,2,0,3,1,January,4,Wednesday,4,Wednesday,2023,2023,22,10:00pm-10:59pm,22,10:00pm-10:59pm,0,0,0,0,12,Motor Vehicle In-Transport,12,Motor Vehicle In-Transport,7,Sideswipe - Same Direction,7,Sideswipe - Same Direction,0,No,0,No,3,Intersection-Related,3,Intersection-Related,2,Four-Way Intersection,1,On Roadway,0,,3,Dark - Lighted,3,Dark - Lighted,1,Clear,1,Clear,0,No,0,No,0,No Apparent Injury (O),0,No Apparent Injury (O),0,No Person Injured/Property Damage Only Crash,0,No Person Injured/Property Damage Only Crash,2,No Alcohol Involved,2,No Alcohol Involved
202304646590,25,25,8,2,"Midwest (OH, IN, IL, MI, WI, MN, ND, SD, NE, IA, MO, KS)",1,Urban Area,10,Stratum 10 - Other,4150,218.84769319,0,0,2,2,0,3,1,January,2,Monday,2,Monday,2023,2023,10,10:00am-10:59am,10,10:00am-10:59am,0,0,0,0,12,Motor Vehicle In-Transport,12,Motor Vehicle In-Transport,1,Front-to-Rear,1,Front-to-Rear,0,No,0,No,3,Intersection-Related,3,Intersection-Related,2,Four-Way Intersection,1,On Roadway,0,,1,Daylight,1,Daylight,2,Rain,2,Rain,0,No,0,No,0,No Apparent Injury (O),0,No Apparent Injury (O),0,No Person Injured/Property Damage Only Crash,0,No Person Injured/Property Damage Only Crash,9,Reported as Unknown,2,No Alcohol Involved
202304646592,25,25,8,2,"Midwest (OH, IN, IL, MI, WI, MN, ND, SD, NE, IA, MO, KS)",1,Urban Area,8,Stratum 8 - NLMY PV Minor Injury,4150,131.83084766,0,0,1,1,0,1,1,January,4,Wednesday,4,Wednesday,2023,2023,19,7:00pm-7:59pm,19,7:00pm-7:59pm,50,50,50,50,59,Traffic Sign Support,59,Traffic Sign Support,0,The First Harmful Event was Not a Collision with a Motor Vehicle In-Transport,0,The First Harmful Event was Not a Collision with a Motor Vehicle In-Transport,1,Yes,1,Yes,19,Other location within Interchange Area,19,Other location within Interchange Area,1,Not an Intersection,4,On Roadside,0,,3,Dark - Lighted,3,Dark - Lighted,1,Clear,1,Clear,0,No,0,No,2,Suspected Minor Injury (B),2,Suspected Minor Injury (B),1,1,1,1,9,Reported as Unknown,2,No Alcohol Involved
202304646595,25,25,8,2,"Midwest (OH, IN, IL, MI, WI, MN, ND, SD, NE, IA, MO, KS)",1,Urban Area,9,Stratum 9 - LMY PV No Injuries in Crash,4150,138.4046856,0,0,1,1,0,1,1,January,3,Tuesday,3,Tuesday,2023,2023,8,8:00am-8:59am,8,8:00am-8:59am,7,7,7,7,24,Guardrail Face,24,Guardrail Face,0,The First Harmful Event was Not a Collision with a Motor Vehicle In-Transport,0,The First Harmful Event was Not a Collision with a Motor Vehicle In-Transport,0,No,0,No,1,Non-Junction,1,Non-Junction,1,Not an Intersection,4,On Roadside,0,,1,Daylight,1,Daylight,10,Cloudy,10,Cloudy,0,No,1,Yes,0,No Apparent Injury (O),0,No Apparent Injury (O),0,No Person Injured/Property Damage Only Crash,0,No Person Injured/Property Damage Only Crash,9,Reported as Unknown,2,No Alcohol Involved
202304646596,77,77,9,2,"Midwest (OH, IN, IL, MI, WI, MN, ND, SD, NE, IA, MO, KS)",2,Rural Area,8,Stratum 8 - NLMY PV Minor Injury,4151,132.36109359,0,0,1,1,0,2,1,January,6,Friday,6,Friday,2023,2023,17,5:00pm-5:59pm,17,5:00pm-5:59pm,41,41,41,41,11,Live Animal,11,Live Animal,0,The First Harmful Event was Not a Collision with a Motor Vehicle In-Transport,0,The First Harmful Event was Not a Collision with a Motor Vehicle In-Transport,0,No,0,No,1,Non-Junction,1,Non-Junction,1,Not an Intersection,1,On Roadway,0,,2,Dark - Not Lighted,2,Dark - Not Lighted,10,Cloudy,10,Cloudy,0,No,0,No,1,Possible Injury (C),1,Possible Injury (C),1,1,1,1,9,Reported as Unknown,2,No Alcohol Involved
202304646607,67,67,8,2,"Midwest (OH, IN, IL, MI, WI, MN, ND, SD, NE, IA, MO, KS)",1,Urban Area,8,Stratum 8 - NLMY PV Minor Injury,4152,131.12772881,0,0,1,1,0,1,1,January,4,Wednesday,4,Wednesday,2023,2023,11,11:00am-11:59am,11,11:00am-11:59am,17,17,17,17,44,"Pavement Surface Irregularity (Ruts, Potholes, Grates, etc.)",44,"Pavement Surface Irregularity (Ruts, Potholes, Grates, etc.)",0,The First Harmful Event was Not a Collision with a Motor Vehicle In-Transport,0,The First Harmful Event was Not a Collision with a Motor Vehicle In-Transport,0,No,0,No,1,Non-Junction,1,Non-Junction,1,Not an Intersection,1,On Roadway,0,,1,Daylight,1,Daylight,2,Rain,2,Rain,0,No,0,No,1,Possible Injury (C),1,Possible Injury (C),1,1,1,1,9,Reported as Unknown,2,No Alcohol Involved
202304646640,39,39,7,2,"Midwest (OH, IN, IL, MI, WI, MN, ND, SD, NE, IA, MO, KS)",1,Urban Area,6,Stratum 6 - LMY PV Minor Injury,4154,51.955064137,0,0,2,2,0,2,1,January,5,Thursday,5,Thursday,2023,2023,15,3:00pm-3:59pm,15,3:00pm-3:59pm,8,8,8,8,12,Motor Vehicle In-Transport,12,Motor Vehicle In-Transport,7,Sideswipe - Same Direction,7,Sideswipe - Same Direction,1,Yes,1,Yes,18,Through Roadway,18,Through Roadway,1,Not an Intersection,1,On Roadway,0,,1,Daylight,1,Daylight,1,Clear,1,Clear,0,No,1,Yes,2,Suspected Minor Injury (B),2,Suspected Minor Injury (B),1,1,1,1,9,Reported as Unknown,1,Alcohol Involved
202304646787,59,59,10,3,"South (MD, DE, DC, WV, VA, KY, TN, NC, SC, GA, FL, AL, MS, LA, AR, OK, TX)",1,Urban Area,9,Stratum 9 - LMY PV No Injuries in Crash,4137,142.15884183,0,0,2,2,0,2,1,January,5,Thursday,5,Thursday,2023,2023,17,5:00pm-5:59pm,17,5:00pm-5:59pm,35,35,35,35,12,Motor Vehicle In-Transport,12,Motor Vehicle In-Transport,7,Sideswipe - Same Direction,7,Sideswipe - Same Direction,0,No,0,No,1,Non-Junction,1,Non-Junction,1,Not an Intersection,1,On Roadway,0,,1,Daylight,1,Daylight,1,Clear,1,Clear,0,No,0,No,0,No Apparent Injury (O),0,No Apparent Injury (O),0,No Person Injured/Property Damage Only Crash,0,No Person Injured/Property Damage Only Crash,2,No Alcohol Involved,2,No Alcohol Involved
202304646818,59,59,10,3,"South (MD, DE, DC, WV, VA, KY, TN, NC, SC, GA, FL, AL, MS, LA, AR, OK, TX)",1,Urban Area,6,Stratum 6 - LMY PV Minor Injury,4137,54.478662618,0,0,2,2,0,2,1,January,6,Friday,6,Friday,2023,2023,15,3:00pm-3:59pm,15,3:00pm-3:59pm,30,30,30,30,12,Motor Vehicle In-Transport,12,Motor Vehicle In-Transport,6,Angle,6,Angle,0,No,0,No,2,Intersection,2,Intersection,2,Four-Way Intersection,1,On Roadway,0,,1,Daylight,1,Daylight,1,Clear,1,Clear,0,No,0,No,2,Suspected Minor Injury (B),2,Suspected Minor Injury (B),1,1,1,1,9,Reported as Unknown,2,No Alcohol Involved
202304646824,28,28,11,3,"South (MD, DE, DC, WV, VA, KY, TN, NC, SC, GA, FL, AL, MS, LA, AR, OK, TX)",1,Urban Area,9,Stratum 9 - LMY PV No Injuries in Crash,4139,141.34570405,0,0,2,2,0,2,1,January,1,Sunday,1,Sunday,2023,2023,19,7:00pm-7:59pm,19,7:00pm-7:59pm,33,33,33,33,12,Motor Vehicle In-Transport,12,Motor Vehicle In-Transport,1,Front-to-Rear,1,Front-to-Rear,0,No,0,No,3,Intersection-Related,3,Intersection-Related,2,Four-Way Intersection,1,On Roadway,0,,3,Dark - Lighted,3,Dark - Lighted,10,Cloudy,10,Cloudy,0,No,0,No,0,No Apparent Injury (O),0,No Apparent Injury (O),0,No Person Injured/Property Damage Only Crash,0,No Person Injured/Property Damage Only Crash,2,No Alcohol Involved,2,No Alcohol Involved
202304646843,28,28,11,3,"South (MD, DE, DC, WV, VA, KY, TN, NC, SC, GA, FL, AL, MS, LA, AR, OK, TX)",1,Urban Area,6,Stratum 6 - LMY PV Minor Injury,4139,54.461391025,0,0,3,3,0,3,1,January,5,Thursday,5,Thursday,2023,2023,10,10:00am-10:59am,10,10:00am-10:59am,29,29,29,29,12,Motor Vehicle In-Transport,12,Motor Vehicle In-Transport,6,Angle,6,Angle,0,No,0,No,2,Intersection,2,Intersection,2,Four-Way Intersection,1,On Roadway,0,,1,Daylight,1,Daylight,1,Clear,1,Clear,0,No,0,No,2,Suspected Minor Injury (B),2,Suspected Minor Injury (B),2,2,2,2,2,No Alcohol Involved,2,No Alcohol Involved
202304646875,28,28,11,3,"South (MD, DE, DC, WV, VA, KY, TN, NC, SC, GA, FL, AL, MS, LA, AR, OK, TX)",1,Urban Area,8,Stratum 8 - NLMY PV Minor Injury,4139,135.09245684,0,0,2,2,0,2,1,January,5,Thursday,5,Thursday,2023,2023,14,2:00pm-2:59pm,14,2:00pm-2:59pm,32,32,32,32,12,Motor Vehicle In-Transport,12,Motor Vehicle In-Transport,6,Angle,6,Angle,0,No,0,No,2,Intersection,2,Intersection,2,Four-Way Intersection,1,On Roadway,0,,1,Daylight,1,Daylight,1,Clear,1,Clear,0,No,0,No,2,Suspected Minor Injury (B),2,Suspected Minor Injury (B),1,1,1,1,2,No Alcohol Involved,2,No Alcohol Involved
202304646924,12,12,12,3,"South (MD, DE, DC, WV, VA, KY, TN, NC, SC, GA, FL, AL, MS, LA, AR, OK, TX)",1,Urban Area,5,Stratum 5 - NLMY PV Serious Injury,4142,26.121574002,0,0,3,3,0,4,1,January,6,Friday,6,Friday,2023,2023,8,8:00am-8:59am,8,8:00am-8:59am,33,33,33,33,12,Motor Vehicle In-Transport,12,Motor Vehicle In-Transport,2,Front-to-Front,2,Front-to-Front,0,No,0,No,1,Non-Junction,1,Non-Junction,1,Not an Intersection,1,On Roadway,0,,1,Daylight,1,Daylight,1,Clear,1,Clear,0,No,1,Yes,3,Suspected Serious Injury (A),3,Suspected Serious Injury (A),4,4,4,4,2,No Alcohol Involved,2,No Alcohol Involved
202304646962,12,12,12,3,"South (MD, DE, DC, WV, VA, KY, TN, NC, SC, GA, FL, AL, MS, LA, AR, OK, TX)",1,Urban Area,8,Stratum 8 - NLMY PV Minor Injury,4142,135.18572704,0,0,2,2,0,2,1,January,6,Friday,6,Friday,2023,2023,9,9:00am-9:59am,9,9:00am-9:59am,11,11,11,11,12,Motor Vehicle In-Transport,12,Motor Vehicle In-Transport,6,Angle,6,Angle,0,No,0,No,2,Intersection,2,Intersection,2,Four-Way Intersection,1,On Roadway,0,,1,Daylight,1,Daylight,1,Clear,1,Clear,0,No,0,No,1,Possible Injury (C),1,Possible Injury (C),1,1,1,1,2,No Alcohol Involved,2,No Alcohol Involved
202304647003,78,78,10,3,"South (MD, DE, DC, WV, VA, KY, TN, NC, SC, GA, FL, AL, MS, LA, AR, OK, TX)",1,Urban Area,9,Stratum 9 - LMY PV No Injuries in Crash,4146,141.59880277,0,0,2,2,0,2,1,January,6,Friday,6,Friday,2023,2023,7,7:00am-7:59am,7,7:00am-7:59am,40,40,40,40,12,Motor Vehicle In-Transport,12,Motor Vehicle In-Transport,1,Front-to-Rear,1,Front-to-Rear,0,No,0,No,1,Non-Junction,1,Non-Junction,1,Not an Intersection,1,On Roadway,0,,4,Dawn,4,Dawn,1,Clear,1,Clear,0,No,0,No,0,No Apparent Injury (O),0,No Apparent Injury (O),0,No Person Injured/Property Damage Only Crash,0,No Person Injured/Property Damage Only Crash,2,No Alcohol Involved,2,No Alcohol Involved
202304647071,22,22,5,1,"Northeast (PA, NJ, NY, NH, VT, RI, MA, ME, CT)",2,Rural Area,10,Stratum 10 - Other,4149,222.74751596,0,0,1,1,0,1,1,January,6,Friday,6,Friday,2023,2023,16,4:00pm-4:59pm,16,4:00pm-4:59pm,1,1,1,1,34,Ditch,34,Ditch,0,The First Harmful Event was Not a Collision with a Motor Vehicle In-Transport,0,The First Harmful Event was Not a Collision with a Motor Vehicle In-Transport,0,No,0,No,1,Non-Junction,1,Non-Junction,1,Not an Intersection,4,On Roadside,0,,1,Daylight,1,Daylight,4,Snow,4,Snow,0,No,0,No,0,No Apparent Injury (O),0,No Apparent Injury (O),0,No Person Injured/Property Damage Only Crash,0,No Person Injured/Property Damage Only Crash,2,No Alcohol Involved,2,No Alcohol Involved
202304647076,77,77,9,2,"Midwest (OH, IN, IL, MI, WI, MN, ND, SD, NE, IA, MO, KS)",2,Rural Area,9,Stratum 9 - LMY PV No Injuries in Crash,4151,138.14428062,0,0,1,1,0,1,1,January,5,Thursday,5,Thursday,2023,2023,2,2:00am-2:59am,2,2:00am-2:59am,30,30,30,30,11,Live Animal,11,Live Animal,0,The First Harmful Event was Not a Collision with a Motor Vehicle In-Transport,0,The First Harmful Event was Not a Collision with a Motor Vehicle In-Transport,0,No,0,No,1,Non-Junction,1,Non-Junction,1,Not an Intersection,1,On Roadway,0,,6,Dark - Unknown Lighting,6,Dark - Unknown Lighting,98,Not Reported,1,Clear,0,No,0,No,9,Unknown/Not Reported,0,No Apparent Injury (O),99,All Persons in Crash are Unknown If Injured,0,No Person Injured/Property Damage Only Crash,9,Reported as Unknown,2,No Alcohol Involved
202304647096,39,39,7,2,"Midwest (OH, IN, IL, MI, WI, MN, ND, SD, NE, IA, MO, KS)",1,Urban Area,10,Stratum 10 - Other,4154,210.86019124,0,0,1,1,0,1,1,January,6,Friday,6,Friday,2023,2023,10,10:00am-10:59am,10,10:00am-10:59am,21,21,21,21,25,Concrete Traffic Barrier,25,Concrete Traffic Barrier,0,The First Harmful Event was Not a Collision with a Motor Vehicle In-Transport,0,The First Harmful Event was Not a Collision with a Motor Vehicle In-Transport,1,Yes,1,Yes,5,Entrance/Exit Ramp Related,5,Entrance/Exit Ramp Related,1,Not an Intersection,4,On Roadside,0,,1,Daylight,1,Daylight,1,Clear,1,Clear,0,No,0,No,0,No Apparent Injury (O),0,No Apparent Injury (O),0,No Person Injured/Property Damage Only Crash,0,No Person Injured/Property Damage Only Crash,2,No Alcohol Involved,2,No Alcohol Involved
202304647111,39,39,7,2,"Midwest (OH, IN, IL, MI, WI, MN, ND, SD, NE, IA, MO, KS)",1,Urban Area,9,Stratum 9 - LMY PV No Injuries in Crash,4154,134.35656935,0,0,2,2,0,2,1,January,6,Friday,6,Friday,2023,2023,17,5:00pm-5:59pm,17,5:00pm-5:59pm,17,17,17,17,12,Motor Vehicle In-Transport,12,Motor Vehicle In-Transport,1,Front-to-Rear,1,Front-to-Rear,0,No,0,No,3,Intersection-Related,3,Intersection-Related,2,Four-Way Intersection,1,On Roadway,0,,3,Dark - Lighted,3,Dark - Lighted,1,Clear,1,Clear,0,No,0,No,0,No Apparent Injury (O),0,No Apparent Injury (O),0,No Person Injured/Property Damage Only Crash,0,No Person Injured/Property Damage Only Crash,2,No Alcohol Involved,2,No Alcohol Involved
202304647132,60,60,21,4,"West (MT, ID, WA, OR, CA, NV, NM, AZ, UT, CO, WY, AK, HI)",1,Urban Area,8,Stratum 8 - NLMY PV Minor Injury,232,155.41241244,0,0,2,2,0,2,1,January,4,Wednesday,4,Wednesday,2023,2023,18,6:00pm-6:59pm,18,6:00pm-6:59pm,21,21,21,21,12,Motor Vehicle In-Transport,12,Motor Vehicle In-Transport,6,Angle,6,Angle,0,No,0,No,2,Intersection,2,Intersection,2,Four-Way Intersection,1,On Roadway,0,,3,Dark - Lighted,3,Dark - Lighted,10,Cloudy,10,Cloudy,0,No,0,No,1,Possible Injury (C),1,Possible Injury (C),1,1,1,1,2,No Alcohol Involved,2,No Alcohol Involved
202304647135,10,10,21,4,"West (MT, ID, WA, OR, CA, NV, NM, AZ, UT, CO, WY, AK, HI)",1,Urban Area,6,Stratum 6 - LMY PV Minor Injury,318,65.921269697,0,0,2,2,0,3,1,January,3,Tuesday,3,Tuesday,2023,2023,8,8:00am-8:59am,8,8:00am-8:59am,0,0,0,0,12,Motor Vehicle In-Transport,12,Motor Vehicle In-Transport,1,Front-to-Rear,1,Front-to-Rear,1,Yes,1,Yes,18,Through Roadway,18,Through Roadway,1,Not an Intersection,1,On Roadway,0,,1,Daylight,1,Daylight,1,Clear,1,Clear,0,No,0,No,2,Suspected Minor Injury (B),2,Suspected Minor Injury (B),1,1,1,1,2,No Alcohol Involved,2,No Alcohol Involved
202304647155,35,35,13,3,"South (MD, DE, DC, WV, VA, KY, TN, NC, SC, GA, FL, AL, MS, LA, AR, OK, TX)",1,Urban Area,10,Stratum 10 - Other,4141,222.47241975,0,0,2,2,0,4,1,January,4,Wednesday,4,Wednesday,2023,2023,12,12:00pm-12:59pm,12,12:00pm-12:59pm,45,45,45,45,12,Motor Vehicle In-Transport,12,Motor Vehicle In-Transport,6,Angle,6,Angle,0,No,0,No,2,Intersection,2,Intersection,2,Four-Way Intersection,1,On Roadway,0,,1,Daylight,1,Daylight,1,Clear,1,Clear,0,No,0,No,0,No Apparent Injury (O),0,No Apparent Injury (O),0,No Person Injured/Property Damage Only Crash,0,No Person Injured/Property Damage Only Crash,2,No Alcohol Involved,2,No Alcohol Involved
202304647159,35,35,13,3,"South (MD, DE, DC, WV, VA, KY, TN, NC, SC, GA, FL, AL, MS, LA, AR, OK, TX)",1,Urban Area,3,Stratum 3 - Motorcycle Any Injury,4141,26.208475541,0,0,1,1,0,1,1,January,1,Sunday,1,Sunday,2023,2023,11,11:00am-11:59am,11,11:00am-11:59am,23,23,23,23,24,Guardrail Face,24,Guardrail Face,0,The First Harmful Event was Not a Collision with a Motor Vehicle In-Transport,0,The First Harmful Event was Not a Collision with a Motor Vehicle In-Transport,0,No,0,No,1,Non-Junction,1,Non-Junction,1,Not an Intersection,4,On Roadside,0,,1,Daylight,1,Daylight,1,Clear,1,Clear,0,No,0,No,1,Possible Injury (C),1,Possible Injury (C),1,1,1,1,2,No Alcohol Involved,2,No Alcohol Involved
202304647188,32,32,17,3,"South (MD, DE, DC, WV, VA, KY, TN, NC, SC, GA, FL, AL, MS, LA, AR, OK, TX)",2,Rural Area,9,Stratum 9 - LMY PV No Injuries in Crash,4145,139.52294719,0,0,1,1,0,1,1,January,2,Monday,2,Monday,2023,2023,5,5:00am-5:59am,5,5:00am-5:59am,13,13,13,13,35,Embankment,35,Embankment,0,The First Harmful Event was Not a Collision with a Motor Vehicle In-Transport,0,The First Harmful Event was Not a Collision with a Motor Vehicle In-Transport,0,No,0,No,1,Non-Junction,1,Non-Junction,1,Not an Intersection,4,On Roadside,0,,2,Dark - Not Lighted,2,Dark - Not Lighted,5,"Fog, Smog, Smoke",5,"Fog, Smog, Smoke",0,No,0,No,0,No Apparent Injury (O),0,No Apparent Injury (O),0,No Person Injured/Property Damage Only Crash,0,No Person Injured/Property Damage Only Crash,2,No Alcohol Involved,2,No Alcohol Involved
202304647214,83,83,13,3,"South (MD, DE, DC, WV, VA, KY, TN, NC, SC, GA, FL, AL, MS, LA, AR, OK, TX)",1,Urban Area,5,Stratum 5 - NLMY PV Serious Injury,4148,25.929429426,0,0,1,1,0,3,1,January,1,Sunday,1,Sunday,2023,2023,2,2:00am-2:59am,2,2:00am-2:59am,12,12,12,12,30,Utility Pole/Light Support,30,Utility Pole/Light Support,0,The First Harmful Event was Not a Collision with a Motor Vehicle In-Transport,0,The First Harmful Event was Not a Collision with a Motor Vehicle In-Transport,1,Yes,1,Yes,3,Intersection-Related,3,Intersection-Related,3,T-Intersection,4,On Roadside,0,,3,Dark - Lighted,3,Dark - Lighted,1,Clear,1,Clear,0,No,0,No,3,Suspected Serious Injury (A),3,Suspected Serious Injury (A),3,3,3,3,2,No Alcohol Involved,2,No Alcohol Involved
202304647253,83,83,13,3,"South (MD, DE, DC, WV, VA, KY, TN, NC, SC, GA, FL, AL, MS, LA, AR, OK, TX)",1,Urban Area,10,Stratum 10 - Other,4148,223.23894247,0,0,2,2,0,2,1,January,5,Thursday,5,Thursday,2023,2023,15,3:00pm-3:59pm,15,3:00pm-3:59pm,10,10,10,10,12,Motor Vehicle In-Transport,12,Motor Vehicle In-Transport,1,Front-to-Rear,1,Front-to-Rear,1,Yes,1,Yes,18,Through Roadway,18,Through Roadway,1,Not an Intersection,1,On Roadway,0,,1,Daylight,1,Daylight,1,Clear,1,Clear,0,No,1,Yes,0,No Apparent Injury (O),0,No Apparent Injury (O),0,No Person Injured/Property Damage Only Crash,0,No Person Injured/Property Damage Only Crash,2,No Alcohol Involved,2,No Alcohol Involved
202304647282,83,83,13,3,"South (MD, DE, DC, WV, VA, KY, TN, NC, SC, GA, FL, AL, MS, LA, AR, OK, TX)",1,Urban Area,6,Stratum 6 - LMY PV Minor Injury,4148,54.752239818,0,0,2,2,0,3,1,January,5,Thursday,5,Thursday,2023,2023,18,6:00pm-6:59pm,18,6:00pm-6:59pm,20,20,20,20,12,Motor Vehicle In-Transport,12,Motor Vehicle In-Transport,6,Angle,6,Angle,0,No,0,No,2,Intersection,2,Intersection,2,Four-Way Intersection,1,On Roadway,0,,3,Dark - Lighted,3,Dark - Lighted,1,Clear,1,Clear,0,No,0,No,1,Possible Injury (C),1,Possible Injury (C),1,1,1,1,2,No Alcohol Involved,2,No Alcohol Involved
202304647327,67,67,8,2,"Midwest (OH, IN, IL, MI, WI, MN, ND, SD, NE, IA, MO, KS)",1,Urban Area,2,Stratum 2 - Not a MV Occupant Any Injury,4152,37.111869717,1,1,1,1,0,1,1,January,5,Thursday,5,Thursday,2023,2023,18,6:00pm-6:59pm,18,6:00pm-6:59pm,45,45,45,45,8,Pedestrian,8,Pedestrian,0,The First Harmful Event was Not a Collision with a Motor Vehicle In-Transport,0,The First Harmful Event was Not a Collision with a Motor Vehicle In-Transport,0,No,0,No,1,Non-Junction,1,Non-Junction,1,Not an Intersection,1,On Roadway,0,,3,Dark - Lighted,3,Dark - Lighted,2,Rain,2,Rain,0,No,0,No,4,Fatal Injury (K),4,Fatal Injury (K),1,1,1,1,9,Reported as Unknown,2,No Alcohol Involved
202304647329,47,47,9,2,"Midwest (OH, IN, IL, MI, WI, MN, ND, SD, NE, IA, MO, KS)",2,Rural Area,10,Stratum 10 - Other,4153,218.1275432,0,0,1,1,0,1,1,January,6,Friday,6,Friday,2023,2023,18,6:00pm-6:59pm,18,6:00pm-6:59pm,28,28,28,28,53,Mail Box,53,Mail Box,0,The First Harmful Event was Not a Collision with a Motor Vehicle In-Transport,0,The First Harmful Event was Not a Collision with a Motor Vehicle In-Transport,0,No,0,No,1,Non-Junction,1,Non-Junction,1,Not an Intersection,4,On Roadside,0,,2,Dark - Not Lighted,2,Dark - Not Lighted,10,Cloudy,10,Cloudy,0,No,0,No,0,No Apparent Injury (O),0,No Apparent Injury (O),0,No Person Injured/Property Damage Only Crash,0,No Person Injured/Property Damage Only Crash,9,Reported as Unknown,2,No Alcohol Involved
202304647331,47,47,9,2,"Midwest (OH, IN, IL, MI, WI, MN, ND, SD, NE, IA, MO, KS)",2,Rural Area,9,Stratum 9 - LMY PV No Injuries in Crash,4153,138.55644026,0,0,1,1,0,1,1,January,6,Friday,6,Friday,2023,2023,8,8:00am-8:59am,8,8:00am-8:59am,51,51,51,51,11,Live Animal,11,Live Animal,0,The First Harmful Event was Not a Collision with a Motor Vehicle In-Transport,0,The First Harmful Event was Not a Collision with a Motor Vehicle In-Transport,0,No,0,No,1,Non-Junction,1,Non-Junction,1,Not an Intersection,1,On Roadway,0,,1,Daylight,1,Daylight,10,Cloudy,10,Cloudy,0,No,0,No,0,No Apparent Injury (O),0,No Apparent Injury (O),0,No Person Injured/Property Damage Only Crash,0,No Person Injured/Property Damage Only Crash,9,Reported as Unknown,2,No Alcohol Involved
202304647334,47,47,9,2,"Midwest (OH, IN, IL, MI, WI, MN, ND, SD, NE, IA, MO, KS)",2,Rural Area,6,Stratum 6 - LMY PV Minor Injury,4153,52.991202556,0,0,1,1,0,1,1,January,4,Wednesday,4,Wednesday,2023,2023,19,7:00pm-7:59pm,19,7:00pm-7:59pm,20,20,20,20,34,Ditch,34,Ditch,0,The First Harmful Event was Not a Collision with a Motor Vehicle In-Transport,0,The First Harmful Event was Not a Collision with a Motor Vehicle In-Transport,0,No,0,No,1,Non-Junction,1,Non-Junction,1,Not an Intersection,4,On Roadside,0,,2,Dark - Not Lighted,2,Dark - Not Lighted,1,Clear,1,Clear,0,No,0,No,2,Suspected Minor Injury (B),2,Suspected Minor Injury (B),1,1,1,1,9,Reported as Unknown,2,No Alcohol Involved
202304647465,48,48,12,3,"South (MD, DE, DC, WV, VA, KY, TN, NC, SC, GA, FL, AL, MS, LA, AR, OK, TX)",1,Urban Area,7,Stratum 7 - M/H Truck or Bus,91,158.90507293,0,0,1,1,0,1,1,January,2,Monday,2,Monday,2023,2023,6,6:00am-6:59am,6,6:00am-6:59am,15,15,15,15,25,Concrete Traffic Barrier,25,Concrete Traffic Barrier,0,The First Harmful Event was Not a Collision with a Motor Vehicle In-Transport,0,The First Harmful Event was Not a Collision with a Motor Vehicle In-Transport,0,No,0,No,1,Non-Junction,1,Non-Junction,1,Not an Intersection,3,On Median,0,,4,Dawn,4,Dawn,10,Cloudy,10,Cloudy,0,No,0,No,0,No Apparent Injury (O),0,No Apparent Injury (O),0,No Person Injured/Property Damage Only Crash,0,No Person Injured/Property Damage Only Crash,2,No Alcohol Involved,2,No Alcohol Involved
202304647468,48,48,12,3,"South (MD, DE, DC, WV, VA, KY, TN, NC, SC, GA, FL, AL, MS, LA, AR, OK, TX)",1,Urban Area,5,Stratum 5 - NLMY PV Serious Injury,85,25.91980976,0,0,2,2,0,2,1,January,2,Monday,2,Monday,2023,2023,13,1:00pm-1:59pm,13,1:00pm-1:59pm,8,8,8,8,12,Motor Vehicle In-Transport,12,Motor Vehicle In-Transport,6,Angle,6,Angle,0,No,0,No,2,Intersection,2,Intersection,3,T-Intersection,1,On Roadway,0,,1,Daylight,1,Daylight,10,Cloudy,10,Cloudy,0,No,0,No,3,Suspected Serious Injury (A),3,Suspected Serious Injury (A),2,2,2,2,2,No Alcohol Involved,2,No Alcohol Involved
202304647475,48,48,12,3,"South (MD, DE, DC, WV, VA, KY, TN, NC, SC, GA, FL, AL, MS, LA, AR, OK, TX)",1,Urban Area,10,Stratum 10 - Other,85,223.42002683,0,0,1,1,0,1,1,January,3,Tuesday,3,Tuesday,2023,2023,12,12:00pm-12:59pm,12,12:00pm-12:59pm,5,5,5,5,57,Cable Barrier,57,Cable Barrier,0,The First Harmful Event was Not a Collision with a Motor Vehicle In-Transport,0,The First Harmful Event was Not a Collision with a Motor Vehicle In-Transport,0,No,0,No,1,Non-Junction,1,Non-Junction,1,Not an Intersection,3,On Median,0,,1,Daylight,1,Daylight,2,Rain,2,Rain,0,No,1,Yes,0,No Apparent Injury (O),0,No Apparent Injury (O),0,No Person Injured/Property Damage Only Crash,0,No Person Injured/Property Damage Only Crash,2,No Alcohol Involved,2,No Alcohol Involved
202304647500,48,48,12,3,"South (MD, DE, DC, WV, VA, KY, TN, NC, SC, GA, FL, AL, MS, LA, AR, OK, TX)",1,Urban Area,10,Stratum 10 - Other,91,223.42002683,0,0,2,2,0,2,1,January,5,Thursday,5,Thursday,2023,2023,20,8:00pm-8:59pm,20,8:00pm-8:59pm,45,45,45,45,12,Motor Vehicle In-Transport,12,Motor Vehicle In-Transport,1,Front-to-Rear,1,Front-to-Rear,0,No,0,No,1,Non-Junction,1,Non-Junction,1,Not an Intersection,1,On Roadway,0,,3,Dark - Lighted,3,Dark - Lighted,1,Clear,1,Clear,0,No,0,No,0,No Apparent Injury (O),0,No Apparent Injury (O),0,No Person Injured/Property Damage Only Crash,0,No Person Injured/Property Damage Only Crash,2,No Alcohol Involved,2,No Alcohol Involved
202304647523,48,48,12,3,"South (MD, DE, DC, WV, VA, KY, TN, NC, SC, GA, FL, AL, MS, LA, AR, OK, TX)",1,Urban Area,9,Stratum 9 - LMY PV No Injuries in Crash,91,141.52948435,0,0,2,2,0,5,1,January,1,Sunday,1,Sunday,2023,2023,2,2:00am-2:59am,2,2:00am-2:59am,55,55,55,55,12,Motor Vehicle In-Transport,12,Motor Vehicle In-Transport,6,Angle,6,Angle,0,No,0,No,2,Intersection,2,Intersection,2,Four-Way Intersection,1,On Roadway,0,,6,Dark - Unknown Lighting,6,Dark - Unknown Lighting,2,Rain,2,Rain,0,No,0,No,0,No Apparent Injury (O),0,No Apparent Injury (O),0,No Person Injured/Property Damage Only Crash,0,No Person Injured/Property Damage Only Crash,2,No Alcohol Involved,2,No Alcohol Involved
202304647526,48,48,12,3,"South (MD, DE, DC, WV, VA, KY, TN, NC, SC, GA, FL, AL, MS, LA, AR, OK, TX)",1,Urban Area,6,Stratum 6 - LMY PV Minor Injury,91,53.070005145,0,0,1,1,0,2,1,January,1,Sunday,1,Sunday,2023,2023,9,9:00am-9:59am,9,9:00am-9:59am,40,40,40,40,1,Rollover/Overturn,1,Rollover/Overturn,0,The First Harmful Event was Not a Collision with a Motor Vehicle In-Transport,0,The First Harmful Event was Not a Collision with a Motor Vehicle In-Transport,0,No,0,No,1,Non-Junction,1,Non-Junction,1,Not an Intersection,4,On Roadside,0,,1,Daylight,1,Daylight,10,Cloudy,10,Cloudy,0,No,0,No,2,Suspected Minor Injury (B),2,Suspected Minor Injury (B),2,2,2,2,2,No Alcohol Involved,2,No Alcohol Involved
202304647545,48,48,12,3,"South (MD, DE, DC, WV, VA, KY, TN, NC, SC, GA, FL, AL, MS, LA, AR, OK, TX)",1,Urban Area,6,Stratum 6 - LMY PV Minor Injury,87,53.070005145,0,0,2,2,0,6,1,January,2,Monday,2,Monday,2023,2023,9,9:00am-9:59am,9,9:00am-9:59am,57,57,57,57,12,Motor Vehicle In-Transport,12,Motor Vehicle In-Transport,1,Front-to-Rear,1,Front-to-Rear,0,No,0,No,3,Intersection-Related,3,Intersection-Related,3,T-Intersection,1,On Roadway,0,,1,Daylight,1,Daylight,10,Cloudy,10,Cloudy,0,No,0,No,1,Possible Injury (C),1,Possible Injury (C),6,6,6,6,2,No Alcohol Involved,2,No Alcohol Involved
202304647548,48,48,12,3,"South (MD, DE, DC, WV, VA, KY, TN, NC, SC, GA, FL, AL, MS, LA, AR, OK, TX)",1,Urban Area,9,Stratum 9 - LMY PV No Injuries in Crash,87,141.52948435,0,0,2,2,0,2,1,January,2,Monday,2,Monday,2023,2023,16,4:00pm-4:59pm,16,4:00pm-4:59pm,55,55,55,55,12,Motor Vehicle In-Transport,12,Motor Vehicle In-Transport,6,Angle,6,Angle,1,Yes,1,Yes,18,Through Roadway,18,Through Roadway,1,Not an Intersection,1,On Roadway,0,,5,Dusk,5,Dusk,1,Clear,1,Clear,0,No,1,Yes,0,No Apparent Injury (O),0,No Apparent Injury (O),0,No Person Injured/Property Damage Only Crash,0,No Person Injured/Property Damage Only Crash,2,No Alcohol Involved,2,No Alcohol Involved
202304647554,48,48,12,3,"South (MD, DE, DC, WV, VA, KY, TN, NC, SC, GA, FL, AL, MS, LA, AR, OK, TX)",1,Urban Area,7,Stratum 7 - M/H Truck or Bus,87,158.90507293,0,0,2,2,0,3,1,January,3,Tuesday,3,Tuesday,2023,2023,8,8:00am-8:59am,8,8:00am-8:59am,19,19,19,19,12,Motor Vehicle In-Transport,12,Motor Vehicle In-Transport,7,Sideswipe - Same Direction,7,Sideswipe - Same Direction,0,No,0,No,3,Intersection-Related,3,Intersection-Related,3,T-Intersection,1,On Roadway,0,,1,Daylight,1,Daylight,10,Cloudy,10,Cloudy,0,No,0,No,0,No Apparent Injury (O),0,No Apparent Injury (O),0,No Person Injured/Property Damage Only Crash,0,No Person Injured/Property Damage Only Crash,2,No Alcohol Involved,2,No Alcohol Involved
202304647560,48,48,12,3,"South (MD, DE, DC, WV, VA, KY, TN, NC, SC, GA, FL, AL, MS, LA, AR, OK, TX)",1,Urban Area,10,Stratum 10 - Other,87,223.42002683,0,0,2,2,0,2,1,January,3,Tuesday,3,Tuesday,2023,2023,11,11:00am-11:59am,11,11:00am-11:59am,21,21,21,21,12,Motor Vehicle In-Transport,12,Motor Vehicle In-Transport,6,Angle,6,Angle,0,No,0,No,2,Intersection,2,Intersection,2,Four-Way Intersection,1,On Roadway,0,,1,Daylight,1,Daylight,10,Cloudy,10,Cloudy,0,No,0,No,0,No Apparent Injury (O),0,No Apparent Injury (O),0,No Person Injured/Property Damage Only Crash,0,No Person Injured/Property Damage Only Crash,2,No Alcohol Involved,2,No Alcohol Involved
202304647580,48,48,12,3,"South (MD, DE, DC, WV, VA, KY, TN, NC, SC, GA, FL, AL, MS, LA, AR, OK, TX)",1,Urban Area,10,Stratum 10 - Other,87,223.42002683,0,0,2,2,0,2,1,January,4,Wednesday,4,Wednesday,2023,2023,10,10:00am-10:59am,10,10:00am-10:59am,30,30,30,30,12,Motor Vehicle In-Transport,12,Motor Vehicle In-Transport,6,Angle,6,Angle,0,No,0,No,2,Intersection,2,Intersection,2,Four-Way Intersection,1,On Roadway,0,,1,Daylight,1,Daylight,1,Clear,1,Clear,0,No,0,No,0,No Apparent Injury (O),0,No Apparent Injury (O),0,No Person Injured/Property Damage Only Crash,0,No Person Injured/Property Damage Only Crash,2,No Alcohol Involved,2,No Alcohol Involved
202304647585,48,48,12,3,"South (MD, DE, DC, WV, VA, KY, TN, NC, SC, GA, FL, AL, MS, LA, AR, OK, TX)",1,Urban Area,9,Stratum 9 - LMY PV No Injuries in Crash,87,141.52948435,0,0,2,2,0,2,1,January,4,Wednesday,4,Wednesday,2023,2023,16,4:00pm-4:59pm,16,4:00pm-4:59pm,15,15,15,15,12,Motor Vehicle In-Transport,12,Motor Vehicle In-Transport,7,Sideswipe - Same Direction,7,Sideswipe - Same Direction,1,Yes,1,Yes,3,Intersection-Related,3,Intersection-Related,2,Four-Way Intersection,1,On Roadway,0,,5,Dusk,5,Dusk,1,Clear,1,Clear,0,No,0,No,0,No Apparent Injury (O),0,No Apparent Injury (O),0,No Person Injured/Property Damage Only Crash,0,No Person Injured/Property Damage Only Crash,2,No Alcohol Involved,2,No Alcohol Involved
202304647590,48,48,12,3,"South (MD, DE, DC, WV, VA, KY, TN, NC, SC, GA, FL, AL, MS, LA, AR, OK, TX)",1,Urban Area,9,Stratum 9 - LMY PV No Injuries in Crash,87,141.52948435,0,0,1,1,0,1,1,January,4,Wednesday,4,Wednesday,2023,2023,15,3:00pm-3:59pm,15,3:00pm-3:59pm,17,17,17,17,18,Other Object (not fixed),18,Other Object (not fixed),0,The First Harmful Event was Not a Collision with a Motor Vehicle In-Transport,0,The First Harmful Event was Not a Collision with a Motor Vehicle In-Transport,1,Yes,1,Yes,18,Through Roadway,18,Through Roadway,1,Not an Intersection,1,On Roadway,0,,1,Daylight,1,Daylight,1,Clear,1,Clear,0,No,1,Yes,0,No Apparent Injury (O),0,No Apparent Injury (O),0,No Person Injured/Property Damage Only Crash,0,No Person Injured/Property Damage Only Crash,2,No Alcohol Involved,2,No Alcohol Involved
202304647607,48,48,12,3,"South (MD, DE, DC, WV, VA, KY, TN, NC, SC, GA, FL, AL, MS, LA, AR, OK, TX)",1,Urban Area,8,Stratum 8 - NLMY PV Minor Injury,87,134.13956402,0,0,3,3,0,3,1,January,5,Thursday,5,Thursday,2023,2023,15,3:00pm-3:59pm,15,3:00pm-3:59pm,53,53,53,53,12,Motor Vehicle In-Transport,12,Motor Vehicle In-Transport,1,Front-to-Rear,1,Front-to-Rear,1,Yes,1,Yes,18,Through Roadway,18,Through Roadway,1,Not an Intersection,1,On Roadway,0,,1,Daylight,1,Daylight,1,Clear,1,Clear,0,No,0,No,1,Possible Injury (C),1,Possible Injury (C),2,2,2,2,2,No Alcohol Involved,2,No Alcohol Involved
202304647614,48,48,12,3,"South (MD, DE, DC, WV, VA, KY, TN, NC, SC, GA, FL, AL, MS, LA, AR, OK, TX)",1,Urban Area,10,Stratum 10 - Other,87,223.42002683,0,0,2,2,0,3,1,January,5,Thursday,5,Thursday,2023,2023,15,3:00pm-3:59pm,15,3:00pm-3:59pm,5,5,5,5,12,Motor Vehicle In-Transport,12,Motor Vehicle In-Transport,1,Front-to-Rear,1,Front-to-Rear,0,No,0,No,3,Intersection-Related,3,Intersection-Related,2,Four-Way Intersection,1,On Roadway,0,,1,Daylight,1,Daylight,1,Clear,1,Clear,0,No,0,No,0,No Apparent Injury (O),0,No Apparent Injury (O),0,No Person Injured/Property Damage Only Crash,0,No Person Injured/Property Damage Only Crash,2,No Alcohol Involved,2,No Alcohol Involved
202304647633,48,48,12,3,"South (MD, DE, DC, WV, VA, KY, TN, NC, SC, GA, FL, AL, MS, LA, AR, OK, TX)",1,Urban Area,9,Stratum 9 - LMY PV No Injuries in Crash,87,141.52948435,0,0,2,2,0,2,1,January,6,Friday,6,Friday,2023,2023,14,2:00pm-2:59pm,14,2:00pm-2:59pm,15,15,15,15,12,Motor Vehicle In-Transport,12,Motor Vehicle In-Transport,1,Front-to-Rear,1,Front-to-Rear,0,No,0,No,3,Intersection-Related,3,Intersection-Related,2,Four-Way Intersection,1,On Roadway,0,,1,Daylight,1,Daylight,1,Clear,1,Clear,0,No,0,No,0,No Apparent Injury (O),0,No Apparent Injury (O),0,No Person Injured/Property Damage Only Crash,0,No Person Injured/Property Damage Only Crash,2,No Alcohol Involved,2,No Alcohol Involved
202304647641,48,48,12,3,"South (MD, DE, DC, WV, VA, KY, TN, NC, SC, GA, FL, AL, MS, LA, AR, OK, TX)",1,Urban Area,10,Stratum 10 - Other,87,223.42002683,0,0,2,2,0,6,1,January,6,Friday,6,Friday,2023,2023,19,7:00pm-7:59pm,19,7:00pm-7:59pm,30,30,30,30,12,Motor Vehicle In-Transport,12,Motor Vehicle In-Transport,6,Angle,6,Angle,0,No,0,No,2,Intersection,2,Intersection,2,Four-Way Intersection,1,On Roadway,0,,6,Dark - Unknown Lighting,6,Dark - Unknown Lighting,1,Clear,1,Clear,0,No,0,No,0,No Apparent Injury (O),0,No Apparent Injury (O),0,No Person Injured/Property Damage Only Crash,0,No Person Injured/Property Damage Only Crash,2,No Alcohol Involved,2,No Alcohol Involved
202304647654,48,48,12,3,"South (MD, DE, DC, WV, VA, KY, TN, NC, SC, GA, FL, AL, MS, LA, AR, OK, TX)",1,Urban Area,6,Stratum 6 - LMY PV Minor Injury,87,53.070005145,0,0,2,2,0,2,1,January,7,Saturday,7,Saturday,2023,2023,19,7:00pm-7:59pm,19,7:00pm-7:59pm,50,50,50,50,12,Motor Vehicle In-Transport,12,Motor Vehicle In-Transport,8,Sideswipe - Opposite Direction,8,Sideswipe - Opposite Direction,0,No,0,No,1,Non-Junction,1,Non-Junction,1,Not an Intersection,1,On Roadway,0,,6,Dark - Unknown Lighting,6,Dark - Unknown Lighting,1,Clear,1,Clear,0,No,0,No,2,Suspected Minor Injury (B),2,Suspected Minor Injury (B),1,1,1,1,2,No Alcohol Involved,2,No Alcohol Involved
202304647677,48,48,12,3,"South (MD, DE, DC, WV, VA, KY, TN, NC, SC, GA, FL, AL, MS, LA, AR, OK, TX)",1,Urban Area,9,Stratum 9 - LMY PV No Injuries in Crash,90,141.52948435,0,0,1,1,0,1,1,January,5,Thursday,5,Thursday,2023,2023,6,6:00am-6:59am,6,6:00am-6:59am,49,49,49,49,11,Live Animal,11,Live Animal,0,The First Harmful Event was Not a Collision with a Motor Vehicle In-Transport,0,The First Harmful Event was Not a Collision with a Motor Vehicle In-Transport,0,No,0,No,1,Non-Junction,1,Non-Junction,1,Not an Intersection,1,On Roadway,0,,1,Daylight,1,Daylight,1,Clear,1,Clear,0,No,0,No,0,No Apparent Injury (O),0,No Apparent Injury (O),0,No Person Injured/Property Damage Only Crash,0,No Person Injured/Property Damage Only Crash,2,No Alcohol Involved,2,No Alcohol Involved
202304647680,48,48,12,3,"South (MD, DE, DC, WV, VA, KY, TN, NC, SC, GA, FL, AL, MS, LA, AR, OK, TX)",1,Urban Area,10,Stratum 10 - Other,90,223.42002683,0,0,2,2,0,2,1,January,5,Thursday,5,Thursday,2023,2023,16,4:00pm-4:59pm,16,4:00pm-4:59pm,40,40,40,40,12,Motor Vehicle In-Transport,12,Motor Vehicle In-Transport,1,Front-to-Rear,1,Front-to-Rear,0,No,0,No,1,Non-Junction,1,Non-Junction,1,Not an Intersection,1,On Roadway,0,,5,Dusk,5,Dusk,1,Clear,1,Clear,0,No,1,Yes,0,No Apparent Injury (O),0,No Apparent Injury (O),0,No Person Injured/Property Damage Only Crash,0,No Person Injured/Property Damage Only Crash,2,No Alcohol Involved,2,No Alcohol Involved
202304647690,48,48,12,3,"South (MD, DE, DC, WV, VA, KY, TN, NC, SC, GA, FL, AL, MS, LA, AR, OK, TX)",1,Urban Area,7,Stratum 7 - M/H Truck or Bus,92,158.90507292,0,0,2,2,0,2,1,January,3,Tuesday,3,Tuesday,2023,2023,13,1:00pm-1:59pm,13,1:00pm-1:59pm,23,23,23,23,12,Motor Vehicle In-Transport,12,Motor Vehicle In-Transport,1,Front-to-Rear,1,Front-to-Rear,1,Yes,1,Yes,18,Through Roadway,18,Through Roadway,1,Not an Intersection,1,On Roadway,0,,1,Daylight,1,Daylight,2,Rain,2,Rain,0,No,1,Yes,0,No Apparent Injury (O),0,No Apparent Injury (O),0,No Person Injured/Property Damage Only Crash,0,No Person Injured/Property Damage Only Crash,9,Reported as Unknown,2,No Alcohol Involved
202304647706,70,70,16,3,"South (MD, DE, DC, WV, VA, KY, TN, NC, SC, GA, FL, AL, MS, LA, AR, OK, TX)",2,Rural Area,10,Stratum 10 - Other,46,217.74927367,0,0,2,2,0,2,1,January,2,Monday,2,Monday,2023,2023,2,2:00am-2:59am,2,2:00am-2:59am,5,5,5,5,12,Motor Vehicle In-Transport,12,Motor Vehicle In-Transport,1,Front-to-Rear,1,Front-to-Rear,0,No,0,No,3,Intersection-Related,3,Intersection-Related,3,T-Intersection,1,On Roadway,0,,2,Dark - Not Lighted,2,Dark - Not Lighted,1,Clear,1,Clear,0,No,0,No,0,No Apparent Injury (O),0,No Apparent Injury (O),0,No Person Injured/Property Damage Only Crash,0,No Person Injured/Property Damage Only Crash,2,No Alcohol Involved,2,No Alcohol Involved
202304647711,70,70,16,3,"South (MD, DE, DC, WV, VA, KY, TN, NC, SC, GA, FL, AL, MS, LA, AR, OK, TX)",2,Rural Area,8,Stratum 8 - NLMY PV Minor Injury,138,130.17867369,0,0,2,2,0,2,1,January,2,Monday,2,Monday,2023,2023,11,11:00am-11:59am,11,11:00am-11:59am,44,44,44,44,12,Motor Vehicle In-Transport,12,Motor Vehicle In-Transport,2,Front-to-Front,2,Front-to-Front,0,No,0,No,2,Intersection,2,Intersection,2,Four-Way Intersection,1,On Roadway,0,,1,Daylight,1,Daylight,2,Rain,2,Rain,0,No,0,No,1,Possible Injury (C),1,Possible Injury (C),2,2,2,2,2,No Alcohol Involved,2,No Alcohol Involved
202304647713,70,70,16,3,"South (MD, DE, DC, WV, VA, KY, TN, NC, SC, GA, FL, AL, MS, LA, AR, OK, TX)",2,Rural Area,7,Stratum 7 - M/H Truck or Bus,138,157.45147116,0,0,2,2,0,3,1,January,2,Monday,2,Monday,2023,2023,14,2:00pm-2:59pm,14,2:00pm-2:59pm,17,17,17,17,12,Motor Vehicle In-Transport,12,Motor Vehicle In-Transport,9,Rear-to-Side,9,Rear-to-Side,0,No,0,No,2,Intersection,2,Intersection,3,T-Intersection,1,On Roadway,0,,1,Daylight,1,Daylight,10,Cloudy,10,Cloudy,0,No,0,No,0,No Apparent Injury (O),0,No Apparent Injury (O),0,No Person Injured/Property Damage Only Crash,0,No Person Injured/Property Damage Only Crash,2,No Alcohol Involved,2,No Alcohol Involved
202304647721,70,70,16,3,"South (MD, DE, DC, WV, VA, KY, TN, NC, SC, GA, FL, AL, MS, LA, AR, OK, TX)",2,Rural Area,5,Stratum 5 - NLMY PV Serious Injury,46,26.785767508,0,0,2,2,0,3,1,January,2,Monday,2,Monday,2023,2023,15,3:00pm-3:59pm,15,3:00pm-3:59pm,30,30,30,30,12,Motor Vehicle In-Transport,12,Motor Vehicle In-Transport,6,Angle,6,Angle,0,No,0,No,1,Non-Junction,1,Non-Junction,1,Not an Intersection,1,On Roadway,0,,1,Daylight,1,Daylight,1,Clear,1,Clear,0,No,0,No,3,Suspected Serious Injury (A),3,Suspected Serious Injury (A),2,2,2,2,2,No Alcohol Involved,2,No Alcohol Involved
202304647724,70,70,16,3,"South (MD, DE, DC, WV, VA, KY, TN, NC, SC, GA, FL, AL, MS, LA, AR, OK, TX)",2,Rural Area,10,Stratum 10 - Other,138,217.74927367,0,0,2,2,0,2,1,January,3,Tuesday,3,Tuesday,2023,2023,6,6:00am-6:59am,6,6:00am-6:59am,53,53,53,53,12,Motor Vehicle In-Transport,12,Motor Vehicle In-Transport,1,Front-to-Rear,1,Front-to-Rear,0,No,0,No,3,Intersection-Related,3,Intersection-Related,2,Four-Way Intersection,1,On Roadway,0,,1,Daylight,1,Daylight,10,Cloudy,10,Cloudy,0,No,0,No,0,No Apparent Injury (O),0,No Apparent Injury (O),0,No Person Injured/Property Damage Only Crash,0,No Person Injured/Property Damage Only Crash,2,No Alcohol Involved,2,No Alcohol Involved
202304647731,70,70,16,3,"South (MD, DE, DC, WV, VA, KY, TN, NC, SC, GA, FL, AL, MS, LA, AR, OK, TX)",2,Rural Area,10,Stratum 10 - Other,46,217.74927367,0,0,2,2,0,3,1,January,3,Tuesday,3,Tuesday,2023,2023,15,3:00pm-3:59pm,15,3:00pm-3:59pm,24,24,24,24,12,Motor Vehicle In-Transport,12,Motor Vehicle In-Transport,6,Angle,6,Angle,0,No,0,No,4,Driveway Access,4,Driveway Access,1,Not an Intersection,1,On Roadway,0,,1,Daylight,1,Daylight,2,Rain,2,Rain,0,No,0,No,0,No Apparent Injury (O),0,No Apparent Injury (O),0,No Person Injured/Property Damage Only Crash,0,No Person Injured/Property Damage Only Crash,2,No Alcohol Involved,2,No Alcohol Involved
202304647738,70,70,16,3,"South (MD, DE, DC, WV, VA, KY, TN, NC, SC, GA, FL, AL, MS, LA, AR, OK, TX)",2,Rural Area,9,Stratum 9 - LMY PV No Injuries in Crash,138,138.11173411,0,0,2,2,0,2,1,January,3,Tuesday,3,Tuesday,2023,2023,23,11:00pm-11:59pm,23,11:00pm-11:59pm,35,35,35,35,12,Motor Vehicle In-Transport,12,Motor Vehicle In-Transport,1,Front-to-Rear,1,Front-to-Rear,0,No,0,No,1,Non-Junction,1,Non-Junction,1,Not an Intersection,1,On Roadway,0,,3,Dark - Lighted,3,Dark - Lighted,2,Rain,2,Rain,0,No,0,No,0,No Apparent Injury (O),0,No Apparent Injury (O),0,No Person Injured/Property Damage Only Crash,0,No Person Injured/Property Damage Only Crash,2,No Alcohol Involved,2,No Alcohol Involved
202304647758,70,70,16,3,"South (MD, DE, DC, WV, VA, KY, TN, NC, SC, GA, FL, AL, MS, LA, AR, OK, TX)",2,Rural Area,10,Stratum 10 - Other,138,217.74927367,0,0,1,1,0,1,1,January,4,Wednesday,4,Wednesday,2023,2023,21,9:00pm-9:59pm,21,9:00pm-9:59pm,40,40,40,40,33,Curb,33,Curb,0,The First Harmful Event was Not a Collision with a Motor Vehicle In-Transport,0,The First Harmful Event was Not a Collision with a Motor Vehicle In-Transport,0,No,0,No,3,Intersection-Related,3,Intersection-Related,3,T-Intersection,3,On Median,0,,3,Dark - Lighted,3,Dark - Lighted,1,Clear,1,Clear,0,No,0,No,0,No Apparent Injury (O),0,No Apparent Injury (O),0,No Person Injured/Property Damage Only Crash,0,No Person Injured/Property Damage Only Crash,2,No Alcohol Involved,2,No Alcohol Involved
202304647771,70,70,16,3,"South (MD, DE, DC, WV, VA, KY, TN, NC, SC, GA, FL, AL, MS, LA, AR, OK, TX)",2,Rural Area,9,Stratum 9 - LMY PV No Injuries in Crash,138,138.11173411,0,0,3,3,0,6,1,January,5,Thursday,5,Thursday,2023,2023,7,7:00am-7:59am,7,7:00am-7:59am,35,35,35,35,12,Motor Vehicle In-Transport,12,Motor Vehicle In-Transport,1,Front-to-Rear,1,Front-to-Rear,0,No,0,No,5,Entrance/Exit Ramp Related,5,Entrance/Exit Ramp Related,1,Not an Intersection,1,On Roadway,0,,1,Daylight,1,Daylight,1,Clear,1,Clear,0,No,0,No,0,No Apparent Injury (O),0,No Apparent Injury (O),0,No Person Injured/Property Damage Only Crash,0,No Person Injured/Property Damage Only Crash,2,No Alcohol Involved,2,No Alcohol Involved
202304647772,70,70,16,3,"South (MD, DE, DC, WV, VA, KY, TN, NC, SC, GA, FL, AL, MS, LA, AR, OK, TX)",2,Rural Area,8,Stratum 8 - NLMY PV Minor Injury,138,130.17867369,0,1,2,1,1,1,1,January,5,Thursday,5,Thursday,2023,2023,12,12:00pm-12:59pm,12,12:00pm-12:59pm,13,13,13,13,14,Parked Motor Vehicle,14,Parked Motor Vehicle,0,The First Harmful Event was Not a Collision with a Motor Vehicle In-Transport,0,The First Harmful Event was Not a Collision with a Motor Vehicle In-Transport,0,No,0,No,1,Non-Junction,1,Non-Junction,1,Not an Intersection,2,On Shoulder,0,,1,Daylight,1,Daylight,1,Clear,1,Clear,0,No,0,No,2,Suspected Minor Injury (B),2,Suspected Minor Injury (B),1,1,1,1,2,No Alcohol Involved,2,No Alcohol Involved
202304647774,70,70,16,3,"South (MD, DE, DC, WV, VA, KY, TN, NC, SC, GA, FL, AL, MS, LA, AR, OK, TX)",2,Rural Area,8,Stratum 8 - NLMY PV Minor Injury,46,130.17867369,0,0,1,1,0,1,1,January,5,Thursday,5,Thursday,2023,2023,21,9:00pm-9:59pm,21,9:00pm-9:59pm,8,8,8,8,34,Ditch,34,Ditch,0,The First Harmful Event was Not a Collision with a Motor Vehicle In-Transport,0,The First Harmful Event was Not a Collision with a Motor Vehicle In-Transport,0,No,0,No,1,Non-Junction,1,Non-Junction,1,Not an Intersection,4,On Roadside,0,,2,Dark - Not Lighted,2,Dark - Not Lighted,1,Clear,1,Clear,0,No,0,No,2,Suspected Minor Injury (B),2,Suspected Minor Injury (B),1,1,1,1,2,No Alcohol Involved,2,No Alcohol Involved
202304647783,70,70,16,3,"South (MD, DE, DC, WV, VA, KY, TN, NC, SC, GA, FL, AL, MS, LA, AR, OK, TX)",2,Rural Area,10,Stratum 10 - Other,46,217.74927367,0,0,2,2,0,3,1,January,6,Friday,6,Friday,2023,2023,17,5:00pm-5:59pm,17,5:00pm-5:59pm,10,10,10,10,12,Motor Vehicle In-Transport,12,Motor Vehicle In-Transport,1,Front-to-Rear,1,Front-to-Rear,0,No,0,No,3,Intersection-Related,3,Intersection-Related,3,T-Intersection,1,On Roadway,0,,2,Dark - Not Lighted,2,Dark - Not Lighted,1,Clear,1,Clear,0,No,0,No,0,No Apparent Injury (O),0,No Apparent Injury (O),0,No Person Injured/Property Damage Only Crash,0,No Person Injured/Property Damage Only Crash,2,No Alcohol Involved,2,No Alcohol Involved
202304647790,70,70,16,3,"South (MD, DE, DC, WV, VA, KY, TN, NC, SC, GA, FL, AL, MS, LA, AR, OK, TX)",2,Rural Area,10,Stratum 10 - Other,138,217.74927367,0,0,2,2,0,2,1,January,7,Saturday,7,Saturday,2023,2023,14,2:00pm-2:59pm,14,2:00pm-2:59pm,20,20,20,20,12,Motor Vehicle In-Transport,12,Motor Vehicle In-Transport,1,Front-to-Rear,1,Front-to-Rear,0,No,0,No,1,Non-Junction,1,Non-Junction,1,Not an Intersection,1,On Roadway,0,,1,Daylight,1,Daylight,1,Clear,1,Clear,0,No,0,No,0,No Apparent Injury (O),0,No Apparent Injury (O),0,No Person Injured/Property Damage Only Crash,0,No Person Injured/Property Damage Only Crash,2,No Alcohol Involved,2,No Alcohol Involved
202304647801,70,70,16,3,"South (MD, DE, DC, WV, VA, KY, TN, NC, SC, GA, FL, AL, MS, LA, AR, OK, TX)",2,Rural Area,6,Stratum 6 - LMY PV Minor Injury,138,52.973715032,0,0,2,2,0,3,1,January,1,Sunday,1,Sunday,2023,2023,2,2:00am-2:59am,2,2:00am-2:59am,14,14,14,14,12,Motor Vehicle In-Transport,12,Motor Vehicle In-Transport,1,Front-to-Rear,1,Front-to-Rear,1,Yes,1,Yes,2,Intersection,2,Intersection,2,Four-Way Intersection,1,On Roadway,0,,3,Dark - Lighted,3,Dark - Lighted,10,Cloudy,10,Cloudy,0,No,0,No,2,Suspected Minor Injury (B),2,Suspected Minor Injury (B),1,1,1,1,9,Reported as Unknown,2,No Alcohol Involved
202304647816,70,70,16,3,"South (MD, DE, DC, WV, VA, KY, TN, NC, SC, GA, FL, AL, MS, LA, AR, OK, TX)",2,Rural Area,2,Stratum 2 - Not a MV Occupant Any Injury,137,26.785767508,1,1,1,1,0,1,1,January,2,Monday,2,Monday,2023,2023,22,10:00pm-10:59pm,22,10:00pm-10:59pm,20,20,20,20,8,Pedestrian,8,Pedestrian,0,The First Harmful Event was Not a Collision with a Motor Vehicle In-Transport,0,The First Harmful Event was Not a Collision with a Motor Vehicle In-Transport,0,No,0,No,1,Non-Junction,1,Non-Junction,1,Not an Intersection,1,On Roadway,0,,3,Dark - Lighted,3,Dark - Lighted,1,Clear,1,Clear,0,No,0,No,1,Possible Injury (C),1,Possible Injury (C),1,1,1,1,2,No Alcohol Involved,2,No Alcohol Involved
202304647819,70,70,16,3,"South (MD, DE, DC, WV, VA, KY, TN, NC, SC, GA, FL, AL, MS, LA, AR, OK, TX)",2,Rural Area,10,Stratum 10 - Other,137,217.74927367,0,0,2,2,0,2,1,January,3,Tuesday,3,Tuesday,2023,2023,18,6:00pm-6:59pm,18,6:00pm-6:59pm,57,57,57,57,12,Motor Vehicle In-Transport,12,Motor Vehicle In-Transport,1,Front-to-Rear,1,Front-to-Rear,0,No,0,No,2,Intersection,2,Intersection,3,T-Intersection,1,On Roadway,0,,3,Dark - Lighted,3,Dark - Lighted,1,Clear,1,Clear,0,No,0,No,0,No Apparent Injury (O),0,No Apparent Injury (O),0,No Person Injured/Property Damage Only Crash,0,No Person Injured/Property Damage Only Crash,9,Reported as Unknown,2,No Alcohol Involved
202304647833,70,70,16,3,"South (MD, DE, DC, WV, VA, KY, TN, NC, SC, GA, FL, AL, MS, LA, AR, OK, TX)",2,Rural Area,9,Stratum 9 - LMY PV No Injuries in Crash,137,138.11173411,0,0,2,2,0,2,1,January,1,Sunday,1,Sunday,2023,2023,11,11:00am-11:59am,11,11:00am-11:59am,32,32,32,32,12,Motor Vehicle In-Transport,12,Motor Vehicle In-Transport,7,Sideswipe - Same Direction,7,Sideswipe - Same Direction,0,No,0,No,3,Intersection-Related,3,Intersection-Related,3,T-Intersection,1,On Roadway,0,,1,Daylight,1,Daylight,2,Rain,2,Rain,0,No,0,No,0,No Apparent Injury (O),0,No Apparent Injury (O),0,No Person Injured/Property Damage Only Crash,0,No Person Injured/Property Damage Only Crash,2,No Alcohol Involved,2,No Alcohol Involved
202304647934,51,51,10,3,"South (MD, DE, DC, WV, VA, KY, TN, NC, SC, GA, FL, AL, MS, LA, AR, OK, TX)",1,Urban Area,9,Stratum 9 - LMY PV No Injuries in Crash,1078,141.1359637,0,0,2,2,0,4,1,January,3,Tuesday,3,Tuesday,2023,2023,14,2:00pm-2:59pm,14,2:00pm-2:59pm,30,30,30,30,12,Motor Vehicle In-Transport,12,Motor Vehicle In-Transport,7,Sideswipe - Same Direction,7,Sideswipe - Same Direction,0,No,0,No,2,Intersection,2,Intersection,2,Four-Way Intersection,1,On Roadway,0,,1,Daylight,1,Daylight,1,Clear,1,Clear,0,No,0,No,0,No Apparent Injury (O),0,No Apparent Injury (O),0,No Person Injured/Property Damage Only Crash,0,No Person Injured/Property Damage Only Crash,2,No Alcohol Involved,2,No Alcohol Involved
202304647937,51,51,10,3,"South (MD, DE, DC, WV, VA, KY, TN, NC, SC, GA, FL, AL, MS, LA, AR, OK, TX)",1,Urban Area,10,Stratum 10 - Other,1079,225.61733964,0,0,2,2,0,2,1,January,3,Tuesday,3,Tuesday,2023,2023,14,2:00pm-2:59pm,14,2:00pm-2:59pm,14,14,14,14,12,Motor Vehicle In-Transport,12,Motor Vehicle In-Transport,1,Front-to-Rear,1,Front-to-Rear,0,No,0,No,4,Driveway Access,4,Driveway Access,1,Not an Intersection,1,On Roadway,0,,1,Daylight,1,Daylight,10,Cloudy,10,Cloudy,0,No,0,No,0,No Apparent Injury (O),0,No Apparent Injury (O),0,No Person Injured/Property Damage Only Crash,0,No Person Injured/Property Damage Only Crash,9,Reported as Unknown,1,Alcohol Involved
202304648019,59,59,10,3,"South (MD, DE, DC, WV, VA, KY, TN, NC, SC, GA, FL, AL, MS, LA, AR, OK, TX)",1,Urban Area,10,Stratum 10 - Other,4137,222.57657535,0,0,2,2,0,2,1,January,7,Saturday,7,Saturday,2023,2023,8,8:00am-8:59am,8,8:00am-8:59am,15,15,15,15,12,Motor Vehicle In-Transport,12,Motor Vehicle In-Transport,6,Angle,6,Angle,0,No,0,No,2,Intersection,2,Intersection,2,Four-Way Intersection,1,On Roadway,0,,1,Daylight,1,Daylight,1,Clear,1,Clear,0,No,0,No,0,No Apparent Injury (O),0,No Apparent Injury (O),0,No Person Injured/Property Damage Only Crash,0,No Person Injured/Property Damage Only Crash,2,No Alcohol Involved,2,No Alcohol Involved
202304648066,20,20,25,4,"West (MT, ID, WA, OR, CA, NV, NM, AZ, UT, CO, WY, AK, HI)",2,Rural Area,10,Stratum 10 - Other,4140,213.05441116,0,0,1,1,0,1,1,January,1,Sunday,1,Sunday,2023,2023,6,6:00am-6:59am,6,6:00am-6:59am,20,20,20,20,59,Traffic Sign Support,59,Traffic Sign Support,0,The First Harmful Event was Not a Collision with a Motor Vehicle In-Transport,0,The First Harmful Event was Not a Collision with a Motor Vehicle In-Transport,0,No,0,No,3,Intersection-Related,3,Intersection-Related,2,Four-Way Intersection,4,On Roadside,0,,3,Dark - Lighted,3,Dark - Lighted,4,Snow,4,Snow,0,No,0,No,0,No Apparent Injury (O),0,No Apparent Injury (O),0,No Person Injured/Property Damage Only Crash,0,No Person Injured/Property Damage Only Crash,2,No Alcohol Involved,2,No Alcohol Involved
202304648074,20,20,25,4,"West (MT, ID, WA, OR, CA, NV, NM, AZ, UT, CO, WY, AK, HI)",2,Rural Area,6,Stratum 6 - LMY PV Minor Injury,4140,52.300328546,0,0,2,2,0,3,1,January,2,Monday,2,Monday,2023,2023,13,1:00pm-1:59pm,13,1:00pm-1:59pm,6,6,6,6,12,Motor Vehicle In-Transport,12,Motor Vehicle In-Transport,6,Angle,6,Angle,0,No,0,No,2,Intersection,2,Intersection,2,Four-Way Intersection,1,On Roadway,0,,1,Daylight,1,Daylight,10,Cloudy,10,Cloudy,0,No,0,No,1,Possible Injury (C),1,Possible Injury (C),3,3,3,3,2,No Alcohol Involved,2,No Alcohol Involved
202304648080,20,20,25,4,"West (MT, ID, WA, OR, CA, NV, NM, AZ, UT, CO, WY, AK, HI)",2,Rural Area,10,Stratum 10 - Other,4140,213.05441116,0,0,1,1,0,1,1,January,1,Sunday,1,Sunday,2023,2023,20,8:00pm-8:59pm,20,8:00pm-8:59pm,0,0,0,0,57,Cable Barrier,57,Cable Barrier,0,The First Harmful Event was Not a Collision with a Motor Vehicle In-Transport,0,The First Harmful Event was Not a Collision with a Motor Vehicle In-Transport,1,Yes,1,Yes,19,Other location within Interchange Area,19,Other location within Interchange Area,1,Not an Intersection,3,On Median,0,,3,Dark - Lighted,3,Dark - Lighted,11,Blowing Snow,11,Blowing Snow,0,No,1,Yes,0,No Apparent Injury (O),0,No Apparent Injury (O),0,No Person Injured/Property Damage Only Crash,0,No Person Injured/Property Damage Only Crash,9,Reported as Unknown,2,No Alcohol Involved
202304648083,20,20,25,4,"West (MT, ID, WA, OR, CA, NV, NM, AZ, UT, CO, WY, AK, HI)",2,Rural Area,9,Stratum 9 - LMY PV No Injuries in Crash,4140,136.40667472,0,0,2,2,0,2,1,January,3,Tuesday,3,Tuesday,2023,2023,19,7:00pm-7:59pm,19,7:00pm-7:59pm,12,12,12,12,12,Motor Vehicle In-Transport,12,Motor Vehicle In-Transport,6,Angle,6,Angle,0,No,0,No,2,Intersection,2,Intersection,6,Roundabout,1,On Roadway,0,,3,Dark - Lighted,3,Dark - Lighted,1,Clear,1,Clear,0,No,0,No,0,No Apparent Injury (O),0,No Apparent Injury (O),0,No Person Injured/Property Damage Only Crash,0,No Person Injured/Property Damage Only Crash,2,No Alcohol Involved,2,No Alcohol Involved
202304648097,20,20,25,4,"West (MT, ID, WA, OR, CA, NV, NM, AZ, UT, CO, WY, AK, HI)",2,Rural Area,10,Stratum 10 - Other,4140,213.05441116,0,0,1,1,0,1,1,January,1,Sunday,1,Sunday,2023,2023,17,5:00pm-5:59pm,17,5:00pm-5:59pm,2,2,2,2,1,Rollover/Overturn,1,Rollover/Overturn,0,The First Harmful Event was Not a Collision with a Motor Vehicle In-Transport,0,The First Harmful Event was Not a Collision with a Motor Vehicle In-Transport,1,Yes,1,Yes,19,Other location within Interchange Area,19,Other location within Interchange Area,1,Not an Intersection,4,On Roadside,0,,1,Daylight,1,Daylight,4,Snow,4,Snow,0,No,1,Yes,0,No Apparent Injury (O),0,No Apparent Injury (O),0,No Person Injured/Property Damage Only Crash,0,No Person Injured/Property Damage Only Crash,9,Reported as Unknown,2,No Alcohol Involved
202304648101,20,20,25,4,"West (MT, ID, WA, OR, CA, NV, NM, AZ, UT, CO, WY, AK, HI)",2,Rural Area,8,Stratum 8 - NLMY PV Minor Injury,4140,129.93710653,0,0,1,1,0,1,1,January,1,Sunday,1,Sunday,2023,2023,8,8:00am-8:59am,8,8:00am-8:59am,53,53,53,53,35,Embankment,35,Embankment,0,The First Harmful Event was Not a Collision with a Motor Vehicle In-Transport,0,The First Harmful Event was Not a Collision with a Motor Vehicle In-Transport,0,No,0,No,1,Non-Junction,1,Non-Junction,1,Not an Intersection,4,On Roadside,0,,1,Daylight,1,Daylight,4,Snow,4,Snow,0,No,1,Yes,1,Possible Injury (C),1,Possible Injury (C),1,1,1,1,9,Reported as Unknown,2,No Alcohol Involved
202304648111,20,20,25,4,"West (MT, ID, WA, OR, CA, NV, NM, AZ, UT, CO, WY, AK, HI)",2,Rural Area,9,Stratum 9 - LMY PV No Injuries in Crash,4140,136.40667472,0,0,2,2,0,2,1,January,4,Wednesday,4,Wednesday,2023,2023,12,12:00pm-12:59pm,12,12:00pm-12:59pm,31,31,31,31,12,Motor Vehicle In-Transport,12,Motor Vehicle In-Transport,1,Front-to-Rear,1,Front-to-Rear,0,No,0,No,1,Non-Junction,1,Non-Junction,1,Not an Intersection,1,On Roadway,0,,1,Daylight,1,Daylight,10,Cloudy,10,Cloudy,0,No,0,No,0,No Apparent Injury (O),0,No Apparent Injury (O),0,No Person Injured/Property Damage Only Crash,0,No Person Injured/Property Damage Only Crash,2,No Alcohol Involved,2,No Alcohol Involved
202304648113,20,20,25,4,"West (MT, ID, WA, OR, CA, NV, NM, AZ, UT, CO, WY, AK, HI)",2,Rural Area,7,Stratum 7 - M/H Truck or Bus,4140,153.11569408,0,0,2,2,0,1,1,January,3,Tuesday,3,Tuesday,2023,2023,12,12:00pm-12:59pm,12,12:00pm-12:59pm,0,0,0,0,12,Motor Vehicle In-Transport,12,Motor Vehicle In-Transport,1,Front-to-Rear,1,Front-to-Rear,0,No,0,No,8,Driveway Access Related,8,Driveway Access Related,1,Not an Intersection,1,On Roadway,0,,1,Daylight,1,Daylight,99,Reported as Unknown,1,Clear,0,No,0,No,0,No Apparent Injury (O),0,No Apparent Injury (O),0,No Person Injured/Property Damage Only Crash,0,No Person Injured/Property Damage Only Crash,2,No Alcohol Involved,2,No Alcohol Involved
202304648121,20,20,25,4,"West (MT, ID, WA, OR, CA, NV, NM, AZ, UT, CO, WY, AK, HI)",2,Rural Area,10,Stratum 10 - Other,4140,213.05441116,0,0,2,2,0,4,1,January,6,Friday,6,Friday,2023,2023,13,1:00pm-1:59pm,13,1:00pm-1:59pm,35,35,35,35,12,Motor Vehicle In-Transport,12,Motor Vehicle In-Transport,6,Angle,6,Angle,0,No,0,No,2,Intersection,2,Intersection,2,Four-Way Intersection,1,On Roadway,0,,1,Daylight,1,Daylight,2,Rain,2,Rain,0,No,0,No,0,No Apparent Injury (O),0,No Apparent Injury (O),0,No Person Injured/Property Damage Only Crash,0,No Person Injured/Property Damage Only Crash,2,No Alcohol Involved,2,No Alcohol Involved
202304648129,20,20,25,4,"West (MT, ID, WA, OR, CA, NV, NM, AZ, UT, CO, WY, AK, HI)",2,Rural Area,8,Stratum 8 - NLMY PV Minor Injury,4140,129.93710653,0,0,1,1,0,1,1,January,6,Friday,6,Friday,2023,2023,15,3:00pm-3:59pm,15,3:00pm-3:59pm,17,17,17,17,48,Snow Bank,48,Snow Bank,0,The First Harmful Event was Not a Collision with a Motor Vehicle In-Transport,0,The First Harmful Event was Not a Collision with a Motor Vehicle In-Transport,0,No,0,No,1,Non-Junction,1,Non-Junction,1,Not an Intersection,4,On Roadside,0,,1,Daylight,1,Daylight,4,Snow,4,Snow,0,No,0,No,2,Suspected Minor Injury (B),2,Suspected Minor Injury (B),1,1,1,1,9,Reported as Unknown,2,No Alcohol Involved
202304648138,20,20,25,4,"West (MT, ID, WA, OR, CA, NV, NM, AZ, UT, CO, WY, AK, HI)",2,Rural Area,10,Stratum 10 - Other,4140,213.05441116,0,0,1,1,0,1,1,January,7,Saturday,7,Saturday,2023,2023,8,8:00am-8:59am,8,8:00am-8:59am,29,29,29,29,24,Guardrail Face,24,Guardrail Face,0,The First Harmful Event was Not a Collision with a Motor Vehicle In-Transport,0,The First Harmful Event was Not a Collision with a Motor Vehicle In-Transport,0,No,0,No,1,Non-Junction,1,Non-Junction,1,Not an Intersection,4,On Roadside,0,,1,Daylight,1,Daylight,1,Clear,1,Clear,0,No,0,No,0,No Apparent Injury (O),0,No Apparent Injury (O),0,No Person Injured/Property Damage Only Crash,0,No Person Injured/Property Damage Only Crash,9,Reported as Unknown,2,No Alcohol Involved
202304648167,12,12,12,3,"South (MD, DE, DC, WV, VA, KY, TN, NC, SC, GA, FL, AL, MS, LA, AR, OK, TX)",1,Urban Area,9,Stratum 9 - LMY PV No Injuries in Crash,4142,141.83585636,0,0,2,2,0,2,1,January,6,Friday,6,Friday,2023,2023,9,9:00am-9:59am,9,9:00am-9:59am,26,26,26,26,12,Motor Vehicle In-Transport,12,Motor Vehicle In-Transport,1,Front-to-Rear,1,Front-to-Rear,0,No,0,No,3,Intersection-Related,3,Intersection-Related,2,Four-Way Intersection,1,On Roadway,0,,1,Daylight,1,Daylight,1,Clear,1,Clear,0,No,0,No,1,Possible Injury (C),1,Possible Injury (C),1,1,1,1,9,Reported as Unknown,2,No Alcohol Involved
202304648234,78,78,10,3,"South (MD, DE, DC, WV, VA, KY, TN, NC, SC, GA, FL, AL, MS, LA, AR, OK, TX)",1,Urban Area,7,Stratum 7 - M/H Truck or Bus,4146,159.73638376,0,0,3,3,0,3,1,January,6,Friday,6,Friday,2023,2023,8,8:00am-8:59am,8,8:00am-8:59am,45,45,45,45,12,Motor Vehicle In-Transport,12,Motor Vehicle In-Transport,1,Front-to-Rear,1,Front-to-Rear,0,No,0,No,3,Intersection-Related,3,Intersection-Related,2,Four-Way Intersection,1,On Roadway,0,,1,Daylight,1,Daylight,1,Clear,1,Clear,0,No,0,No,1,Possible Injury (C),1,Possible Injury (C),1,1,1,1,2,No Alcohol Involved,2,No Alcohol Involved
202304648255,78,78,10,3,"South (MD, DE, DC, WV, VA, KY, TN, NC, SC, GA, FL, AL, MS, LA, AR, OK, TX)",1,Urban Area,9,Stratum 9 - LMY PV No Injuries in Crash,4146,141.59880277,0,0,2,2,0,2,1,January,6,Friday,6,Friday,2023,2023,16,4:00pm-4:59pm,16,4:00pm-4:59pm,56,56,56,56,12,Motor Vehicle In-Transport,12,Motor Vehicle In-Transport,7,Sideswipe - Same Direction,7,Sideswipe - Same Direction,0,No,0,No,1,Non-Junction,1,Non-Junction,1,Not an Intersection,1,On Roadway,0,,1,Daylight,1,Daylight,1,Clear,1,Clear,0,No,0,No,0,No Apparent Injury (O),0,No Apparent Injury (O),0,No Person Injured/Property Damage Only Crash,0,No Person Injured/Property Damage Only Crash,2,No Alcohol Involved,2,No Alcohol Involved
202304648273,77,77,9,2,"Midwest (OH, IN, IL, MI, WI, MN, ND, SD, NE, IA, MO, KS)",2,Rural Area,10,Stratum 10 - Other,4151,217.37927863,0,0,2,2,0,3,1,January,7,Saturday,7,Saturday,2023,2023,19,7:00pm-7:59pm,19,7:00pm-7:59pm,59,59,59,59,12,Motor Vehicle In-Transport,12,Motor Vehicle In-Transport,1,Front-to-Rear,1,Front-to-Rear,0,No,0,No,1,Non-Junction,1,Non-Junction,1,Not an Intersection,1,On Roadway,0,,2,Dark - Not Lighted,2,Dark - Not Lighted,1,Clear,1,Clear,0,No,0,No,0,No Apparent Injury (O),0,No Apparent Injury (O),0,No Person Injured/Property Damage Only Crash,0,No Person Injured/Property Damage Only Crash,9,Reported as Unknown,2,No Alcohol Involved
202304648282,39,39,7,2,"Midwest (OH, IN, IL, MI, WI, MN, ND, SD, NE, IA, MO, KS)",1,Urban Area,7,Stratum 7 - M/H Truck or Bus,4154,153.46384112,0,0,2,2,0,2,1,January,1,Sunday,1,Sunday,2023,2023,12,12:00pm-12:59pm,12,12:00pm-12:59pm,44,44,44,44,12,Motor Vehicle In-Transport,12,Motor Vehicle In-Transport,7,Sideswipe - Same Direction,7,Sideswipe - Same Direction,0,No,0,No,1,Non-Junction,1,Non-Junction,1,Not an Intersection,1,On Roadway,0,,1,Daylight,1,Daylight,1,Clear,1,Clear,0,No,1,Yes,0,No Apparent Injury (O),0,No Apparent Injury (O),0,No Person Injured/Property Damage Only Crash,0,No Person Injured/Property Damage Only Crash,2,No Alcohol Involved,2,No Alcohol Involved
202304648534,20,20,25,4,"West (MT, ID, WA, OR, CA, NV, NM, AZ, UT, CO, WY, AK, HI)",2,Rural Area,5,Stratum 5 - NLMY PV Serious Injury,4140,25.79271396,0,0,1,1,0,1,1,January,7,Saturday,7,Saturday,2023,2023,16,4:00pm-4:59pm,16,4:00pm-4:59pm,18,18,18,18,34,Ditch,34,Ditch,0,The First Harmful Event was Not a Collision with a Motor Vehicle In-Transport,0,The First Harmful Event was Not a Collision with a Motor Vehicle In-Transport,0,No,0,No,1,Non-Junction,1,Non-Junction,1,Not an Intersection,4,On Roadside,0,,1,Daylight,1,Daylight,1,Clear,1,Clear,0,No,0,No,3,Suspected Serious Injury (A),3,Suspected Serious Injury (A),1,1,1,1,2,No Alcohol Involved,2,No Alcohol Involved
202304648539,20,20,25,4,"West (MT, ID, WA, OR, CA, NV, NM, AZ, UT, CO, WY, AK, HI)",2,Rural Area,8,Stratum 8 - NLMY PV Minor Injury,4140,129.93710653,0,0,2,2,0,4,1,January,1,Sunday,1,Sunday,2023,2023,14,2:00pm-2:59pm,14,2:00pm-2:59pm,5,5,5,5,12,Motor Vehicle In-Transport,12,Motor Vehicle In-Transport,6,Angle,6,Angle,0,No,0,No,2,Intersection,2,Intersection,2,Four-Way Intersection,1,On Roadway,0,,1,Daylight,1,Daylight,1,Clear,1,Clear,0,No,0,No,2,Suspected Minor Injury (B),2,Suspected Minor Injury (B),1,1,1,1,2,No Alcohol Involved,2,No Alcohol Involved
202304648540,20,20,25,4,"West (MT, ID, WA, OR, CA, NV, NM, AZ, UT, CO, WY, AK, HI)",2,Rural Area,10,Stratum 10 - Other,4140,213.05441116,0,0,2,2,0,4,1,January,5,Thursday,5,Thursday,2023,2023,16,4:00pm-4:59pm,16,4:00pm-4:59pm,47,47,47,47,12,Motor Vehicle In-Transport,12,Motor Vehicle In-Transport,1,Front-to-Rear,1,Front-to-Rear,0,No,0,No,1,Non-Junction,1,Non-Junction,1,Not an Intersection,1,On Roadway,0,,2,Dark - Not Lighted,2,Dark - Not Lighted,1,Clear,1,Clear,0,No,0,No,0,No Apparent Injury (O),0,No Apparent Injury (O),0,No Person Injured/Property Damage Only Crash,0,No Person Injured/Property Damage Only Crash,2,No Alcohol Involved,2,No Alcohol Involved
202304648565,35,35,13,3,"South (MD, DE, DC, WV, VA, KY, TN, NC, SC, GA, FL, AL, MS, LA, AR, OK, TX)",1,Urban Area,8,Stratum 8 - NLMY PV Minor Injury,4141,134.51815149,0,0,1,1,0,1,1,January,6,Friday,6,Friday,2023,2023,10,10:00am-10:59am,10,10:00am-10:59am,10,10,10,10,35,Embankment,35,Embankment,0,The First Harmful Event was Not a Collision with a Motor Vehicle In-Transport,0,The First Harmful Event was Not a Collision with a Motor Vehicle In-Transport,0,No,0,No,8,Driveway Access Related,8,Driveway Access Related,1,Not an Intersection,4,On Roadside,0,,1,Daylight,1,Daylight,1,Clear,1,Clear,0,No,0,No,2,Suspected Minor Injury (B),2,Suspected Minor Injury (B),1,1,1,1,2,No Alcohol Involved,2,No Alcohol Involved
202304648576,35,35,13,3,"South (MD, DE, DC, WV, VA, KY, TN, NC, SC, GA, FL, AL, MS, LA, AR, OK, TX)",1,Urban Area,7,Stratum 7 - M/H Truck or Bus,4141,160.1814718,0,0,2,2,0,3,1,January,4,Wednesday,4,Wednesday,2023,2023,15,3:00pm-3:59pm,15,3:00pm-3:59pm,49,49,49,49,59,Traffic Sign Support,59,Traffic Sign Support,0,The First Harmful Event was Not a Collision with a Motor Vehicle In-Transport,0,The First Harmful Event was Not a Collision with a Motor Vehicle In-Transport,0,No,0,No,1,Non-Junction,1,Non-Junction,1,Not an Intersection,3,On Median,1,Construction,1,Daylight,1,Daylight,1,Clear,1,Clear,0,No,1,Yes,2,Suspected Minor Injury (B),2,Suspected Minor Injury (B),2,2,2,2,2,No Alcohol Involved,2,No Alcohol Involved
202304648581,35,35,13,3,"South (MD, DE, DC, WV, VA, KY, TN, NC, SC, GA, FL, AL, MS, LA, AR, OK, TX)",1,Urban Area,10,Stratum 10 - Other,4141,222.47241975,0,0,1,1,0,1,1,January,7,Saturday,7,Saturday,2023,2023,14,2:00pm-2:59pm,14,2:00pm-2:59pm,18,18,18,18,34,Ditch,34,Ditch,0,The First Harmful Event was Not a Collision with a Motor Vehicle In-Transport,0,The First Harmful Event was Not a Collision with a Motor Vehicle In-Transport,0,No,0,No,8,Driveway Access Related,8,Driveway Access Related,1,Not an Intersection,4,On Roadside,0,,1,Daylight,1,Daylight,10,Cloudy,10,Cloudy,0,No,0,No,0,No Apparent Injury (O),0,No Apparent Injury (O),0,No Person Injured/Property Damage Only Crash,0,No Person Injured/Property Damage Only Crash,2,No Alcohol Involved,2,No Alcohol Involved
202304648584,35,35,13,3,"South (MD, DE, DC, WV, VA, KY, TN, NC, SC, GA, FL, AL, MS, LA, AR, OK, TX)",1,Urban Area,9,Stratum 9 - LMY PV No Injuries in Crash,4141,141.63889146,0,0,2,2,0,2,1,January,7,Saturday,7,Saturday,2023,2023,17,5:00pm-5:59pm,17,5:00pm-5:59pm,16,16,16,16,12,Motor Vehicle In-Transport,12,Motor Vehicle In-Transport,6,Angle,6,Angle,0,No,0,No,2,Intersection,2,Intersection,3,T-Intersection,1,On Roadway,0,,3,Dark - Lighted,3,Dark - Lighted,10,Cloudy,10,Cloudy,0,No,0,No,0,No Apparent Injury (O),0,No Apparent Injury (O),0,No Person Injured/Property Damage Only Crash,0,No Person Injured/Property Damage Only Crash,2,No Alcohol Involved,2,No Alcohol Involved
202304648592,32,32,17,3,"South (MD, DE, DC, WV, VA, KY, TN, NC, SC, GA, FL, AL, MS, LA, AR, OK, TX)",2,Rural Area,10,Stratum 10 - Other,4145,220.3414238,0,0,2,2,0,3,1,January,2,Monday,2,Monday,2023,2023,15,3:00pm-3:59pm,15,3:00pm-3:59pm,45,45,45,45,12,Motor Vehicle In-Transport,12,Motor Vehicle In-Transport,8,Sideswipe - Opposite Direction,8,Sideswipe - Opposite Direction,0,No,0,No,1,Non-Junction,1,Non-Junction,1,Not an Intersection,1,On Roadway,0,,1,Daylight,1,Daylight,1,Clear,1,Clear,0,No,0,No,0,No Apparent Injury (O),0,No Apparent Injury (O),0,No Person Injured/Property Damage Only Crash,0,No Person Injured/Property Damage Only Crash,9,Reported as Unknown,2,No Alcohol Involved
202304648620,83,83,13,3,"South (MD, DE, DC, WV, VA, KY, TN, NC, SC, GA, FL, AL, MS, LA, AR, OK, TX)",1,Urban Area,9,Stratum 9 - LMY PV No Injuries in Crash,4148,141.94136347,0,0,2,2,0,4,1,January,5,Thursday,5,Thursday,2023,2023,15,3:00pm-3:59pm,15,3:00pm-3:59pm,30,30,30,30,12,Motor Vehicle In-Transport,12,Motor Vehicle In-Transport,1,Front-to-Rear,1,Front-to-Rear,0,No,0,No,3,Intersection-Related,3,Intersection-Related,2,Four-Way Intersection,1,On Roadway,0,,1,Daylight,1,Daylight,1,Clear,1,Clear,0,No,0,No,0,No Apparent Injury (O),0,No Apparent Injury (O),0,No Person Injured/Property Damage Only Crash,0,No Person Injured/Property Damage Only Crash,2,No Alcohol Involved,2,No Alcohol Involved
202304648638,83,83,13,3,"South (MD, DE, DC, WV, VA, KY, TN, NC, SC, GA, FL, AL, MS, LA, AR, OK, TX)",1,Urban Area,8,Stratum 8 - NLMY PV Minor Injury,4148,134.77451173,0,0,2,2,0,2,1,January,6,Friday,6,Friday,2023,2023,10,10:00am-10:59am,10,10:00am-10:59am,47,47,47,47,12,Motor Vehicle In-Transport,12,Motor Vehicle In-Transport,6,Angle,6,Angle,0,No,0,No,2,Intersection,2,Intersection,2,Four-Way Intersection,1,On Roadway,0,,1,Daylight,1,Daylight,1,Clear,1,Clear,0,No,0,No,1,Possible Injury (C),1,Possible Injury (C),2,2,2,2,2,No Alcohol Involved,2,No Alcohol Involved
202304648668,83,83,13,3,"South (MD, DE, DC, WV, VA, KY, TN, NC, SC, GA, FL, AL, MS, LA, AR, OK, TX)",1,Urban Area,10,Stratum 10 - Other,4148,223.23894247,0,0,2,2,0,2,1,January,6,Friday,6,Friday,2023,2023,16,4:00pm-4:59pm,16,4:00pm-4:59pm,10,10,10,10,12,Motor Vehicle In-Transport,12,Motor Vehicle In-Transport,6,Angle,6,Angle,0,No,0,No,8,Driveway Access Related,8,Driveway Access Related,1,Not an Intersection,1,On Roadway,0,,1,Daylight,1,Daylight,1,Clear,1,Clear,0,No,0,No,0,No Apparent Injury (O),0,No Apparent Injury (O),0,No Person Injured/Property Damage Only Crash,0,No Person Injured/Property Damage Only Crash,9,Reported as Unknown,2,No Alcohol Involved
202304648707,83,83,13,3,"South (MD, DE, DC, WV, VA, KY, TN, NC, SC, GA, FL, AL, MS, LA, AR, OK, TX)",1,Urban Area,7,Stratum 7 - M/H Truck or Bus,4148,159.29212129,0,0,2,2,0,1,1,January,6,Friday,6,Friday,2023,2023,18,6:00pm-6:59pm,18,6:00pm-6:59pm,45,45,45,45,12,Motor Vehicle In-Transport,12,Motor Vehicle In-Transport,8,Sideswipe - Opposite Direction,8,Sideswipe - Opposite Direction,0,No,0,No,8,Driveway Access Related,8,Driveway Access Related,1,Not an Intersection,1,On Roadway,0,,3,Dark - Lighted,3,Dark - Lighted,1,Clear,1,Clear,0,No,0,No,0,No Apparent Injury (O),0,No Apparent Injury (O),0,No Person Injured/Property Damage Only Crash,0,No Person Injured/Property Damage Only Crash,2,No Alcohol Involved,2,No Alcohol Involved
202304648735,22,22,5,1,"Northeast (PA, NJ, NY, NH, VT, RI, MA, ME, CT)",2,Rural Area,8,Stratum 8 - NLMY PV Minor Injury,4149,135.82165607,0,0,1,1,0,1,1,January,1,Sunday,1,Sunday,2023,2023,11,11:00am-11:59am,11,11:00am-11:59am,16,16,16,16,1,Rollover/Overturn,1,Rollover/Overturn,0,The First Harmful Event was Not a Collision with a Motor Vehicle In-Transport,0,The First Harmful Event was Not a Collision with a Motor Vehicle In-Transport,0,No,0,No,1,Non-Junction,1,Non-Junction,1,Not an Intersection,4,On Roadside,0,,1,Daylight,1,Daylight,1,Clear,1,Clear,0,No,0,No,1,Possible Injury (C),1,Possible Injury (C),1,1,1,1,2,No Alcohol Involved,2,No Alcohol Involved
202304648741,25,25,8,2,"Midwest (OH, IN, IL, MI, WI, MN, ND, SD, NE, IA, MO, KS)",1,Urban Area,10,Stratum 10 - Other,4150,218.84769319,0,0,2,2,0,2,1,January,1,Sunday,1,Sunday,2023,2023,18,6:00pm-6:59pm,18,6:00pm-6:59pm,12,12,12,12,12,Motor Vehicle In-Transport,12,Motor Vehicle In-Transport,7,Sideswipe - Same Direction,7,Sideswipe - Same Direction,0,No,0,No,1,Non-Junction,1,Non-Junction,1,Not an Intersection,1,On Roadway,0,,3,Dark - Lighted,3,Dark - Lighted,1,Clear,1,Clear,0,No,0,No,0,No Apparent Injury (O),0,No Apparent Injury (O),0,No Person Injured/Property Damage Only Crash,0,No Person Injured/Property Damage Only Crash,9,Reported as Unknown,2,No Alcohol Involved
202304648751,67,67,8,2,"Midwest (OH, IN, IL, MI, WI, MN, ND, SD, NE, IA, MO, KS)",1,Urban Area,10,Stratum 10 - Other,4152,216.86508996,0,0,2,2,0,2,1,January,5,Thursday,5,Thursday,2023,2023,11,11:00am-11:59am,11,11:00am-11:59am,25,25,25,25,12,Motor Vehicle In-Transport,12,Motor Vehicle In-Transport,6,Angle,6,Angle,0,No,0,No,2,Intersection,2,Intersection,2,Four-Way Intersection,1,On Roadway,0,,1,Daylight,1,Daylight,10,Cloudy,10,Cloudy,0,No,0,No,0,No Apparent Injury (O),0,No Apparent Injury (O),0,No Person Injured/Property Damage Only Crash,0,No Person Injured/Property Damage Only Crash,9,Reported as Unknown,2,No Alcohol Involved
202304648763,47,47,9,2,"Midwest (OH, IN, IL, MI, WI, MN, ND, SD, NE, IA, MO, KS)",2,Rural Area,10,Stratum 10 - Other,4153,218.1275432,0,0,1,1,0,3,1,January,1,Sunday,1,Sunday,2023,2023,6,6:00am-6:59am,6,6:00am-6:59am,54,54,54,54,11,Live Animal,11,Live Animal,0,The First Harmful Event was Not a Collision with a Motor Vehicle In-Transport,0,The First Harmful Event was Not a Collision with a Motor Vehicle In-Transport,0,No,0,No,1,Non-Junction,1,Non-Junction,1,Not an Intersection,1,On Roadway,0,,2,Dark - Not Lighted,2,Dark - Not Lighted,10,Cloudy,10,Cloudy,0,No,0,No,0,No Apparent Injury (O),0,No Apparent Injury (O),0,No Person Injured/Property Damage Only Crash,0,No Person Injured/Property Damage Only Crash,9,Reported as Unknown,2,No Alcohol Involved
202304648765,47,47,9,2,"Midwest (OH, IN, IL, MI, WI, MN, ND, SD, NE, IA, MO, KS)",2,Rural Area,8,Stratum 8 - NLMY PV Minor Injury,4153,132.26082933,0,0,2,2,0,4,1,January,5,Thursday,5,Thursday,2023,2023,15,3:00pm-3:59pm,15,3:00pm-3:59pm,42,42,42,42,12,Motor Vehicle In-Transport,12,Motor Vehicle In-Transport,2,Front-to-Front,2,Front-to-Front,0,No,0,No,8,Driveway Access Related,8,Driveway Access Related,1,Not an Intersection,1,On Roadway,0,,1,Daylight,1,Daylight,10,Cloudy,10,Cloudy,0,No,0,No,2,Suspected Minor Injury (B),2,Suspected Minor Injury (B),1,1,1,1,9,Reported as Unknown,2,No Alcohol Involved
202304648766,47,47,9,2,"Midwest (OH, IN, IL, MI, WI, MN, ND, SD, NE, IA, MO, KS)",2,Rural Area,6,Stratum 6 - LMY PV Minor Injury,4153,52.991202556,0,0,2,2,0,3,1,January,4,Wednesday,4,Wednesday,2023,2023,15,3:00pm-3:59pm,15,3:00pm-3:59pm,52,52,52,52,12,Motor Vehicle In-Transport,12,Motor Vehicle In-Transport,2,Front-to-Front,2,Front-to-Front,0,No,0,No,2,Intersection,2,Intersection,2,Four-Way Intersection,1,On Roadway,0,,1,Daylight,1,Daylight,1,Clear,1,Clear,0,No,0,No,2,Suspected Minor Injury (B),2,Suspected Minor Injury (B),1,1,1,1,9,Reported as Unknown,2,No Alcohol Involved
202304648996,60,60,21,4,"West (MT, ID, WA, OR, CA, NV, NM, AZ, UT, CO, WY, AK, HI)",1,Urban Area,9,Stratum 9 - LMY PV No Injuries in Crash,234,166.60273925,0,0,1,1,0,1,1,January,4,Wednesday,4,Wednesday,2023,2023,12,12:00pm-12:59pm,12,12:00pm-12:59pm,0,0,0,0,93,Unknown Fixed Object,93,Unknown Fixed Object,0,The First Harmful Event was Not a Collision with a Motor Vehicle In-Transport,0,The First Harmful Event was Not a Collision with a Motor Vehicle In-Transport,8,Not Reported,0,No,98,Not Reported,3,Intersection-Related,98,Not Reported,98,Not Reported,0,,1,Daylight,1,Daylight,2,Rain,2,Rain,0,No,0,No,0,No Apparent Injury (O),0,No Apparent Injury (O),0,No Person Injured/Property Damage Only Crash,0,No Person Injured/Property Damage Only Crash,2,No Alcohol Involved,2,No Alcohol Involved
202304651428,55,55,17,3,"South (MD, DE, DC, WV, VA, KY, TN, NC, SC, GA, FL, AL, MS, LA, AR, OK, TX)",2,Rural Area,8,Stratum 8 - NLMY PV Minor Injury,1055,133.60664239,0,0,3,3,0,4,1,January,2,Monday,2,Monday,2023,2023,19,7:00pm-7:59pm,19,7:00pm-7:59pm,1,1,1,1,12,Motor Vehicle In-Transport,12,Motor Vehicle In-Transport,1,Front-to-Rear,1,Front-to-Rear,0,No,0,No,1,Non-Junction,1,Non-Junction,1,Not an Intersection,1,On Roadway,0,,2,Dark - Not Lighted,2,Dark - Not Lighted,1,Clear,1,Clear,0,No,1,Yes,1,Possible Injury (C),1,Possible Injury (C),3,3,3,3,2,No Alcohol Involved,2,No Alcohol Involved
202304651430,55,55,17,3,"South (MD, DE, DC, WV, VA, KY, TN, NC, SC, GA, FL, AL, MS, LA, AR, OK, TX)",2,Rural Area,9,Stratum 9 - LMY PV No Injuries in Crash,1055,135.97825353,0,0,2,2,0,2,1,January,6,Friday,6,Friday,2023,2023,13,1:00pm-1:59pm,13,1:00pm-1:59pm,5,5,5,5,12,Motor Vehicle In-Transport,12,Motor Vehicle In-Transport,2,Front-to-Front,2,Front-to-Front,0,No,0,No,2,Intersection,2,Intersection,2,Four-Way Intersection,1,On Roadway,0,,1,Daylight,1,Daylight,1,Clear,1,Clear,0,No,0,No,0,No Apparent Injury (O),0,No Apparent Injury (O),0,No Person Injured/Property Damage Only Crash,0,No Person Injured/Property Damage Only Crash,2,No Alcohol Involved,2,No Alcohol Involved
202304651433,55,55,17,3,"South (MD, DE, DC, WV, VA, KY, TN, NC, SC, GA, FL, AL, MS, LA, AR, OK, TX)",2,Rural Area,9,Stratum 9 - LMY PV No Injuries in Crash,1070,135.97825353,0,0,2,2,0,2,1,January,3,Tuesday,3,Tuesday,2023,2023,14,2:00pm-2:59pm,14,2:00pm-2:59pm,39,39,39,39,12,Motor Vehicle In-Transport,12,Motor Vehicle In-Transport,1,Front-to-Rear,1,Front-to-Rear,0,No,0,No,1,Non-Junction,1,Non-Junction,1,Not an Intersection,1,On Roadway,0,,1,Daylight,1,Daylight,10,Cloudy,10,Cloudy,0,No,1,Yes,0,No Apparent Injury (O),0,No Apparent Injury (O),0,No Person Injured/Property Damage Only Crash,0,No Person Injured/Property Damage Only Crash,2,No Alcohol Involved,2,No Alcohol Involved
202304651434,55,55,17,3,"South (MD, DE, DC, WV, VA, KY, TN, NC, SC, GA, FL, AL, MS, LA, AR, OK, TX)",2,Rural Area,10,Stratum 10 - Other,1069,214.140904,0,0,2,2,0,3,1,January,2,Monday,2,Monday,2023,2023,18,6:00pm-6:59pm,18,6:00pm-6:59pm,40,40,40,40,12,Motor Vehicle In-Transport,12,Motor Vehicle In-Transport,6,Angle,6,Angle,0,No,0,No,2,Intersection,2,Intersection,2,Four-Way Intersection,1,On Roadway,0,,3,Dark - Lighted,3,Dark - Lighted,10,Cloudy,10,Cloudy,0,No,0,No,0,No Apparent Injury (O),0,No Apparent Injury (O),0,No Person Injured/Property Damage Only Crash,0,No Person Injured/Property Damage Only Crash,2,No Alcohol Involved,2,No Alcohol Involved
202304651435,55,55,17,3,"South (MD, DE, DC, WV, VA, KY, TN, NC, SC, GA, FL, AL, MS, LA, AR, OK, TX)",2,Rural Area,9,Stratum 9 - LMY PV No Injuries in Crash,1069,135.97825351,0,0,2,2,0,4,1,January,7,Saturday,7,Saturday,2023,2023,10,10:00am-10:59am,10,10:00am-10:59am,41,41,41,41,12,Motor Vehicle In-Transport,12,Motor Vehicle In-Transport,6,Angle,6,Angle,0,No,0,No,8,Driveway Access Related,8,Driveway Access Related,1,Not an Intersection,1,On Roadway,0,,1,Daylight,1,Daylight,1,Clear,1,Clear,0,No,0,No,0,No Apparent Injury (O),0,No Apparent Injury (O),0,No Person Injured/Property Damage Only Crash,0,No Person Injured/Property Damage Only Crash,2,No Alcohol Involved,2,No Alcohol Involved
202304651438,55,55,17,3,"South (MD, DE, DC, WV, VA, KY, TN, NC, SC, GA, FL, AL, MS, LA, AR, OK, TX)",2,Rural Area,6,Stratum 6 - LMY PV Minor Injury,1055,52.301783688,0,0,1,1,0,1,1,January,2,Monday,2,Monday,2023,2023,7,7:00am-7:59am,7,7:00am-7:59am,36,36,36,36,18,Other Object (not fixed),18,Other Object (not fixed),0,The First Harmful Event was Not a Collision with a Motor Vehicle In-Transport,0,The First Harmful Event was Not a Collision with a Motor Vehicle In-Transport,0,No,0,No,1,Non-Junction,1,Non-Junction,1,Not an Intersection,4,On Roadside,0,,1,Daylight,1,Daylight,10,Cloudy,10,Cloudy,0,No,0,No,2,Suspected Minor Injury (B),2,Suspected Minor Injury (B),1,1,1,1,2,No Alcohol Involved,2,No Alcohol Involved
202304651442,51,51,10,3,"South (MD, DE, DC, WV, VA, KY, TN, NC, SC, GA, FL, AL, MS, LA, AR, OK, TX)",1,Urban Area,6,Stratum 6 - LMY PV Minor Injury,1078,54.391954014,0,0,2,2,0,3,1,January,1,Sunday,1,Sunday,2023,2023,14,2:00pm-2:59pm,14,2:00pm-2:59pm,26,26,26,26,12,Motor Vehicle In-Transport,12,Motor Vehicle In-Transport,2,Front-to-Front,2,Front-to-Front,0,No,0,No,2,Intersection,2,Intersection,3,T-Intersection,1,On Roadway,0,,1,Daylight,1,Daylight,5,"Fog, Smog, Smoke",5,"Fog, Smog, Smoke",0,No,0,No,2,Suspected Minor Injury (B),2,Suspected Minor Injury (B),1,1,1,1,2,No Alcohol Involved,2,No Alcohol Involved
202304651563,51,51,10,3,"South (MD, DE, DC, WV, VA, KY, TN, NC, SC, GA, FL, AL, MS, LA, AR, OK, TX)",1,Urban Area,8,Stratum 8 - NLMY PV Minor Injury,1117,136.32339272,0,0,2,2,0,3,1,January,4,Wednesday,4,Wednesday,2023,2023,14,2:00pm-2:59pm,14,2:00pm-2:59pm,40,40,40,40,12,Motor Vehicle In-Transport,12,Motor Vehicle In-Transport,6,Angle,6,Angle,0,No,0,No,8,Driveway Access Related,8,Driveway Access Related,1,Not an Intersection,1,On Roadway,0,,1,Daylight,1,Daylight,1,Clear,1,Clear,0,No,0,No,1,Possible Injury (C),1,Possible Injury (C),3,3,3,3,2,No Alcohol Involved,2,No Alcohol Involved
202304651577,51,51,10,3,"South (MD, DE, DC, WV, VA, KY, TN, NC, SC, GA, FL, AL, MS, LA, AR, OK, TX)",1,Urban Area,9,Stratum 9 - LMY PV No Injuries in Crash,1114,141.13596372,0,0,2,2,0,3,1,January,6,Friday,6,Friday,2023,2023,22,10:00pm-10:59pm,22,10:00pm-10:59pm,7,7,7,7,12,Motor Vehicle In-Transport,12,Motor Vehicle In-Transport,1,Front-to-Rear,1,Front-to-Rear,0,No,0,No,3,Intersection-Related,3,Intersection-Related,2,Four-Way Intersection,1,On Roadway,0,,3,Dark - Lighted,3,Dark - Lighted,1,Clear,1,Clear,0,No,0,No,0,No Apparent Injury (O),0,No Apparent Injury (O),0,No Person Injured/Property Damage Only Crash,0,No Person Injured/Property Damage Only Crash,2,No Alcohol Involved,2,No Alcohol Involved
202304651670,60,60,21,4,"West (MT, ID, WA, OR, CA, NV, NM, AZ, UT, CO, WY, AK, HI)",1,Urban Area,2,Stratum 2 - Not a MV Occupant Any Injury,234,27.562321774,1,1,1,1,0,1,1,January,6,Friday,6,Friday,2023,2023,8,8:00am-8:59am,8,8:00am-8:59am,44,44,44,44,9,Pedalcyclist,9,Pedalcyclist,0,The First Harmful Event was Not a Collision with a Motor Vehicle In-Transport,0,The First Harmful Event was Not a Collision with a Motor Vehicle In-Transport,0,No,0,No,1,Non-Junction,1,Non-Junction,1,Not an Intersection,1,On Roadway,0,,1,Daylight,1,Daylight,1,Clear,1,Clear,0,No,0,No,2,Suspected Minor Injury (B),2,Suspected Minor Injury (B),1,1,1,1,2,No Alcohol Involved,2,No Alcohol Involved
202304651689,63,63,16,3,"South (MD, DE, DC, WV, VA, KY, TN, NC, SC, GA, FL, AL, MS, LA, AR, OK, TX)",2,Rural Area,10,Stratum 10 - Other,4135,216.81106297,0,0,2,2,0,2,1,January,4,Wednesday,4,Wednesday,2023,2023,11,11:00am-11:59am,11,11:00am-11:59am,17,17,17,17,12,Motor Vehicle In-Transport,12,Motor Vehicle In-Transport,9,Rear-to-Side,9,Rear-to-Side,0,No,0,No,1,Non-Junction,1,Non-Junction,1,Not an Intersection,1,On Roadway,0,,1,Daylight,1,Daylight,1,Clear,1,Clear,0,No,0,No,0,No Apparent Injury (O),0,No Apparent Injury (O),0,No Person Injured/Property Damage Only Crash,0,No Person Injured/Property Damage Only Crash,9,Reported as Unknown,2,No Alcohol Involved
202304651693,63,63,16,3,"South (MD, DE, DC, WV, VA, KY, TN, NC, SC, GA, FL, AL, MS, LA, AR, OK, TX)",2,Rural Area,2,Stratum 2 - Not a MV Occupant Any Injury,4135,24.557171418,1,1,1,1,0,1,1,January,2,Monday,2,Monday,2023,2023,11,11:00am-11:59am,11,11:00am-11:59am,22,22,22,22,8,Pedestrian,8,Pedestrian,0,The First Harmful Event was Not a Collision with a Motor Vehicle In-Transport,0,The First Harmful Event was Not a Collision with a Motor Vehicle In-Transport,0,No,0,No,1,Non-Junction,1,Non-Junction,1,Not an Intersection,1,On Roadway,0,,1,Daylight,1,Daylight,10,Cloudy,10,Cloudy,0,No,0,No,1,Possible Injury (C),1,Possible Injury (C),1,1,1,1,9,Reported as Unknown,2,No Alcohol Involved
202304651696,63,63,16,3,"South (MD, DE, DC, WV, VA, KY, TN, NC, SC, GA, FL, AL, MS, LA, AR, OK, TX)",2,Rural Area,6,Stratum 6 - LMY PV Minor Injury,4135,52.930660016,0,0,2,2,0,3,1,January,2,Monday,2,Monday,2023,2023,14,2:00pm-2:59pm,14,2:00pm-2:59pm,35,35,35,35,12,Motor Vehicle In-Transport,12,Motor Vehicle In-Transport,6,Angle,6,Angle,0,No,0,No,2,Intersection,2,Intersection,2,Four-Way Intersection,1,On Roadway,0,,1,Daylight,1,Daylight,2,Rain,2,Rain,0,No,0,No,1,Possible Injury (C),1,Possible Injury (C),1,1,1,1,9,Reported as Unknown,2,No Alcohol Involved
202304651697,63,63,16,3,"South (MD, DE, DC, WV, VA, KY, TN, NC, SC, GA, FL, AL, MS, LA, AR, OK, TX)",2,Rural Area,3,Stratum 3 - Motorcycle Any Injury,4135,25.357948747,0,0,1,1,0,2,1,January,1,Sunday,1,Sunday,2023,2023,13,1:00pm-1:59pm,13,1:00pm-1:59pm,20,20,20,20,1,Rollover/Overturn,1,Rollover/Overturn,0,The First Harmful Event was Not a Collision with a Motor Vehicle In-Transport,0,The First Harmful Event was Not a Collision with a Motor Vehicle In-Transport,0,No,0,No,1,Non-Junction,1,Non-Junction,1,Not an Intersection,1,On Roadway,0,,1,Daylight,1,Daylight,10,Cloudy,10,Cloudy,0,No,0,No,3,Suspected Serious Injury (A),3,Suspected Serious Injury (A),2,2,2,2,9,Reported as Unknown,2,No Alcohol Involved
202304651705,63,63,16,3,"South (MD, DE, DC, WV, VA, KY, TN, NC, SC, GA, FL, AL, MS, LA, AR, OK, TX)",2,Rural Area,10,Stratum 10 - Other,4135,216.81106297,0,0,2,2,0,2,1,January,3,Tuesday,3,Tuesday,2023,2023,13,1:00pm-1:59pm,13,1:00pm-1:59pm,35,35,35,35,12,Motor Vehicle In-Transport,12,Motor Vehicle In-Transport,6,Angle,6,Angle,0,No,0,No,2,Intersection,2,Intersection,2,Four-Way Intersection,1,On Roadway,0,,1,Daylight,1,Daylight,1,Clear,1,Clear,0,No,0,No,0,No Apparent Injury (O),0,No Apparent Injury (O),0,No Person Injured/Property Damage Only Crash,0,No Person Injured/Property Damage Only Crash,9,Reported as Unknown,2,No Alcohol Involved
202304651744,59,59,10,3,"South (MD, DE, DC, WV, VA, KY, TN, NC, SC, GA, FL, AL, MS, LA, AR, OK, TX)",1,Urban Area,9,Stratum 9 - LMY PV No Injuries in Crash,4137,142.15884183,0,0,2,2,0,5,1,January,5,Thursday,5,Thursday,2023,2023,13,1:00pm-1:59pm,13,1:00pm-1:59pm,40,40,40,40,12,Motor Vehicle In-Transport,12,Motor Vehicle In-Transport,1,Front-to-Rear,1,Front-to-Rear,0,No,0,No,1,Non-Junction,1,Non-Junction,1,Not an Intersection,1,On Roadway,0,,1,Daylight,1,Daylight,1,Clear,1,Clear,0,No,0,No,0,No Apparent Injury (O),0,No Apparent Injury (O),0,No Person Injured/Property Damage Only Crash,0,No Person Injured/Property Damage Only Crash,2,No Alcohol Involved,2,No Alcohol Involved
202304651862,65,65,13,3,"South (MD, DE, DC, WV, VA, KY, TN, NC, SC, GA, FL, AL, MS, LA, AR, OK, TX)",1,Urban Area,6,Stratum 6 - LMY PV Minor Injury,4138,54.455054376,0,0,2,2,0,2,1,January,2,Monday,2,Monday,2023,2023,18,6:00pm-6:59pm,18,6:00pm-6:59pm,39,39,39,39,12,Motor Vehicle In-Transport,12,Motor Vehicle In-Transport,1,Front-to-Rear,1,Front-to-Rear,1,Yes,1,Yes,18,Through Roadway,18,Through Roadway,1,Not an Intersection,1,On Roadway,1,Construction,2,Dark - Not Lighted,2,Dark - Not Lighted,10,Cloudy,10,Cloudy,0,No,0,No,1,Possible Injury (C),1,Possible Injury (C),1,1,1,1,9,Reported as Unknown,2,No Alcohol Involved
202304651873,65,65,13,3,"South (MD, DE, DC, WV, VA, KY, TN, NC, SC, GA, FL, AL, MS, LA, AR, OK, TX)",1,Urban Area,9,Stratum 9 - LMY PV No Injuries in Crash,4138,140.8455736,0,0,2,2,0,2,1,January,4,Wednesday,4,Wednesday,2023,2023,18,6:00pm-6:59pm,18,6:00pm-6:59pm,20,20,20,20,12,Motor Vehicle In-Transport,12,Motor Vehicle In-Transport,2,Front-to-Front,2,Front-to-Front,0,No,0,No,2,Intersection,2,Intersection,2,Four-Way Intersection,1,On Roadway,0,,3,Dark - Lighted,3,Dark - Lighted,1,Clear,1,Clear,0,No,0,No,0,No Apparent Injury (O),0,No Apparent Injury (O),0,No Person Injured/Property Damage Only Crash,0,No Person Injured/Property Damage Only Crash,9,Reported as Unknown,2,No Alcohol Involved
202304651972,65,65,13,3,"South (MD, DE, DC, WV, VA, KY, TN, NC, SC, GA, FL, AL, MS, LA, AR, OK, TX)",1,Urban Area,10,Stratum 10 - Other,4138,221.11846351,0,0,1,1,0,1,1,January,3,Tuesday,3,Tuesday,2023,2023,5,5:00am-5:59am,5,5:00am-5:59am,45,45,45,45,52,Guardrail End,52,Guardrail End,0,The First Harmful Event was Not a Collision with a Motor Vehicle In-Transport,0,The First Harmful Event was Not a Collision with a Motor Vehicle In-Transport,0,No,0,No,1,Non-Junction,1,Non-Junction,1,Not an Intersection,4,On Roadside,0,,2,Dark - Not Lighted,2,Dark - Not Lighted,1,Clear,1,Clear,0,No,0,No,0,No Apparent Injury (O),0,No Apparent Injury (O),0,No Person Injured/Property Damage Only Crash,0,No Person Injured/Property Damage Only Crash,9,Reported as Unknown,2,No Alcohol Involved
202304652006,28,28,11,3,"South (MD, DE, DC, WV, VA, KY, TN, NC, SC, GA, FL, AL, MS, LA, AR, OK, TX)",1,Urban Area,9,Stratum 9 - LMY PV No Injuries in Crash,4139,141.34570405,0,0,2,2,0,2,1,January,6,Friday,6,Friday,2023,2023,7,7:00am-7:59am,7,7:00am-7:59am,40,40,40,40,12,Motor Vehicle In-Transport,12,Motor Vehicle In-Transport,1,Front-to-Rear,1,Front-to-Rear,0,No,0,No,1,Non-Junction,1,Non-Junction,1,Not an Intersection,1,On Roadway,0,,1,Daylight,1,Daylight,1,Clear,1,Clear,0,No,1,Yes,0,No Apparent Injury (O),0,No Apparent Injury (O),0,No Person Injured/Property Damage Only Crash,0,No Person Injured/Property Damage Only Crash,2,No Alcohol Involved,2,No Alcohol Involved
202304652043,28,28,11,3,"South (MD, DE, DC, WV, VA, KY, TN, NC, SC, GA, FL, AL, MS, LA, AR, OK, TX)",1,Urban Area,2,Stratum 2 - Not a MV Occupant Any Injury,4139,23.42444426,1,1,1,1,0,1,1,January,7,Saturday,7,Saturday,2023,2023,13,1:00pm-1:59pm,13,1:00pm-1:59pm,9,9,9,9,9,Pedalcyclist,9,Pedalcyclist,0,The First Harmful Event was Not a Collision with a Motor Vehicle In-Transport,0,The First Harmful Event was Not a Collision with a Motor Vehicle In-Transport,0,No,0,No,1,Non-Junction,1,Non-Junction,1,Not an Intersection,2,On Shoulder,0,,1,Daylight,1,Daylight,1,Clear,1,Clear,0,No,0,No,2,Suspected Minor Injury (B),2,Suspected Minor Injury (B),1,1,2,2,9,Reported as Unknown,2,No Alcohol Involved
202304652053,28,28,11,3,"South (MD, DE, DC, WV, VA, KY, TN, NC, SC, GA, FL, AL, MS, LA, AR, OK, TX)",1,Urban Area,8,Stratum 8 - NLMY PV Minor Injury,4139,135.09245684,0,0,2,2,0,3,1,January,1,Sunday,1,Sunday,2023,2023,0,0:00am-0:59am,0,0:00am-0:59am,5,5,5,5,12,Motor Vehicle In-Transport,12,Motor Vehicle In-Transport,6,Angle,6,Angle,0,No,0,No,2,Intersection,2,Intersection,2,Four-Way Intersection,1,On Roadway,0,,3,Dark - Lighted,3,Dark - Lighted,1,Clear,1,Clear,0,No,0,No,2,Suspected Minor Injury (B),2,Suspected Minor Injury (B),1,1,1,1,2,No Alcohol Involved,2,No Alcohol Involved
202304652082,12,12,12,3,"South (MD, DE, DC, WV, VA, KY, TN, NC, SC, GA, FL, AL, MS, LA, AR, OK, TX)",1,Urban Area,2,Stratum 2 - Not a MV Occupant Any Injury,4142,23.399878123,1,1,1,1,0,5,1,January,1,Sunday,1,Sunday,2023,2023,16,4:00pm-4:59pm,16,4:00pm-4:59pm,40,40,40,40,9,Pedalcyclist,9,Pedalcyclist,0,The First Harmful Event was Not a Collision with a Motor Vehicle In-Transport,0,The First Harmful Event was Not a Collision with a Motor Vehicle In-Transport,0,No,0,No,3,Intersection-Related,3,Intersection-Related,2,Four-Way Intersection,1,On Roadway,0,,1,Daylight,1,Daylight,1,Clear,1,Clear,0,No,0,No,1,Possible Injury (C),1,Possible Injury (C),1,1,1,1,2,No Alcohol Involved,2,No Alcohol Involved
202304652099,12,12,12,3,"South (MD, DE, DC, WV, VA, KY, TN, NC, SC, GA, FL, AL, MS, LA, AR, OK, TX)",1,Urban Area,3,Stratum 3 - Motorcycle Any Injury,4142,26.320422443,0,0,2,2,0,2,1,January,7,Saturday,7,Saturday,2023,2023,18,6:00pm-6:59pm,18,6:00pm-6:59pm,11,11,11,11,12,Motor Vehicle In-Transport,12,Motor Vehicle In-Transport,6,Angle,6,Angle,0,No,0,No,2,Intersection,2,Intersection,2,Four-Way Intersection,1,On Roadway,0,,5,Dusk,5,Dusk,1,Clear,1,Clear,0,No,0,No,2,Suspected Minor Injury (B),2,Suspected Minor Injury (B),2,2,2,2,2,No Alcohol Involved,2,No Alcohol Involved
202304652112,12,12,12,3,"South (MD, DE, DC, WV, VA, KY, TN, NC, SC, GA, FL, AL, MS, LA, AR, OK, TX)",1,Urban Area,10,Stratum 10 - Other,4142,222.0578669,0,0,2,2,0,2,1,January,1,Sunday,1,Sunday,2023,2023,6,6:00am-6:59am,6,6:00am-6:59am,15,15,15,15,12,Motor Vehicle In-Transport,12,Motor Vehicle In-Transport,1,Front-to-Rear,1,Front-to-Rear,0,No,0,No,3,Intersection-Related,3,Intersection-Related,2,Four-Way Intersection,1,On Roadway,0,,4,Dawn,4,Dawn,1,Clear,1,Clear,0,No,0,No,0,No Apparent Injury (O),0,No Apparent Injury (O),0,No Person Injured/Property Damage Only Crash,0,No Person Injured/Property Damage Only Crash,9,Reported as Unknown,2,No Alcohol Involved
202304652188,77,77,9,2,"Midwest (OH, IN, IL, MI, WI, MN, ND, SD, NE, IA, MO, KS)",2,Rural Area,10,Stratum 10 - Other,4151,217.37927863,0,0,2,2,0,3,1,January,6,Friday,6,Friday,2023,2023,15,3:00pm-3:59pm,15,3:00pm-3:59pm,32,32,32,32,12,Motor Vehicle In-Transport,12,Motor Vehicle In-Transport,6,Angle,6,Angle,0,No,0,No,2,Intersection,2,Intersection,2,Four-Way Intersection,1,On Roadway,0,,1,Daylight,1,Daylight,1,Clear,1,Clear,0,No,0,No,0,No Apparent Injury (O),0,No Apparent Injury (O),0,No Person Injured/Property Damage Only Crash,0,No Person Injured/Property Damage Only Crash,9,Reported as Unknown,2,No Alcohol Involved
202304652199,39,39,7,2,"Midwest (OH, IN, IL, MI, WI, MN, ND, SD, NE, IA, MO, KS)",1,Urban Area,10,Stratum 10 - Other,4154,210.86019124,0,0,1,1,0,1,1,January,2,Monday,2,Monday,2023,2023,8,8:00am-8:59am,8,8:00am-8:59am,20,20,20,20,1,Rollover/Overturn,1,Rollover/Overturn,0,The First Harmful Event was Not a Collision with a Motor Vehicle In-Transport,0,The First Harmful Event was Not a Collision with a Motor Vehicle In-Transport,1,Yes,1,Yes,5,Entrance/Exit Ramp Related,5,Entrance/Exit Ramp Related,1,Not an Intersection,3,On Median,0,,1,Daylight,1,Daylight,10,Cloudy,10,Cloudy,0,No,0,No,0,No Apparent Injury (O),0,No Apparent Injury (O),0,No Person Injured/Property Damage Only Crash,0,No Person Injured/Property Damage Only Crash,2,No Alcohol Involved,2,No Alcohol Involved
202304652865,20,20,25,4,"West (MT, ID, WA, OR, CA, NV, NM, AZ, UT, CO, WY, AK, HI)",2,Rural Area,7,Stratum 7 - M/H Truck or Bus,4140,153.11569408,0,0,2,2,0,6,1,January,4,Wednesday,4,Wednesday,2023,2023,16,4:00pm-4:59pm,16,4:00pm-4:59pm,5,5,5,5,12,Motor Vehicle In-Transport,12,Motor Vehicle In-Transport,1,Front-to-Rear,1,Front-to-Rear,0,No,0,No,3,Intersection-Related,3,Intersection-Related,2,Four-Way Intersection,1,On Roadway,0,,1,Daylight,1,Daylight,1,Clear,1,Clear,0,No,0,No,0,No Apparent Injury (O),0,No Apparent Injury (O),0,No Person Injured/Property Damage Only Crash,0,No Person Injured/Property Damage Only Crash,9,Reported as Unknown,2,No Alcohol Involved
202304652869,20,20,25,4,"West (MT, ID, WA, OR, CA, NV, NM, AZ, UT, CO, WY, AK, HI)",2,Rural Area,10,Stratum 10 - Other,4140,213.05441116,0,0,2,2,0,2,1,January,6,Friday,6,Friday,2023,2023,14,2:00pm-2:59pm,14,2:00pm-2:59pm,58,58,58,58,12,Motor Vehicle In-Transport,12,Motor Vehicle In-Transport,1,Front-to-Rear,1,Front-to-Rear,0,No,0,No,1,Non-Junction,1,Non-Junction,1,Not an Intersection,1,On Roadway,0,,1,Daylight,1,Daylight,2,Rain,2,Rain,0,No,0,No,0,No Apparent Injury (O),0,No Apparent Injury (O),0,No Person Injured/Property Damage Only Crash,0,No Person Injured/Property Damage Only Crash,9,Reported as Unknown,2,No Alcohol Involved
202304652870,20,20,25,4,"West (MT, ID, WA, OR, CA, NV, NM, AZ, UT, CO, WY, AK, HI)",2,Rural Area,2,Stratum 2 - Not a MV Occupant Any Injury,4140,25.348011995,1,1,1,1,0,1,1,January,2,Monday,2,Monday,2023,2023,7,7:00am-7:59am,7,7:00am-7:59am,9,9,9,9,8,Pedestrian,8,Pedestrian,0,The First Harmful Event was Not a Collision with a Motor Vehicle In-Transport,0,The First Harmful Event was Not a Collision with a Motor Vehicle In-Transport,0,No,0,No,3,Intersection-Related,3,Intersection-Related,2,Four-Way Intersection,1,On Roadway,0,,4,Dawn,4,Dawn,1,Clear,1,Clear,0,No,0,No,2,Suspected Minor Injury (B),2,Suspected Minor Injury (B),1,1,1,1,9,Reported as Unknown,2,No Alcohol Involved
202304652879,20,20,25,4,"West (MT, ID, WA, OR, CA, NV, NM, AZ, UT, CO, WY, AK, HI)",2,Rural Area,6,Stratum 6 - LMY PV Minor Injury,4140,52.300328546,0,0,2,2,0,4,1,January,2,Monday,2,Monday,2023,2023,15,3:00pm-3:59pm,15,3:00pm-3:59pm,18,18,18,18,12,Motor Vehicle In-Transport,12,Motor Vehicle In-Transport,6,Angle,6,Angle,0,No,0,No,2,Intersection,2,Intersection,2,Four-Way Intersection,1,On Roadway,0,,1,Daylight,1,Daylight,4,Snow,4,Snow,0,No,0,No,2,Suspected Minor Injury (B),2,Suspected Minor Injury (B),2,2,2,2,2,No Alcohol Involved,2,No Alcohol Involved
202304652884,35,35,13,3,"South (MD, DE, DC, WV, VA, KY, TN, NC, SC, GA, FL, AL, MS, LA, AR, OK, TX)",1,Urban Area,4,Stratum 4 - LMY PV Serious Injury,4141,11.066720403,0,0,2,2,0,3,1,January,3,Tuesday,3,Tuesday,2023,2023,17,5:00pm-5:59pm,17,5:00pm-5:59pm,1,1,1,1,12,Motor Vehicle In-Transport,12,Motor Vehicle In-Transport,2,Front-to-Front,2,Front-to-Front,0,No,0,No,1,Non-Junction,1,Non-Junction,1,Not an Intersection,1,On Roadway,0,,3,Dark - Lighted,3,Dark - Lighted,1,Clear,1,Clear,0,No,0,No,4,Fatal Injury (K),4,Fatal Injury (K),3,3,3,3,2,No Alcohol Involved,2,No Alcohol Involved
202304652896,35,35,13,3,"South (MD, DE, DC, WV, VA, KY, TN, NC, SC, GA, FL, AL, MS, LA, AR, OK, TX)",1,Urban Area,2,Stratum 2 - Not a MV Occupant Any Injury,4141,23.828711166,1,1,1,1,0,2,1,January,6,Friday,6,Friday,2023,2023,15,3:00pm-3:59pm,15,3:00pm-3:59pm,4,4,4,4,8,Pedestrian,8,Pedestrian,0,The First Harmful Event was Not a Collision with a Motor Vehicle In-Transport,0,The First Harmful Event was Not a Collision with a Motor Vehicle In-Transport,0,No,0,No,1,Non-Junction,1,Non-Junction,1,Not an Intersection,1,On Roadway,0,,1,Daylight,1,Daylight,1,Clear,1,Clear,0,No,1,Yes,1,Possible Injury (C),1,Possible Injury (C),1,1,1,1,2,No Alcohol Involved,2,No Alcohol Involved
202304652928,58,58,6,2,"Midwest (OH, IN, IL, MI, WI, MN, ND, SD, NE, IA, MO, KS)",1,Urban Area,2,Stratum 2 - Not a MV Occupant Any Injury,4143,22.658477784,1,1,1,1,0,1,1,January,7,Saturday,7,Saturday,2023,2023,10,10:00am-10:59am,10,10:00am-10:59am,55,55,55,55,8,Pedestrian,8,Pedestrian,0,The First Harmful Event was Not a Collision with a Motor Vehicle In-Transport,0,The First Harmful Event was Not a Collision with a Motor Vehicle In-Transport,0,No,0,No,3,Intersection-Related,3,Intersection-Related,2,Four-Way Intersection,1,On Roadway,0,,1,Daylight,1,Daylight,1,Clear,1,Clear,0,No,0,No,1,Possible Injury (C),1,Possible Injury (C),1,1,1,1,2,No Alcohol Involved,2,No Alcohol Involved
202304652933,58,58,6,2,"Midwest (OH, IN, IL, MI, WI, MN, ND, SD, NE, IA, MO, KS)",1,Urban Area,10,Stratum 10 - Other,4143,213.68759167,0,0,2,2,0,2,1,January,7,Saturday,7,Saturday,2023,2023,16,4:00pm-4:59pm,16,4:00pm-4:59pm,0,0,0,0,12,Motor Vehicle In-Transport,12,Motor Vehicle In-Transport,6,Angle,6,Angle,0,No,0,No,4,Driveway Access,4,Driveway Access,1,Not an Intersection,1,On Roadway,0,,1,Daylight,1,Daylight,10,Cloudy,10,Cloudy,0,No,0,No,0,No Apparent Injury (O),0,No Apparent Injury (O),0,No Person Injured/Property Damage Only Crash,0,No Person Injured/Property Damage Only Crash,2,No Alcohol Involved,2,No Alcohol Involved
202304652954,75,75,19,3,"South (MD, DE, DC, WV, VA, KY, TN, NC, SC, GA, FL, AL, MS, LA, AR, OK, TX)",2,Rural Area,2,Stratum 2 - Not a MV Occupant Any Injury,4144,30.019745238,1,1,1,1,0,1,1,January,2,Monday,2,Monday,2023,2023,5,5:00am-5:59am,5,5:00am-5:59am,45,45,45,45,8,Pedestrian,8,Pedestrian,0,The First Harmful Event was Not a Collision with a Motor Vehicle In-Transport,0,The First Harmful Event was Not a Collision with a Motor Vehicle In-Transport,0,No,0,No,1,Non-Junction,1,Non-Junction,1,Not an Intersection,1,On Roadway,0,,2,Dark - Not Lighted,2,Dark - Not Lighted,1,Clear,1,Clear,0,No,0,No,4,Fatal Injury (K),4,Fatal Injury (K),1,1,1,1,9,Reported as Unknown,2,No Alcohol Involved
202304652956,32,32,17,3,"South (MD, DE, DC, WV, VA, KY, TN, NC, SC, GA, FL, AL, MS, LA, AR, OK, TX)",2,Rural Area,8,Stratum 8 - NLMY PV Minor Injury,4145,132.26105527,0,0,3,3,0,3,1,January,4,Wednesday,4,Wednesday,2023,2023,17,5:00pm-5:59pm,17,5:00pm-5:59pm,25,25,25,25,12,Motor Vehicle In-Transport,12,Motor Vehicle In-Transport,1,Front-to-Rear,1,Front-to-Rear,0,No,0,No,3,Intersection-Related,3,Intersection-Related,2,Four-Way Intersection,1,On Roadway,0,,1,Daylight,1,Daylight,1,Clear,1,Clear,0,No,0,No,2,Suspected Minor Injury (B),2,Suspected Minor Injury (B),1,1,1,1,2,No Alcohol Involved,2,No Alcohol Involved
202304652963,32,32,17,3,"South (MD, DE, DC, WV, VA, KY, TN, NC, SC, GA, FL, AL, MS, LA, AR, OK, TX)",2,Rural Area,9,Stratum 9 - LMY PV No Injuries in Crash,4145,139.52294719,0,0,2,2,0,2,1,January,1,Sunday,1,Sunday,2023,2023,9,9:00am-9:59am,9,9:00am-9:59am,11,11,11,11,12,Motor Vehicle In-Transport,12,Motor Vehicle In-Transport,6,Angle,6,Angle,0,No,0,No,1,Non-Junction,1,Non-Junction,1,Not an Intersection,1,On Roadway,0,,1,Daylight,1,Daylight,2,Rain,2,Rain,0,No,0,No,0,No Apparent Injury (O),0,No Apparent Injury (O),0,No Person Injured/Property Damage Only Crash,0,No Person Injured/Property Damage Only Crash,2,No Alcohol Involved,2,No Alcohol Involved
202304652967,32,32,17,3,"South (MD, DE, DC, WV, VA, KY, TN, NC, SC, GA, FL, AL, MS, LA, AR, OK, TX)",2,Rural Area,10,Stratum 10 - Other,4145,220.3414238,0,0,1,1,0,3,1,January,1,Sunday,1,Sunday,2023,2023,9,9:00am-9:59am,9,9:00am-9:59am,25,25,25,25,24,Guardrail Face,24,Guardrail Face,0,The First Harmful Event was Not a Collision with a Motor Vehicle In-Transport,0,The First Harmful Event was Not a Collision with a Motor Vehicle In-Transport,1,Yes,1,Yes,19,Other location within Interchange Area,19,Other location within Interchange Area,1,Not an Intersection,4,On Roadside,0,,1,Daylight,1,Daylight,2,Rain,2,Rain,0,No,1,Yes,0,No Apparent Injury (O),0,No Apparent Injury (O),0,No Person Injured/Property Damage Only Crash,0,No Person Injured/Property Damage Only Crash,2,No Alcohol Involved,2,No Alcohol Involved
202304652976,83,83,13,3,"South (MD, DE, DC, WV, VA, KY, TN, NC, SC, GA, FL, AL, MS, LA, AR, OK, TX)",1,Urban Area,9,Stratum 9 - LMY PV No Injuries in Crash,4148,141.94136347,0,0,2,2,0,2,1,January,1,Sunday,1,Sunday,2023,2023,99,Unknown Hours,22,10:00pm-10:59pm,99,Unknown Minutes,37,37,12,Motor Vehicle In-Transport,12,Motor Vehicle In-Transport,6,Angle,6,Angle,0,No,0,No,2,Intersection,2,Intersection,2,Four-Way Intersection,1,On Roadway,0,,3,Dark - Lighted,3,Dark - Lighted,1,Clear,1,Clear,0,No,0,No,0,No Apparent Injury (O),0,No Apparent Injury (O),0,No Person Injured/Property Damage Only Crash,0,No Person Injured/Property Damage Only Crash,2,No Alcohol Involved,2,No Alcohol Involved
202304653000,83,83,13,3,"South (MD, DE, DC, WV, VA, KY, TN, NC, SC, GA, FL, AL, MS, LA, AR, OK, TX)",1,Urban Area,2,Stratum 2 - Not a MV Occupant Any Injury,4148,23.528556331,1,1,1,1,0,2,1,January,7,Saturday,7,Saturday,2023,2023,0,0:00am-0:59am,0,0:00am-0:59am,3,3,3,3,8,Pedestrian,8,Pedestrian,0,The First Harmful Event was Not a Collision with a Motor Vehicle In-Transport,0,The First Harmful Event was Not a Collision with a Motor Vehicle In-Transport,0,No,0,No,3,Intersection-Related,3,Intersection-Related,2,Four-Way Intersection,1,On Roadway,0,,3,Dark - Lighted,3,Dark - Lighted,1,Clear,1,Clear,0,No,0,No,1,Possible Injury (C),1,Possible Injury (C),1,1,1,1,2,No Alcohol Involved,2,No Alcohol Involved
202304653038,83,83,13,3,"South (MD, DE, DC, WV, VA, KY, TN, NC, SC, GA, FL, AL, MS, LA, AR, OK, TX)",1,Urban Area,10,Stratum 10 - Other,4148,223.23894247,0,0,1,1,0,1,1,January,7,Saturday,7,Saturday,2023,2023,21,9:00pm-9:59pm,21,9:00pm-9:59pm,15,15,15,15,40,Fire Hydrant,40,Fire Hydrant,0,The First Harmful Event was Not a Collision with a Motor Vehicle In-Transport,0,The First Harmful Event was Not a Collision with a Motor Vehicle In-Transport,0,No,0,No,99,Reported as Unknown,3,Intersection-Related,98,Not Reported,4,On Roadside,0,,3,Dark - Lighted,3,Dark - Lighted,2,Rain,2,Rain,0,No,0,No,9,Unknown/Not Reported,0,No Apparent Injury (O),99,All Persons in Crash are Unknown If Injured,0,No Person Injured/Property Damage Only Crash,9,Reported as Unknown,1,Alcohol Involved
202304653058,83,83,13,3,"South (MD, DE, DC, WV, VA, KY, TN, NC, SC, GA, FL, AL, MS, LA, AR, OK, TX)",1,Urban Area,6,Stratum 6 - LMY PV Minor Injury,4148,54.752239818,0,0,2,2,0,2,1,January,7,Saturday,7,Saturday,2023,2023,23,11:00pm-11:59pm,23,11:00pm-11:59pm,20,20,20,20,12,Motor Vehicle In-Transport,12,Motor Vehicle In-Transport,6,Angle,6,Angle,0,No,0,No,2,Intersection,2,Intersection,2,Four-Way Intersection,1,On Roadway,0,,3,Dark - Lighted,3,Dark - Lighted,5,"Fog, Smog, Smoke",5,"Fog, Smog, Smoke",0,No,0,No,1,Possible Injury (C),1,Possible Injury (C),1,1,1,1,9,Reported as Unknown,2,No Alcohol Involved
202304653087,25,25,8,2,"Midwest (OH, IN, IL, MI, WI, MN, ND, SD, NE, IA, MO, KS)",1,Urban Area,9,Stratum 9 - LMY PV No Injuries in Crash,4150,138.4046856,0,0,3,3,0,3,1,January,1,Sunday,1,Sunday,2023,2023,21,9:00pm-9:59pm,21,9:00pm-9:59pm,57,57,57,57,12,Motor Vehicle In-Transport,12,Motor Vehicle In-Transport,1,Front-to-Rear,1,Front-to-Rear,0,No,0,No,3,Intersection-Related,3,Intersection-Related,3,T-Intersection,1,On Roadway,0,,3,Dark - Lighted,3,Dark - Lighted,1,Clear,1,Clear,0,No,0,No,0,No Apparent Injury (O),0,No Apparent Injury (O),0,No Person Injured/Property Damage Only Crash,0,No Person Injured/Property Damage Only Crash,9,Reported as Unknown,2,No Alcohol Involved
202304653111,25,25,8,2,"Midwest (OH, IN, IL, MI, WI, MN, ND, SD, NE, IA, MO, KS)",1,Urban Area,10,Stratum 10 - Other,4150,218.84769319,0,0,2,2,0,2,1,January,2,Monday,2,Monday,2023,2023,12,12:00pm-12:59pm,12,12:00pm-12:59pm,44,44,44,44,12,Motor Vehicle In-Transport,12,Motor Vehicle In-Transport,1,Front-to-Rear,1,Front-to-Rear,0,No,0,No,3,Intersection-Related,3,Intersection-Related,3,T-Intersection,1,On Roadway,0,,1,Daylight,1,Daylight,1,Clear,1,Clear,0,No,0,No,0,No Apparent Injury (O),0,No Apparent Injury (O),0,No Person Injured/Property Damage Only Crash,0,No Person Injured/Property Damage Only Crash,9,Reported as Unknown,2,No Alcohol Involved
202304653116,25,25,8,2,"Midwest (OH, IN, IL, MI, WI, MN, ND, SD, NE, IA, MO, KS)",1,Urban Area,6,Stratum 6 - LMY PV Minor Injury,4150,53.178957614,0,0,2,2,0,5,1,January,5,Thursday,5,Thursday,2023,2023,19,7:00pm-7:59pm,19,7:00pm-7:59pm,15,15,15,15,12,Motor Vehicle In-Transport,12,Motor Vehicle In-Transport,6,Angle,6,Angle,0,No,0,No,1,Non-Junction,1,Non-Junction,1,Not an Intersection,1,On Roadway,0,,2,Dark - Not Lighted,2,Dark - Not Lighted,10,Cloudy,10,Cloudy,0,No,0,No,1,Possible Injury (C),1,Possible Injury (C),4,4,4,4,9,Reported as Unknown,2,No Alcohol Involved
202304653128,67,67,8,2,"Midwest (OH, IN, IL, MI, WI, MN, ND, SD, NE, IA, MO, KS)",1,Urban Area,9,Stratum 9 - LMY PV No Injuries in Crash,4152,137.41921075,0,0,2,2,0,3,1,January,6,Friday,6,Friday,2023,2023,4,4:00am-4:59am,4,4:00am-4:59am,43,43,43,43,12,Motor Vehicle In-Transport,12,Motor Vehicle In-Transport,6,Angle,6,Angle,0,No,0,No,2,Intersection,2,Intersection,2,Four-Way Intersection,1,On Roadway,0,,2,Dark - Not Lighted,2,Dark - Not Lighted,1,Clear,1,Clear,0,No,0,No,0,No Apparent Injury (O),0,No Apparent Injury (O),0,No Person Injured/Property Damage Only Crash,0,No Person Injured/Property Damage Only Crash,9,Reported as Unknown,2,No Alcohol Involved
202304653153,47,47,9,2,"Midwest (OH, IN, IL, MI, WI, MN, ND, SD, NE, IA, MO, KS)",2,Rural Area,9,Stratum 9 - LMY PV No Injuries in Crash,4153,138.55644026,0,0,1,1,0,1,1,January,1,Sunday,1,Sunday,2023,2023,8,8:00am-8:59am,8,8:00am-8:59am,30,30,30,30,11,Live Animal,11,Live Animal,0,The First Harmful Event was Not a Collision with a Motor Vehicle In-Transport,0,The First Harmful Event was Not a Collision with a Motor Vehicle In-Transport,0,No,0,No,1,Non-Junction,1,Non-Junction,1,Not an Intersection,1,On Roadway,0,,1,Daylight,1,Daylight,1,Clear,1,Clear,0,No,0,No,0,No Apparent Injury (O),0,No Apparent Injury (O),0,No Person Injured/Property Damage Only Crash,0,No Person Injured/Property Damage Only Crash,9,Reported as Unknown,2,No Alcohol Involved
202304653156,47,47,9,2,"Midwest (OH, IN, IL, MI, WI, MN, ND, SD, NE, IA, MO, KS)",2,Rural Area,10,Stratum 10 - Other,4153,218.1275432,0,0,1,1,0,1,1,January,1,Sunday,1,Sunday,2023,2023,0,0:00am-0:59am,0,0:00am-0:59am,20,20,20,20,32,Culvert,32,Culvert,0,The First Harmful Event was Not a Collision with a Motor Vehicle In-Transport,0,The First Harmful Event was Not a Collision with a Motor Vehicle In-Transport,1,Yes,1,Yes,5,Entrance/Exit Ramp Related,5,Entrance/Exit Ramp Related,1,Not an Intersection,4,On Roadside,0,,3,Dark - Lighted,3,Dark - Lighted,1,Clear,1,Clear,0,No,0,No,0,No Apparent Injury (O),0,No Apparent Injury (O),0,No Person Injured/Property Damage Only Crash,0,No Person Injured/Property Damage Only Crash,1,Alcohol Involved,1,Alcohol Involved
202304653160,39,39,7,2,"Midwest (OH, IN, IL, MI, WI, MN, ND, SD, NE, IA, MO, KS)",1,Urban Area,8,Stratum 8 - NLMY PV Minor Injury,4154,128.45262486,0,0,2,2,0,3,1,January,2,Monday,2,Monday,2023,2023,16,4:00pm-4:59pm,16,4:00pm-4:59pm,49,49,49,49,12,Motor Vehicle In-Transport,12,Motor Vehicle In-Transport,1,Front-to-Rear,1,Front-to-Rear,0,No,0,No,3,Intersection-Related,3,Intersection-Related,3,T-Intersection,1,On Roadway,0,,1,Daylight,1,Daylight,1,Clear,1,Clear,0,No,0,No,2,Suspected Minor Injury (B),2,Suspected Minor Injury (B),3,3,3,3,2,No Alcohol Involved,2,No Alcohol Involved
202304654456,63,63,16,3,"South (MD, DE, DC, WV, VA, KY, TN, NC, SC, GA, FL, AL, MS, LA, AR, OK, TX)",2,Rural Area,9,Stratum 9 - LMY PV No Injuries in Crash,4135,137.52015994,0,0,2,2,0,4,1,January,2,Monday,2,Monday,2023,2023,9,9:00am-9:59am,9,9:00am-9:59am,23,23,23,23,12,Motor Vehicle In-Transport,12,Motor Vehicle In-Transport,6,Angle,6,Angle,0,No,0,No,2,Intersection,2,Intersection,3,T-Intersection,1,On Roadway,0,,1,Daylight,1,Daylight,10,Cloudy,10,Cloudy,0,No,0,No,0,No Apparent Injury (O),0,No Apparent Injury (O),0,No Person Injured/Property Damage Only Crash,0,No Person Injured/Property Damage Only Crash,9,Reported as Unknown,2,No Alcohol Involved
202304654460,63,63,16,3,"South (MD, DE, DC, WV, VA, KY, TN, NC, SC, GA, FL, AL, MS, LA, AR, OK, TX)",2,Rural Area,6,Stratum 6 - LMY PV Minor Injury,4135,52.930660016,0,0,1,1,0,1,1,January,1,Sunday,1,Sunday,2023,2023,2,2:00am-2:59am,2,2:00am-2:59am,25,25,25,25,24,Guardrail Face,24,Guardrail Face,0,The First Harmful Event was Not a Collision with a Motor Vehicle In-Transport,0,The First Harmful Event was Not a Collision with a Motor Vehicle In-Transport,0,No,0,No,1,Non-Junction,1,Non-Junction,1,Not an Intersection,3,On Median,0,,2,Dark - Not Lighted,2,Dark - Not Lighted,1,Clear,1,Clear,0,No,0,No,1,Possible Injury (C),1,Possible Injury (C),1,1,1,1,9,Reported as Unknown,2,No Alcohol Involved
202304654467,63,63,16,3,"South (MD, DE, DC, WV, VA, KY, TN, NC, SC, GA, FL, AL, MS, LA, AR, OK, TX)",2,Rural Area,8,Stratum 8 - NLMY PV Minor Injury,4135,131.11775453,0,0,3,3,0,4,1,January,5,Thursday,5,Thursday,2023,2023,7,7:00am-7:59am,7,7:00am-7:59am,44,44,44,44,12,Motor Vehicle In-Transport,12,Motor Vehicle In-Transport,1,Front-to-Rear,1,Front-to-Rear,0,No,0,No,1,Non-Junction,1,Non-Junction,1,Not an Intersection,1,On Roadway,0,,1,Daylight,1,Daylight,1,Clear,1,Clear,0,No,0,No,1,Possible Injury (C),1,Possible Injury (C),1,1,1,1,9,Reported as Unknown,2,No Alcohol Involved
202304654468,63,63,16,3,"South (MD, DE, DC, WV, VA, KY, TN, NC, SC, GA, FL, AL, MS, LA, AR, OK, TX)",2,Rural Area,9,Stratum 9 - LMY PV No Injuries in Crash,4135,137.52015994,0,0,2,2,0,2,1,January,5,Thursday,5,Thursday,2023,2023,12,12:00pm-12:59pm,12,12:00pm-12:59pm,35,35,35,35,12,Motor Vehicle In-Transport,12,Motor Vehicle In-Transport,1,Front-to-Rear,1,Front-to-Rear,0,No,0,No,1,Non-Junction,1,Non-Junction,1,Not an Intersection,1,On Roadway,0,,1,Daylight,1,Daylight,1,Clear,1,Clear,0,No,0,No,0,No Apparent Injury (O),0,No Apparent Injury (O),0,No Person Injured/Property Damage Only Crash,0,No Person Injured/Property Damage Only Crash,9,Reported as Unknown,2,No Alcohol Involved
202304654480,63,63,16,3,"South (MD, DE, DC, WV, VA, KY, TN, NC, SC, GA, FL, AL, MS, LA, AR, OK, TX)",2,Rural Area,10,Stratum 10 - Other,4135,216.81106297,0,0,3,3,0,3,1,January,4,Wednesday,4,Wednesday,2023,2023,17,5:00pm-5:59pm,17,5:00pm-5:59pm,31,31,31,31,12,Motor Vehicle In-Transport,12,Motor Vehicle In-Transport,1,Front-to-Rear,1,Front-to-Rear,0,No,0,No,3,Intersection-Related,3,Intersection-Related,2,Four-Way Intersection,1,On Roadway,0,,3,Dark - Lighted,3,Dark - Lighted,1,Clear,1,Clear,0,No,0,No,0,No Apparent Injury (O),0,No Apparent Injury (O),0,No Person Injured/Property Damage Only Crash,0,No Person Injured/Property Damage Only Crash,9,Reported as Unknown,2,No Alcohol Involved
202304654482,63,63,16,3,"South (MD, DE, DC, WV, VA, KY, TN, NC, SC, GA, FL, AL, MS, LA, AR, OK, TX)",2,Rural Area,8,Stratum 8 - NLMY PV Minor Injury,4135,131.11775453,0,0,1,1,0,1,1,January,5,Thursday,5,Thursday,2023,2023,6,6:00am-6:59am,6,6:00am-6:59am,45,45,45,45,11,Live Animal,11,Live Animal,0,The First Harmful Event was Not a Collision with a Motor Vehicle In-Transport,0,The First Harmful Event was Not a Collision with a Motor Vehicle In-Transport,0,No,0,No,1,Non-Junction,1,Non-Junction,1,Not an Intersection,1,On Roadway,0,,4,Dawn,4,Dawn,1,Clear,1,Clear,0,No,0,No,1,Possible Injury (C),1,Possible Injury (C),1,1,1,1,9,Reported as Unknown,2,No Alcohol Involved
202304654622,59,59,10,3,"South (MD, DE, DC, WV, VA, KY, TN, NC, SC, GA, FL, AL, MS, LA, AR, OK, TX)",1,Urban Area,9,Stratum 9 - LMY PV No Injuries in Crash,4137,142.15884183,0,0,2,2,0,2,1,January,1,Sunday,1,Sunday,2023,2023,18,6:00pm-6:59pm,18,6:00pm-6:59pm,55,55,55,55,12,Motor Vehicle In-Transport,12,Motor Vehicle In-Transport,6,Angle,6,Angle,0,No,0,No,3,Intersection-Related,3,Intersection-Related,2,Four-Way Intersection,1,On Roadway,0,,3,Dark - Lighted,3,Dark - Lighted,1,Clear,1,Clear,0,No,0,No,0,No Apparent Injury (O),0,No Apparent Injury (O),0,No Person Injured/Property Damage Only Crash,0,No Person Injured/Property Damage Only Crash,2,No Alcohol Involved,2,No Alcohol Involved
202304654806,65,65,13,3,"South (MD, DE, DC, WV, VA, KY, TN, NC, SC, GA, FL, AL, MS, LA, AR, OK, TX)",1,Urban Area,2,Stratum 2 - Not a MV Occupant Any Injury,4138,23.350457748,1,1,1,1,0,1,1,January,3,Tuesday,3,Tuesday,2023,2023,11,11:00am-11:59am,11,11:00am-11:59am,58,58,58,58,8,Pedestrian,8,Pedestrian,0,The First Harmful Event was Not a Collision with a Motor Vehicle In-Transport,0,The First Harmful Event was Not a Collision with a Motor Vehicle In-Transport,0,No,0,No,1,Non-Junction,1,Non-Junction,1,Not an Intersection,1,On Roadway,0,,1,Daylight,1,Daylight,1,Clear,1,Clear,0,No,0,No,2,Suspected Minor Injury (B),2,Suspected Minor Injury (B),1,1,1,1,9,Reported as Unknown,2,No Alcohol Involved
202304654873,28,28,11,3,"South (MD, DE, DC, WV, VA, KY, TN, NC, SC, GA, FL, AL, MS, LA, AR, OK, TX)",1,Urban Area,6,Stratum 6 - LMY PV Minor Injury,4139,54.461391025,0,0,5,5,0,7,1,January,6,Friday,6,Friday,2023,2023,6,6:00am-6:59am,6,6:00am-6:59am,0,0,0,0,12,Motor Vehicle In-Transport,12,Motor Vehicle In-Transport,7,Sideswipe - Same Direction,7,Sideswipe - Same Direction,0,No,0,No,1,Non-Junction,1,Non-Junction,1,Not an Intersection,1,On Roadway,0,,3,Dark - Lighted,3,Dark - Lighted,1,Clear,1,Clear,0,No,1,Yes,2,Suspected Minor Injury (B),2,Suspected Minor Injury (B),5,5,5,5,2,No Alcohol Involved,2,No Alcohol Involved
202304654912,28,28,11,3,"South (MD, DE, DC, WV, VA, KY, TN, NC, SC, GA, FL, AL, MS, LA, AR, OK, TX)",1,Urban Area,9,Stratum 9 - LMY PV No Injuries in Crash,4139,141.34570405,0,0,4,4,0,5,1,January,7,Saturday,7,Saturday,2023,2023,20,8:00pm-8:59pm,20,8:00pm-8:59pm,25,25,25,25,12,Motor Vehicle In-Transport,12,Motor Vehicle In-Transport,7,Sideswipe - Same Direction,7,Sideswipe - Same Direction,0,No,0,No,1,Non-Junction,1,Non-Junction,1,Not an Intersection,1,On Roadway,0,,3,Dark - Lighted,3,Dark - Lighted,1,Clear,1,Clear,0,No,1,Yes,0,No Apparent Injury (O),0,No Apparent Injury (O),0,No Person Injured/Property Damage Only Crash,0,No Person Injured/Property Damage Only Crash,9,Reported as Unknown,2,No Alcohol Involved
202304654975,28,28,11,3,"South (MD, DE, DC, WV, VA, KY, TN, NC, SC, GA, FL, AL, MS, LA, AR, OK, TX)",1,Urban Area,2,Stratum 2 - Not a MV Occupant Any Injury,4139,23.42444426,1,1,1,1,0,1,1,January,2,Monday,2,Monday,2023,2023,18,6:00pm-6:59pm,18,6:00pm-6:59pm,20,20,20,20,15,Non-Motorist on Personal Conveyance,15,Non-Motorist on Personal Conveyance,0,The First Harmful Event was Not a Collision with a Motor Vehicle In-Transport,0,The First Harmful Event was Not a Collision with a Motor Vehicle In-Transport,0,No,0,No,3,Intersection-Related,3,Intersection-Related,3,T-Intersection,1,On Roadway,0,,3,Dark - Lighted,3,Dark - Lighted,1,Clear,1,Clear,0,No,0,No,3,Suspected Serious Injury (A),3,Suspected Serious Injury (A),1,1,1,1,2,No Alcohol Involved,2,No Alcohol Involved
202304654983,28,28,11,3,"South (MD, DE, DC, WV, VA, KY, TN, NC, SC, GA, FL, AL, MS, LA, AR, OK, TX)",1,Urban Area,3,Stratum 3 - Motorcycle Any Injury,4139,26.200051658,0,0,2,2,0,2,1,January,5,Thursday,5,Thursday,2023,2023,17,5:00pm-5:59pm,17,5:00pm-5:59pm,25,25,25,25,12,Motor Vehicle In-Transport,12,Motor Vehicle In-Transport,6,Angle,6,Angle,0,No,0,No,1,Non-Junction,1,Non-Junction,1,Not an Intersection,1,On Roadway,0,,1,Daylight,1,Daylight,1,Clear,1,Clear,0,No,0,No,1,Possible Injury (C),1,Possible Injury (C),1,1,1,1,2,No Alcohol Involved,2,No Alcohol Involved
202304655011,12,12,12,3,"South (MD, DE, DC, WV, VA, KY, TN, NC, SC, GA, FL, AL, MS, LA, AR, OK, TX)",1,Urban Area,4,Stratum 4 - LMY PV Serious Injury,4142,11.128151133,0,0,3,3,0,3,1,January,3,Tuesday,3,Tuesday,2023,2023,19,7:00pm-7:59pm,19,7:00pm-7:59pm,54,54,54,54,12,Motor Vehicle In-Transport,12,Motor Vehicle In-Transport,1,Front-to-Rear,1,Front-to-Rear,1,Yes,1,Yes,3,Intersection-Related,3,Intersection-Related,3,T-Intersection,1,On Roadway,0,,5,Dusk,5,Dusk,1,Clear,1,Clear,0,No,1,Yes,3,Suspected Serious Injury (A),3,Suspected Serious Injury (A),1,1,1,1,2,No Alcohol Involved,2,No Alcohol Involved
202304655049,12,12,12,3,"South (MD, DE, DC, WV, VA, KY, TN, NC, SC, GA, FL, AL, MS, LA, AR, OK, TX)",1,Urban Area,9,Stratum 9 - LMY PV No Injuries in Crash,4142,141.83585636,0,0,2,2,0,2,1,January,3,Tuesday,3,Tuesday,2023,2023,6,6:00am-6:59am,6,6:00am-6:59am,34,34,34,34,12,Motor Vehicle In-Transport,12,Motor Vehicle In-Transport,6,Angle,6,Angle,1,Yes,1,Yes,18,Through Roadway,18,Through Roadway,1,Not an Intersection,1,On Roadway,0,,3,Dark - Lighted,3,Dark - Lighted,1,Clear,1,Clear,0,No,1,Yes,0,No Apparent Injury (O),0,No Apparent Injury (O),0,No Person Injured/Property Damage Only Crash,0,No Person Injured/Property Damage Only Crash,2,No Alcohol Involved,2,No Alcohol Involved
202304655061,12,12,12,3,"South (MD, DE, DC, WV, VA, KY, TN, NC, SC, GA, FL, AL, MS, LA, AR, OK, TX)",1,Urban Area,8,Stratum 8 - NLMY PV Minor Injury,4142,135.18572704,0,0,1,1,0,1,1,January,7,Saturday,7,Saturday,2023,2023,4,4:00am-4:59am,4,4:00am-4:59am,21,21,21,21,18,Other Object (not fixed),18,Other Object (not fixed),0,The First Harmful Event was Not a Collision with a Motor Vehicle In-Transport,0,The First Harmful Event was Not a Collision with a Motor Vehicle In-Transport,0,No,0,No,1,Non-Junction,1,Non-Junction,1,Not an Intersection,1,On Roadway,0,,3,Dark - Lighted,3,Dark - Lighted,10,Cloudy,10,Cloudy,0,No,0,No,1,Possible Injury (C),1,Possible Injury (C),1,1,1,1,2,No Alcohol Involved,2,No Alcohol Involved
202304655098,12,12,12,3,"South (MD, DE, DC, WV, VA, KY, TN, NC, SC, GA, FL, AL, MS, LA, AR, OK, TX)",1,Urban Area,6,Stratum 6 - LMY PV Minor Injury,4142,54.442512321,0,0,2,2,0,3,1,January,5,Thursday,5,Thursday,2023,2023,11,11:00am-11:59am,11,11:00am-11:59am,41,41,41,41,12,Motor Vehicle In-Transport,12,Motor Vehicle In-Transport,6,Angle,6,Angle,0,No,0,No,2,Intersection,2,Intersection,2,Four-Way Intersection,1,On Roadway,0,,1,Daylight,1,Daylight,2,Rain,2,Rain,0,No,0,No,1,Possible Injury (C),1,Possible Injury (C),2,2,2,2,2,No Alcohol Involved,2,No Alcohol Involved
202304655111,12,12,12,3,"South (MD, DE, DC, WV, VA, KY, TN, NC, SC, GA, FL, AL, MS, LA, AR, OK, TX)",1,Urban Area,5,Stratum 5 - NLMY PV Serious Injury,4142,26.121574002,0,0,2,2,0,2,1,January,5,Thursday,5,Thursday,2023,2023,17,5:00pm-5:59pm,17,5:00pm-5:59pm,25,25,25,25,12,Motor Vehicle In-Transport,12,Motor Vehicle In-Transport,6,Angle,6,Angle,0,No,0,No,2,Intersection,2,Intersection,2,Four-Way Intersection,1,On Roadway,0,,5,Dusk,5,Dusk,1,Clear,1,Clear,0,No,0,No,3,Suspected Serious Injury (A),3,Suspected Serious Injury (A),1,1,1,1,2,No Alcohol Involved,2,No Alcohol Involved
202304655121,12,12,12,3,"South (MD, DE, DC, WV, VA, KY, TN, NC, SC, GA, FL, AL, MS, LA, AR, OK, TX)",1,Urban Area,10,Stratum 10 - Other,4142,222.0578669,0,0,2,2,0,3,1,January,2,Monday,2,Monday,2023,2023,7,7:00am-7:59am,7,7:00am-7:59am,10,10,10,10,12,Motor Vehicle In-Transport,12,Motor Vehicle In-Transport,6,Angle,6,Angle,0,No,0,No,2,Intersection,2,Intersection,2,Four-Way Intersection,1,On Roadway,0,,4,Dawn,4,Dawn,1,Clear,1,Clear,0,No,0,No,0,No Apparent Injury (O),0,No Apparent Injury (O),0,No Person Injured/Property Damage Only Crash,0,No Person Injured/Property Damage Only Crash,9,Reported as Unknown,2,No Alcohol Involved
202304655155,75,75,19,3,"South (MD, DE, DC, WV, VA, KY, TN, NC, SC, GA, FL, AL, MS, LA, AR, OK, TX)",2,Rural Area,7,Stratum 7 - M/H Truck or Bus,4144,154.05601341,0,0,2,1,1,1,1,January,7,Saturday,7,Saturday,2023,2023,11,11:00am-11:59am,11,11:00am-11:59am,55,55,55,55,14,Parked Motor Vehicle,14,Parked Motor Vehicle,0,The First Harmful Event was Not a Collision with a Motor Vehicle In-Transport,0,The First Harmful Event was Not a Collision with a Motor Vehicle In-Transport,0,No,0,No,1,Non-Junction,1,Non-Junction,1,Not an Intersection,7,In Parking Lane/Zone,0,,1,Daylight,1,Daylight,1,Clear,1,Clear,0,No,0,No,0,No Apparent Injury (O),0,No Apparent Injury (O),0,No Person Injured/Property Damage Only Crash,0,No Person Injured/Property Damage Only Crash,9,Reported as Unknown,2,No Alcohol Involved
202304655156,75,75,19,3,"South (MD, DE, DC, WV, VA, KY, TN, NC, SC, GA, FL, AL, MS, LA, AR, OK, TX)",2,Rural Area,10,Stratum 10 - Other,4144,213.71816658,0,0,1,1,0,1,1,January,1,Sunday,1,Sunday,2023,2023,4,4:00am-4:59am,4,4:00am-4:59am,30,30,30,30,24,Guardrail Face,24,Guardrail Face,0,The First Harmful Event was Not a Collision with a Motor Vehicle In-Transport,0,The First Harmful Event was Not a Collision with a Motor Vehicle In-Transport,1,Yes,1,Yes,19,Other location within Interchange Area,19,Other location within Interchange Area,1,Not an Intersection,4,On Roadside,0,,3,Dark - Lighted,3,Dark - Lighted,5,"Fog, Smog, Smoke",5,"Fog, Smog, Smoke",0,No,1,Yes,0,No Apparent Injury (O),0,No Apparent Injury (O),0,No Person Injured/Property Damage Only Crash,0,No Person Injured/Property Damage Only Crash,2,No Alcohol Involved,2,No Alcohol Involved
202304655183,78,78,10,3,"South (MD, DE, DC, WV, VA, KY, TN, NC, SC, GA, FL, AL, MS, LA, AR, OK, TX)",1,Urban Area,3,Stratum 3 - Motorcycle Any Injury,4146,26.16185831,0,0,2,2,0,3,1,January,1,Sunday,1,Sunday,2023,2023,14,2:00pm-2:59pm,14,2:00pm-2:59pm,8,8,8,8,12,Motor Vehicle In-Transport,12,Motor Vehicle In-Transport,6,Angle,6,Angle,0,No,0,No,3,Intersection-Related,3,Intersection-Related,2,Four-Way Intersection,1,On Roadway,0,,1,Daylight,1,Daylight,1,Clear,1,Clear,0,No,0,No,2,Suspected Minor Injury (B),2,Suspected Minor Injury (B),1,1,1,1,2,No Alcohol Involved,2,No Alcohol Involved
202304655234,78,78,10,3,"South (MD, DE, DC, WV, VA, KY, TN, NC, SC, GA, FL, AL, MS, LA, AR, OK, TX)",1,Urban Area,9,Stratum 9 - LMY PV No Injuries in Crash,4146,141.59880277,0,0,2,2,0,2,1,January,3,Tuesday,3,Tuesday,2023,2023,11,11:00am-11:59am,11,11:00am-11:59am,20,20,20,20,12,Motor Vehicle In-Transport,12,Motor Vehicle In-Transport,1,Front-to-Rear,1,Front-to-Rear,0,No,0,No,3,Intersection-Related,3,Intersection-Related,3,T-Intersection,1,On Roadway,0,,1,Daylight,1,Daylight,1,Clear,1,Clear,0,No,0,No,0,No Apparent Injury (O),0,No Apparent Injury (O),0,No Person Injured/Property Damage Only Crash,0,No Person Injured/Property Damage Only Crash,2,No Alcohol Involved,2,No Alcohol Involved
202304655236,78,78,10,3,"South (MD, DE, DC, WV, VA, KY, TN, NC, SC, GA, FL, AL, MS, LA, AR, OK, TX)",1,Urban Area,10,Stratum 10 - Other,4146,222.24582732,0,0,2,2,0,2,1,January,3,Tuesday,3,Tuesday,2023,2023,12,12:00pm-12:59pm,12,12:00pm-12:59pm,5,5,5,5,12,Motor Vehicle In-Transport,12,Motor Vehicle In-Transport,6,Angle,6,Angle,0,No,0,No,1,Non-Junction,1,Non-Junction,1,Not an Intersection,1,On Roadway,0,,1,Daylight,1,Daylight,1,Clear,1,Clear,0,No,0,No,0,No Apparent Injury (O),0,No Apparent Injury (O),0,No Person Injured/Property Damage Only Crash,0,No Person Injured/Property Damage Only Crash,2,No Alcohol Involved,2,No Alcohol Involved
202304655264,78,78,10,3,"South (MD, DE, DC, WV, VA, KY, TN, NC, SC, GA, FL, AL, MS, LA, AR, OK, TX)",1,Urban Area,6,Stratum 6 - LMY PV Minor Injury,4146,54.478812229,0,0,3,3,0,3,1,January,4,Wednesday,4,Wednesday,2023,2023,6,6:00am-6:59am,6,6:00am-6:59am,43,43,43,43,12,Motor Vehicle In-Transport,12,Motor Vehicle In-Transport,6,Angle,6,Angle,0,No,0,No,2,Intersection,2,Intersection,3,T-Intersection,1,On Roadway,0,,4,Dawn,4,Dawn,10,Cloudy,10,Cloudy,0,No,0,No,2,Suspected Minor Injury (B),2,Suspected Minor Injury (B),3,3,3,3,2,No Alcohol Involved,2,No Alcohol Involved
202304655275,78,78,10,3,"South (MD, DE, DC, WV, VA, KY, TN, NC, SC, GA, FL, AL, MS, LA, AR, OK, TX)",1,Urban Area,2,Stratum 2 - Not a MV Occupant Any Injury,4146,23.300984338,1,1,1,1,0,1,1,January,4,Wednesday,4,Wednesday,2023,2023,12,12:00pm-12:59pm,12,12:00pm-12:59pm,40,40,40,40,9,Pedalcyclist,9,Pedalcyclist,0,The First Harmful Event was Not a Collision with a Motor Vehicle In-Transport,0,The First Harmful Event was Not a Collision with a Motor Vehicle In-Transport,0,No,0,No,3,Intersection-Related,3,Intersection-Related,3,T-Intersection,1,On Roadway,0,,1,Daylight,1,Daylight,1,Clear,1,Clear,0,No,0,No,2,Suspected Minor Injury (B),2,Suspected Minor Injury (B),1,1,1,1,2,No Alcohol Involved,2,No Alcohol Involved
202304655335,78,78,10,3,"South (MD, DE, DC, WV, VA, KY, TN, NC, SC, GA, FL, AL, MS, LA, AR, OK, TX)",1,Urban Area,8,Stratum 8 - NLMY PV Minor Injury,4146,134.67439368,0,0,2,2,0,3,1,January,5,Thursday,5,Thursday,2023,2023,15,3:00pm-3:59pm,15,3:00pm-3:59pm,10,10,10,10,12,Motor Vehicle In-Transport,12,Motor Vehicle In-Transport,6,Angle,6,Angle,0,No,0,No,2,Intersection,2,Intersection,2,Four-Way Intersection,1,On Roadway,0,,1,Daylight,1,Daylight,1,Clear,1,Clear,0,No,0,No,2,Suspected Minor Injury (B),2,Suspected Minor Injury (B),1,1,1,1,2,No Alcohol Involved,2,No Alcohol Involved
202304655364,78,78,10,3,"South (MD, DE, DC, WV, VA, KY, TN, NC, SC, GA, FL, AL, MS, LA, AR, OK, TX)",1,Urban Area,9,Stratum 9 - LMY PV No Injuries in Crash,4146,141.59880277,0,0,2,2,0,3,1,January,6,Friday,6,Friday,2023,2023,13,1:00pm-1:59pm,13,1:00pm-1:59pm,39,39,39,39,12,Motor Vehicle In-Transport,12,Motor Vehicle In-Transport,7,Sideswipe - Same Direction,7,Sideswipe - Same Direction,0,No,0,No,3,Intersection-Related,3,Intersection-Related,3,T-Intersection,1,On Roadway,0,,1,Daylight,1,Daylight,1,Clear,1,Clear,0,No,0,No,0,No Apparent Injury (O),0,No Apparent Injury (O),0,No Person Injured/Property Damage Only Crash,0,No Person Injured/Property Damage Only Crash,2,No Alcohol Involved,2,No Alcohol Involved
202304655415,78,78,10,3,"South (MD, DE, DC, WV, VA, KY, TN, NC, SC, GA, FL, AL, MS, LA, AR, OK, TX)",1,Urban Area,5,Stratum 5 - NLMY PV Serious Injury,4146,25.739583268,0,0,2,2,0,3,1,January,7,Saturday,7,Saturday,2023,2023,12,12:00pm-12:59pm,12,12:00pm-12:59pm,34,34,34,34,52,Guardrail End,52,Guardrail End,0,The First Harmful Event was Not a Collision with a Motor Vehicle In-Transport,0,The First Harmful Event was Not a Collision with a Motor Vehicle In-Transport,0,No,0,No,1,Non-Junction,1,Non-Junction,1,Not an Intersection,3,On Median,0,,1,Daylight,1,Daylight,1,Clear,1,Clear,0,No,0,No,3,Suspected Serious Injury (A),3,Suspected Serious Injury (A),3,3,3,3,2,No Alcohol Involved,2,No Alcohol Involved
202304655444,78,78,10,3,"South (MD, DE, DC, WV, VA, KY, TN, NC, SC, GA, FL, AL, MS, LA, AR, OK, TX)",1,Urban Area,2,Stratum 2 - Not a MV Occupant Any Injury,4146,23.300984338,1,1,1,1,0,1,1,January,1,Sunday,1,Sunday,2023,2023,10,10:00am-10:59am,10,10:00am-10:59am,27,27,27,27,9,Pedalcyclist,9,Pedalcyclist,0,The First Harmful Event was Not a Collision with a Motor Vehicle In-Transport,0,The First Harmful Event was Not a Collision with a Motor Vehicle In-Transport,0,No,0,No,3,Intersection-Related,3,Intersection-Related,2,Four-Way Intersection,1,On Roadway,0,,1,Daylight,1,Daylight,1,Clear,1,Clear,0,No,0,No,1,Possible Injury (C),1,Possible Injury (C),1,1,1,1,2,No Alcohol Involved,2,No Alcohol Involved
202304655466,78,78,10,3,"South (MD, DE, DC, WV, VA, KY, TN, NC, SC, GA, FL, AL, MS, LA, AR, OK, TX)",1,Urban Area,10,Stratum 10 - Other,4146,222.24582732,0,0,2,2,0,6,1,January,2,Monday,2,Monday,2023,2023,8,8:00am-8:59am,8,8:00am-8:59am,0,0,0,0,12,Motor Vehicle In-Transport,12,Motor Vehicle In-Transport,6,Angle,6,Angle,0,No,0,No,2,Intersection,2,Intersection,3,T-Intersection,1,On Roadway,0,,1,Daylight,1,Daylight,1,Clear,1,Clear,0,No,0,No,0,No Apparent Injury (O),0,No Apparent Injury (O),0,No Person Injured/Property Damage Only Crash,0,No Person Injured/Property Damage Only Crash,2,No Alcohol Involved,2,No Alcohol Involved
202304655475,78,78,10,3,"South (MD, DE, DC, WV, VA, KY, TN, NC, SC, GA, FL, AL, MS, LA, AR, OK, TX)",1,Urban Area,7,Stratum 7 - M/H Truck or Bus,4146,159.73638376,0,0,2,2,0,3,1,January,2,Monday,2,Monday,2023,2023,12,12:00pm-12:59pm,12,12:00pm-12:59pm,54,54,54,54,12,Motor Vehicle In-Transport,12,Motor Vehicle In-Transport,1,Front-to-Rear,1,Front-to-Rear,0,No,0,No,1,Non-Junction,1,Non-Junction,1,Not an Intersection,1,On Roadway,4,"Work Zone, Type Unknown",1,Daylight,1,Daylight,1,Clear,1,Clear,0,No,0,No,0,No Apparent Injury (O),0,No Apparent Injury (O),0,No Person Injured/Property Damage Only Crash,0,No Person Injured/Property Damage Only Crash,2,No Alcohol Involved,2,No Alcohol Involved
202304655497,78,78,10,3,"South (MD, DE, DC, WV, VA, KY, TN, NC, SC, GA, FL, AL, MS, LA, AR, OK, TX)",1,Urban Area,9,Stratum 9 - LMY PV No Injuries in Crash,4146,141.59880277,0,0,2,2,0,2,1,January,6,Friday,6,Friday,2023,2023,20,8:00pm-8:59pm,20,8:00pm-8:59pm,6,6,6,6,12,Motor Vehicle In-Transport,12,Motor Vehicle In-Transport,1,Front-to-Rear,1,Front-to-Rear,0,No,0,No,1,Non-Junction,1,Non-Junction,1,Not an Intersection,1,On Roadway,0,,3,Dark - Lighted,3,Dark - Lighted,1,Clear,1,Clear,0,No,0,No,0,No Apparent Injury (O),0,No Apparent Injury (O),0,No Person Injured/Property Damage Only Crash,0,No Person Injured/Property Damage Only Crash,2,No Alcohol Involved,2,No Alcohol Involved
202304655523,78,78,10,3,"South (MD, DE, DC, WV, VA, KY, TN, NC, SC, GA, FL, AL, MS, LA, AR, OK, TX)",1,Urban Area,6,Stratum 6 - LMY PV Minor Injury,4146,54.478812229,0,0,3,3,0,3,1,January,7,Saturday,7,Saturday,2023,2023,19,7:00pm-7:59pm,19,7:00pm-7:59pm,13,13,13,13,12,Motor Vehicle In-Transport,12,Motor Vehicle In-Transport,1,Front-to-Rear,1,Front-to-Rear,0,No,0,No,1,Non-Junction,1,Non-Junction,1,Not an Intersection,1,On Roadway,0,,3,Dark - Lighted,3,Dark - Lighted,1,Clear,1,Clear,0,No,0,No,1,Possible Injury (C),1,Possible Injury (C),1,1,1,1,2,No Alcohol Involved,2,No Alcohol Involved
202304655537,40,40,15,3,"South (MD, DE, DC, WV, VA, KY, TN, NC, SC, GA, FL, AL, MS, LA, AR, OK, TX)",1,Urban Area,8,Stratum 8 - NLMY PV Minor Injury,4147,134.72857413,0,0,2,2,0,2,1,January,1,Sunday,1,Sunday,2023,2023,14,2:00pm-2:59pm,14,2:00pm-2:59pm,46,46,46,46,12,Motor Vehicle In-Transport,12,Motor Vehicle In-Transport,7,Sideswipe - Same Direction,7,Sideswipe - Same Direction,0,No,0,No,1,Non-Junction,1,Non-Junction,1,Not an Intersection,1,On Roadway,0,,1,Daylight,1,Daylight,98,Not Reported,1,Clear,0,No,0,No,2,Suspected Minor Injury (B),2,Suspected Minor Injury (B),2,2,2,2,2,No Alcohol Involved,2,No Alcohol Involved
202304655541,40,40,15,3,"South (MD, DE, DC, WV, VA, KY, TN, NC, SC, GA, FL, AL, MS, LA, AR, OK, TX)",1,Urban Area,9,Stratum 9 - LMY PV No Injuries in Crash,4147,141.27259162,0,0,1,1,0,1,1,January,3,Tuesday,3,Tuesday,2023,2023,15,3:00pm-3:59pm,15,3:00pm-3:59pm,13,13,13,13,59,Traffic Sign Support,59,Traffic Sign Support,0,The First Harmful Event was Not a Collision with a Motor Vehicle In-Transport,0,The First Harmful Event was Not a Collision with a Motor Vehicle In-Transport,0,No,0,No,3,Intersection-Related,3,Intersection-Related,2,Four-Way Intersection,4,On Roadside,0,,1,Daylight,1,Daylight,98,Not Reported,1,Clear,0,No,0,No,0,No Apparent Injury (O),0,No Apparent Injury (O),0,No Person Injured/Property Damage Only Crash,0,No Person Injured/Property Damage Only Crash,2,No Alcohol Involved,2,No Alcohol Involved
202304655556,40,40,15,3,"South (MD, DE, DC, WV, VA, KY, TN, NC, SC, GA, FL, AL, MS, LA, AR, OK, TX)",1,Urban Area,4,Stratum 4 - LMY PV Serious Injury,4147,11.041466081,0,0,2,2,0,2,1,January,4,Wednesday,4,Wednesday,2023,2023,18,6:00pm-6:59pm,18,6:00pm-6:59pm,12,12,12,12,12,Motor Vehicle In-Transport,12,Motor Vehicle In-Transport,1,Front-to-Rear,1,Front-to-Rear,0,No,0,No,1,Non-Junction,1,Non-Junction,1,Not an Intersection,1,On Roadway,0,,3,Dark - Lighted,3,Dark - Lighted,98,Not Reported,1,Clear,0,No,1,Yes,3,Suspected Serious Injury (A),3,Suspected Serious Injury (A),1,1,1,1,2,No Alcohol Involved,2,No Alcohol Involved
202304655580,40,40,15,3,"South (MD, DE, DC, WV, VA, KY, TN, NC, SC, GA, FL, AL, MS, LA, AR, OK, TX)",1,Urban Area,2,Stratum 2 - Not a MV Occupant Any Injury,4147,23.345894378,1,1,1,1,0,1,1,January,1,Sunday,1,Sunday,2023,2023,21,9:00pm-9:59pm,21,9:00pm-9:59pm,41,41,41,41,8,Pedestrian,8,Pedestrian,0,The First Harmful Event was Not a Collision with a Motor Vehicle In-Transport,0,The First Harmful Event was Not a Collision with a Motor Vehicle In-Transport,0,No,0,No,3,Intersection-Related,3,Intersection-Related,3,T-Intersection,1,On Roadway,0,,3,Dark - Lighted,3,Dark - Lighted,2,Rain,2,Rain,0,No,0,No,2,Suspected Minor Injury (B),2,Suspected Minor Injury (B),1,1,1,1,9,Reported as Unknown,2,No Alcohol Involved
202304655606,77,77,9,2,"Midwest (OH, IN, IL, MI, WI, MN, ND, SD, NE, IA, MO, KS)",2,Rural Area,10,Stratum 10 - Other,4151,217.37927863,0,0,1,1,0,1,1,January,7,Saturday,7,Saturday,2023,2023,8,8:00am-8:59am,8,8:00am-8:59am,31,31,31,31,57,Cable Barrier,57,Cable Barrier,0,The First Harmful Event was Not a Collision with a Motor Vehicle In-Transport,0,The First Harmful Event was Not a Collision with a Motor Vehicle In-Transport,0,No,0,No,1,Non-Junction,1,Non-Junction,1,Not an Intersection,3,On Median,0,,1,Daylight,1,Daylight,1,Clear,1,Clear,0,No,0,No,0,No Apparent Injury (O),0,No Apparent Injury (O),0,No Person Injured/Property Damage Only Crash,0,No Person Injured/Property Damage Only Crash,9,Reported as Unknown,2,No Alcohol Involved
202304655610,39,39,7,2,"Midwest (OH, IN, IL, MI, WI, MN, ND, SD, NE, IA, MO, KS)",1,Urban Area,9,Stratum 9 - LMY PV No Injuries in Crash,4154,134.35656935,0,0,2,2,0,2,1,January,6,Friday,6,Friday,2023,2023,23,11:00pm-11:59pm,23,11:00pm-11:59pm,30,30,30,30,12,Motor Vehicle In-Transport,12,Motor Vehicle In-Transport,7,Sideswipe - Same Direction,7,Sideswipe - Same Direction,1,Yes,1,Yes,18,Through Roadway,18,Through Roadway,1,Not an Intersection,1,On Roadway,0,,3,Dark - Lighted,3,Dark - Lighted,1,Clear,1,Clear,0,No,1,Yes,0,No Apparent Injury (O),0,No Apparent Injury (O),0,No Person Injured/Property Damage Only Crash,0,No Person Injured/Property Damage Only Crash,2,No Alcohol Involved,2,No Alcohol Involved
202304655630,39,39,7,2,"Midwest (OH, IN, IL, MI, WI, MN, ND, SD, NE, IA, MO, KS)",1,Urban Area,10,Stratum 10 - Other,4154,210.86019124,0,0,2,1,1,1,1,January,3,Tuesday,3,Tuesday,2023,2023,15,3:00pm-3:59pm,15,3:00pm-3:59pm,30,30,30,30,14,Parked Motor Vehicle,14,Parked Motor Vehicle,0,The First Harmful Event was Not a Collision with a Motor Vehicle In-Transport,0,The First Harmful Event was Not a Collision with a Motor Vehicle In-Transport,0,No,0,No,1,Non-Junction,1,Non-Junction,1,Not an Intersection,7,In Parking Lane/Zone,0,,1,Daylight,1,Daylight,1,Clear,1,Clear,0,No,0,No,9,Unknown/Not Reported,0,No Apparent Injury (O),99,All Persons in Crash are Unknown If Injured,0,No Person Injured/Property Damage Only Crash,9,Reported as Unknown,2,No Alcohol Involved
202304656302,64,64,23,4,"West (MT, ID, WA, OR, CA, NV, NM, AZ, UT, CO, WY, AK, HI)",1,Urban Area,7,Stratum 7 - M/H Truck or Bus,306,180.93055694,0,0,2,2,0,2,1,January,3,Tuesday,3,Tuesday,2023,2023,7,7:00am-7:59am,7,7:00am-7:59am,50,50,50,50,12,Motor Vehicle In-Transport,12,Motor Vehicle In-Transport,7,Sideswipe - Same Direction,7,Sideswipe - Same Direction,0,No,0,No,1,Non-Junction,1,Non-Junction,1,Not an Intersection,1,On Roadway,0,,1,Daylight,1,Daylight,10,Cloudy,10,Cloudy,0,No,1,Yes,0,No Apparent Injury (O),0,No Apparent Injury (O),0,No Person Injured/Property Damage Only Crash,0,No Person Injured/Property Damage Only Crash,2,No Alcohol Involved,2,No Alcohol Involved
202304656316,68,68,23,4,"West (MT, ID, WA, OR, CA, NV, NM, AZ, UT, CO, WY, AK, HI)",1,Urban Area,6,Stratum 6 - LMY PV Minor Injury,299,59.492192649,0,0,1,1,0,2,1,January,1,Sunday,1,Sunday,2023,2023,4,4:00am-4:59am,4,4:00am-4:59am,40,40,40,40,59,Traffic Sign Support,59,Traffic Sign Support,0,The First Harmful Event was Not a Collision with a Motor Vehicle In-Transport,0,The First Harmful Event was Not a Collision with a Motor Vehicle In-Transport,1,Yes,1,Yes,19,Other location within Interchange Area,19,Other location within Interchange Area,1,Not an Intersection,4,On Roadside,0,,2,Dark - Not Lighted,2,Dark - Not Lighted,2,Rain,2,Rain,0,No,1,Yes,2,Suspected Minor Injury (B),2,Suspected Minor Injury (B),1,1,1,1,2,No Alcohol Involved,2,No Alcohol Involved
202304656320,68,68,23,4,"West (MT, ID, WA, OR, CA, NV, NM, AZ, UT, CO, WY, AK, HI)",1,Urban Area,3,Stratum 3 - Motorcycle Any Injury,299,28.533813728,0,0,2,2,0,6,1,January,2,Monday,2,Monday,2023,2023,12,12:00pm-12:59pm,12,12:00pm-12:59pm,55,55,55,55,12,Motor Vehicle In-Transport,12,Motor Vehicle In-Transport,1,Front-to-Rear,1,Front-to-Rear,0,No,0,No,1,Non-Junction,1,Non-Junction,1,Not an Intersection,1,On Roadway,0,,1,Daylight,1,Daylight,1,Clear,1,Clear,0,No,1,Yes,3,Suspected Serious Injury (A),3,Suspected Serious Injury (A),1,1,1,1,2,No Alcohol Involved,2,No Alcohol Involved
202304656323,68,68,23,4,"West (MT, ID, WA, OR, CA, NV, NM, AZ, UT, CO, WY, AK, HI)",1,Urban Area,4,Stratum 4 - LMY PV Serious Injury,299,12.629967196,0,0,2,2,0,2,1,January,4,Wednesday,4,Wednesday,2023,2023,0,0:00am-0:59am,0,0:00am-0:59am,25,25,25,25,12,Motor Vehicle In-Transport,12,Motor Vehicle In-Transport,1,Front-to-Rear,1,Front-to-Rear,0,No,0,No,1,Non-Junction,1,Non-Junction,1,Not an Intersection,1,On Roadway,0,,2,Dark - Not Lighted,2,Dark - Not Lighted,10,Cloudy,10,Cloudy,0,No,1,Yes,3,Suspected Serious Injury (A),3,Suspected Serious Injury (A),1,1,1,1,2,No Alcohol Involved,2,No Alcohol Involved
202304656324,68,68,23,4,"West (MT, ID, WA, OR, CA, NV, NM, AZ, UT, CO, WY, AK, HI)",1,Urban Area,5,Stratum 5 - NLMY PV Serious Injury,299,27.989933189,0,0,1,1,0,3,1,January,3,Tuesday,3,Tuesday,2023,2023,23,11:00pm-11:59pm,23,11:00pm-11:59pm,0,0,0,0,24,Guardrail Face,24,Guardrail Face,0,The First Harmful Event was Not a Collision with a Motor Vehicle In-Transport,0,The First Harmful Event was Not a Collision with a Motor Vehicle In-Transport,1,Yes,1,Yes,19,Other location within Interchange Area,19,Other location within Interchange Area,1,Not an Intersection,3,On Median,0,,2,Dark - Not Lighted,2,Dark - Not Lighted,1,Clear,1,Clear,0,No,1,Yes,3,Suspected Serious Injury (A),3,Suspected Serious Injury (A),2,2,2,2,2,No Alcohol Involved,2,No Alcohol Involved
202304656329,68,68,23,4,"West (MT, ID, WA, OR, CA, NV, NM, AZ, UT, CO, WY, AK, HI)",1,Urban Area,7,Stratum 7 - M/H Truck or Bus,295,173.69467015,0,0,2,2,0,3,1,January,3,Tuesday,3,Tuesday,2023,2023,12,12:00pm-12:59pm,12,12:00pm-12:59pm,40,40,40,40,12,Motor Vehicle In-Transport,12,Motor Vehicle In-Transport,1,Front-to-Rear,1,Front-to-Rear,1,Yes,1,Yes,17,Acceleration/Deceleration Lane,17,Acceleration/Deceleration Lane,1,Not an Intersection,1,On Roadway,4,"Work Zone, Type Unknown",1,Daylight,1,Daylight,1,Clear,1,Clear,0,No,1,Yes,0,No Apparent Injury (O),0,No Apparent Injury (O),0,No Person Injured/Property Damage Only Crash,0,No Person Injured/Property Damage Only Crash,2,No Alcohol Involved,2,No Alcohol Involved
202304656354,56,208,20,4,"West (MT, ID, WA, OR, CA, NV, NM, AZ, UT, CO, WY, AK, HI)",1,Urban Area,9,Stratum 9 - LMY PV No Injuries in Crash,208,160.08175056,0,0,2,2,0,3,1,January,4,Wednesday,4,Wednesday,2023,2023,8,8:00am-8:59am,8,8:00am-8:59am,15,15,15,15,12,Motor Vehicle In-Transport,12,Motor Vehicle In-Transport,1,Front-to-Rear,1,Front-to-Rear,0,No,0,No,1,Non-Junction,1,Non-Junction,1,Not an Intersection,1,On Roadway,0,,1,Daylight,1,Daylight,2,Rain,2,Rain,0,No,0,No,0,No Apparent Injury (O),0,No Apparent Injury (O),0,No Person Injured/Property Damage Only Crash,0,No Person Injured/Property Damage Only Crash,2,No Alcohol Involved,2,No Alcohol Involved
202304656392,35,35,13,3,"South (MD, DE, DC, WV, VA, KY, TN, NC, SC, GA, FL, AL, MS, LA, AR, OK, TX)",1,Urban Area,5,Stratum 5 - NLMY PV Serious Injury,4141,25.931244504,0,0,2,2,0,2,1,January,4,Wednesday,4,Wednesday,2023,2023,5,5:00am-5:59am,5,5:00am-5:59am,49,49,49,49,12,Motor Vehicle In-Transport,12,Motor Vehicle In-Transport,6,Angle,6,Angle,1,Yes,1,Yes,5,Entrance/Exit Ramp Related,5,Entrance/Exit Ramp Related,1,Not an Intersection,1,On Roadway,0,,3,Dark - Lighted,3,Dark - Lighted,1,Clear,1,Clear,0,No,1,Yes,3,Suspected Serious Injury (A),3,Suspected Serious Injury (A),1,1,1,1,2,No Alcohol Involved,2,No Alcohol Involved
202304656402,35,35,13,3,"South (MD, DE, DC, WV, VA, KY, TN, NC, SC, GA, FL, AL, MS, LA, AR, OK, TX)",1,Urban Area,10,Stratum 10 - Other,4141,222.47241975,0,0,2,2,0,2,1,January,6,Friday,6,Friday,2023,2023,7,7:00am-7:59am,7,7:00am-7:59am,40,40,40,40,12,Motor Vehicle In-Transport,12,Motor Vehicle In-Transport,1,Front-to-Rear,1,Front-to-Rear,0,No,0,No,3,Intersection-Related,3,Intersection-Related,2,Four-Way Intersection,1,On Roadway,0,,1,Daylight,1,Daylight,98,Not Reported,1,Clear,0,No,0,No,0,No Apparent Injury (O),0,No Apparent Injury (O),0,No Person Injured/Property Damage Only Crash,0,No Person Injured/Property Damage Only Crash,9,Reported as Unknown,2,No Alcohol Involved
202304656433,35,35,13,3,"South (MD, DE, DC, WV, VA, KY, TN, NC, SC, GA, FL, AL, MS, LA, AR, OK, TX)",1,Urban Area,9,Stratum 9 - LMY PV No Injuries in Crash,4141,141.63889146,0,0,2,2,0,2,1,January,6,Friday,6,Friday,2023,2023,11,11:00am-11:59am,11,11:00am-11:59am,23,23,23,23,12,Motor Vehicle In-Transport,12,Motor Vehicle In-Transport,1,Front-to-Rear,1,Front-to-Rear,0,No,0,No,3,Intersection-Related,3,Intersection-Related,3,T-Intersection,1,On Roadway,0,,1,Daylight,1,Daylight,1,Clear,1,Clear,0,No,0,No,0,No Apparent Injury (O),0,No Apparent Injury (O),0,No Person Injured/Property Damage Only Crash,0,No Person Injured/Property Damage Only Crash,2,No Alcohol Involved,2,No Alcohol Involved
202304656435,35,35,13,3,"South (MD, DE, DC, WV, VA, KY, TN, NC, SC, GA, FL, AL, MS, LA, AR, OK, TX)",1,Urban Area,6,Stratum 6 - LMY PV Minor Injury,4141,54.437803538,0,0,2,2,0,2,1,January,6,Friday,6,Friday,2023,2023,9,9:00am-9:59am,9,9:00am-9:59am,36,36,36,36,12,Motor Vehicle In-Transport,12,Motor Vehicle In-Transport,6,Angle,6,Angle,0,No,0,No,2,Intersection,2,Intersection,3,T-Intersection,1,On Roadway,0,,1,Daylight,1,Daylight,1,Clear,1,Clear,0,No,0,No,1,Possible Injury (C),1,Possible Injury (C),1,1,1,1,2,No Alcohol Involved,2,No Alcohol Involved
202304656459,58,58,6,2,"Midwest (OH, IN, IL, MI, WI, MN, ND, SD, NE, IA, MO, KS)",1,Urban Area,9,Stratum 9 - LMY PV No Injuries in Crash,4143,135.86534075,0,0,2,2,0,4,1,January,1,Sunday,1,Sunday,2023,2023,19,7:00pm-7:59pm,19,7:00pm-7:59pm,8,8,8,8,12,Motor Vehicle In-Transport,12,Motor Vehicle In-Transport,1,Front-to-Rear,1,Front-to-Rear,0,No,0,No,3,Intersection-Related,3,Intersection-Related,2,Four-Way Intersection,1,On Roadway,0,,3,Dark - Lighted,3,Dark - Lighted,1,Clear,1,Clear,0,No,0,No,0,No Apparent Injury (O),0,No Apparent Injury (O),0,No Person Injured/Property Damage Only Crash,0,No Person Injured/Property Damage Only Crash,9,Reported as Unknown,2,No Alcohol Involved
202304656471,58,58,6,2,"Midwest (OH, IN, IL, MI, WI, MN, ND, SD, NE, IA, MO, KS)",1,Urban Area,10,Stratum 10 - Other,4143,213.68759167,0,0,1,1,0,1,1,January,5,Thursday,5,Thursday,2023,2023,99,Unknown Hours,22,10:00pm-10:59pm,99,Unknown Minutes,27,27,40,Fire Hydrant,40,Fire Hydrant,0,The First Harmful Event was Not a Collision with a Motor Vehicle In-Transport,0,The First Harmful Event was Not a Collision with a Motor Vehicle In-Transport,0,No,0,No,3,Intersection-Related,3,Intersection-Related,3,T-Intersection,4,On Roadside,0,,6,Dark - Unknown Lighting,6,Dark - Unknown Lighting,4,Snow,4,Snow,0,No,0,No,0,No Apparent Injury (O),0,No Apparent Injury (O),0,No Person Injured/Property Damage Only Crash,0,No Person Injured/Property Damage Only Crash,9,Reported as Unknown,2,No Alcohol Involved
202304656476,58,58,6,2,"Midwest (OH, IN, IL, MI, WI, MN, ND, SD, NE, IA, MO, KS)",1,Urban Area,5,Stratum 5 - NLMY PV Serious Injury,4143,25.131357339,0,0,2,2,0,2,1,January,4,Wednesday,4,Wednesday,2023,2023,13,1:00pm-1:59pm,13,1:00pm-1:59pm,35,35,35,35,43,Other Fixed Object,43,Other Fixed Object,0,The First Harmful Event was Not a Collision with a Motor Vehicle In-Transport,0,The First Harmful Event was Not a Collision with a Motor Vehicle In-Transport,0,No,0,No,1,Non-Junction,1,Non-Junction,1,Not an Intersection,1,On Roadway,0,,1,Daylight,1,Daylight,1,Clear,1,Clear,0,No,0,No,3,Suspected Serious Injury (A),3,Suspected Serious Injury (A),1,1,1,1,9,Reported as Unknown,2,No Alcohol Involved
202304656499,32,32,17,3,"South (MD, DE, DC, WV, VA, KY, TN, NC, SC, GA, FL, AL, MS, LA, AR, OK, TX)",2,Rural Area,10,Stratum 10 - Other,4145,220.3414238,0,0,2,2,0,2,1,January,1,Sunday,1,Sunday,2023,2023,20,8:00pm-8:59pm,20,8:00pm-8:59pm,18,18,18,18,12,Motor Vehicle In-Transport,12,Motor Vehicle In-Transport,1,Front-to-Rear,1,Front-to-Rear,0,No,0,No,1,Non-Junction,1,Non-Junction,1,Not an Intersection,1,On Roadway,0,,3,Dark - Lighted,3,Dark - Lighted,2,Rain,2,Rain,0,No,0,No,0,No Apparent Injury (O),0,No Apparent Injury (O),0,No Person Injured/Property Damage Only Crash,0,No Person Injured/Property Damage Only Crash,2,No Alcohol Involved,2,No Alcohol Involved
202304656509,32,32,17,3,"South (MD, DE, DC, WV, VA, KY, TN, NC, SC, GA, FL, AL, MS, LA, AR, OK, TX)",2,Rural Area,9,Stratum 9 - LMY PV No Injuries in Crash,4145,139.52294719,0,0,2,2,0,2,1,January,2,Monday,2,Monday,2023,2023,9,9:00am-9:59am,9,9:00am-9:59am,46,46,46,46,12,Motor Vehicle In-Transport,12,Motor Vehicle In-Transport,1,Front-to-Rear,1,Front-to-Rear,0,No,0,No,3,Intersection-Related,3,Intersection-Related,2,Four-Way Intersection,1,On Roadway,0,,1,Daylight,1,Daylight,1,Clear,1,Clear,0,No,0,No,0,No Apparent Injury (O),0,No Apparent Injury (O),0,No Person Injured/Property Damage Only Crash,0,No Person Injured/Property Damage Only Crash,2,No Alcohol Involved,2,No Alcohol Involved
202304656528,83,83,13,3,"South (MD, DE, DC, WV, VA, KY, TN, NC, SC, GA, FL, AL, MS, LA, AR, OK, TX)",1,Urban Area,8,Stratum 8 - NLMY PV Minor Injury,4148,134.77451173,0,0,2,2,0,2,1,January,2,Monday,2,Monday,2023,2023,7,7:00am-7:59am,7,7:00am-7:59am,24,24,24,24,12,Motor Vehicle In-Transport,12,Motor Vehicle In-Transport,1,Front-to-Rear,1,Front-to-Rear,0,No,0,No,3,Intersection-Related,3,Intersection-Related,2,Four-Way Intersection,1,On Roadway,0,,1,Daylight,1,Daylight,1,Clear,1,Clear,0,No,0,No,2,Suspected Minor Injury (B),2,Suspected Minor Injury (B),1,1,1,1,2,No Alcohol Involved,2,No Alcohol Involved
202304656578,83,83,13,3,"South (MD, DE, DC, WV, VA, KY, TN, NC, SC, GA, FL, AL, MS, LA, AR, OK, TX)",1,Urban Area,10,Stratum 10 - Other,4148,223.23894247,0,0,2,2,0,2,1,January,5,Thursday,5,Thursday,2023,2023,14,2:00pm-2:59pm,14,2:00pm-2:59pm,0,0,0,0,12,Motor Vehicle In-Transport,12,Motor Vehicle In-Transport,6,Angle,6,Angle,0,No,0,No,8,Driveway Access Related,8,Driveway Access Related,1,Not an Intersection,1,On Roadway,0,,1,Daylight,1,Daylight,1,Clear,1,Clear,0,No,0,No,0,No Apparent Injury (O),0,No Apparent Injury (O),0,No Person Injured/Property Damage Only Crash,0,No Person Injured/Property Damage Only Crash,9,Reported as Unknown,2,No Alcohol Involved
202304656610,22,22,5,1,"Northeast (PA, NJ, NY, NH, VT, RI, MA, ME, CT)",2,Rural Area,10,Stratum 10 - Other,4149,222.74751596,0,0,1,1,0,1,1,January,3,Tuesday,3,Tuesday,2023,2023,3,3:00am-3:59am,3,3:00am-3:59am,56,56,56,56,11,Live Animal,11,Live Animal,0,The First Harmful Event was Not a Collision with a Motor Vehicle In-Transport,0,The First Harmful Event was Not a Collision with a Motor Vehicle In-Transport,0,No,0,No,1,Non-Junction,1,Non-Junction,1,Not an Intersection,1,On Roadway,0,,2,Dark - Not Lighted,2,Dark - Not Lighted,1,Clear,1,Clear,0,No,0,No,0,No Apparent Injury (O),0,No Apparent Injury (O),0,No Person Injured/Property Damage Only Crash,0,No Person Injured/Property Damage Only Crash,2,No Alcohol Involved,2,No Alcohol Involved
202304656631,25,25,8,2,"Midwest (OH, IN, IL, MI, WI, MN, ND, SD, NE, IA, MO, KS)",1,Urban Area,9,Stratum 9 - LMY PV No Injuries in Crash,4150,138.4046856,0,0,2,2,0,4,1,January,3,Tuesday,3,Tuesday,2023,2023,14,2:00pm-2:59pm,14,2:00pm-2:59pm,4,4,4,4,12,Motor Vehicle In-Transport,12,Motor Vehicle In-Transport,1,Front-to-Rear,1,Front-to-Rear,0,No,0,No,3,Intersection-Related,3,Intersection-Related,2,Four-Way Intersection,1,On Roadway,0,,1,Daylight,1,Daylight,10,Cloudy,10,Cloudy,0,No,0,No,0,No Apparent Injury (O),0,No Apparent Injury (O),0,No Person Injured/Property Damage Only Crash,0,No Person Injured/Property Damage Only Crash,9,Reported as Unknown,2,No Alcohol Involved
202304656632,25,25,8,2,"Midwest (OH, IN, IL, MI, WI, MN, ND, SD, NE, IA, MO, KS)",1,Urban Area,8,Stratum 8 - NLMY PV Minor Injury,4150,131.83084766,0,0,2,2,0,2,1,January,2,Monday,2,Monday,2023,2023,17,5:00pm-5:59pm,17,5:00pm-5:59pm,50,50,50,50,12,Motor Vehicle In-Transport,12,Motor Vehicle In-Transport,6,Angle,6,Angle,0,No,0,No,2,Intersection,2,Intersection,2,Four-Way Intersection,1,On Roadway,0,,2,Dark - Not Lighted,2,Dark - Not Lighted,1,Clear,1,Clear,0,No,0,No,1,Possible Injury (C),1,Possible Injury (C),1,1,1,1,9,Reported as Unknown,2,No Alcohol Involved
202304656635,25,25,8,2,"Midwest (OH, IN, IL, MI, WI, MN, ND, SD, NE, IA, MO, KS)",1,Urban Area,10,Stratum 10 - Other,4150,218.84769319,0,0,2,2,0,2,1,January,3,Tuesday,3,Tuesday,2023,2023,11,11:00am-11:59am,11,11:00am-11:59am,3,3,3,3,12,Motor Vehicle In-Transport,12,Motor Vehicle In-Transport,6,Angle,6,Angle,0,No,0,No,1,Non-Junction,1,Non-Junction,1,Not an Intersection,1,On Roadway,0,,1,Daylight,1,Daylight,1,Clear,1,Clear,0,No,0,No,0,No Apparent Injury (O),0,No Apparent Injury (O),0,No Person Injured/Property Damage Only Crash,0,No Person Injured/Property Damage Only Crash,9,Reported as Unknown,2,No Alcohol Involved
202304656647,25,25,8,2,"Midwest (OH, IN, IL, MI, WI, MN, ND, SD, NE, IA, MO, KS)",1,Urban Area,7,Stratum 7 - M/H Truck or Bus,4150,156.47229699,0,0,2,2,0,3,1,January,4,Wednesday,4,Wednesday,2023,2023,12,12:00pm-12:59pm,12,12:00pm-12:59pm,54,54,54,54,12,Motor Vehicle In-Transport,12,Motor Vehicle In-Transport,6,Angle,6,Angle,1,Yes,1,Yes,18,Through Roadway,18,Through Roadway,1,Not an Intersection,1,On Roadway,0,,1,Daylight,1,Daylight,2,Rain,2,Rain,0,No,1,Yes,0,No Apparent Injury (O),0,No Apparent Injury (O),0,No Person Injured/Property Damage Only Crash,0,No Person Injured/Property Damage Only Crash,9,Reported as Unknown,2,No Alcohol Involved
202304656655,77,77,9,2,"Midwest (OH, IN, IL, MI, WI, MN, ND, SD, NE, IA, MO, KS)",2,Rural Area,9,Stratum 9 - LMY PV No Injuries in Crash,4151,138.14428062,0,0,1,1,0,1,1,January,3,Tuesday,3,Tuesday,2023,2023,17,5:00pm-5:59pm,17,5:00pm-5:59pm,26,26,26,26,11,Live Animal,11,Live Animal,0,The First Harmful Event was Not a Collision with a Motor Vehicle In-Transport,0,The First Harmful Event was Not a Collision with a Motor Vehicle In-Transport,0,No,0,No,1,Non-Junction,1,Non-Junction,1,Not an Intersection,1,On Roadway,0,,5,Dusk,5,Dusk,98,Not Reported,1,Clear,0,No,0,No,9,Unknown/Not Reported,0,No Apparent Injury (O),99,All Persons in Crash are Unknown If Injured,0,No Person Injured/Property Damage Only Crash,9,Reported as Unknown,2,No Alcohol Involved
202304656656,77,77,9,2,"Midwest (OH, IN, IL, MI, WI, MN, ND, SD, NE, IA, MO, KS)",2,Rural Area,8,Stratum 8 - NLMY PV Minor Injury,4151,132.36109359,0,0,1,1,0,1,1,January,3,Tuesday,3,Tuesday,2023,2023,8,8:00am-8:59am,8,8:00am-8:59am,9,9,9,9,1,Rollover/Overturn,1,Rollover/Overturn,0,The First Harmful Event was Not a Collision with a Motor Vehicle In-Transport,0,The First Harmful Event was Not a Collision with a Motor Vehicle In-Transport,0,No,0,No,1,Non-Junction,1,Non-Junction,1,Not an Intersection,3,On Median,0,,1,Daylight,1,Daylight,1,Clear,1,Clear,0,No,0,No,2,Suspected Minor Injury (B),2,Suspected Minor Injury (B),1,1,1,1,9,Reported as Unknown,2,No Alcohol Involved
202304656657,77,77,9,2,"Midwest (OH, IN, IL, MI, WI, MN, ND, SD, NE, IA, MO, KS)",2,Rural Area,7,Stratum 7 - M/H Truck or Bus,4151,156.34386138,0,0,1,1,0,1,1,January,2,Monday,2,Monday,2023,2023,0,0:00am-0:59am,0,0:00am-0:59am,40,40,40,40,1,Rollover/Overturn,1,Rollover/Overturn,0,The First Harmful Event was Not a Collision with a Motor Vehicle In-Transport,0,The First Harmful Event was Not a Collision with a Motor Vehicle In-Transport,0,No,0,No,1,Non-Junction,1,Non-Junction,1,Not an Intersection,4,On Roadside,0,,2,Dark - Not Lighted,2,Dark - Not Lighted,1,Clear,1,Clear,0,No,0,No,0,No Apparent Injury (O),0,No Apparent Injury (O),0,No Person Injured/Property Damage Only Crash,0,No Person Injured/Property Damage Only Crash,9,Reported as Unknown,2,No Alcohol Involved
202304656684,67,67,8,2,"Midwest (OH, IN, IL, MI, WI, MN, ND, SD, NE, IA, MO, KS)",1,Urban Area,2,Stratum 2 - Not a MV Occupant Any Injury,4152,22.85254939,1,1,1,1,0,1,1,January,5,Thursday,5,Thursday,2023,2023,6,6:00am-6:59am,6,6:00am-6:59am,37,37,37,37,9,Pedalcyclist,9,Pedalcyclist,0,The First Harmful Event was Not a Collision with a Motor Vehicle In-Transport,0,The First Harmful Event was Not a Collision with a Motor Vehicle In-Transport,0,No,0,No,1,Non-Junction,1,Non-Junction,1,Not an Intersection,1,On Roadway,0,,3,Dark - Lighted,3,Dark - Lighted,1,Clear,1,Clear,0,No,0,No,2,Suspected Minor Injury (B),2,Suspected Minor Injury (B),1,1,1,1,9,Reported as Unknown,2,No Alcohol Involved
202304656687,67,67,8,2,"Midwest (OH, IN, IL, MI, WI, MN, ND, SD, NE, IA, MO, KS)",1,Urban Area,10,Stratum 10 - Other,4152,216.86508996,0,0,2,2,0,4,1,January,1,Sunday,1,Sunday,2023,2023,0,0:00am-0:59am,0,0:00am-0:59am,41,41,41,41,12,Motor Vehicle In-Transport,12,Motor Vehicle In-Transport,1,Front-to-Rear,1,Front-to-Rear,0,No,0,No,1,Non-Junction,1,Non-Junction,1,Not an Intersection,1,On Roadway,0,,3,Dark - Lighted,3,Dark - Lighted,1,Clear,1,Clear,0,No,1,Yes,0,No Apparent Injury (O),1,Possible Injury (C),0,No Person Injured/Property Damage Only Crash,1,1,9,Reported as Unknown,2,No Alcohol Involved
202304656694,67,67,8,2,"Midwest (OH, IN, IL, MI, WI, MN, ND, SD, NE, IA, MO, KS)",1,Urban Area,8,Stratum 8 - NLMY PV Minor Injury,4152,131.12772881,0,0,2,1,1,1,1,January,1,Sunday,1,Sunday,2023,2023,0,0:00am-0:59am,0,0:00am-0:59am,14,14,14,14,14,Parked Motor Vehicle,14,Parked Motor Vehicle,0,The First Harmful Event was Not a Collision with a Motor Vehicle In-Transport,0,The First Harmful Event was Not a Collision with a Motor Vehicle In-Transport,1,Yes,1,Yes,19,Other location within Interchange Area,19,Other location within Interchange Area,1,Not an Intersection,2,On Shoulder,0,,3,Dark - Lighted,3,Dark - Lighted,1,Clear,1,Clear,0,No,1,Yes,2,Suspected Minor Injury (B),2,Suspected Minor Injury (B),1,1,1,1,1,Alcohol Involved,1,Alcohol Involved
202304656706,67,67,8,2,"Midwest (OH, IN, IL, MI, WI, MN, ND, SD, NE, IA, MO, KS)",1,Urban Area,6,Stratum 6 - LMY PV Minor Injury,4152,52.656968394,0,0,2,1,1,1,1,January,6,Friday,6,Friday,2023,2023,13,1:00pm-1:59pm,13,1:00pm-1:59pm,54,54,54,54,14,Parked Motor Vehicle,14,Parked Motor Vehicle,0,The First Harmful Event was Not a Collision with a Motor Vehicle In-Transport,0,The First Harmful Event was Not a Collision with a Motor Vehicle In-Transport,0,No,0,No,1,Non-Junction,1,Non-Junction,1,Not an Intersection,7,In Parking Lane/Zone,0,,1,Daylight,1,Daylight,10,Cloudy,10,Cloudy,0,No,0,No,2,Suspected Minor Injury (B),2,Suspected Minor Injury (B),1,1,1,1,1,Alcohol Involved,1,Alcohol Involved
202304656719,14,14,9,2,"Midwest (OH, IN, IL, MI, WI, MN, ND, SD, NE, IA, MO, KS)",2,Rural Area,10,Stratum 10 - Other,4155,218.0723707,0,0,2,2,0,2,1,January,5,Thursday,5,Thursday,2023,2023,5,5:00am-5:59am,5,5:00am-5:59am,56,56,56,56,12,Motor Vehicle In-Transport,12,Motor Vehicle In-Transport,6,Angle,6,Angle,0,No,0,No,2,Intersection,2,Intersection,2,Four-Way Intersection,1,On Roadway,0,,3,Dark - Lighted,3,Dark - Lighted,1,Clear,1,Clear,0,No,0,No,0,No Apparent Injury (O),0,No Apparent Injury (O),0,No Person Injured/Property Damage Only Crash,0,No Person Injured/Property Damage Only Crash,2,No Alcohol Involved,2,No Alcohol Involved
202304657267,38,38,14,3,"South (MD, DE, DC, WV, VA, KY, TN, NC, SC, GA, FL, AL, MS, LA, AR, OK, TX)",1,Urban Area,3,Stratum 3 - Motorcycle Any Injury,508,25.612622178,0,0,1,1,0,1,1,January,1,Sunday,1,Sunday,2023,2023,15,3:00pm-3:59pm,15,3:00pm-3:59pm,27,27,27,27,11,Live Animal,11,Live Animal,0,The First Harmful Event was Not a Collision with a Motor Vehicle In-Transport,0,The First Harmful Event was Not a Collision with a Motor Vehicle In-Transport,0,No,0,No,1,Non-Junction,1,Non-Junction,1,Not an Intersection,1,On Roadway,0,,1,Daylight,1,Daylight,1,Clear,1,Clear,0,No,0,No,2,Suspected Minor Injury (B),2,Suspected Minor Injury (B),1,1,1,1,2,No Alcohol Involved,2,No Alcohol Involved
202304657270,38,38,14,3,"South (MD, DE, DC, WV, VA, KY, TN, NC, SC, GA, FL, AL, MS, LA, AR, OK, TX)",1,Urban Area,9,Stratum 9 - LMY PV No Injuries in Crash,509,141.73654157,0,0,2,2,0,3,1,January,1,Sunday,1,Sunday,2023,2023,1,1:00am-1:59am,1,1:00am-1:59am,6,6,6,6,12,Motor Vehicle In-Transport,12,Motor Vehicle In-Transport,1,Front-to-Rear,1,Front-to-Rear,0,No,0,No,3,Intersection-Related,3,Intersection-Related,2,Four-Way Intersection,1,On Roadway,0,,3,Dark - Lighted,3,Dark - Lighted,1,Clear,1,Clear,0,No,0,No,0,No Apparent Injury (O),0,No Apparent Injury (O),0,No Person Injured/Property Damage Only Crash,0,No Person Injured/Property Damage Only Crash,2,No Alcohol Involved,2,No Alcohol Involved
202304657304,38,38,14,3,"South (MD, DE, DC, WV, VA, KY, TN, NC, SC, GA, FL, AL, MS, LA, AR, OK, TX)",1,Urban Area,9,Stratum 9 - LMY PV No Injuries in Crash,573,141.73654156,0,0,1,1,0,1,1,January,1,Sunday,1,Sunday,2023,2023,2,2:00am-2:59am,2,2:00am-2:59am,19,19,19,19,31,"Post, Pole or Other Supports",31,"Post, Pole or Other Supports",0,The First Harmful Event was Not a Collision with a Motor Vehicle In-Transport,0,The First Harmful Event was Not a Collision with a Motor Vehicle In-Transport,0,No,0,No,1,Non-Junction,1,Non-Junction,1,Not an Intersection,4,On Roadside,0,,3,Dark - Lighted,3,Dark - Lighted,10,Cloudy,10,Cloudy,0,No,0,No,0,No Apparent Injury (O),0,No Apparent Injury (O),0,No Person Injured/Property Damage Only Crash,0,No Person Injured/Property Damage Only Crash,2,No Alcohol Involved,2,No Alcohol Involved
202304657355,54,54,14,3,"South (MD, DE, DC, WV, VA, KY, TN, NC, SC, GA, FL, AL, MS, LA, AR, OK, TX)",1,Urban Area,6,Stratum 6 - LMY PV Minor Injury,526,54.607130482,0,0,3,3,0,3,1,January,1,Sunday,1,Sunday,2023,2023,11,11:00am-11:59am,11,11:00am-11:59am,20,20,20,20,12,Motor Vehicle In-Transport,12,Motor Vehicle In-Transport,7,Sideswipe - Same Direction,7,Sideswipe - Same Direction,0,No,0,No,3,Intersection-Related,3,Intersection-Related,2,Four-Way Intersection,1,On Roadway,0,,1,Daylight,1,Daylight,10,Cloudy,10,Cloudy,0,No,0,No,1,Possible Injury (C),1,Possible Injury (C),2,2,2,2,1,Alcohol Involved,1,Alcohol Involved
202304657358,54,54,14,3,"South (MD, DE, DC, WV, VA, KY, TN, NC, SC, GA, FL, AL, MS, LA, AR, OK, TX)",1,Urban Area,8,Stratum 8 - NLMY PV Minor Injury,515,135.08008654,0,0,1,1,0,1,1,January,2,Monday,2,Monday,2023,2023,13,1:00pm-1:59pm,13,1:00pm-1:59pm,0,0,0,0,34,Ditch,34,Ditch,0,The First Harmful Event was Not a Collision with a Motor Vehicle In-Transport,0,The First Harmful Event was Not a Collision with a Motor Vehicle In-Transport,0,No,0,No,1,Non-Junction,1,Non-Junction,1,Not an Intersection,4,On Roadside,0,,1,Daylight,1,Daylight,10,Cloudy,10,Cloudy,0,No,0,No,2,Suspected Minor Injury (B),2,Suspected Minor Injury (B),1,1,1,1,2,No Alcohol Involved,2,No Alcohol Involved
202304657359,54,54,14,3,"South (MD, DE, DC, WV, VA, KY, TN, NC, SC, GA, FL, AL, MS, LA, AR, OK, TX)",1,Urban Area,8,Stratum 8 - NLMY PV Minor Injury,517,135.08008653,0,0,2,2,0,2,1,January,2,Monday,2,Monday,2023,2023,13,1:00pm-1:59pm,13,1:00pm-1:59pm,35,35,35,35,12,Motor Vehicle In-Transport,12,Motor Vehicle In-Transport,1,Front-to-Rear,1,Front-to-Rear,0,No,0,No,3,Intersection-Related,3,Intersection-Related,2,Four-Way Intersection,1,On Roadway,0,,1,Daylight,1,Daylight,10,Cloudy,10,Cloudy,0,No,0,No,1,Possible Injury (C),1,Possible Injury (C),1,1,1,1,2,No Alcohol Involved,2,No Alcohol Involved
202304657361,54,54,14,3,"South (MD, DE, DC, WV, VA, KY, TN, NC, SC, GA, FL, AL, MS, LA, AR, OK, TX)",1,Urban Area,9,Stratum 9 - LMY PV No Injuries in Crash,517,140.91006615,0,0,2,2,0,2,1,January,2,Monday,2,Monday,2023,2023,14,2:00pm-2:59pm,14,2:00pm-2:59pm,30,30,30,30,12,Motor Vehicle In-Transport,12,Motor Vehicle In-Transport,6,Angle,6,Angle,0,No,0,No,8,Driveway Access Related,8,Driveway Access Related,1,Not an Intersection,1,On Roadway,0,,1,Daylight,1,Daylight,10,Cloudy,10,Cloudy,0,No,0,No,0,No Apparent Injury (O),0,No Apparent Injury (O),0,No Person Injured/Property Damage Only Crash,0,No Person Injured/Property Damage Only Crash,2,No Alcohol Involved,2,No Alcohol Involved
202304657363,54,54,14,3,"South (MD, DE, DC, WV, VA, KY, TN, NC, SC, GA, FL, AL, MS, LA, AR, OK, TX)",1,Urban Area,6,Stratum 6 - LMY PV Minor Injury,516,54.607130482,0,0,1,1,0,2,1,January,2,Monday,2,Monday,2023,2023,15,3:00pm-3:59pm,15,3:00pm-3:59pm,0,0,0,0,42,Tree (Standing Only),42,Tree (Standing Only),0,The First Harmful Event was Not a Collision with a Motor Vehicle In-Transport,0,The First Harmful Event was Not a Collision with a Motor Vehicle In-Transport,0,No,0,No,1,Non-Junction,1,Non-Junction,1,Not an Intersection,4,On Roadside,0,,1,Daylight,1,Daylight,1,Clear,1,Clear,0,No,0,No,2,Suspected Minor Injury (B),2,Suspected Minor Injury (B),1,1,1,1,2,No Alcohol Involved,2,No Alcohol Involved
202304657364,54,54,14,3,"South (MD, DE, DC, WV, VA, KY, TN, NC, SC, GA, FL, AL, MS, LA, AR, OK, TX)",1,Urban Area,10,Stratum 10 - Other,516,222.57005226,0,0,1,1,0,1,1,January,2,Monday,2,Monday,2023,2023,6,6:00am-6:59am,6,6:00am-6:59am,44,44,44,44,32,Culvert,32,Culvert,0,The First Harmful Event was Not a Collision with a Motor Vehicle In-Transport,0,The First Harmful Event was Not a Collision with a Motor Vehicle In-Transport,0,No,0,No,1,Non-Junction,1,Non-Junction,1,Not an Intersection,4,On Roadside,0,,2,Dark - Not Lighted,2,Dark - Not Lighted,1,Clear,1,Clear,0,No,0,No,0,No Apparent Injury (O),0,No Apparent Injury (O),0,No Person Injured/Property Damage Only Crash,0,No Person Injured/Property Damage Only Crash,2,No Alcohol Involved,2,No Alcohol Involved
202304657374,62,62,18,3,"South (MD, DE, DC, WV, VA, KY, TN, NC, SC, GA, FL, AL, MS, LA, AR, OK, TX)",2,Rural Area,10,Stratum 10 - Other,542,215.58341417,0,0,2,2,0,2,1,January,2,Monday,2,Monday,2023,2023,15,3:00pm-3:59pm,15,3:00pm-3:59pm,41,41,41,41,12,Motor Vehicle In-Transport,12,Motor Vehicle In-Transport,7,Sideswipe - Same Direction,7,Sideswipe - Same Direction,0,No,0,No,1,Non-Junction,1,Non-Junction,1,Not an Intersection,1,On Roadway,0,,1,Daylight,1,Daylight,1,Clear,1,Clear,0,No,0,No,0,No Apparent Injury (O),0,No Apparent Injury (O),0,No Person Injured/Property Damage Only Crash,0,No Person Injured/Property Damage Only Crash,2,No Alcohol Involved,2,No Alcohol Involved
202304657394,38,38,14,3,"South (MD, DE, DC, WV, VA, KY, TN, NC, SC, GA, FL, AL, MS, LA, AR, OK, TX)",1,Urban Area,10,Stratum 10 - Other,573,222.75232233,0,0,2,2,0,2,1,January,2,Monday,2,Monday,2023,2023,20,8:00pm-8:59pm,20,8:00pm-8:59pm,34,34,34,34,12,Motor Vehicle In-Transport,12,Motor Vehicle In-Transport,7,Sideswipe - Same Direction,7,Sideswipe - Same Direction,0,No,0,No,2,Intersection,2,Intersection,2,Four-Way Intersection,1,On Roadway,0,,3,Dark - Lighted,3,Dark - Lighted,1,Clear,1,Clear,0,No,0,No,0,No Apparent Injury (O),0,No Apparent Injury (O),0,No Person Injured/Property Damage Only Crash,0,No Person Injured/Property Damage Only Crash,9,Reported as Unknown,2,No Alcohol Involved
202304657403,38,38,14,3,"South (MD, DE, DC, WV, VA, KY, TN, NC, SC, GA, FL, AL, MS, LA, AR, OK, TX)",1,Urban Area,6,Stratum 6 - LMY PV Minor Injury,573,54.413088547,0,0,2,2,0,4,1,January,2,Monday,2,Monday,2023,2023,15,3:00pm-3:59pm,15,3:00pm-3:59pm,23,23,23,23,12,Motor Vehicle In-Transport,12,Motor Vehicle In-Transport,1,Front-to-Rear,1,Front-to-Rear,0,No,0,No,8,Driveway Access Related,8,Driveway Access Related,1,Not an Intersection,1,On Roadway,0,,1,Daylight,1,Daylight,1,Clear,1,Clear,0,No,0,No,1,Possible Injury (C),1,Possible Injury (C),1,1,1,1,2,No Alcohol Involved,2,No Alcohol Involved
202304657415,38,38,14,3,"South (MD, DE, DC, WV, VA, KY, TN, NC, SC, GA, FL, AL, MS, LA, AR, OK, TX)",1,Urban Area,8,Stratum 8 - NLMY PV Minor Injury,573,135.3477242,0,0,2,2,0,3,1,January,2,Monday,2,Monday,2023,2023,8,8:00am-8:59am,8,8:00am-8:59am,54,54,54,54,12,Motor Vehicle In-Transport,12,Motor Vehicle In-Transport,6,Angle,6,Angle,0,No,0,No,2,Intersection,2,Intersection,2,Four-Way Intersection,1,On Roadway,0,,1,Daylight,1,Daylight,10,Cloudy,10,Cloudy,0,No,0,No,2,Suspected Minor Injury (B),2,Suspected Minor Injury (B),1,1,1,1,2,No Alcohol Involved,2,No Alcohol Involved
202304657460,52,52,18,3,"South (MD, DE, DC, WV, VA, KY, TN, NC, SC, GA, FL, AL, MS, LA, AR, OK, TX)",2,Rural Area,9,Stratum 9 - LMY PV No Injuries in Crash,606,141.33421585,0,0,2,2,0,2,1,January,2,Monday,2,Monday,2023,2023,16,4:00pm-4:59pm,16,4:00pm-4:59pm,55,55,55,55,12,Motor Vehicle In-Transport,12,Motor Vehicle In-Transport,1,Front-to-Rear,1,Front-to-Rear,0,No,0,No,1,Non-Junction,1,Non-Junction,1,Not an Intersection,1,On Roadway,0,,1,Daylight,1,Daylight,1,Clear,1,Clear,0,No,0,No,0,No Apparent Injury (O),0,No Apparent Injury (O),0,No Person Injured/Property Damage Only Crash,0,No Person Injured/Property Damage Only Crash,9,Reported as Unknown,2,No Alcohol Involved
202304657461,52,52,18,3,"South (MD, DE, DC, WV, VA, KY, TN, NC, SC, GA, FL, AL, MS, LA, AR, OK, TX)",2,Rural Area,5,Stratum 5 - NLMY PV Serious Injury,606,130.34310812,0,0,2,2,0,3,1,January,2,Monday,2,Monday,2023,2023,20,8:00pm-8:59pm,20,8:00pm-8:59pm,0,0,0,0,12,Motor Vehicle In-Transport,12,Motor Vehicle In-Transport,6,Angle,6,Angle,0,No,0,No,8,Driveway Access Related,8,Driveway Access Related,1,Not an Intersection,1,On Roadway,0,,2,Dark - Not Lighted,2,Dark - Not Lighted,1,Clear,1,Clear,0,No,0,No,3,Suspected Serious Injury (A),3,Suspected Serious Injury (A),3,3,3,3,2,No Alcohol Involved,2,No Alcohol Involved
202304657463,62,62,18,3,"South (MD, DE, DC, WV, VA, KY, TN, NC, SC, GA, FL, AL, MS, LA, AR, OK, TX)",2,Rural Area,10,Stratum 10 - Other,618,215.58341408,0,0,2,2,0,2,1,January,2,Monday,2,Monday,2023,2023,6,6:00am-6:59am,6,6:00am-6:59am,0,0,0,0,12,Motor Vehicle In-Transport,12,Motor Vehicle In-Transport,1,Front-to-Rear,1,Front-to-Rear,0,No,0,No,1,Non-Junction,1,Non-Junction,1,Not an Intersection,1,On Roadway,0,,2,Dark - Not Lighted,2,Dark - Not Lighted,10,Cloudy,10,Cloudy,0,No,1,Yes,0,No Apparent Injury (O),0,No Apparent Injury (O),0,No Person Injured/Property Damage Only Crash,0,No Person Injured/Property Damage Only Crash,9,Reported as Unknown,2,No Alcohol Involved
202304657464,62,62,18,3,"South (MD, DE, DC, WV, VA, KY, TN, NC, SC, GA, FL, AL, MS, LA, AR, OK, TX)",2,Rural Area,8,Stratum 8 - NLMY PV Minor Injury,618,133.35406912,0,0,2,2,0,2,1,January,2,Monday,2,Monday,2023,2023,7,7:00am-7:59am,7,7:00am-7:59am,30,30,30,30,12,Motor Vehicle In-Transport,12,Motor Vehicle In-Transport,7,Sideswipe - Same Direction,7,Sideswipe - Same Direction,0,No,0,No,1,Non-Junction,1,Non-Junction,1,Not an Intersection,1,On Roadway,0,,4,Dawn,4,Dawn,10,Cloudy,10,Cloudy,0,No,1,Yes,2,Suspected Minor Injury (B),2,Suspected Minor Injury (B),1,1,1,1,9,Reported as Unknown,2,No Alcohol Involved
202304657475,38,38,14,3,"South (MD, DE, DC, WV, VA, KY, TN, NC, SC, GA, FL, AL, MS, LA, AR, OK, TX)",1,Urban Area,9,Stratum 9 - LMY PV No Injuries in Crash,508,141.73654152,0,0,1,1,0,1,1,January,3,Tuesday,3,Tuesday,2023,2023,21,9:00pm-9:59pm,21,9:00pm-9:59pm,26,26,26,26,11,Live Animal,11,Live Animal,0,The First Harmful Event was Not a Collision with a Motor Vehicle In-Transport,0,The First Harmful Event was Not a Collision with a Motor Vehicle In-Transport,0,No,0,No,1,Non-Junction,1,Non-Junction,1,Not an Intersection,1,On Roadway,0,,2,Dark - Not Lighted,2,Dark - Not Lighted,2,Rain,2,Rain,0,No,0,No,0,No Apparent Injury (O),0,No Apparent Injury (O),0,No Person Injured/Property Damage Only Crash,0,No Person Injured/Property Damage Only Crash,2,No Alcohol Involved,2,No Alcohol Involved
202304657485,54,54,14,3,"South (MD, DE, DC, WV, VA, KY, TN, NC, SC, GA, FL, AL, MS, LA, AR, OK, TX)",1,Urban Area,6,Stratum 6 - LMY PV Minor Injury,517,54.607130482,0,0,3,3,0,4,1,January,3,Tuesday,3,Tuesday,2023,2023,12,12:00pm-12:59pm,12,12:00pm-12:59pm,30,30,30,30,12,Motor Vehicle In-Transport,12,Motor Vehicle In-Transport,1,Front-to-Rear,1,Front-to-Rear,0,No,0,No,3,Intersection-Related,3,Intersection-Related,2,Four-Way Intersection,1,On Roadway,0,,1,Daylight,1,Daylight,10,Cloudy,10,Cloudy,0,No,0,No,2,Suspected Minor Injury (B),2,Suspected Minor Injury (B),2,2,2,2,2,No Alcohol Involved,2,No Alcohol Involved
202304657487,54,54,14,3,"South (MD, DE, DC, WV, VA, KY, TN, NC, SC, GA, FL, AL, MS, LA, AR, OK, TX)",1,Urban Area,9,Stratum 9 - LMY PV No Injuries in Crash,516,140.91006615,0,0,2,2,0,2,1,January,3,Tuesday,3,Tuesday,2023,2023,14,2:00pm-2:59pm,14,2:00pm-2:59pm,57,57,57,57,12,Motor Vehicle In-Transport,12,Motor Vehicle In-Transport,1,Front-to-Rear,1,Front-to-Rear,0,No,0,No,1,Non-Junction,1,Non-Junction,1,Not an Intersection,1,On Roadway,0,,1,Daylight,1,Daylight,2,Rain,2,Rain,0,No,1,Yes,0,No Apparent Injury (O),0,No Apparent Injury (O),0,No Person Injured/Property Damage Only Crash,0,No Person Injured/Property Damage Only Crash,2,No Alcohol Involved,2,No Alcohol Involved
202304657492,54,54,14,3,"South (MD, DE, DC, WV, VA, KY, TN, NC, SC, GA, FL, AL, MS, LA, AR, OK, TX)",1,Urban Area,8,Stratum 8 - NLMY PV Minor Injury,526,135.08008653,0,0,1,1,0,1,1,January,3,Tuesday,3,Tuesday,2023,2023,17,5:00pm-5:59pm,17,5:00pm-5:59pm,39,39,39,39,35,Embankment,35,Embankment,0,The First Harmful Event was Not a Collision with a Motor Vehicle In-Transport,0,The First Harmful Event was Not a Collision with a Motor Vehicle In-Transport,1,Yes,1,Yes,5,Entrance/Exit Ramp Related,5,Entrance/Exit Ramp Related,1,Not an Intersection,8,Gore,0,,2,Dark - Not Lighted,2,Dark - Not Lighted,10,Cloudy,10,Cloudy,0,No,1,Yes,1,Possible Injury (C),1,Possible Injury (C),1,1,1,1,2,No Alcohol Involved,2,No Alcohol Involved
202304657501,62,62,18,3,"South (MD, DE, DC, WV, VA, KY, TN, NC, SC, GA, FL, AL, MS, LA, AR, OK, TX)",2,Rural Area,9,Stratum 9 - LMY PV No Injuries in Crash,567,139.17241087,0,0,2,2,0,3,1,January,3,Tuesday,3,Tuesday,2023,2023,17,5:00pm-5:59pm,17,5:00pm-5:59pm,43,43,43,43,12,Motor Vehicle In-Transport,12,Motor Vehicle In-Transport,1,Front-to-Rear,1,Front-to-Rear,0,No,0,No,2,Intersection,2,Intersection,2,Four-Way Intersection,1,On Roadway,0,,3,Dark - Lighted,3,Dark - Lighted,2,Rain,2,Rain,0,No,0,No,0,No Apparent Injury (O),0,No Apparent Injury (O),0,No Person Injured/Property Damage Only Crash,0,No Person Injured/Property Damage Only Crash,2,No Alcohol Involved,2,No Alcohol Involved
202304657508,38,38,14,3,"South (MD, DE, DC, WV, VA, KY, TN, NC, SC, GA, FL, AL, MS, LA, AR, OK, TX)",1,Urban Area,9,Stratum 9 - LMY PV No Injuries in Crash,573,141.73654156,0,0,1,1,0,1,1,January,3,Tuesday,3,Tuesday,2023,2023,0,0:00am-0:59am,0,0:00am-0:59am,36,36,36,36,33,Curb,33,Curb,0,The First Harmful Event was Not a Collision with a Motor Vehicle In-Transport,0,The First Harmful Event was Not a Collision with a Motor Vehicle In-Transport,0,No,0,No,1,Non-Junction,1,Non-Junction,1,Not an Intersection,4,On Roadside,0,,3,Dark - Lighted,3,Dark - Lighted,5,"Fog, Smog, Smoke",5,"Fog, Smog, Smoke",0,No,0,No,0,No Apparent Injury (O),0,No Apparent Injury (O),0,No Person Injured/Property Damage Only Crash,0,No Person Injured/Property Damage Only Crash,1,Alcohol Involved,1,Alcohol Involved
202304657546,38,38,14,3,"South (MD, DE, DC, WV, VA, KY, TN, NC, SC, GA, FL, AL, MS, LA, AR, OK, TX)",1,Urban Area,10,Stratum 10 - Other,573,222.75232233,0,0,2,2,0,2,1,January,3,Tuesday,3,Tuesday,2023,2023,14,2:00pm-2:59pm,14,2:00pm-2:59pm,44,44,44,44,12,Motor Vehicle In-Transport,12,Motor Vehicle In-Transport,6,Angle,6,Angle,0,No,0,No,8,Driveway Access Related,8,Driveway Access Related,1,Not an Intersection,1,On Roadway,0,,1,Daylight,1,Daylight,10,Cloudy,10,Cloudy,0,No,0,No,0,No Apparent Injury (O),0,No Apparent Injury (O),0,No Person Injured/Property Damage Only Crash,0,No Person Injured/Property Damage Only Crash,2,No Alcohol Involved,2,No Alcohol Involved
202304657547,38,38,14,3,"South (MD, DE, DC, WV, VA, KY, TN, NC, SC, GA, FL, AL, MS, LA, AR, OK, TX)",1,Urban Area,8,Stratum 8 - NLMY PV Minor Injury,573,135.3477242,0,0,2,2,0,2,1,January,3,Tuesday,3,Tuesday,2023,2023,16,4:00pm-4:59pm,16,4:00pm-4:59pm,5,5,5,5,12,Motor Vehicle In-Transport,12,Motor Vehicle In-Transport,6,Angle,6,Angle,0,No,0,No,2,Intersection,2,Intersection,2,Four-Way Intersection,1,On Roadway,0,,1,Daylight,1,Daylight,2,Rain,2,Rain,0,No,0,No,2,Suspected Minor Injury (B),2,Suspected Minor Injury (B),1,1,1,1,2,No Alcohol Involved,2,No Alcohol Involved
202304657586,38,38,14,3,"South (MD, DE, DC, WV, VA, KY, TN, NC, SC, GA, FL, AL, MS, LA, AR, OK, TX)",1,Urban Area,10,Stratum 10 - Other,569,222.75232246,0,0,2,2,0,2,1,January,3,Tuesday,3,Tuesday,2023,2023,6,6:00am-6:59am,6,6:00am-6:59am,21,21,21,21,12,Motor Vehicle In-Transport,12,Motor Vehicle In-Transport,6,Angle,6,Angle,0,No,0,No,2,Intersection,2,Intersection,6,Roundabout,1,On Roadway,0,,3,Dark - Lighted,3,Dark - Lighted,5,"Fog, Smog, Smoke",5,"Fog, Smog, Smoke",0,No,0,No,0,No Apparent Injury (O),0,No Apparent Injury (O),0,No Person Injured/Property Damage Only Crash,0,No Person Injured/Property Damage Only Crash,2,No Alcohol Involved,2,No Alcohol Involved
202304657590,38,38,14,3,"South (MD, DE, DC, WV, VA, KY, TN, NC, SC, GA, FL, AL, MS, LA, AR, OK, TX)",1,Urban Area,7,Stratum 7 - M/H Truck or Bus,569,159.15178915,0,0,2,2,0,2,1,January,3,Tuesday,3,Tuesday,2023,2023,15,3:00pm-3:59pm,15,3:00pm-3:59pm,0,0,0,0,12,Motor Vehicle In-Transport,12,Motor Vehicle In-Transport,1,Front-to-Rear,1,Front-to-Rear,0,No,0,No,2,Intersection,2,Intersection,3,T-Intersection,1,On Roadway,0,,1,Daylight,1,Daylight,10,Cloudy,10,Cloudy,0,No,0,No,0,No Apparent Injury (O),0,No Apparent Injury (O),0,No Person Injured/Property Damage Only Crash,0,No Person Injured/Property Damage Only Crash,2,No Alcohol Involved,2,No Alcohol Involved
202304657595,52,52,18,3,"South (MD, DE, DC, WV, VA, KY, TN, NC, SC, GA, FL, AL, MS, LA, AR, OK, TX)",2,Rural Area,10,Stratum 10 - Other,606,217.31471586,0,0,1,1,0,1,1,January,3,Tuesday,3,Tuesday,2023,2023,17,5:00pm-5:59pm,17,5:00pm-5:59pm,49,49,49,49,30,Utility Pole/Light Support,30,Utility Pole/Light Support,0,The First Harmful Event was Not a Collision with a Motor Vehicle In-Transport,0,The First Harmful Event was Not a Collision with a Motor Vehicle In-Transport,0,No,0,No,1,Non-Junction,1,Non-Junction,1,Not an Intersection,3,On Median,0,,3,Dark - Lighted,3,Dark - Lighted,2,Rain,2,Rain,0,No,0,No,0,No Apparent Injury (O),0,No Apparent Injury (O),0,No Person Injured/Property Damage Only Crash,0,No Person Injured/Property Damage Only Crash,2,No Alcohol Involved,2,No Alcohol Involved
202304657597,54,54,14,3,"South (MD, DE, DC, WV, VA, KY, TN, NC, SC, GA, FL, AL, MS, LA, AR, OK, TX)",1,Urban Area,9,Stratum 9 - LMY PV No Injuries in Crash,526,140.91006615,0,0,1,1,0,1,1,January,3,Tuesday,3,Tuesday,2023,2023,20,8:00pm-8:59pm,20,8:00pm-8:59pm,47,47,47,47,3,Immersion or Partial Immersion,3,Immersion or Partial Immersion,0,The First Harmful Event was Not a Collision with a Motor Vehicle In-Transport,0,The First Harmful Event was Not a Collision with a Motor Vehicle In-Transport,0,No,0,No,1,Non-Junction,1,Non-Junction,1,Not an Intersection,5,Outside Trafficway,0,,2,Dark - Not Lighted,2,Dark - Not Lighted,10,Cloudy,10,Cloudy,0,No,0,No,0,No Apparent Injury (O),0,No Apparent Injury (O),0,No Person Injured/Property Damage Only Crash,0,No Person Injured/Property Damage Only Crash,2,No Alcohol Involved,2,No Alcohol Involved
202304657618,54,54,14,3,"South (MD, DE, DC, WV, VA, KY, TN, NC, SC, GA, FL, AL, MS, LA, AR, OK, TX)",1,Urban Area,2,Stratum 2 - Not a MV Occupant Any Injury,517,47.900031694,1,1,1,1,0,2,1,January,4,Wednesday,4,Wednesday,2023,2023,16,4:00pm-4:59pm,16,4:00pm-4:59pm,49,49,49,49,9,Pedalcyclist,9,Pedalcyclist,0,The First Harmful Event was Not a Collision with a Motor Vehicle In-Transport,0,The First Harmful Event was Not a Collision with a Motor Vehicle In-Transport,0,No,0,No,2,Intersection,2,Intersection,2,Four-Way Intersection,1,On Roadway,0,,1,Daylight,1,Daylight,1,Clear,1,Clear,0,No,0,No,2,Suspected Minor Injury (B),2,Suspected Minor Injury (B),1,1,1,1,9,Reported as Unknown,2,No Alcohol Involved
202304657621,54,54,14,3,"South (MD, DE, DC, WV, VA, KY, TN, NC, SC, GA, FL, AL, MS, LA, AR, OK, TX)",1,Urban Area,9,Stratum 9 - LMY PV No Injuries in Crash,516,140.91006615,0,0,2,2,0,2,1,January,4,Wednesday,4,Wednesday,2023,2023,10,10:00am-10:59am,10,10:00am-10:59am,40,40,40,40,12,Motor Vehicle In-Transport,12,Motor Vehicle In-Transport,1,Front-to-Rear,1,Front-to-Rear,0,No,0,No,8,Driveway Access Related,8,Driveway Access Related,1,Not an Intersection,1,On Roadway,0,,1,Daylight,1,Daylight,1,Clear,1,Clear,0,No,0,No,0,No Apparent Injury (O),0,No Apparent Injury (O),0,No Person Injured/Property Damage Only Crash,0,No Person Injured/Property Damage Only Crash,9,Reported as Unknown,2,No Alcohol Involved
202304657642,62,62,18,3,"South (MD, DE, DC, WV, VA, KY, TN, NC, SC, GA, FL, AL, MS, LA, AR, OK, TX)",2,Rural Area,8,Stratum 8 - NLMY PV Minor Injury,543,133.35406909,0,0,2,2,0,2,1,January,4,Wednesday,4,Wednesday,2023,2023,7,7:00am-7:59am,7,7:00am-7:59am,53,53,53,53,12,Motor Vehicle In-Transport,12,Motor Vehicle In-Transport,1,Front-to-Rear,1,Front-to-Rear,0,No,0,No,8,Driveway Access Related,8,Driveway Access Related,1,Not an Intersection,1,On Roadway,0,,1,Daylight,1,Daylight,2,Rain,2,Rain,0,No,0,No,1,Possible Injury (C),1,Possible Injury (C),1,1,1,1,2,No Alcohol Involved,2,No Alcohol Involved
202304657645,62,62,18,3,"South (MD, DE, DC, WV, VA, KY, TN, NC, SC, GA, FL, AL, MS, LA, AR, OK, TX)",2,Rural Area,10,Stratum 10 - Other,543,215.58341404,0,0,2,2,0,3,1,January,4,Wednesday,4,Wednesday,2023,2023,11,11:00am-11:59am,11,11:00am-11:59am,31,31,31,31,12,Motor Vehicle In-Transport,12,Motor Vehicle In-Transport,6,Angle,6,Angle,0,No,0,No,2,Intersection,2,Intersection,2,Four-Way Intersection,1,On Roadway,0,,1,Daylight,1,Daylight,1,Clear,1,Clear,0,No,0,No,0,No Apparent Injury (O),0,No Apparent Injury (O),0,No Person Injured/Property Damage Only Crash,0,No Person Injured/Property Damage Only Crash,2,No Alcohol Involved,2,No Alcohol Involved
202304657657,38,38,14,3,"South (MD, DE, DC, WV, VA, KY, TN, NC, SC, GA, FL, AL, MS, LA, AR, OK, TX)",1,Urban Area,7,Stratum 7 - M/H Truck or Bus,573,159.15178906,0,0,2,2,0,2,1,January,4,Wednesday,4,Wednesday,2023,2023,6,6:00am-6:59am,6,6:00am-6:59am,37,37,37,37,12,Motor Vehicle In-Transport,12,Motor Vehicle In-Transport,1,Front-to-Rear,1,Front-to-Rear,0,No,0,No,1,Non-Junction,1,Non-Junction,1,Not an Intersection,1,On Roadway,0,,3,Dark - Lighted,3,Dark - Lighted,98,Not Reported,1,Clear,0,No,1,Yes,0,No Apparent Injury (O),0,No Apparent Injury (O),0,No Person Injured/Property Damage Only Crash,0,No Person Injured/Property Damage Only Crash,9,Reported as Unknown,2,No Alcohol Involved
202304657666,38,38,14,3,"South (MD, DE, DC, WV, VA, KY, TN, NC, SC, GA, FL, AL, MS, LA, AR, OK, TX)",1,Urban Area,6,Stratum 6 - LMY PV Minor Injury,573,54.413088547,0,0,2,2,0,3,1,January,4,Wednesday,4,Wednesday,2023,2023,19,7:00pm-7:59pm,19,7:00pm-7:59pm,15,15,15,15,12,Motor Vehicle In-Transport,12,Motor Vehicle In-Transport,1,Front-to-Rear,1,Front-to-Rear,0,No,0,No,1,Non-Junction,1,Non-Junction,1,Not an Intersection,1,On Roadway,0,,2,Dark - Not Lighted,2,Dark - Not Lighted,1,Clear,1,Clear,0,No,0,No,1,Possible Injury (C),1,Possible Injury (C),1,1,1,1,9,Reported as Unknown,2,No Alcohol Involved
202304657677,38,38,14,3,"South (MD, DE, DC, WV, VA, KY, TN, NC, SC, GA, FL, AL, MS, LA, AR, OK, TX)",1,Urban Area,9,Stratum 9 - LMY PV No Injuries in Crash,573,141.73654156,0,0,2,2,0,3,1,January,4,Wednesday,4,Wednesday,2023,2023,17,5:00pm-5:59pm,17,5:00pm-5:59pm,56,56,56,56,12,Motor Vehicle In-Transport,12,Motor Vehicle In-Transport,6,Angle,6,Angle,0,No,0,No,2,Intersection,2,Intersection,3,T-Intersection,1,On Roadway,0,,3,Dark - Lighted,3,Dark - Lighted,1,Clear,1,Clear,0,No,0,No,0,No Apparent Injury (O),2,Suspected Minor Injury (B),0,No Person Injured/Property Damage Only Crash,1,1,2,No Alcohol Involved,2,No Alcohol Involved
202304657700,38,38,14,3,"South (MD, DE, DC, WV, VA, KY, TN, NC, SC, GA, FL, AL, MS, LA, AR, OK, TX)",1,Urban Area,10,Stratum 10 - Other,573,222.75232233,0,0,2,2,0,2,1,January,4,Wednesday,4,Wednesday,2023,2023,6,6:00am-6:59am,6,6:00am-6:59am,34,34,34,34,12,Motor Vehicle In-Transport,12,Motor Vehicle In-Transport,1,Front-to-Rear,1,Front-to-Rear,0,No,0,No,3,Intersection-Related,3,Intersection-Related,2,Four-Way Intersection,1,On Roadway,0,,1,Daylight,1,Daylight,2,Rain,2,Rain,0,No,0,No,0,No Apparent Injury (O),0,No Apparent Injury (O),0,No Person Injured/Property Damage Only Crash,0,No Person Injured/Property Damage Only Crash,2,No Alcohol Involved,2,No Alcohol Involved
202304657750,52,52,18,3,"South (MD, DE, DC, WV, VA, KY, TN, NC, SC, GA, FL, AL, MS, LA, AR, OK, TX)",2,Rural Area,5,Stratum 5 - NLMY PV Serious Injury,591,25.183614396,0,0,2,2,0,3,1,January,4,Wednesday,4,Wednesday,2023,2023,4,4:00am-4:59am,4,4:00am-4:59am,40,40,40,40,12,Motor Vehicle In-Transport,12,Motor Vehicle In-Transport,7,Sideswipe - Same Direction,7,Sideswipe - Same Direction,0,No,0,No,1,Non-Junction,1,Non-Junction,1,Not an Intersection,1,On Roadway,0,,2,Dark - Not Lighted,2,Dark - Not Lighted,2,Rain,2,Rain,0,No,0,No,3,Suspected Serious Injury (A),3,Suspected Serious Injury (A),1,1,1,1,2,No Alcohol Involved,2,No Alcohol Involved
202304657756,52,52,18,3,"South (MD, DE, DC, WV, VA, KY, TN, NC, SC, GA, FL, AL, MS, LA, AR, OK, TX)",2,Rural Area,8,Stratum 8 - NLMY PV Minor Injury,606,134.86170465,0,0,1,1,0,1,1,January,4,Wednesday,4,Wednesday,2023,2023,9,9:00am-9:59am,9,9:00am-9:59am,52,52,52,52,42,Tree (Standing Only),42,Tree (Standing Only),0,The First Harmful Event was Not a Collision with a Motor Vehicle In-Transport,0,The First Harmful Event was Not a Collision with a Motor Vehicle In-Transport,0,No,0,No,1,Non-Junction,1,Non-Junction,1,Not an Intersection,4,On Roadside,0,,1,Daylight,1,Daylight,10,Cloudy,10,Cloudy,0,No,0,No,1,Possible Injury (C),1,Possible Injury (C),1,1,1,1,2,No Alcohol Involved,2,No Alcohol Involved
202304657775,54,54,14,3,"South (MD, DE, DC, WV, VA, KY, TN, NC, SC, GA, FL, AL, MS, LA, AR, OK, TX)",1,Urban Area,7,Stratum 7 - M/H Truck or Bus,517,161.23982543,0,0,2,2,0,2,1,January,5,Thursday,5,Thursday,2023,2023,14,2:00pm-2:59pm,14,2:00pm-2:59pm,51,51,51,51,12,Motor Vehicle In-Transport,12,Motor Vehicle In-Transport,1,Front-to-Rear,1,Front-to-Rear,0,No,0,No,3,Intersection-Related,3,Intersection-Related,2,Four-Way Intersection,1,On Roadway,0,,1,Daylight,1,Daylight,1,Clear,1,Clear,0,No,0,No,0,No Apparent Injury (O),0,No Apparent Injury (O),0,No Person Injured/Property Damage Only Crash,0,No Person Injured/Property Damage Only Crash,2,No Alcohol Involved,2,No Alcohol Involved
202304657786,62,62,18,3,"South (MD, DE, DC, WV, VA, KY, TN, NC, SC, GA, FL, AL, MS, LA, AR, OK, TX)",2,Rural Area,6,Stratum 6 - LMY PV Minor Injury,543,51.564051032,0,0,2,2,0,3,1,January,5,Thursday,5,Thursday,2023,2023,10,10:00am-10:59am,10,10:00am-10:59am,40,40,40,40,12,Motor Vehicle In-Transport,12,Motor Vehicle In-Transport,6,Angle,6,Angle,0,No,0,No,2,Intersection,2,Intersection,3,T-Intersection,1,On Roadway,0,,1,Daylight,1,Daylight,1,Clear,1,Clear,0,No,0,No,1,Possible Injury (C),1,Possible Injury (C),3,3,3,3,2,No Alcohol Involved,2,No Alcohol Involved
202304657813,38,38,14,3,"South (MD, DE, DC, WV, VA, KY, TN, NC, SC, GA, FL, AL, MS, LA, AR, OK, TX)",1,Urban Area,5,Stratum 5 - NLMY PV Serious Injury,573,26.540002916,0,0,2,2,0,2,1,January,5,Thursday,5,Thursday,2023,2023,6,6:00am-6:59am,6,6:00am-6:59am,23,23,23,23,12,Motor Vehicle In-Transport,12,Motor Vehicle In-Transport,2,Front-to-Front,2,Front-to-Front,0,No,0,No,2,Intersection,2,Intersection,2,Four-Way Intersection,1,On Roadway,0,,2,Dark - Not Lighted,2,Dark - Not Lighted,1,Clear,1,Clear,0,No,0,No,3,Suspected Serious Injury (A),3,Suspected Serious Injury (A),1,1,1,1,2,No Alcohol Involved,2,No Alcohol Involved
202304657838,38,38,14,3,"South (MD, DE, DC, WV, VA, KY, TN, NC, SC, GA, FL, AL, MS, LA, AR, OK, TX)",1,Urban Area,8,Stratum 8 - NLMY PV Minor Injury,573,135.3477242,0,0,2,2,0,2,1,January,5,Thursday,5,Thursday,2023,2023,18,6:00pm-6:59pm,18,6:00pm-6:59pm,5,5,5,5,12,Motor Vehicle In-Transport,12,Motor Vehicle In-Transport,6,Angle,6,Angle,0,No,0,No,2,Intersection,2,Intersection,2,Four-Way Intersection,1,On Roadway,0,,3,Dark - Lighted,3,Dark - Lighted,1,Clear,1,Clear,0,No,0,No,1,Possible Injury (C),1,Possible Injury (C),1,1,1,1,2,No Alcohol Involved,2,No Alcohol Involved
202304657844,38,38,14,3,"South (MD, DE, DC, WV, VA, KY, TN, NC, SC, GA, FL, AL, MS, LA, AR, OK, TX)",1,Urban Area,9,Stratum 9 - LMY PV No Injuries in Crash,573,141.73654156,0,0,2,2,0,3,1,January,5,Thursday,5,Thursday,2023,2023,19,7:00pm-7:59pm,19,7:00pm-7:59pm,40,40,40,40,12,Motor Vehicle In-Transport,12,Motor Vehicle In-Transport,7,Sideswipe - Same Direction,7,Sideswipe - Same Direction,0,No,0,No,1,Non-Junction,1,Non-Junction,1,Not an Intersection,1,On Roadway,0,,3,Dark - Lighted,3,Dark - Lighted,10,Cloudy,10,Cloudy,0,No,1,Yes,0,No Apparent Injury (O),0,No Apparent Injury (O),0,No Person Injured/Property Damage Only Crash,0,No Person Injured/Property Damage Only Crash,9,Reported as Unknown,2,No Alcohol Involved
202304657855,38,38,14,3,"South (MD, DE, DC, WV, VA, KY, TN, NC, SC, GA, FL, AL, MS, LA, AR, OK, TX)",1,Urban Area,10,Stratum 10 - Other,573,222.75232233,0,0,2,2,0,2,1,January,5,Thursday,5,Thursday,2023,2023,14,2:00pm-2:59pm,14,2:00pm-2:59pm,45,45,45,45,12,Motor Vehicle In-Transport,12,Motor Vehicle In-Transport,8,Sideswipe - Opposite Direction,8,Sideswipe - Opposite Direction,0,No,0,No,1,Non-Junction,1,Non-Junction,1,Not an Intersection,1,On Roadway,0,,1,Daylight,1,Daylight,1,Clear,1,Clear,0,No,0,No,0,No Apparent Injury (O),0,No Apparent Injury (O),0,No Person Injured/Property Damage Only Crash,0,No Person Injured/Property Damage Only Crash,9,Reported as Unknown,2,No Alcohol Involved
202304657857,38,38,14,3,"South (MD, DE, DC, WV, VA, KY, TN, NC, SC, GA, FL, AL, MS, LA, AR, OK, TX)",1,Urban Area,6,Stratum 6 - LMY PV Minor Injury,573,54.413088547,0,0,2,2,0,3,1,January,5,Thursday,5,Thursday,2023,2023,6,6:00am-6:59am,6,6:00am-6:59am,27,27,27,27,12,Motor Vehicle In-Transport,12,Motor Vehicle In-Transport,6,Angle,6,Angle,0,No,0,No,2,Intersection,2,Intersection,2,Four-Way Intersection,1,On Roadway,0,,3,Dark - Lighted,3,Dark - Lighted,1,Clear,1,Clear,0,No,0,No,1,Possible Injury (C),1,Possible Injury (C),1,1,1,1,2,No Alcohol Involved,2,No Alcohol Involved
202304657911,38,38,14,3,"South (MD, DE, DC, WV, VA, KY, TN, NC, SC, GA, FL, AL, MS, LA, AR, OK, TX)",1,Urban Area,8,Stratum 8 - NLMY PV Minor Injury,568,135.34772418,0,0,2,2,0,2,1,January,5,Thursday,5,Thursday,2023,2023,9,9:00am-9:59am,9,9:00am-9:59am,5,5,5,5,12,Motor Vehicle In-Transport,12,Motor Vehicle In-Transport,1,Front-to-Rear,1,Front-to-Rear,0,No,0,No,3,Intersection-Related,3,Intersection-Related,2,Four-Way Intersection,1,On Roadway,0,,1,Daylight,1,Daylight,1,Clear,1,Clear,0,No,0,No,1,Possible Injury (C),1,Possible Injury (C),1,1,1,1,2,No Alcohol Involved,2,No Alcohol Involved
202304657913,38,38,14,3,"South (MD, DE, DC, WV, VA, KY, TN, NC, SC, GA, FL, AL, MS, LA, AR, OK, TX)",1,Urban Area,6,Stratum 6 - LMY PV Minor Injury,569,54.413088567,0,0,2,2,0,2,1,January,5,Thursday,5,Thursday,2023,2023,8,8:00am-8:59am,8,8:00am-8:59am,37,37,37,37,12,Motor Vehicle In-Transport,12,Motor Vehicle In-Transport,1,Front-to-Rear,1,Front-to-Rear,0,No,0,No,1,Non-Junction,1,Non-Junction,1,Not an Intersection,1,On Roadway,0,,1,Daylight,1,Daylight,1,Clear,1,Clear,0,No,0,No,1,Possible Injury (C),1,Possible Injury (C),1,1,1,1,2,No Alcohol Involved,2,No Alcohol Involved
202304657917,38,38,14,3,"South (MD, DE, DC, WV, VA, KY, TN, NC, SC, GA, FL, AL, MS, LA, AR, OK, TX)",1,Urban Area,8,Stratum 8 - NLMY PV Minor Injury,569,135.34772424,0,0,2,2,0,2,1,January,5,Thursday,5,Thursday,2023,2023,15,3:00pm-3:59pm,15,3:00pm-3:59pm,50,50,50,50,12,Motor Vehicle In-Transport,12,Motor Vehicle In-Transport,6,Angle,6,Angle,0,No,0,No,2,Intersection,2,Intersection,2,Four-Way Intersection,1,On Roadway,0,,1,Daylight,1,Daylight,1,Clear,1,Clear,0,No,0,No,1,Possible Injury (C),1,Possible Injury (C),1,1,1,1,2,No Alcohol Involved,2,No Alcohol Involved
202304657928,52,52,18,3,"South (MD, DE, DC, WV, VA, KY, TN, NC, SC, GA, FL, AL, MS, LA, AR, OK, TX)",2,Rural Area,7,Stratum 7 - M/H Truck or Bus,591,163.91624985,0,0,3,3,0,3,1,January,5,Thursday,5,Thursday,2023,2023,14,2:00pm-2:59pm,14,2:00pm-2:59pm,22,22,22,22,12,Motor Vehicle In-Transport,12,Motor Vehicle In-Transport,1,Front-to-Rear,1,Front-to-Rear,0,No,0,No,1,Non-Junction,1,Non-Junction,1,Not an Intersection,1,On Roadway,0,,1,Daylight,1,Daylight,1,Clear,1,Clear,0,No,0,No,1,Possible Injury (C),1,Possible Injury (C),1,1,1,1,2,No Alcohol Involved,2,No Alcohol Involved
202304657944,38,38,14,3,"South (MD, DE, DC, WV, VA, KY, TN, NC, SC, GA, FL, AL, MS, LA, AR, OK, TX)",1,Urban Area,10,Stratum 10 - Other,508,222.75232227,0,0,1,1,0,1,1,January,6,Friday,6,Friday,2023,2023,19,7:00pm-7:59pm,19,7:00pm-7:59pm,29,29,29,29,11,Live Animal,11,Live Animal,0,The First Harmful Event was Not a Collision with a Motor Vehicle In-Transport,0,The First Harmful Event was Not a Collision with a Motor Vehicle In-Transport,0,No,0,No,1,Non-Junction,1,Non-Junction,1,Not an Intersection,1,On Roadway,0,,2,Dark - Not Lighted,2,Dark - Not Lighted,1,Clear,1,Clear,0,No,0,No,0,No Apparent Injury (O),0,No Apparent Injury (O),0,No Person Injured/Property Damage Only Crash,0,No Person Injured/Property Damage Only Crash,2,No Alcohol Involved,2,No Alcohol Involved
202304657960,54,54,14,3,"South (MD, DE, DC, WV, VA, KY, TN, NC, SC, GA, FL, AL, MS, LA, AR, OK, TX)",1,Urban Area,7,Stratum 7 - M/H Truck or Bus,516,161.23982543,0,0,1,1,0,1,1,January,6,Friday,6,Friday,2023,2023,16,4:00pm-4:59pm,16,4:00pm-4:59pm,8,8,8,8,35,Embankment,35,Embankment,0,The First Harmful Event was Not a Collision with a Motor Vehicle In-Transport,0,The First Harmful Event was Not a Collision with a Motor Vehicle In-Transport,0,No,0,No,1,Non-Junction,1,Non-Junction,1,Not an Intersection,4,On Roadside,0,,1,Daylight,1,Daylight,1,Clear,1,Clear,0,No,0,No,0,No Apparent Injury (O),0,No Apparent Injury (O),0,No Person Injured/Property Damage Only Crash,0,No Person Injured/Property Damage Only Crash,2,No Alcohol Involved,2,No Alcohol Involved
202304657976,62,62,18,3,"South (MD, DE, DC, WV, VA, KY, TN, NC, SC, GA, FL, AL, MS, LA, AR, OK, TX)",2,Rural Area,10,Stratum 10 - Other,567,215.58341409,0,0,2,2,0,2,1,January,6,Friday,6,Friday,2023,2023,10,10:00am-10:59am,10,10:00am-10:59am,9,9,9,9,12,Motor Vehicle In-Transport,12,Motor Vehicle In-Transport,6,Angle,6,Angle,0,No,0,No,2,Intersection,2,Intersection,3,T-Intersection,1,On Roadway,0,,1,Daylight,1,Daylight,1,Clear,1,Clear,0,No,0,No,0,No Apparent Injury (O),0,No Apparent Injury (O),0,No Person Injured/Property Damage Only Crash,0,No Person Injured/Property Damage Only Crash,2,No Alcohol Involved,2,No Alcohol Involved
202304658021,38,38,14,3,"South (MD, DE, DC, WV, VA, KY, TN, NC, SC, GA, FL, AL, MS, LA, AR, OK, TX)",1,Urban Area,10,Stratum 10 - Other,573,222.75232233,0,0,2,2,0,2,1,January,6,Friday,6,Friday,2023,2023,11,11:00am-11:59am,11,11:00am-11:59am,49,49,49,49,12,Motor Vehicle In-Transport,12,Motor Vehicle In-Transport,1,Front-to-Rear,1,Front-to-Rear,0,No,0,No,3,Intersection-Related,3,Intersection-Related,2,Four-Way Intersection,1,On Roadway,0,,1,Daylight,1,Daylight,1,Clear,1,Clear,0,No,0,No,0,No Apparent Injury (O),0,No Apparent Injury (O),0,No Person Injured/Property Damage Only Crash,0,No Person Injured/Property Damage Only Crash,2,No Alcohol Involved,2,No Alcohol Involved
202304658042,38,38,14,3,"South (MD, DE, DC, WV, VA, KY, TN, NC, SC, GA, FL, AL, MS, LA, AR, OK, TX)",1,Urban Area,9,Stratum 9 - LMY PV No Injuries in Crash,573,141.73654156,0,0,2,2,0,3,1,January,6,Friday,6,Friday,2023,2023,19,7:00pm-7:59pm,19,7:00pm-7:59pm,5,5,5,5,12,Motor Vehicle In-Transport,12,Motor Vehicle In-Transport,7,Sideswipe - Same Direction,7,Sideswipe - Same Direction,0,No,0,No,3,Intersection-Related,3,Intersection-Related,2,Four-Way Intersection,1,On Roadway,0,,2,Dark - Not Lighted,2,Dark - Not Lighted,1,Clear,1,Clear,0,No,0,No,0,No Apparent Injury (O),0,No Apparent Injury (O),0,No Person Injured/Property Damage Only Crash,0,No Person Injured/Property Damage Only Crash,2,No Alcohol Involved,2,No Alcohol Involved
202304658046,38,38,14,3,"South (MD, DE, DC, WV, VA, KY, TN, NC, SC, GA, FL, AL, MS, LA, AR, OK, TX)",1,Urban Area,8,Stratum 8 - NLMY PV Minor Injury,573,135.3477242,0,0,2,2,0,2,1,January,6,Friday,6,Friday,2023,2023,19,7:00pm-7:59pm,19,7:00pm-7:59pm,12,12,12,12,12,Motor Vehicle In-Transport,12,Motor Vehicle In-Transport,1,Front-to-Rear,1,Front-to-Rear,0,No,0,No,3,Intersection-Related,3,Intersection-Related,2,Four-Way Intersection,1,On Roadway,0,,3,Dark - Lighted,3,Dark - Lighted,1,Clear,1,Clear,0,No,0,No,1,Possible Injury (C),1,Possible Injury (C),1,1,1,1,2,No Alcohol Involved,2,No Alcohol Involved
202304658066,38,38,14,3,"South (MD, DE, DC, WV, VA, KY, TN, NC, SC, GA, FL, AL, MS, LA, AR, OK, TX)",1,Urban Area,7,Stratum 7 - M/H Truck or Bus,568,159.15178899,0,0,2,2,0,3,1,January,6,Friday,6,Friday,2023,2023,15,3:00pm-3:59pm,15,3:00pm-3:59pm,0,0,0,0,12,Motor Vehicle In-Transport,12,Motor Vehicle In-Transport,7,Sideswipe - Same Direction,7,Sideswipe - Same Direction,1,Yes,1,Yes,3,Intersection-Related,3,Intersection-Related,2,Four-Way Intersection,1,On Roadway,0,,1,Daylight,1,Daylight,1,Clear,1,Clear,0,No,0,No,0,No Apparent Injury (O),0,No Apparent Injury (O),0,No Person Injured/Property Damage Only Crash,0,No Person Injured/Property Damage Only Crash,2,No Alcohol Involved,2,No Alcohol Involved
202304658074,52,52,18,3,"South (MD, DE, DC, WV, VA, KY, TN, NC, SC, GA, FL, AL, MS, LA, AR, OK, TX)",2,Rural Area,9,Stratum 9 - LMY PV No Injuries in Crash,587,141.3342159,0,0,1,1,0,1,1,January,6,Friday,6,Friday,2023,2023,18,6:00pm-6:59pm,18,6:00pm-6:59pm,30,30,30,30,11,Live Animal,11,Live Animal,0,The First Harmful Event was Not a Collision with a Motor Vehicle In-Transport,0,The First Harmful Event was Not a Collision with a Motor Vehicle In-Transport,0,No,0,No,1,Non-Junction,1,Non-Junction,1,Not an Intersection,1,On Roadway,0,,2,Dark - Not Lighted,2,Dark - Not Lighted,1,Clear,1,Clear,0,No,0,No,0,No Apparent Injury (O),0,No Apparent Injury (O),0,No Person Injured/Property Damage Only Crash,0,No Person Injured/Property Damage Only Crash,2,No Alcohol Involved,2,No Alcohol Involved
202304658079,54,54,14,3,"South (MD, DE, DC, WV, VA, KY, TN, NC, SC, GA, FL, AL, MS, LA, AR, OK, TX)",1,Urban Area,7,Stratum 7 - M/H Truck or Bus,526,161.23982543,0,0,2,2,0,3,1,January,6,Friday,6,Friday,2023,2023,13,1:00pm-1:59pm,13,1:00pm-1:59pm,30,30,30,30,12,Motor Vehicle In-Transport,12,Motor Vehicle In-Transport,8,Sideswipe - Opposite Direction,8,Sideswipe - Opposite Direction,0,No,0,No,1,Non-Junction,1,Non-Junction,1,Not an Intersection,1,On Roadway,0,,1,Daylight,1,Daylight,1,Clear,1,Clear,0,No,0,No,0,No Apparent Injury (O),0,No Apparent Injury (O),0,No Person Injured/Property Damage Only Crash,0,No Person Injured/Property Damage Only Crash,2,No Alcohol Involved,2,No Alcohol Involved
202304658097,54,54,14,3,"South (MD, DE, DC, WV, VA, KY, TN, NC, SC, GA, FL, AL, MS, LA, AR, OK, TX)",1,Urban Area,10,Stratum 10 - Other,517,222.57005226,0,0,1,1,0,1,1,January,7,Saturday,7,Saturday,2023,2023,8,8:00am-8:59am,8,8:00am-8:59am,2,2,2,2,30,Utility Pole/Light Support,30,Utility Pole/Light Support,0,The First Harmful Event was Not a Collision with a Motor Vehicle In-Transport,0,The First Harmful Event was Not a Collision with a Motor Vehicle In-Transport,0,No,0,No,1,Non-Junction,1,Non-Junction,1,Not an Intersection,4,On Roadside,0,,1,Daylight,1,Daylight,10,Cloudy,10,Cloudy,0,No,0,No,0,No Apparent Injury (O),0,No Apparent Injury (O),0,No Person Injured/Property Damage Only Crash,0,No Person Injured/Property Damage Only Crash,2,No Alcohol Involved,2,No Alcohol Involved
202304658100,54,54,14,3,"South (MD, DE, DC, WV, VA, KY, TN, NC, SC, GA, FL, AL, MS, LA, AR, OK, TX)",1,Urban Area,10,Stratum 10 - Other,516,222.57005226,0,0,1,1,0,1,1,January,7,Saturday,7,Saturday,2023,2023,4,4:00am-4:59am,4,4:00am-4:59am,13,13,13,13,30,Utility Pole/Light Support,30,Utility Pole/Light Support,0,The First Harmful Event was Not a Collision with a Motor Vehicle In-Transport,0,The First Harmful Event was Not a Collision with a Motor Vehicle In-Transport,0,No,0,No,1,Non-Junction,1,Non-Junction,1,Not an Intersection,4,On Roadside,0,,2,Dark - Not Lighted,2,Dark - Not Lighted,10,Cloudy,10,Cloudy,0,No,0,No,0,No Apparent Injury (O),0,No Apparent Injury (O),0,No Person Injured/Property Damage Only Crash,0,No Person Injured/Property Damage Only Crash,1,Alcohol Involved,1,Alcohol Involved
202304658106,62,62,18,3,"South (MD, DE, DC, WV, VA, KY, TN, NC, SC, GA, FL, AL, MS, LA, AR, OK, TX)",2,Rural Area,3,Stratum 3 - Motorcycle Any Injury,543,25.207433905,0,0,2,2,0,3,1,January,7,Saturday,7,Saturday,2023,2023,13,1:00pm-1:59pm,13,1:00pm-1:59pm,28,28,28,28,12,Motor Vehicle In-Transport,12,Motor Vehicle In-Transport,6,Angle,6,Angle,0,No,0,No,2,Intersection,2,Intersection,2,Four-Way Intersection,1,On Roadway,0,,1,Daylight,1,Daylight,1,Clear,1,Clear,0,No,0,No,1,Possible Injury (C),1,Possible Injury (C),1,1,1,1,2,No Alcohol Involved,2,No Alcohol Involved
202304658121,62,62,18,3,"South (MD, DE, DC, WV, VA, KY, TN, NC, SC, GA, FL, AL, MS, LA, AR, OK, TX)",2,Rural Area,9,Stratum 9 - LMY PV No Injuries in Crash,565,139.17241087,0,0,2,2,0,4,1,January,7,Saturday,7,Saturday,2023,2023,15,3:00pm-3:59pm,15,3:00pm-3:59pm,26,26,26,26,12,Motor Vehicle In-Transport,12,Motor Vehicle In-Transport,1,Front-to-Rear,1,Front-to-Rear,1,Yes,1,Yes,3,Intersection-Related,3,Intersection-Related,4,Y-Intersection,1,On Roadway,0,,1,Daylight,1,Daylight,10,Cloudy,10,Cloudy,0,No,1,Yes,0,No Apparent Injury (O),0,No Apparent Injury (O),0,No Person Injured/Property Damage Only Crash,0,No Person Injured/Property Damage Only Crash,2,No Alcohol Involved,2,No Alcohol Involved
202304658140,38,38,14,3,"South (MD, DE, DC, WV, VA, KY, TN, NC, SC, GA, FL, AL, MS, LA, AR, OK, TX)",1,Urban Area,6,Stratum 6 - LMY PV Minor Injury,573,54.413088547,0,0,2,2,0,2,1,January,7,Saturday,7,Saturday,2023,2023,20,8:00pm-8:59pm,20,8:00pm-8:59pm,3,3,3,3,12,Motor Vehicle In-Transport,12,Motor Vehicle In-Transport,6,Angle,6,Angle,0,No,0,No,2,Intersection,2,Intersection,2,Four-Way Intersection,1,On Roadway,0,,2,Dark - Not Lighted,2,Dark - Not Lighted,1,Clear,1,Clear,0,No,0,No,2,Suspected Minor Injury (B),2,Suspected Minor Injury (B),2,2,2,2,2,No Alcohol Involved,2,No Alcohol Involved
202304658154,38,38,14,3,"South (MD, DE, DC, WV, VA, KY, TN, NC, SC, GA, FL, AL, MS, LA, AR, OK, TX)",1,Urban Area,10,Stratum 10 - Other,573,222.75232233,0,0,2,2,0,2,1,January,7,Saturday,7,Saturday,2023,2023,14,2:00pm-2:59pm,14,2:00pm-2:59pm,2,2,2,2,12,Motor Vehicle In-Transport,12,Motor Vehicle In-Transport,1,Front-to-Rear,1,Front-to-Rear,0,No,0,No,1,Non-Junction,1,Non-Junction,1,Not an Intersection,1,On Roadway,0,,1,Daylight,1,Daylight,1,Clear,1,Clear,0,No,0,No,0,No Apparent Injury (O),0,No Apparent Injury (O),0,No Person Injured/Property Damage Only Crash,0,No Person Injured/Property Damage Only Crash,2,No Alcohol Involved,2,No Alcohol Involved
202304658164,38,38,14,3,"South (MD, DE, DC, WV, VA, KY, TN, NC, SC, GA, FL, AL, MS, LA, AR, OK, TX)",1,Urban Area,2,Stratum 2 - Not a MV Occupant Any Injury,573,23.582602258,1,1,1,1,0,1,1,January,7,Saturday,7,Saturday,2023,2023,19,7:00pm-7:59pm,19,7:00pm-7:59pm,0,0,0,0,9,Pedalcyclist,9,Pedalcyclist,0,The First Harmful Event was Not a Collision with a Motor Vehicle In-Transport,0,The First Harmful Event was Not a Collision with a Motor Vehicle In-Transport,0,No,0,No,1,Non-Junction,1,Non-Junction,1,Not an Intersection,1,On Roadway,0,,2,Dark - Not Lighted,2,Dark - Not Lighted,1,Clear,1,Clear,0,No,0,No,1,Possible Injury (C),1,Possible Injury (C),1,1,1,1,9,Reported as Unknown,2,No Alcohol Involved
202304658173,38,38,14,3,"South (MD, DE, DC, WV, VA, KY, TN, NC, SC, GA, FL, AL, MS, LA, AR, OK, TX)",1,Urban Area,6,Stratum 6 - LMY PV Minor Injury,578,54.413088547,0,0,2,2,0,2,1,January,7,Saturday,7,Saturday,2023,2023,22,10:00pm-10:59pm,22,10:00pm-10:59pm,0,0,0,0,12,Motor Vehicle In-Transport,12,Motor Vehicle In-Transport,1,Front-to-Rear,1,Front-to-Rear,0,No,0,No,4,Driveway Access,4,Driveway Access,1,Not an Intersection,1,On Roadway,0,,3,Dark - Lighted,3,Dark - Lighted,10,Cloudy,10,Cloudy,0,No,0,No,1,Possible Injury (C),1,Possible Injury (C),1,1,1,1,2,No Alcohol Involved,2,No Alcohol Involved
202304658198,38,38,14,3,"South (MD, DE, DC, WV, VA, KY, TN, NC, SC, GA, FL, AL, MS, LA, AR, OK, TX)",1,Urban Area,9,Stratum 9 - LMY PV No Injuries in Crash,569,141.73654159,0,0,3,3,0,6,1,January,7,Saturday,7,Saturday,2023,2023,11,11:00am-11:59am,11,11:00am-11:59am,37,37,37,37,12,Motor Vehicle In-Transport,12,Motor Vehicle In-Transport,6,Angle,6,Angle,0,No,0,No,2,Intersection,2,Intersection,2,Four-Way Intersection,1,On Roadway,0,,1,Daylight,1,Daylight,10,Cloudy,10,Cloudy,0,No,0,No,0,No Apparent Injury (O),0,No Apparent Injury (O),0,No Person Injured/Property Damage Only Crash,0,No Person Injured/Property Damage Only Crash,2,No Alcohol Involved,2,No Alcohol Involved
202304658204,52,52,18,3,"South (MD, DE, DC, WV, VA, KY, TN, NC, SC, GA, FL, AL, MS, LA, AR, OK, TX)",2,Rural Area,9,Stratum 9 - LMY PV No Injuries in Crash,591,141.33421585,0,0,2,2,0,2,1,January,7,Saturday,7,Saturday,2023,2023,19,7:00pm-7:59pm,19,7:00pm-7:59pm,37,37,37,37,12,Motor Vehicle In-Transport,12,Motor Vehicle In-Transport,1,Front-to-Rear,1,Front-to-Rear,0,No,0,No,1,Non-Junction,1,Non-Junction,1,Not an Intersection,1,On Roadway,0,,2,Dark - Not Lighted,2,Dark - Not Lighted,1,Clear,1,Clear,0,No,0,No,0,No Apparent Injury (O),0,No Apparent Injury (O),0,No Person Injured/Property Damage Only Crash,0,No Person Injured/Property Damage Only Crash,2,No Alcohol Involved,2,No Alcohol Involved
202304658206,52,52,18,3,"South (MD, DE, DC, WV, VA, KY, TN, NC, SC, GA, FL, AL, MS, LA, AR, OK, TX)",2,Rural Area,10,Stratum 10 - Other,591,217.31471584,0,0,2,2,0,2,1,January,7,Saturday,7,Saturday,2023,2023,19,7:00pm-7:59pm,19,7:00pm-7:59pm,56,56,56,56,12,Motor Vehicle In-Transport,12,Motor Vehicle In-Transport,7,Sideswipe - Same Direction,7,Sideswipe - Same Direction,0,No,0,No,1,Non-Junction,1,Non-Junction,1,Not an Intersection,1,On Roadway,0,,2,Dark - Not Lighted,2,Dark - Not Lighted,1,Clear,1,Clear,0,No,0,No,0,No Apparent Injury (O),0,No Apparent Injury (O),0,No Person Injured/Property Damage Only Crash,0,No Person Injured/Property Damage Only Crash,2,No Alcohol Involved,2,No Alcohol Involved
202304658220,38,38,14,3,"South (MD, DE, DC, WV, VA, KY, TN, NC, SC, GA, FL, AL, MS, LA, AR, OK, TX)",1,Urban Area,2,Stratum 2 - Not a MV Occupant Any Injury,509,23.58260226,1,1,1,1,0,1,1,January,1,Sunday,1,Sunday,2023,2023,13,1:00pm-1:59pm,13,1:00pm-1:59pm,41,41,41,41,9,Pedalcyclist,9,Pedalcyclist,0,The First Harmful Event was Not a Collision with a Motor Vehicle In-Transport,0,The First Harmful Event was Not a Collision with a Motor Vehicle In-Transport,0,No,0,No,3,Intersection-Related,3,Intersection-Related,2,Four-Way Intersection,1,On Roadway,0,,1,Daylight,1,Daylight,1,Clear,1,Clear,0,No,0,No,1,Possible Injury (C),1,Possible Injury (C),1,1,1,1,2,No Alcohol Involved,2,No Alcohol Involved
202304658268,38,38,14,3,"South (MD, DE, DC, WV, VA, KY, TN, NC, SC, GA, FL, AL, MS, LA, AR, OK, TX)",1,Urban Area,8,Stratum 8 - NLMY PV Minor Injury,508,135.34772419,0,0,2,2,0,3,1,January,2,Monday,2,Monday,2023,2023,7,7:00am-7:59am,7,7:00am-7:59am,22,22,22,22,12,Motor Vehicle In-Transport,12,Motor Vehicle In-Transport,6,Angle,6,Angle,0,No,0,No,2,Intersection,2,Intersection,3,T-Intersection,1,On Roadway,0,,1,Daylight,1,Daylight,1,Clear,1,Clear,0,No,0,No,1,Possible Injury (C),1,Possible Injury (C),2,2,2,2,2,No Alcohol Involved,2,No Alcohol Involved
202304658277,54,54,14,3,"South (MD, DE, DC, WV, VA, KY, TN, NC, SC, GA, FL, AL, MS, LA, AR, OK, TX)",1,Urban Area,4,Stratum 4 - LMY PV Serious Injury,516,47.900031694,0,0,1,1,0,1,1,January,2,Monday,2,Monday,2023,2023,16,4:00pm-4:59pm,16,4:00pm-4:59pm,55,55,55,55,32,Culvert,32,Culvert,0,The First Harmful Event was Not a Collision with a Motor Vehicle In-Transport,0,The First Harmful Event was Not a Collision with a Motor Vehicle In-Transport,0,No,0,No,1,Non-Junction,1,Non-Junction,1,Not an Intersection,4,On Roadside,0,,1,Daylight,1,Daylight,1,Clear,1,Clear,0,No,0,No,3,Suspected Serious Injury (A),3,Suspected Serious Injury (A),1,1,1,1,1,Alcohol Involved,1,Alcohol Involved
202304658281,62,62,18,3,"South (MD, DE, DC, WV, VA, KY, TN, NC, SC, GA, FL, AL, MS, LA, AR, OK, TX)",2,Rural Area,4,Stratum 4 - LMY PV Serious Injury,542,15.17626155,0,0,2,2,0,2,1,January,2,Monday,2,Monday,2023,2023,13,1:00pm-1:59pm,13,1:00pm-1:59pm,43,43,43,43,12,Motor Vehicle In-Transport,12,Motor Vehicle In-Transport,6,Angle,6,Angle,0,No,0,No,2,Intersection,2,Intersection,2,Four-Way Intersection,1,On Roadway,0,,1,Daylight,1,Daylight,1,Clear,1,Clear,0,No,0,No,3,Suspected Serious Injury (A),3,Suspected Serious Injury (A),2,2,2,2,2,No Alcohol Involved,2,No Alcohol Involved
202304658316,38,38,14,3,"South (MD, DE, DC, WV, VA, KY, TN, NC, SC, GA, FL, AL, MS, LA, AR, OK, TX)",1,Urban Area,8,Stratum 8 - NLMY PV Minor Injury,573,135.3477242,0,0,2,2,0,3,1,January,2,Monday,2,Monday,2023,2023,21,9:00pm-9:59pm,21,9:00pm-9:59pm,18,18,18,18,12,Motor Vehicle In-Transport,12,Motor Vehicle In-Transport,1,Front-to-Rear,1,Front-to-Rear,0,No,0,No,3,Intersection-Related,3,Intersection-Related,2,Four-Way Intersection,1,On Roadway,0,,3,Dark - Lighted,3,Dark - Lighted,1,Clear,1,Clear,0,No,0,No,1,Possible Injury (C),1,Possible Injury (C),2,2,2,2,2,No Alcohol Involved,2,No Alcohol Involved
202304658320,38,38,14,3,"South (MD, DE, DC, WV, VA, KY, TN, NC, SC, GA, FL, AL, MS, LA, AR, OK, TX)",1,Urban Area,9,Stratum 9 - LMY PV No Injuries in Crash,573,141.73654156,0,0,2,2,0,2,1,January,2,Monday,2,Monday,2023,2023,23,11:00pm-11:59pm,23,11:00pm-11:59pm,50,50,50,50,12,Motor Vehicle In-Transport,12,Motor Vehicle In-Transport,7,Sideswipe - Same Direction,7,Sideswipe - Same Direction,0,No,0,No,3,Intersection-Related,3,Intersection-Related,2,Four-Way Intersection,1,On Roadway,0,,2,Dark - Not Lighted,2,Dark - Not Lighted,1,Clear,1,Clear,0,No,0,No,0,No Apparent Injury (O),0,No Apparent Injury (O),0,No Person Injured/Property Damage Only Crash,0,No Person Injured/Property Damage Only Crash,2,No Alcohol Involved,2,No Alcohol Involved
202304658323,38,38,14,3,"South (MD, DE, DC, WV, VA, KY, TN, NC, SC, GA, FL, AL, MS, LA, AR, OK, TX)",1,Urban Area,6,Stratum 6 - LMY PV Minor Injury,573,54.413088547,0,0,2,2,0,2,1,January,2,Monday,2,Monday,2023,2023,17,5:00pm-5:59pm,17,5:00pm-5:59pm,37,37,37,37,12,Motor Vehicle In-Transport,12,Motor Vehicle In-Transport,6,Angle,6,Angle,0,No,0,No,2,Intersection,2,Intersection,3,T-Intersection,1,On Roadway,0,,1,Daylight,1,Daylight,1,Clear,1,Clear,0,No,0,No,1,Possible Injury (C),1,Possible Injury (C),2,2,2,2,2,No Alcohol Involved,2,No Alcohol Involved
202304658330,38,38,14,3,"South (MD, DE, DC, WV, VA, KY, TN, NC, SC, GA, FL, AL, MS, LA, AR, OK, TX)",1,Urban Area,10,Stratum 10 - Other,573,222.75232233,0,0,2,2,0,3,1,January,2,Monday,2,Monday,2023,2023,18,6:00pm-6:59pm,18,6:00pm-6:59pm,48,48,48,48,12,Motor Vehicle In-Transport,12,Motor Vehicle In-Transport,8,Sideswipe - Opposite Direction,8,Sideswipe - Opposite Direction,0,No,0,No,2,Intersection,2,Intersection,3,T-Intersection,1,On Roadway,0,,2,Dark - Not Lighted,2,Dark - Not Lighted,1,Clear,1,Clear,0,No,0,No,0,No Apparent Injury (O),0,No Apparent Injury (O),0,No Person Injured/Property Damage Only Crash,0,No Person Injured/Property Damage Only Crash,9,Reported as Unknown,2,No Alcohol Involved
202304658342,38,38,14,3,"South (MD, DE, DC, WV, VA, KY, TN, NC, SC, GA, FL, AL, MS, LA, AR, OK, TX)",1,Urban Area,9,Stratum 9 - LMY PV No Injuries in Crash,571,141.73654155,0,0,2,2,0,5,1,January,2,Monday,2,Monday,2023,2023,19,7:00pm-7:59pm,19,7:00pm-7:59pm,41,41,41,41,12,Motor Vehicle In-Transport,12,Motor Vehicle In-Transport,7,Sideswipe - Same Direction,7,Sideswipe - Same Direction,0,No,0,No,1,Non-Junction,1,Non-Junction,1,Not an Intersection,1,On Roadway,0,,2,Dark - Not Lighted,2,Dark - Not Lighted,2,Rain,2,Rain,0,No,0,No,0,No Apparent Injury (O),0,No Apparent Injury (O),0,No Person Injured/Property Damage Only Crash,0,No Person Injured/Property Damage Only Crash,2,No Alcohol Involved,2,No Alcohol Involved
202304658361,52,52,18,3,"South (MD, DE, DC, WV, VA, KY, TN, NC, SC, GA, FL, AL, MS, LA, AR, OK, TX)",2,Rural Area,10,Stratum 10 - Other,610,217.31471582,0,0,1,1,0,1,1,January,2,Monday,2,Monday,2023,2023,7,7:00am-7:59am,7,7:00am-7:59am,32,32,32,32,11,Live Animal,11,Live Animal,0,The First Harmful Event was Not a Collision with a Motor Vehicle In-Transport,0,The First Harmful Event was Not a Collision with a Motor Vehicle In-Transport,0,No,0,No,1,Non-Junction,1,Non-Junction,1,Not an Intersection,1,On Roadway,0,,1,Daylight,1,Daylight,1,Clear,1,Clear,0,No,0,No,0,No Apparent Injury (O),0,No Apparent Injury (O),0,No Person Injured/Property Damage Only Crash,0,No Person Injured/Property Damage Only Crash,2,No Alcohol Involved,2,No Alcohol Involved
202304658362,54,54,14,3,"South (MD, DE, DC, WV, VA, KY, TN, NC, SC, GA, FL, AL, MS, LA, AR, OK, TX)",1,Urban Area,10,Stratum 10 - Other,526,222.57005226,0,0,2,2,0,2,1,January,2,Monday,2,Monday,2023,2023,16,4:00pm-4:59pm,16,4:00pm-4:59pm,34,34,34,34,12,Motor Vehicle In-Transport,12,Motor Vehicle In-Transport,6,Angle,6,Angle,0,No,0,No,4,Driveway Access,4,Driveway Access,1,Not an Intersection,1,On Roadway,0,,1,Daylight,1,Daylight,1,Clear,1,Clear,0,No,0,No,0,No Apparent Injury (O),0,No Apparent Injury (O),0,No Person Injured/Property Damage Only Crash,0,No Person Injured/Property Damage Only Crash,2,No Alcohol Involved,2,No Alcohol Involved
202304658365,54,54,14,3,"South (MD, DE, DC, WV, VA, KY, TN, NC, SC, GA, FL, AL, MS, LA, AR, OK, TX)",1,Urban Area,9,Stratum 9 - LMY PV No Injuries in Crash,515,140.91006616,0,0,2,2,0,2,1,January,3,Tuesday,3,Tuesday,2023,2023,8,8:00am-8:59am,8,8:00am-8:59am,37,37,37,37,12,Motor Vehicle In-Transport,12,Motor Vehicle In-Transport,1,Front-to-Rear,1,Front-to-Rear,0,No,0,No,3,Intersection-Related,3,Intersection-Related,3,T-Intersection,1,On Roadway,0,,1,Daylight,1,Daylight,5,"Fog, Smog, Smoke",5,"Fog, Smog, Smoke",0,No,0,No,0,No Apparent Injury (O),0,No Apparent Injury (O),0,No Person Injured/Property Damage Only Crash,0,No Person Injured/Property Damage Only Crash,2,No Alcohol Involved,2,No Alcohol Involved
202304658367,54,54,14,3,"South (MD, DE, DC, WV, VA, KY, TN, NC, SC, GA, FL, AL, MS, LA, AR, OK, TX)",1,Urban Area,10,Stratum 10 - Other,526,222.57005226,0,0,2,2,0,2,1,January,3,Tuesday,3,Tuesday,2023,2023,17,5:00pm-5:59pm,17,5:00pm-5:59pm,0,0,0,0,12,Motor Vehicle In-Transport,12,Motor Vehicle In-Transport,1,Front-to-Rear,1,Front-to-Rear,0,No,0,No,1,Non-Junction,1,Non-Junction,1,Not an Intersection,1,On Roadway,0,,1,Daylight,1,Daylight,1,Clear,1,Clear,0,No,1,Yes,0,No Apparent Injury (O),0,No Apparent Injury (O),0,No Person Injured/Property Damage Only Crash,0,No Person Injured/Property Damage Only Crash,2,No Alcohol Involved,2,No Alcohol Involved
202304658371,62,62,18,3,"South (MD, DE, DC, WV, VA, KY, TN, NC, SC, GA, FL, AL, MS, LA, AR, OK, TX)",2,Rural Area,7,Stratum 7 - M/H Truck or Bus,543,155.05660165,0,0,2,2,0,5,1,January,3,Tuesday,3,Tuesday,2023,2023,11,11:00am-11:59am,11,11:00am-11:59am,22,22,22,22,12,Motor Vehicle In-Transport,12,Motor Vehicle In-Transport,1,Front-to-Rear,1,Front-to-Rear,0,No,0,No,3,Intersection-Related,3,Intersection-Related,2,Four-Way Intersection,1,On Roadway,0,,1,Daylight,1,Daylight,1,Clear,1,Clear,0,No,0,No,0,No Apparent Injury (O),0,No Apparent Injury (O),0,No Person Injured/Property Damage Only Crash,0,No Person Injured/Property Damage Only Crash,2,No Alcohol Involved,2,No Alcohol Involved
202304658408,52,52,18,3,"South (MD, DE, DC, WV, VA, KY, TN, NC, SC, GA, FL, AL, MS, LA, AR, OK, TX)",2,Rural Area,9,Stratum 9 - LMY PV No Injuries in Crash,590,141.3342159,0,0,2,2,0,3,1,January,3,Tuesday,3,Tuesday,2023,2023,15,3:00pm-3:59pm,15,3:00pm-3:59pm,34,34,34,34,12,Motor Vehicle In-Transport,12,Motor Vehicle In-Transport,1,Front-to-Rear,1,Front-to-Rear,0,No,0,No,8,Driveway Access Related,8,Driveway Access Related,1,Not an Intersection,1,On Roadway,0,,1,Daylight,1,Daylight,1,Clear,1,Clear,0,No,0,No,0,No Apparent Injury (O),0,No Apparent Injury (O),0,No Person Injured/Property Damage Only Crash,0,No Person Injured/Property Damage Only Crash,2,No Alcohol Involved,2,No Alcohol Involved
202304658419,62,62,18,3,"South (MD, DE, DC, WV, VA, KY, TN, NC, SC, GA, FL, AL, MS, LA, AR, OK, TX)",2,Rural Area,9,Stratum 9 - LMY PV No Injuries in Crash,543,139.17241086,0,0,1,1,0,1,1,January,4,Wednesday,4,Wednesday,2023,2023,12,12:00pm-12:59pm,12,12:00pm-12:59pm,12,12,12,12,33,Curb,33,Curb,0,The First Harmful Event was Not a Collision with a Motor Vehicle In-Transport,0,The First Harmful Event was Not a Collision with a Motor Vehicle In-Transport,0,No,0,No,1,Non-Junction,1,Non-Junction,1,Not an Intersection,3,On Median,0,,1,Daylight,1,Daylight,10,Cloudy,10,Cloudy,0,No,0,No,0,No Apparent Injury (O),0,No Apparent Injury (O),0,No Person Injured/Property Damage Only Crash,0,No Person Injured/Property Damage Only Crash,2,No Alcohol Involved,2,No Alcohol Involved
202304658511,55,55,17,3,"South (MD, DE, DC, WV, VA, KY, TN, NC, SC, GA, FL, AL, MS, LA, AR, OK, TX)",2,Rural Area,2,Stratum 2 - Not a MV Occupant Any Injury,1056,98.951068992,1,1,2,2,0,2,1,January,2,Monday,2,Monday,2023,2023,17,5:00pm-5:59pm,17,5:00pm-5:59pm,10,10,10,10,12,Motor Vehicle In-Transport,12,Motor Vehicle In-Transport,1,Front-to-Rear,1,Front-to-Rear,0,No,0,No,4,Driveway Access,4,Driveway Access,1,Not an Intersection,1,On Roadway,0,,3,Dark - Lighted,3,Dark - Lighted,1,Clear,1,Clear,0,No,0,No,2,Suspected Minor Injury (B),2,Suspected Minor Injury (B),2,2,2,2,2,No Alcohol Involved,2,No Alcohol Involved
202304658590,51,51,10,3,"South (MD, DE, DC, WV, VA, KY, TN, NC, SC, GA, FL, AL, MS, LA, AR, OK, TX)",1,Urban Area,2,Stratum 2 - Not a MV Occupant Any Injury,1114,23.169736912,1,1,1,1,0,1,1,January,2,Monday,2,Monday,2023,2023,6,6:00am-6:59am,6,6:00am-6:59am,48,48,48,48,8,Pedestrian,8,Pedestrian,0,The First Harmful Event was Not a Collision with a Motor Vehicle In-Transport,0,The First Harmful Event was Not a Collision with a Motor Vehicle In-Transport,0,No,0,No,1,Non-Junction,1,Non-Junction,1,Not an Intersection,1,On Roadway,0,,4,Dawn,4,Dawn,1,Clear,1,Clear,0,No,0,No,2,Suspected Minor Injury (B),2,Suspected Minor Injury (B),1,1,1,1,2,No Alcohol Involved,2,No Alcohol Involved
202304658600,63,63,16,3,"South (MD, DE, DC, WV, VA, KY, TN, NC, SC, GA, FL, AL, MS, LA, AR, OK, TX)",2,Rural Area,3,Stratum 3 - Motorcycle Any Injury,4135,25.357948747,0,0,1,1,0,1,1,January,1,Sunday,1,Sunday,2023,2023,7,7:00am-7:59am,7,7:00am-7:59am,58,58,58,58,39,Wall,39,Wall,0,The First Harmful Event was Not a Collision with a Motor Vehicle In-Transport,0,The First Harmful Event was Not a Collision with a Motor Vehicle In-Transport,0,No,0,No,1,Non-Junction,1,Non-Junction,1,Not an Intersection,5,Outside Trafficway,0,,1,Daylight,1,Daylight,1,Clear,1,Clear,0,No,0,No,3,Suspected Serious Injury (A),3,Suspected Serious Injury (A),1,1,1,1,9,Reported as Unknown,2,No Alcohol Involved
202304658605,63,63,16,3,"South (MD, DE, DC, WV, VA, KY, TN, NC, SC, GA, FL, AL, MS, LA, AR, OK, TX)",2,Rural Area,6,Stratum 6 - LMY PV Minor Injury,4135,52.930660016,0,0,2,2,0,5,1,January,1,Sunday,1,Sunday,2023,2023,16,4:00pm-4:59pm,16,4:00pm-4:59pm,45,45,45,45,12,Motor Vehicle In-Transport,12,Motor Vehicle In-Transport,6,Angle,6,Angle,0,No,0,No,2,Intersection,2,Intersection,2,Four-Way Intersection,1,On Roadway,0,,1,Daylight,1,Daylight,1,Clear,1,Clear,0,No,0,No,1,Possible Injury (C),1,Possible Injury (C),5,5,5,5,9,Reported as Unknown,2,No Alcohol Involved
202304658761,59,59,10,3,"South (MD, DE, DC, WV, VA, KY, TN, NC, SC, GA, FL, AL, MS, LA, AR, OK, TX)",1,Urban Area,9,Stratum 9 - LMY PV No Injuries in Crash,4137,142.15884183,0,0,2,2,0,2,1,January,7,Saturday,7,Saturday,2023,2023,19,7:00pm-7:59pm,19,7:00pm-7:59pm,30,30,30,30,12,Motor Vehicle In-Transport,12,Motor Vehicle In-Transport,1,Front-to-Rear,1,Front-to-Rear,0,No,0,No,1,Non-Junction,1,Non-Junction,1,Not an Intersection,1,On Roadway,0,,5,Dusk,5,Dusk,1,Clear,1,Clear,0,No,1,Yes,0,No Apparent Injury (O),0,No Apparent Injury (O),0,No Person Injured/Property Damage Only Crash,0,No Person Injured/Property Damage Only Crash,2,No Alcohol Involved,2,No Alcohol Involved
202304658801,59,59,10,3,"South (MD, DE, DC, WV, VA, KY, TN, NC, SC, GA, FL, AL, MS, LA, AR, OK, TX)",1,Urban Area,10,Stratum 10 - Other,4137,222.57657535,0,0,1,1,0,1,1,January,2,Monday,2,Monday,2023,2023,18,6:00pm-6:59pm,18,6:00pm-6:59pm,25,25,25,25,59,Traffic Sign Support,59,Traffic Sign Support,0,The First Harmful Event was Not a Collision with a Motor Vehicle In-Transport,0,The First Harmful Event was Not a Collision with a Motor Vehicle In-Transport,0,No,0,No,1,Non-Junction,1,Non-Junction,1,Not an Intersection,4,On Roadside,0,,3,Dark - Lighted,3,Dark - Lighted,1,Clear,1,Clear,0,No,0,No,0,No Apparent Injury (O),0,No Apparent Injury (O),0,No Person Injured/Property Damage Only Crash,0,No Person Injured/Property Damage Only Crash,2,No Alcohol Involved,2,No Alcohol Involved
202304658881,59,59,10,3,"South (MD, DE, DC, WV, VA, KY, TN, NC, SC, GA, FL, AL, MS, LA, AR, OK, TX)",1,Urban Area,6,Stratum 6 - LMY PV Minor Injury,4137,54.478662618,0,0,2,2,0,3,1,January,3,Tuesday,3,Tuesday,2023,2023,9,9:00am-9:59am,9,9:00am-9:59am,30,30,30,30,12,Motor Vehicle In-Transport,12,Motor Vehicle In-Transport,6,Angle,6,Angle,0,No,0,No,2,Intersection,2,Intersection,2,Four-Way Intersection,1,On Roadway,0,,1,Daylight,1,Daylight,1,Clear,1,Clear,0,No,0,No,1,Possible Injury (C),3,Suspected Serious Injury (A),1,1,2,2,2,No Alcohol Involved,2,No Alcohol Involved
202304658951,59,59,10,3,"South (MD, DE, DC, WV, VA, KY, TN, NC, SC, GA, FL, AL, MS, LA, AR, OK, TX)",1,Urban Area,7,Stratum 7 - M/H Truck or Bus,4137,161.34000456,0,0,2,2,0,2,1,January,2,Monday,2,Monday,2023,2023,22,10:00pm-10:59pm,22,10:00pm-10:59pm,45,45,45,45,12,Motor Vehicle In-Transport,12,Motor Vehicle In-Transport,6,Angle,6,Angle,0,No,0,No,3,Intersection-Related,3,Intersection-Related,3,T-Intersection,1,On Roadway,0,,3,Dark - Lighted,3,Dark - Lighted,1,Clear,1,Clear,0,No,0,No,0,No Apparent Injury (O),0,No Apparent Injury (O),0,No Person Injured/Property Damage Only Crash,0,No Person Injured/Property Damage Only Crash,2,No Alcohol Involved,2,No Alcohol Involved
202304658992,65,65,13,3,"South (MD, DE, DC, WV, VA, KY, TN, NC, SC, GA, FL, AL, MS, LA, AR, OK, TX)",1,Urban Area,8,Stratum 8 - NLMY PV Minor Injury,4138,134.88703025,0,0,2,2,0,2,1,January,1,Sunday,1,Sunday,2023,2023,13,1:00pm-1:59pm,13,1:00pm-1:59pm,1,1,1,1,12,Motor Vehicle In-Transport,12,Motor Vehicle In-Transport,6,Angle,6,Angle,0,No,0,No,2,Intersection,2,Intersection,3,T-Intersection,1,On Roadway,0,,1,Daylight,1,Daylight,1,Clear,1,Clear,0,No,0,No,1,Possible Injury (C),1,Possible Injury (C),1,1,1,1,9,Reported as Unknown,2,No Alcohol Involved
202304659073,65,65,13,3,"South (MD, DE, DC, WV, VA, KY, TN, NC, SC, GA, FL, AL, MS, LA, AR, OK, TX)",1,Urban Area,10,Stratum 10 - Other,4138,221.11846351,0,0,2,2,0,3,1,January,2,Monday,2,Monday,2023,2023,16,4:00pm-4:59pm,16,4:00pm-4:59pm,59,59,59,59,12,Motor Vehicle In-Transport,12,Motor Vehicle In-Transport,2,Front-to-Front,2,Front-to-Front,0,No,0,No,2,Intersection,2,Intersection,2,Four-Way Intersection,1,On Roadway,0,,1,Daylight,1,Daylight,1,Clear,1,Clear,0,No,0,No,0,No Apparent Injury (O),0,No Apparent Injury (O),0,No Person Injured/Property Damage Only Crash,0,No Person Injured/Property Damage Only Crash,9,Reported as Unknown,2,No Alcohol Involved
202304659186,28,28,11,3,"South (MD, DE, DC, WV, VA, KY, TN, NC, SC, GA, FL, AL, MS, LA, AR, OK, TX)",1,Urban Area,9,Stratum 9 - LMY PV No Injuries in Crash,4139,141.34570405,0,0,3,3,0,5,1,January,1,Sunday,1,Sunday,2023,2023,9,9:00am-9:59am,9,9:00am-9:59am,56,56,56,56,12,Motor Vehicle In-Transport,12,Motor Vehicle In-Transport,1,Front-to-Rear,1,Front-to-Rear,1,Yes,1,Yes,18,Through Roadway,18,Through Roadway,1,Not an Intersection,1,On Roadway,0,,1,Daylight,1,Daylight,10,Cloudy,10,Cloudy,0,No,1,Yes,0,No Apparent Injury (O),0,No Apparent Injury (O),0,No Person Injured/Property Damage Only Crash,0,No Person Injured/Property Damage Only Crash,2,No Alcohol Involved,2,No Alcohol Involved
202304659189,28,28,11,3,"South (MD, DE, DC, WV, VA, KY, TN, NC, SC, GA, FL, AL, MS, LA, AR, OK, TX)",1,Urban Area,8,Stratum 8 - NLMY PV Minor Injury,4139,135.09245684,0,0,2,2,0,2,1,January,3,Tuesday,3,Tuesday,2023,2023,6,6:00am-6:59am,6,6:00am-6:59am,58,58,58,58,12,Motor Vehicle In-Transport,12,Motor Vehicle In-Transport,1,Front-to-Rear,1,Front-to-Rear,1,Yes,1,Yes,18,Through Roadway,18,Through Roadway,1,Not an Intersection,1,On Roadway,0,,1,Daylight,1,Daylight,1,Clear,1,Clear,0,No,1,Yes,1,Possible Injury (C),1,Possible Injury (C),2,2,2,2,2,No Alcohol Involved,2,No Alcohol Involved
202304659228,28,28,11,3,"South (MD, DE, DC, WV, VA, KY, TN, NC, SC, GA, FL, AL, MS, LA, AR, OK, TX)",1,Urban Area,10,Stratum 10 - Other,4139,223.21940771,0,0,2,2,0,6,1,January,4,Wednesday,4,Wednesday,2023,2023,18,6:00pm-6:59pm,18,6:00pm-6:59pm,59,59,59,59,12,Motor Vehicle In-Transport,12,Motor Vehicle In-Transport,7,Sideswipe - Same Direction,7,Sideswipe - Same Direction,0,No,0,No,1,Non-Junction,1,Non-Junction,1,Not an Intersection,1,On Roadway,0,,2,Dark - Not Lighted,2,Dark - Not Lighted,1,Clear,1,Clear,0,No,0,No,0,No Apparent Injury (O),0,No Apparent Injury (O),0,No Person Injured/Property Damage Only Crash,0,No Person Injured/Property Damage Only Crash,2,No Alcohol Involved,2,No Alcohol Involved
202304659289,28,28,11,3,"South (MD, DE, DC, WV, VA, KY, TN, NC, SC, GA, FL, AL, MS, LA, AR, OK, TX)",1,Urban Area,9,Stratum 9 - LMY PV No Injuries in Crash,4139,141.34570405,0,0,2,2,0,2,1,January,3,Tuesday,3,Tuesday,2023,2023,8,8:00am-8:59am,8,8:00am-8:59am,36,36,36,36,12,Motor Vehicle In-Transport,12,Motor Vehicle In-Transport,1,Front-to-Rear,1,Front-to-Rear,0,No,0,No,1,Non-Junction,1,Non-Junction,1,Not an Intersection,1,On Roadway,0,,1,Daylight,1,Daylight,1,Clear,1,Clear,0,No,0,No,0,No Apparent Injury (O),0,No Apparent Injury (O),0,No Person Injured/Property Damage Only Crash,0,No Person Injured/Property Damage Only Crash,2,No Alcohol Involved,2,No Alcohol Involved
202304659329,12,12,12,3,"South (MD, DE, DC, WV, VA, KY, TN, NC, SC, GA, FL, AL, MS, LA, AR, OK, TX)",1,Urban Area,2,Stratum 2 - Not a MV Occupant Any Injury,4142,23.399878123,1,1,1,1,0,1,1,January,2,Monday,2,Monday,2023,2023,15,3:00pm-3:59pm,15,3:00pm-3:59pm,0,0,0,0,8,Pedestrian,8,Pedestrian,0,The First Harmful Event was Not a Collision with a Motor Vehicle In-Transport,0,The First Harmful Event was Not a Collision with a Motor Vehicle In-Transport,0,No,0,No,3,Intersection-Related,3,Intersection-Related,3,T-Intersection,1,On Roadway,0,,1,Daylight,1,Daylight,1,Clear,1,Clear,0,No,0,No,2,Suspected Minor Injury (B),2,Suspected Minor Injury (B),1,1,1,1,2,No Alcohol Involved,2,No Alcohol Involved
202304659400,12,12,12,3,"South (MD, DE, DC, WV, VA, KY, TN, NC, SC, GA, FL, AL, MS, LA, AR, OK, TX)",1,Urban Area,10,Stratum 10 - Other,4142,222.0578669,0,0,2,2,0,2,1,January,2,Monday,2,Monday,2023,2023,16,4:00pm-4:59pm,16,4:00pm-4:59pm,41,41,41,41,12,Motor Vehicle In-Transport,12,Motor Vehicle In-Transport,1,Front-to-Rear,1,Front-to-Rear,0,No,0,No,1,Non-Junction,1,Non-Junction,1,Not an Intersection,1,On Roadway,0,,1,Daylight,1,Daylight,1,Clear,1,Clear,0,No,0,No,0,No Apparent Injury (O),0,No Apparent Injury (O),0,No Person Injured/Property Damage Only Crash,0,No Person Injured/Property Damage Only Crash,2,No Alcohol Involved,2,No Alcohol Involved
202304659417,12,12,12,3,"South (MD, DE, DC, WV, VA, KY, TN, NC, SC, GA, FL, AL, MS, LA, AR, OK, TX)",1,Urban Area,9,Stratum 9 - LMY PV No Injuries in Crash,4142,141.83585636,0,0,2,2,0,2,1,January,3,Tuesday,3,Tuesday,2023,2023,9,9:00am-9:59am,9,9:00am-9:59am,36,36,36,36,12,Motor Vehicle In-Transport,12,Motor Vehicle In-Transport,1,Front-to-Rear,1,Front-to-Rear,0,No,0,No,2,Intersection,2,Intersection,2,Four-Way Intersection,1,On Roadway,0,,1,Daylight,1,Daylight,1,Clear,1,Clear,0,No,0,No,0,No Apparent Injury (O),0,No Apparent Injury (O),0,No Person Injured/Property Damage Only Crash,0,No Person Injured/Property Damage Only Crash,2,No Alcohol Involved,2,No Alcohol Involved
202304659428,12,12,12,3,"South (MD, DE, DC, WV, VA, KY, TN, NC, SC, GA, FL, AL, MS, LA, AR, OK, TX)",1,Urban Area,7,Stratum 7 - M/H Truck or Bus,4142,159.26096295,1,1,1,1,0,1,1,January,3,Tuesday,3,Tuesday,2023,2023,13,1:00pm-1:59pm,13,1:00pm-1:59pm,30,30,30,30,18,Other Object (not fixed),18,Other Object (not fixed),0,The First Harmful Event was Not a Collision with a Motor Vehicle In-Transport,0,The First Harmful Event was Not a Collision with a Motor Vehicle In-Transport,0,No,0,No,1,Non-Junction,1,Non-Junction,1,Not an Intersection,7,In Parking Lane/Zone,0,,1,Daylight,1,Daylight,1,Clear,1,Clear,0,No,0,No,0,No Apparent Injury (O),0,No Apparent Injury (O),0,No Person Injured/Property Damage Only Crash,0,No Person Injured/Property Damage Only Crash,2,No Alcohol Involved,2,No Alcohol Involved
202304659440,12,12,12,3,"South (MD, DE, DC, WV, VA, KY, TN, NC, SC, GA, FL, AL, MS, LA, AR, OK, TX)",1,Urban Area,8,Stratum 8 - NLMY PV Minor Injury,4142,135.18572704,0,0,3,3,0,4,1,January,3,Tuesday,3,Tuesday,2023,2023,18,6:00pm-6:59pm,18,6:00pm-6:59pm,5,5,5,5,12,Motor Vehicle In-Transport,12,Motor Vehicle In-Transport,1,Front-to-Rear,1,Front-to-Rear,0,No,0,No,3,Intersection-Related,3,Intersection-Related,2,Four-Way Intersection,1,On Roadway,0,,3,Dark - Lighted,3,Dark - Lighted,1,Clear,1,Clear,0,No,0,No,1,Possible Injury (C),1,Possible Injury (C),1,1,1,1,9,Reported as Unknown,2,No Alcohol Involved
202304659458,78,78,10,3,"South (MD, DE, DC, WV, VA, KY, TN, NC, SC, GA, FL, AL, MS, LA, AR, OK, TX)",1,Urban Area,5,Stratum 5 - NLMY PV Serious Injury,4146,25.739583268,0,0,2,2,0,2,1,January,1,Sunday,1,Sunday,2023,2023,10,10:00am-10:59am,10,10:00am-10:59am,27,27,27,27,12,Motor Vehicle In-Transport,12,Motor Vehicle In-Transport,6,Angle,6,Angle,0,No,0,No,2,Intersection,2,Intersection,2,Four-Way Intersection,1,On Roadway,0,,1,Daylight,1,Daylight,1,Clear,1,Clear,0,No,0,No,3,Suspected Serious Injury (A),3,Suspected Serious Injury (A),2,2,2,2,1,Alcohol Involved,1,Alcohol Involved
202304659530,78,78,10,3,"South (MD, DE, DC, WV, VA, KY, TN, NC, SC, GA, FL, AL, MS, LA, AR, OK, TX)",1,Urban Area,8,Stratum 8 - NLMY PV Minor Injury,4146,134.67439368,0,0,2,2,0,2,1,January,2,Monday,2,Monday,2023,2023,17,5:00pm-5:59pm,17,5:00pm-5:59pm,5,5,5,5,12,Motor Vehicle In-Transport,12,Motor Vehicle In-Transport,1,Front-to-Rear,1,Front-to-Rear,0,No,0,No,1,Non-Junction,1,Non-Junction,1,Not an Intersection,1,On Roadway,0,,1,Daylight,1,Daylight,1,Clear,1,Clear,0,No,0,No,1,Possible Injury (C),1,Possible Injury (C),1,1,1,1,2,No Alcohol Involved,2,No Alcohol Involved
202304659539,78,78,10,3,"South (MD, DE, DC, WV, VA, KY, TN, NC, SC, GA, FL, AL, MS, LA, AR, OK, TX)",1,Urban Area,9,Stratum 9 - LMY PV No Injuries in Crash,4146,141.59880277,0,0,2,2,0,2,1,January,6,Friday,6,Friday,2023,2023,15,3:00pm-3:59pm,15,3:00pm-3:59pm,15,15,15,15,12,Motor Vehicle In-Transport,12,Motor Vehicle In-Transport,6,Angle,6,Angle,0,No,0,No,2,Intersection,2,Intersection,2,Four-Way Intersection,1,On Roadway,0,,1,Daylight,1,Daylight,1,Clear,1,Clear,0,No,0,No,0,No Apparent Injury (O),0,No Apparent Injury (O),0,No Person Injured/Property Damage Only Crash,0,No Person Injured/Property Damage Only Crash,2,No Alcohol Involved,2,No Alcohol Involved
202304659568,78,78,10,3,"South (MD, DE, DC, WV, VA, KY, TN, NC, SC, GA, FL, AL, MS, LA, AR, OK, TX)",1,Urban Area,10,Stratum 10 - Other,4146,222.24582732,0,0,2,2,0,2,1,January,2,Monday,2,Monday,2023,2023,8,8:00am-8:59am,8,8:00am-8:59am,37,37,37,37,12,Motor Vehicle In-Transport,12,Motor Vehicle In-Transport,1,Front-to-Rear,1,Front-to-Rear,0,No,0,No,3,Intersection-Related,3,Intersection-Related,2,Four-Way Intersection,1,On Roadway,0,,1,Daylight,1,Daylight,1,Clear,1,Clear,0,No,0,No,0,No Apparent Injury (O),0,No Apparent Injury (O),0,No Person Injured/Property Damage Only Crash,0,No Person Injured/Property Damage Only Crash,2,No Alcohol Involved,2,No Alcohol Involved
202304659569,78,78,10,3,"South (MD, DE, DC, WV, VA, KY, TN, NC, SC, GA, FL, AL, MS, LA, AR, OK, TX)",1,Urban Area,3,Stratum 3 - Motorcycle Any Injury,4146,26.16185831,0,0,2,2,0,2,1,January,2,Monday,2,Monday,2023,2023,9,9:00am-9:59am,9,9:00am-9:59am,40,40,40,40,12,Motor Vehicle In-Transport,12,Motor Vehicle In-Transport,6,Angle,6,Angle,0,No,0,No,3,Intersection-Related,3,Intersection-Related,2,Four-Way Intersection,1,On Roadway,0,,1,Daylight,1,Daylight,1,Clear,1,Clear,0,No,0,No,2,Suspected Minor Injury (B),2,Suspected Minor Injury (B),2,2,2,2,2,No Alcohol Involved,2,No Alcohol Involved
202304659600,78,78,10,3,"South (MD, DE, DC, WV, VA, KY, TN, NC, SC, GA, FL, AL, MS, LA, AR, OK, TX)",1,Urban Area,2,Stratum 2 - Not a MV Occupant Any Injury,4146,23.300984338,1,1,1,1,0,1,1,January,3,Tuesday,3,Tuesday,2023,2023,6,6:00am-6:59am,6,6:00am-6:59am,30,30,30,30,8,Pedestrian,8,Pedestrian,0,The First Harmful Event was Not a Collision with a Motor Vehicle In-Transport,0,The First Harmful Event was Not a Collision with a Motor Vehicle In-Transport,0,No,0,No,3,Intersection-Related,3,Intersection-Related,2,Four-Way Intersection,1,On Roadway,0,,1,Daylight,1,Daylight,1,Clear,1,Clear,0,No,0,No,1,Possible Injury (C),1,Possible Injury (C),1,1,1,1,2,No Alcohol Involved,2,No Alcohol Involved
202304659627,40,40,15,3,"South (MD, DE, DC, WV, VA, KY, TN, NC, SC, GA, FL, AL, MS, LA, AR, OK, TX)",1,Urban Area,10,Stratum 10 - Other,4147,221.35366521,0,0,2,2,0,2,1,January,2,Monday,2,Monday,2023,2023,20,8:00pm-8:59pm,20,8:00pm-8:59pm,59,59,59,59,12,Motor Vehicle In-Transport,12,Motor Vehicle In-Transport,1,Front-to-Rear,1,Front-to-Rear,1,Yes,1,Yes,3,Intersection-Related,3,Intersection-Related,2,Four-Way Intersection,1,On Roadway,0,,2,Dark - Not Lighted,2,Dark - Not Lighted,98,Not Reported,1,Clear,0,No,0,No,0,No Apparent Injury (O),0,No Apparent Injury (O),0,No Person Injured/Property Damage Only Crash,0,No Person Injured/Property Damage Only Crash,2,No Alcohol Involved,2,No Alcohol Involved
202304659658,77,77,9,2,"Midwest (OH, IN, IL, MI, WI, MN, ND, SD, NE, IA, MO, KS)",2,Rural Area,10,Stratum 10 - Other,4151,217.37927863,0,0,1,1,0,1,1,January,5,Thursday,5,Thursday,2023,2023,21,9:00pm-9:59pm,21,9:00pm-9:59pm,48,48,48,48,34,Ditch,34,Ditch,0,The First Harmful Event was Not a Collision with a Motor Vehicle In-Transport,0,The First Harmful Event was Not a Collision with a Motor Vehicle In-Transport,0,No,0,No,1,Non-Junction,1,Non-Junction,1,Not an Intersection,3,On Median,0,,2,Dark - Not Lighted,2,Dark - Not Lighted,10,Cloudy,10,Cloudy,0,No,0,No,0,No Apparent Injury (O),0,No Apparent Injury (O),0,No Person Injured/Property Damage Only Crash,0,No Person Injured/Property Damage Only Crash,9,Reported as Unknown,2,No Alcohol Involved
202304659663,39,39,7,2,"Midwest (OH, IN, IL, MI, WI, MN, ND, SD, NE, IA, MO, KS)",1,Urban Area,6,Stratum 6 - LMY PV Minor Injury,4154,51.955064137,0,0,2,2,0,2,1,January,7,Saturday,7,Saturday,2023,2023,6,6:00am-6:59am,6,6:00am-6:59am,54,54,54,54,12,Motor Vehicle In-Transport,12,Motor Vehicle In-Transport,2,Front-to-Front,2,Front-to-Front,0,No,0,No,2,Intersection,2,Intersection,2,Four-Way Intersection,1,On Roadway,0,,3,Dark - Lighted,3,Dark - Lighted,1,Clear,1,Clear,0,No,0,No,1,Possible Injury (C),1,Possible Injury (C),1,1,1,1,2,No Alcohol Involved,2,No Alcohol Involved
202304660274,64,64,23,4,"West (MT, ID, WA, OR, CA, NV, NM, AZ, UT, CO, WY, AK, HI)",1,Urban Area,8,Stratum 8 - NLMY PV Minor Injury,305,153.7834668,0,0,2,2,0,2,1,January,1,Sunday,1,Sunday,2023,2023,6,6:00am-6:59am,6,6:00am-6:59am,20,20,20,20,12,Motor Vehicle In-Transport,12,Motor Vehicle In-Transport,1,Front-to-Rear,1,Front-to-Rear,0,No,0,No,1,Non-Junction,1,Non-Junction,1,Not an Intersection,1,On Roadway,0,,4,Dawn,4,Dawn,10,Cloudy,10,Cloudy,0,No,0,No,1,Possible Injury (C),1,Possible Injury (C),1,1,1,1,2,No Alcohol Involved,2,No Alcohol Involved
202304660329,68,68,23,4,"West (MT, ID, WA, OR, CA, NV, NM, AZ, UT, CO, WY, AK, HI)",1,Urban Area,6,Stratum 6 - LMY PV Minor Injury,295,59.492192666,0,0,2,2,0,2,1,January,1,Sunday,1,Sunday,2023,2023,19,7:00pm-7:59pm,19,7:00pm-7:59pm,15,15,15,15,12,Motor Vehicle In-Transport,12,Motor Vehicle In-Transport,6,Angle,6,Angle,0,No,0,No,1,Non-Junction,1,Non-Junction,1,Not an Intersection,1,On Roadway,0,,2,Dark - Not Lighted,2,Dark - Not Lighted,6,Severe Crosswinds,6,Severe Crosswinds,0,No,0,No,2,Suspected Minor Injury (B),2,Suspected Minor Injury (B),1,1,1,1,1,Alcohol Involved,1,Alcohol Involved
202304660339,56,208,20,4,"West (MT, ID, WA, OR, CA, NV, NM, AZ, UT, CO, WY, AK, HI)",1,Urban Area,8,Stratum 8 - NLMY PV Minor Injury,208,156.05143419,0,0,1,1,0,1,1,January,4,Wednesday,4,Wednesday,2023,2023,12,12:00pm-12:59pm,12,12:00pm-12:59pm,50,50,50,50,30,Utility Pole/Light Support,30,Utility Pole/Light Support,0,The First Harmful Event was Not a Collision with a Motor Vehicle In-Transport,0,The First Harmful Event was Not a Collision with a Motor Vehicle In-Transport,0,No,0,No,3,Intersection-Related,3,Intersection-Related,3,T-Intersection,4,On Roadside,0,,1,Daylight,1,Daylight,2,Rain,2,Rain,0,No,0,No,1,Possible Injury (C),1,Possible Injury (C),1,1,1,1,2,No Alcohol Involved,2,No Alcohol Involved
202304660386,56,189,20,4,"West (MT, ID, WA, OR, CA, NV, NM, AZ, UT, CO, WY, AK, HI)",1,Urban Area,9,Stratum 9 - LMY PV No Injuries in Crash,189,160.08175054,0,0,1,1,0,1,1,January,3,Tuesday,3,Tuesday,2023,2023,20,8:00pm-8:59pm,20,8:00pm-8:59pm,45,45,45,45,24,Guardrail Face,24,Guardrail Face,0,The First Harmful Event was Not a Collision with a Motor Vehicle In-Transport,0,The First Harmful Event was Not a Collision with a Motor Vehicle In-Transport,1,Yes,1,Yes,19,Other location within Interchange Area,19,Other location within Interchange Area,1,Not an Intersection,3,On Median,0,,2,Dark - Not Lighted,2,Dark - Not Lighted,10,Cloudy,10,Cloudy,0,No,0,No,0,No Apparent Injury (O),0,No Apparent Injury (O),0,No Person Injured/Property Damage Only Crash,0,No Person Injured/Property Damage Only Crash,2,No Alcohol Involved,2,No Alcohol Involved
202304660411,35,35,13,3,"South (MD, DE, DC, WV, VA, KY, TN, NC, SC, GA, FL, AL, MS, LA, AR, OK, TX)",1,Urban Area,10,Stratum 10 - Other,4141,222.47241975,0,0,1,1,0,1,1,January,1,Sunday,1,Sunday,2023,2023,23,11:00pm-11:59pm,23,11:00pm-11:59pm,23,23,23,23,11,Live Animal,11,Live Animal,0,The First Harmful Event was Not a Collision with a Motor Vehicle In-Transport,0,The First Harmful Event was Not a Collision with a Motor Vehicle In-Transport,0,No,0,No,1,Non-Junction,1,Non-Junction,1,Not an Intersection,1,On Roadway,0,,2,Dark - Not Lighted,2,Dark - Not Lighted,1,Clear,1,Clear,0,No,0,No,0,No Apparent Injury (O),0,No Apparent Injury (O),0,No Person Injured/Property Damage Only Crash,0,No Person Injured/Property Damage Only Crash,2,No Alcohol Involved,2,No Alcohol Involved
202304660438,35,35,13,3,"South (MD, DE, DC, WV, VA, KY, TN, NC, SC, GA, FL, AL, MS, LA, AR, OK, TX)",1,Urban Area,9,Stratum 9 - LMY PV No Injuries in Crash,4141,141.63889146,0,0,2,2,0,2,1,January,2,Monday,2,Monday,2023,2023,17,5:00pm-5:59pm,17,5:00pm-5:59pm,37,37,37,37,12,Motor Vehicle In-Transport,12,Motor Vehicle In-Transport,6,Angle,6,Angle,0,No,0,No,8,Driveway Access Related,8,Driveway Access Related,1,Not an Intersection,1,On Roadway,0,,5,Dusk,5,Dusk,1,Clear,1,Clear,0,No,0,No,0,No Apparent Injury (O),0,No Apparent Injury (O),0,No Person Injured/Property Damage Only Crash,0,No Person Injured/Property Damage Only Crash,2,No Alcohol Involved,2,No Alcohol Involved
202304660472,58,58,6,2,"Midwest (OH, IN, IL, MI, WI, MN, ND, SD, NE, IA, MO, KS)",1,Urban Area,8,Stratum 8 - NLMY PV Minor Injury,4143,130.03640335,0,0,1,1,0,1,1,January,3,Tuesday,3,Tuesday,2023,2023,1,1:00am-1:59am,1,1:00am-1:59am,51,51,51,51,33,Curb,33,Curb,0,The First Harmful Event was Not a Collision with a Motor Vehicle In-Transport,0,The First Harmful Event was Not a Collision with a Motor Vehicle In-Transport,0,No,0,No,1,Non-Junction,1,Non-Junction,1,Not an Intersection,3,On Median,0,,3,Dark - Lighted,3,Dark - Lighted,1,Clear,1,Clear,0,No,0,No,1,Possible Injury (C),1,Possible Injury (C),1,1,1,1,1,Alcohol Involved,1,Alcohol Involved
202304660496,58,58,6,2,"Midwest (OH, IN, IL, MI, WI, MN, ND, SD, NE, IA, MO, KS)",1,Urban Area,6,Stratum 6 - LMY PV Minor Injury,4143,52.072729333,0,0,2,2,0,3,1,January,3,Tuesday,3,Tuesday,2023,2023,17,5:00pm-5:59pm,17,5:00pm-5:59pm,13,13,13,13,12,Motor Vehicle In-Transport,12,Motor Vehicle In-Transport,6,Angle,6,Angle,0,No,0,No,2,Intersection,2,Intersection,2,Four-Way Intersection,1,On Roadway,0,,3,Dark - Lighted,3,Dark - Lighted,10,Cloudy,10,Cloudy,0,No,0,No,2,Suspected Minor Injury (B),2,Suspected Minor Injury (B),2,2,2,2,2,No Alcohol Involved,2,No Alcohol Involved
202304660508,32,32,17,3,"South (MD, DE, DC, WV, VA, KY, TN, NC, SC, GA, FL, AL, MS, LA, AR, OK, TX)",2,Rural Area,10,Stratum 10 - Other,4145,220.3414238,0,0,2,2,0,2,1,January,2,Monday,2,Monday,2023,2023,17,5:00pm-5:59pm,17,5:00pm-5:59pm,45,45,45,45,12,Motor Vehicle In-Transport,12,Motor Vehicle In-Transport,6,Angle,6,Angle,0,No,0,No,2,Intersection,2,Intersection,2,Four-Way Intersection,1,On Roadway,0,,5,Dusk,5,Dusk,1,Clear,1,Clear,0,No,0,No,0,No Apparent Injury (O),0,No Apparent Injury (O),0,No Person Injured/Property Damage Only Crash,0,No Person Injured/Property Damage Only Crash,2,No Alcohol Involved,2,No Alcohol Involved
202304660514,32,32,17,3,"South (MD, DE, DC, WV, VA, KY, TN, NC, SC, GA, FL, AL, MS, LA, AR, OK, TX)",2,Rural Area,7,Stratum 7 - M/H Truck or Bus,4145,157.12432243,0,0,2,2,0,2,1,January,3,Tuesday,3,Tuesday,2023,2023,10,10:00am-10:59am,10,10:00am-10:59am,40,40,40,40,12,Motor Vehicle In-Transport,12,Motor Vehicle In-Transport,7,Sideswipe - Same Direction,7,Sideswipe - Same Direction,0,No,0,No,1,Non-Junction,1,Non-Junction,1,Not an Intersection,1,On Roadway,0,,1,Daylight,1,Daylight,1,Clear,1,Clear,0,No,1,Yes,0,No Apparent Injury (O),0,No Apparent Injury (O),0,No Person Injured/Property Damage Only Crash,0,No Person Injured/Property Damage Only Crash,9,Reported as Unknown,2,No Alcohol Involved
202304660528,83,83,13,3,"South (MD, DE, DC, WV, VA, KY, TN, NC, SC, GA, FL, AL, MS, LA, AR, OK, TX)",1,Urban Area,9,Stratum 9 - LMY PV No Injuries in Crash,4148,141.94136347,0,0,2,1,1,1,1,January,6,Friday,6,Friday,2023,2023,13,1:00pm-1:59pm,13,1:00pm-1:59pm,0,0,0,0,14,Parked Motor Vehicle,14,Parked Motor Vehicle,0,The First Harmful Event was Not a Collision with a Motor Vehicle In-Transport,0,The First Harmful Event was Not a Collision with a Motor Vehicle In-Transport,0,No,0,No,8,Driveway Access Related,8,Driveway Access Related,1,Not an Intersection,7,In Parking Lane/Zone,0,,1,Daylight,1,Daylight,1,Clear,1,Clear,0,No,0,No,0,No Apparent Injury (O),0,No Apparent Injury (O),0,No Person Injured/Property Damage Only Crash,0,No Person Injured/Property Damage Only Crash,2,No Alcohol Involved,2,No Alcohol Involved
202304660537,83,83,13,3,"South (MD, DE, DC, WV, VA, KY, TN, NC, SC, GA, FL, AL, MS, LA, AR, OK, TX)",1,Urban Area,6,Stratum 6 - LMY PV Minor Injury,4148,54.752239818,0,0,2,2,0,2,1,January,2,Monday,2,Monday,2023,2023,6,6:00am-6:59am,6,6:00am-6:59am,30,30,30,30,12,Motor Vehicle In-Transport,12,Motor Vehicle In-Transport,6,Angle,6,Angle,0,No,0,No,2,Intersection,2,Intersection,2,Four-Way Intersection,1,On Roadway,0,,4,Dawn,4,Dawn,1,Clear,1,Clear,0,No,0,No,1,Possible Injury (C),1,Possible Injury (C),2,2,2,2,2,No Alcohol Involved,2,No Alcohol Involved
202304660546,83,83,13,3,"South (MD, DE, DC, WV, VA, KY, TN, NC, SC, GA, FL, AL, MS, LA, AR, OK, TX)",1,Urban Area,5,Stratum 5 - NLMY PV Serious Injury,4148,25.929429426,0,0,2,2,0,3,1,January,4,Wednesday,4,Wednesday,2023,2023,3,3:00am-3:59am,3,3:00am-3:59am,40,40,40,40,12,Motor Vehicle In-Transport,12,Motor Vehicle In-Transport,6,Angle,6,Angle,0,No,0,No,98,Not Reported,2,Intersection,98,Not Reported,1,On Roadway,0,,2,Dark - Not Lighted,2,Dark - Not Lighted,1,Clear,1,Clear,0,No,0,No,3,Suspected Serious Injury (A),3,Suspected Serious Injury (A),3,3,3,3,2,No Alcohol Involved,2,No Alcohol Involved
202304660578,83,83,13,3,"South (MD, DE, DC, WV, VA, KY, TN, NC, SC, GA, FL, AL, MS, LA, AR, OK, TX)",1,Urban Area,10,Stratum 10 - Other,4148,223.23894247,0,0,2,2,0,2,1,January,2,Monday,2,Monday,2023,2023,13,1:00pm-1:59pm,13,1:00pm-1:59pm,0,0,0,0,12,Motor Vehicle In-Transport,12,Motor Vehicle In-Transport,6,Angle,6,Angle,0,No,0,No,1,Non-Junction,1,Non-Junction,1,Not an Intersection,1,On Roadway,0,,1,Daylight,1,Daylight,1,Clear,1,Clear,0,No,0,No,0,No Apparent Injury (O),0,No Apparent Injury (O),0,No Person Injured/Property Damage Only Crash,0,No Person Injured/Property Damage Only Crash,9,Reported as Unknown,2,No Alcohol Involved
202304660656,22,22,5,1,"Northeast (PA, NJ, NY, NH, VT, RI, MA, ME, CT)",2,Rural Area,4,Stratum 4 - LMY PV Serious Injury,4149,10.533108022,0,0,2,2,0,2,1,January,4,Wednesday,4,Wednesday,2023,2023,16,4:00pm-4:59pm,16,4:00pm-4:59pm,3,3,3,3,12,Motor Vehicle In-Transport,12,Motor Vehicle In-Transport,6,Angle,6,Angle,0,No,0,No,2,Intersection,2,Intersection,2,Four-Way Intersection,1,On Roadway,0,,1,Daylight,1,Daylight,1,Clear,1,Clear,0,No,0,No,3,Suspected Serious Injury (A),3,Suspected Serious Injury (A),2,2,2,2,2,No Alcohol Involved,2,No Alcohol Involved
202304660673,25,25,8,2,"Midwest (OH, IN, IL, MI, WI, MN, ND, SD, NE, IA, MO, KS)",1,Urban Area,10,Stratum 10 - Other,4150,218.84769319,0,0,2,2,0,2,1,January,3,Tuesday,3,Tuesday,2023,2023,17,5:00pm-5:59pm,17,5:00pm-5:59pm,9,9,9,9,12,Motor Vehicle In-Transport,12,Motor Vehicle In-Transport,1,Front-to-Rear,1,Front-to-Rear,0,No,0,No,3,Intersection-Related,3,Intersection-Related,2,Four-Way Intersection,1,On Roadway,0,,1,Daylight,1,Daylight,10,Cloudy,10,Cloudy,0,No,0,No,0,No Apparent Injury (O),0,No Apparent Injury (O),0,No Person Injured/Property Damage Only Crash,0,No Person Injured/Property Damage Only Crash,9,Reported as Unknown,2,No Alcohol Involved
202304660678,25,25,8,2,"Midwest (OH, IN, IL, MI, WI, MN, ND, SD, NE, IA, MO, KS)",1,Urban Area,9,Stratum 9 - LMY PV No Injuries in Crash,4150,138.4046856,0,0,2,2,0,2,1,January,3,Tuesday,3,Tuesday,2023,2023,18,6:00pm-6:59pm,18,6:00pm-6:59pm,12,12,12,12,12,Motor Vehicle In-Transport,12,Motor Vehicle In-Transport,1,Front-to-Rear,1,Front-to-Rear,0,No,0,No,3,Intersection-Related,3,Intersection-Related,2,Four-Way Intersection,1,On Roadway,0,,2,Dark - Not Lighted,2,Dark - Not Lighted,1,Clear,1,Clear,0,No,0,No,0,No Apparent Injury (O),0,No Apparent Injury (O),0,No Person Injured/Property Damage Only Crash,0,No Person Injured/Property Damage Only Crash,9,Reported as Unknown,2,No Alcohol Involved
202304660687,25,25,8,2,"Midwest (OH, IN, IL, MI, WI, MN, ND, SD, NE, IA, MO, KS)",1,Urban Area,6,Stratum 6 - LMY PV Minor Injury,4150,53.178957614,0,0,2,2,0,3,1,January,7,Saturday,7,Saturday,2023,2023,11,11:00am-11:59am,11,11:00am-11:59am,20,20,20,20,12,Motor Vehicle In-Transport,12,Motor Vehicle In-Transport,2,Front-to-Front,2,Front-to-Front,0,No,0,No,2,Intersection,2,Intersection,3,T-Intersection,1,On Roadway,0,,1,Daylight,1,Daylight,10,Cloudy,10,Cloudy,0,No,0,No,1,Possible Injury (C),1,Possible Injury (C),1,1,1,1,9,Reported as Unknown,2,No Alcohol Involved
202304660712,67,67,8,2,"Midwest (OH, IN, IL, MI, WI, MN, ND, SD, NE, IA, MO, KS)",1,Urban Area,5,Stratum 5 - NLMY PV Serious Injury,4152,25.3093039,0,0,1,1,0,2,1,January,7,Saturday,7,Saturday,2023,2023,2,2:00am-2:59am,2,2:00am-2:59am,4,4,4,4,1,Rollover/Overturn,1,Rollover/Overturn,0,The First Harmful Event was Not a Collision with a Motor Vehicle In-Transport,0,The First Harmful Event was Not a Collision with a Motor Vehicle In-Transport,0,No,0,No,1,Non-Junction,1,Non-Junction,1,Not an Intersection,5,Outside Trafficway,0,,2,Dark - Not Lighted,2,Dark - Not Lighted,1,Clear,1,Clear,0,No,0,No,3,Suspected Serious Injury (A),3,Suspected Serious Injury (A),2,2,2,2,1,Alcohol Involved,1,Alcohol Involved
202304660718,67,67,8,2,"Midwest (OH, IN, IL, MI, WI, MN, ND, SD, NE, IA, MO, KS)",1,Urban Area,2,Stratum 2 - Not a MV Occupant Any Injury,4152,22.85254939,1,1,1,1,0,1,1,January,4,Wednesday,4,Wednesday,2023,2023,20,8:00pm-8:59pm,20,8:00pm-8:59pm,38,38,38,38,8,Pedestrian,8,Pedestrian,0,The First Harmful Event was Not a Collision with a Motor Vehicle In-Transport,0,The First Harmful Event was Not a Collision with a Motor Vehicle In-Transport,0,No,0,No,3,Intersection-Related,3,Intersection-Related,2,Four-Way Intersection,1,On Roadway,0,,3,Dark - Lighted,3,Dark - Lighted,10,Cloudy,10,Cloudy,0,No,0,No,3,Suspected Serious Injury (A),3,Suspected Serious Injury (A),1,1,1,1,1,Alcohol Involved,1,Alcohol Involved
202304660742,67,67,8,2,"Midwest (OH, IN, IL, MI, WI, MN, ND, SD, NE, IA, MO, KS)",1,Urban Area,9,Stratum 9 - LMY PV No Injuries in Crash,4152,137.41921075,0,0,2,2,0,3,1,January,4,Wednesday,4,Wednesday,2023,2023,19,7:00pm-7:59pm,19,7:00pm-7:59pm,16,16,16,16,12,Motor Vehicle In-Transport,12,Motor Vehicle In-Transport,98,Not Reported,8,Sideswipe - Opposite Direction,0,No,0,No,1,Non-Junction,1,Non-Junction,1,Not an Intersection,1,On Roadway,0,,2,Dark - Not Lighted,2,Dark - Not Lighted,2,Rain,2,Rain,0,No,0,No,0,No Apparent Injury (O),0,No Apparent Injury (O),0,No Person Injured/Property Damage Only Crash,0,No Person Injured/Property Damage Only Crash,9,Reported as Unknown,2,No Alcohol Involved
202304660745,67,67,8,2,"Midwest (OH, IN, IL, MI, WI, MN, ND, SD, NE, IA, MO, KS)",1,Urban Area,7,Stratum 7 - M/H Truck or Bus,4152,154.57591643,0,0,2,2,0,4,1,January,6,Friday,6,Friday,2023,2023,15,3:00pm-3:59pm,15,3:00pm-3:59pm,30,30,30,30,12,Motor Vehicle In-Transport,12,Motor Vehicle In-Transport,7,Sideswipe - Same Direction,7,Sideswipe - Same Direction,1,Yes,1,Yes,2,Intersection,2,Intersection,3,T-Intersection,1,On Roadway,0,,1,Daylight,1,Daylight,10,Cloudy,10,Cloudy,0,No,0,No,0,No Apparent Injury (O),0,No Apparent Injury (O),0,No Person Injured/Property Damage Only Crash,0,No Person Injured/Property Damage Only Crash,9,Reported as Unknown,2,No Alcohol Involved
202304660757,47,47,9,2,"Midwest (OH, IN, IL, MI, WI, MN, ND, SD, NE, IA, MO, KS)",2,Rural Area,3,Stratum 3 - Motorcycle Any Injury,4153,37.179311471,0,0,1,1,0,1,1,January,7,Saturday,7,Saturday,2023,2023,15,3:00pm-3:59pm,15,3:00pm-3:59pm,43,43,43,43,1,Rollover/Overturn,1,Rollover/Overturn,0,The First Harmful Event was Not a Collision with a Motor Vehicle In-Transport,0,The First Harmful Event was Not a Collision with a Motor Vehicle In-Transport,0,No,0,No,2,Intersection,2,Intersection,3,T-Intersection,1,On Roadway,0,,1,Daylight,1,Daylight,10,Cloudy,10,Cloudy,0,No,0,No,2,Suspected Minor Injury (B),2,Suspected Minor Injury (B),1,1,1,1,9,Reported as Unknown,2,No Alcohol Involved
202304660758,47,47,9,2,"Midwest (OH, IN, IL, MI, WI, MN, ND, SD, NE, IA, MO, KS)",2,Rural Area,9,Stratum 9 - LMY PV No Injuries in Crash,4153,138.55644026,0,0,1,1,0,1,1,January,2,Monday,2,Monday,2023,2023,13,1:00pm-1:59pm,13,1:00pm-1:59pm,0,0,0,0,31,"Post, Pole or Other Supports",31,"Post, Pole or Other Supports",0,The First Harmful Event was Not a Collision with a Motor Vehicle In-Transport,0,The First Harmful Event was Not a Collision with a Motor Vehicle In-Transport,0,No,0,No,3,Intersection-Related,3,Intersection-Related,3,T-Intersection,4,On Roadside,0,,1,Daylight,1,Daylight,10,Cloudy,10,Cloudy,0,No,0,No,0,No Apparent Injury (O),0,No Apparent Injury (O),0,No Person Injured/Property Damage Only Crash,0,No Person Injured/Property Damage Only Crash,9,Reported as Unknown,2,No Alcohol Involved
202304660765,47,47,9,2,"Midwest (OH, IN, IL, MI, WI, MN, ND, SD, NE, IA, MO, KS)",2,Rural Area,10,Stratum 10 - Other,4153,218.1275432,0,0,1,1,0,1,1,January,1,Sunday,1,Sunday,2023,2023,23,11:00pm-11:59pm,23,11:00pm-11:59pm,20,20,20,20,11,Live Animal,11,Live Animal,0,The First Harmful Event was Not a Collision with a Motor Vehicle In-Transport,0,The First Harmful Event was Not a Collision with a Motor Vehicle In-Transport,0,No,0,No,1,Non-Junction,1,Non-Junction,1,Not an Intersection,1,On Roadway,0,,2,Dark - Not Lighted,2,Dark - Not Lighted,1,Clear,1,Clear,0,No,0,No,0,No Apparent Injury (O),0,No Apparent Injury (O),0,No Person Injured/Property Damage Only Crash,0,No Person Injured/Property Damage Only Crash,9,Reported as Unknown,2,No Alcohol Involved
202304660769,47,47,9,2,"Midwest (OH, IN, IL, MI, WI, MN, ND, SD, NE, IA, MO, KS)",2,Rural Area,9,Stratum 9 - LMY PV No Injuries in Crash,4153,138.55644026,0,0,2,2,0,2,1,January,7,Saturday,7,Saturday,2023,2023,9,9:00am-9:59am,9,9:00am-9:59am,5,5,5,5,12,Motor Vehicle In-Transport,12,Motor Vehicle In-Transport,6,Angle,6,Angle,0,No,0,No,2,Intersection,2,Intersection,2,Four-Way Intersection,1,On Roadway,0,,1,Daylight,1,Daylight,10,Cloudy,10,Cloudy,0,No,0,No,0,No Apparent Injury (O),0,No Apparent Injury (O),0,No Person Injured/Property Damage Only Crash,0,No Person Injured/Property Damage Only Crash,9,Reported as Unknown,2,No Alcohol Involved
202304660776,47,47,9,2,"Midwest (OH, IN, IL, MI, WI, MN, ND, SD, NE, IA, MO, KS)",2,Rural Area,5,Stratum 5 - NLMY PV Serious Injury,4153,37.760238212,0,0,1,1,0,1,1,January,3,Tuesday,3,Tuesday,2023,2023,19,7:00pm-7:59pm,19,7:00pm-7:59pm,50,50,50,50,30,Utility Pole/Light Support,30,Utility Pole/Light Support,0,The First Harmful Event was Not a Collision with a Motor Vehicle In-Transport,0,The First Harmful Event was Not a Collision with a Motor Vehicle In-Transport,0,No,0,No,3,Intersection-Related,3,Intersection-Related,3,T-Intersection,4,On Roadside,0,,3,Dark - Lighted,3,Dark - Lighted,1,Clear,1,Clear,0,No,0,No,3,Suspected Serious Injury (A),3,Suspected Serious Injury (A),1,1,1,1,9,Reported as Unknown,2,No Alcohol Involved
202304660783,39,39,7,2,"Midwest (OH, IN, IL, MI, WI, MN, ND, SD, NE, IA, MO, KS)",1,Urban Area,10,Stratum 10 - Other,4154,210.86019124,0,0,2,2,0,2,1,January,4,Wednesday,4,Wednesday,2023,2023,20,8:00pm-8:59pm,20,8:00pm-8:59pm,17,17,17,17,12,Motor Vehicle In-Transport,12,Motor Vehicle In-Transport,6,Angle,6,Angle,0,No,0,No,2,Intersection,2,Intersection,2,Four-Way Intersection,1,On Roadway,0,,3,Dark - Lighted,3,Dark - Lighted,2,Rain,2,Rain,0,No,0,No,0,No Apparent Injury (O),0,No Apparent Injury (O),0,No Person Injured/Property Damage Only Crash,0,No Person Injured/Property Damage Only Crash,2,No Alcohol Involved,2,No Alcohol Involved
202304661871,51,51,10,3,"South (MD, DE, DC, WV, VA, KY, TN, NC, SC, GA, FL, AL, MS, LA, AR, OK, TX)",1,Urban Area,10,Stratum 10 - Other,1098,225.61733964,0,0,2,2,0,2,1,January,1,Sunday,1,Sunday,2023,2023,1,1:00am-1:59am,1,1:00am-1:59am,23,23,23,23,12,Motor Vehicle In-Transport,12,Motor Vehicle In-Transport,6,Angle,6,Angle,0,No,0,No,3,Intersection-Related,3,Intersection-Related,3,T-Intersection,1,On Roadway,0,,3,Dark - Lighted,3,Dark - Lighted,5,"Fog, Smog, Smoke",5,"Fog, Smog, Smoke",0,No,1,Yes,0,No Apparent Injury (O),0,No Apparent Injury (O),0,No Person Injured/Property Damage Only Crash,0,No Person Injured/Property Damage Only Crash,9,Reported as Unknown,2,No Alcohol Involved
202304661896,51,51,10,3,"South (MD, DE, DC, WV, VA, KY, TN, NC, SC, GA, FL, AL, MS, LA, AR, OK, TX)",1,Urban Area,10,Stratum 10 - Other,1080,225.61733966,0,0,2,2,0,2,1,January,4,Wednesday,4,Wednesday,2023,2023,7,7:00am-7:59am,7,7:00am-7:59am,11,11,11,11,12,Motor Vehicle In-Transport,12,Motor Vehicle In-Transport,8,Sideswipe - Opposite Direction,8,Sideswipe - Opposite Direction,0,No,0,No,2,Intersection,2,Intersection,2,Four-Way Intersection,1,On Roadway,0,,1,Daylight,1,Daylight,10,Cloudy,10,Cloudy,0,No,0,No,0,No Apparent Injury (O),0,No Apparent Injury (O),0,No Person Injured/Property Damage Only Crash,0,No Person Injured/Property Damage Only Crash,2,No Alcohol Involved,2,No Alcohol Involved
202304661897,63,63,16,3,"South (MD, DE, DC, WV, VA, KY, TN, NC, SC, GA, FL, AL, MS, LA, AR, OK, TX)",2,Rural Area,6,Stratum 6 - LMY PV Minor Injury,4135,52.930660016,0,0,2,2,0,2,1,January,4,Wednesday,4,Wednesday,2023,2023,10,10:00am-10:59am,10,10:00am-10:59am,45,45,45,45,12,Motor Vehicle In-Transport,12,Motor Vehicle In-Transport,6,Angle,6,Angle,0,No,0,No,2,Intersection,2,Intersection,2,Four-Way Intersection,1,On Roadway,0,,1,Daylight,1,Daylight,1,Clear,1,Clear,0,No,0,No,1,Possible Injury (C),1,Possible Injury (C),1,1,1,1,9,Reported as Unknown,2,No Alcohol Involved
202304661901,63,63,16,3,"South (MD, DE, DC, WV, VA, KY, TN, NC, SC, GA, FL, AL, MS, LA, AR, OK, TX)",2,Rural Area,9,Stratum 9 - LMY PV No Injuries in Crash,4135,137.52015994,0,0,2,2,0,2,1,January,3,Tuesday,3,Tuesday,2023,2023,17,5:00pm-5:59pm,17,5:00pm-5:59pm,19,19,19,19,12,Motor Vehicle In-Transport,12,Motor Vehicle In-Transport,1,Front-to-Rear,1,Front-to-Rear,0,No,0,No,3,Intersection-Related,3,Intersection-Related,2,Four-Way Intersection,1,On Roadway,0,,1,Daylight,1,Daylight,1,Clear,1,Clear,0,No,0,No,0,No Apparent Injury (O),0,No Apparent Injury (O),0,No Person Injured/Property Damage Only Crash,0,No Person Injured/Property Damage Only Crash,9,Reported as Unknown,2,No Alcohol Involved
202304661902,63,63,16,3,"South (MD, DE, DC, WV, VA, KY, TN, NC, SC, GA, FL, AL, MS, LA, AR, OK, TX)",2,Rural Area,10,Stratum 10 - Other,4135,216.81106297,0,0,2,2,0,4,1,January,1,Sunday,1,Sunday,2023,2023,18,6:00pm-6:59pm,18,6:00pm-6:59pm,5,5,5,5,12,Motor Vehicle In-Transport,12,Motor Vehicle In-Transport,7,Sideswipe - Same Direction,7,Sideswipe - Same Direction,0,No,0,No,1,Non-Junction,1,Non-Junction,1,Not an Intersection,1,On Roadway,0,,3,Dark - Lighted,3,Dark - Lighted,1,Clear,1,Clear,0,No,0,No,0,No Apparent Injury (O),0,No Apparent Injury (O),0,No Person Injured/Property Damage Only Crash,0,No Person Injured/Property Damage Only Crash,9,Reported as Unknown,2,No Alcohol Involved
202304662033,59,59,10,3,"South (MD, DE, DC, WV, VA, KY, TN, NC, SC, GA, FL, AL, MS, LA, AR, OK, TX)",1,Urban Area,9,Stratum 9 - LMY PV No Injuries in Crash,4137,142.15884183,0,0,2,2,0,2,1,January,3,Tuesday,3,Tuesday,2023,2023,17,5:00pm-5:59pm,17,5:00pm-5:59pm,32,32,32,32,12,Motor Vehicle In-Transport,12,Motor Vehicle In-Transport,6,Angle,6,Angle,1,Yes,1,Yes,3,Intersection-Related,3,Intersection-Related,3,T-Intersection,1,On Roadway,0,,5,Dusk,5,Dusk,1,Clear,1,Clear,0,No,0,No,0,No Apparent Injury (O),0,No Apparent Injury (O),0,No Person Injured/Property Damage Only Crash,0,No Person Injured/Property Damage Only Crash,2,No Alcohol Involved,2,No Alcohol Involved
202304662154,59,59,10,3,"South (MD, DE, DC, WV, VA, KY, TN, NC, SC, GA, FL, AL, MS, LA, AR, OK, TX)",1,Urban Area,10,Stratum 10 - Other,4137,222.57657535,0,0,2,2,0,2,1,January,3,Tuesday,3,Tuesday,2023,2023,13,1:00pm-1:59pm,13,1:00pm-1:59pm,51,51,51,51,12,Motor Vehicle In-Transport,12,Motor Vehicle In-Transport,7,Sideswipe - Same Direction,7,Sideswipe - Same Direction,0,No,0,No,2,Intersection,2,Intersection,2,Four-Way Intersection,1,On Roadway,0,,1,Daylight,1,Daylight,1,Clear,1,Clear,0,No,0,No,0,No Apparent Injury (O),0,No Apparent Injury (O),0,No Person Injured/Property Damage Only Crash,0,No Person Injured/Property Damage Only Crash,9,Reported as Unknown,2,No Alcohol Involved
202304662204,59,59,10,3,"South (MD, DE, DC, WV, VA, KY, TN, NC, SC, GA, FL, AL, MS, LA, AR, OK, TX)",1,Urban Area,5,Stratum 5 - NLMY PV Serious Injury,4137,25.689890888,0,0,1,1,0,1,1,January,4,Wednesday,4,Wednesday,2023,2023,5,5:00am-5:59am,5,5:00am-5:59am,25,25,25,25,23,Bridge Rail (Includes parapet),23,Bridge Rail (Includes parapet),0,The First Harmful Event was Not a Collision with a Motor Vehicle In-Transport,0,The First Harmful Event was Not a Collision with a Motor Vehicle In-Transport,0,No,0,No,3,Intersection-Related,3,Intersection-Related,2,Four-Way Intersection,4,On Roadside,0,,3,Dark - Lighted,3,Dark - Lighted,1,Clear,1,Clear,0,No,0,No,4,Fatal Injury (K),4,Fatal Injury (K),1,1,1,1,9,Reported as Unknown,2,No Alcohol Involved
202304662289,65,65,13,3,"South (MD, DE, DC, WV, VA, KY, TN, NC, SC, GA, FL, AL, MS, LA, AR, OK, TX)",1,Urban Area,6,Stratum 6 - LMY PV Minor Injury,4138,54.455054376,0,0,2,2,0,2,1,January,6,Friday,6,Friday,2023,2023,16,4:00pm-4:59pm,16,4:00pm-4:59pm,10,10,10,10,12,Motor Vehicle In-Transport,12,Motor Vehicle In-Transport,6,Angle,6,Angle,0,No,0,No,8,Driveway Access Related,8,Driveway Access Related,1,Not an Intersection,1,On Roadway,0,,1,Daylight,1,Daylight,1,Clear,1,Clear,0,No,0,No,1,Possible Injury (C),1,Possible Injury (C),1,1,1,1,9,Reported as Unknown,2,No Alcohol Involved
202304662403,28,28,11,3,"South (MD, DE, DC, WV, VA, KY, TN, NC, SC, GA, FL, AL, MS, LA, AR, OK, TX)",1,Urban Area,6,Stratum 6 - LMY PV Minor Injury,4139,54.461391025,0,0,1,1,0,1,1,January,2,Monday,2,Monday,2023,2023,13,1:00pm-1:59pm,13,1:00pm-1:59pm,49,49,49,49,42,Tree (Standing Only),42,Tree (Standing Only),0,The First Harmful Event was Not a Collision with a Motor Vehicle In-Transport,0,The First Harmful Event was Not a Collision with a Motor Vehicle In-Transport,0,No,0,No,1,Non-Junction,1,Non-Junction,1,Not an Intersection,4,On Roadside,0,,1,Daylight,1,Daylight,10,Cloudy,10,Cloudy,0,No,0,No,2,Suspected Minor Injury (B),2,Suspected Minor Injury (B),1,1,1,1,2,No Alcohol Involved,2,No Alcohol Involved
202304662452,28,28,11,3,"South (MD, DE, DC, WV, VA, KY, TN, NC, SC, GA, FL, AL, MS, LA, AR, OK, TX)",1,Urban Area,7,Stratum 7 - M/H Truck or Bus,4139,161.31012198,0,0,2,2,0,2,1,January,3,Tuesday,3,Tuesday,2023,2023,14,2:00pm-2:59pm,14,2:00pm-2:59pm,25,25,25,25,12,Motor Vehicle In-Transport,12,Motor Vehicle In-Transport,7,Sideswipe - Same Direction,7,Sideswipe - Same Direction,0,No,0,No,1,Non-Junction,1,Non-Junction,1,Not an Intersection,1,On Roadway,0,,1,Daylight,1,Daylight,1,Clear,1,Clear,0,No,1,Yes,0,No Apparent Injury (O),0,No Apparent Injury (O),0,No Person Injured/Property Damage Only Crash,0,No Person Injured/Property Damage Only Crash,2,No Alcohol Involved,2,No Alcohol Involved
202304662495,28,28,11,3,"South (MD, DE, DC, WV, VA, KY, TN, NC, SC, GA, FL, AL, MS, LA, AR, OK, TX)",1,Urban Area,10,Stratum 10 - Other,4139,223.21940771,0,0,2,2,0,2,1,January,5,Thursday,5,Thursday,2023,2023,14,2:00pm-2:59pm,14,2:00pm-2:59pm,18,18,18,18,12,Motor Vehicle In-Transport,12,Motor Vehicle In-Transport,6,Angle,6,Angle,0,No,0,No,8,Driveway Access Related,8,Driveway Access Related,1,Not an Intersection,1,On Roadway,0,,1,Daylight,1,Daylight,1,Clear,1,Clear,0,No,0,No,0,No Apparent Injury (O),0,No Apparent Injury (O),0,No Person Injured/Property Damage Only Crash,0,No Person Injured/Property Damage Only Crash,2,No Alcohol Involved,2,No Alcohol Involved
202304662533,28,28,11,3,"South (MD, DE, DC, WV, VA, KY, TN, NC, SC, GA, FL, AL, MS, LA, AR, OK, TX)",1,Urban Area,2,Stratum 2 - Not a MV Occupant Any Injury,4139,23.42444426,1,1,1,1,0,1,1,January,6,Friday,6,Friday,2023,2023,13,1:00pm-1:59pm,13,1:00pm-1:59pm,37,37,37,37,1,Rollover/Overturn,1,Rollover/Overturn,0,The First Harmful Event was Not a Collision with a Motor Vehicle In-Transport,0,The First Harmful Event was Not a Collision with a Motor Vehicle In-Transport,0,No,0,No,1,Non-Junction,1,Non-Junction,1,Not an Intersection,1,On Roadway,0,,1,Daylight,1,Daylight,1,Clear,1,Clear,0,No,0,No,2,Suspected Minor Injury (B),2,Suspected Minor Injury (B),2,2,2,2,2,No Alcohol Involved,2,No Alcohol Involved
202304662589,12,12,12,3,"South (MD, DE, DC, WV, VA, KY, TN, NC, SC, GA, FL, AL, MS, LA, AR, OK, TX)",1,Urban Area,3,Stratum 3 - Motorcycle Any Injury,4142,26.320422443,0,0,1,1,0,1,1,January,2,Monday,2,Monday,2023,2023,21,9:00pm-9:59pm,21,9:00pm-9:59pm,7,7,7,7,33,Curb,33,Curb,0,The First Harmful Event was Not a Collision with a Motor Vehicle In-Transport,0,The First Harmful Event was Not a Collision with a Motor Vehicle In-Transport,0,No,0,No,1,Non-Junction,1,Non-Junction,1,Not an Intersection,4,On Roadside,0,,3,Dark - Lighted,3,Dark - Lighted,1,Clear,1,Clear,0,No,0,No,2,Suspected Minor Injury (B),2,Suspected Minor Injury (B),1,1,1,1,2,No Alcohol Involved,2,No Alcohol Involved
