CASENUM,VE_FORMS,VEH_NO,PER_NO,PSU,PSU_VAR,PSUSTRAT,REGION,REGIONNAME,URBANICITY,URBANICITYNAME,STRATUM,STRATUMNAME,PJ,WEIGHT,MONTH,MONTHNAME,HOUR,HOURNAME,MINUTE,MINUTENAME,HARM_EV,HARM_EVNAME,MAN_COLL,MAN_COLLNAME,SCH_BUS,SCH_BUSNAME,MOD_YEAR,MOD_YEARNAME,VPICMAKE,VPICMAKENAME,VPICMODEL,VPICMODELNAME,VPICBODYCLASS,VPICBODYCLASSNAME,MAKE,MAKENAME,BODY_TYP,BODY_TYPNAME,ICFINALBODY,ICFINALBODYNAME,GVWR_FROM,GVWR_FROMNAME,GVWR_TO,GVWR_TONAME,TOW_VEH,TOW_VEHNAME,SPEC_USE,SPEC_USENAME,EMER_USE,EMER_USENAME,ROLLOVER,ROLLOVERNAME,IMPACT1,IMPACT1NAME,FIRE_EXP,FIRE_EXPNAME,MAK_MOD,MAK_MODNAME,AGE,AGENAME,AGE_IM,AGE_IMNAME,SEX,SEXNAME,SEX_IM,SEX_IMNAME,PER_TYP,PER_TYPNAME,DEVTYPE,DEVTYPENAME,DEVMOTOR,DEVMOTORNAME,INJ_SEV,INJ_SEVNAME,INJSEV_IM,INJSEV_IMNAME,SEAT_POS,SEAT_POSNAME,SEAT_IM,SEAT_IMNAME,REST_USE,REST_USENAME,REST_MIS,REST_MISNAME,HELM_USE,HELM_USENAME,HELM_MIS,HELM_MISNAME,AIR_BAG,AIR_BAGNAME,EJECTION,EJECTIONNAME,EJECT_IM,EJECT_IMNAME,DRINKING,DRINKINGNAME,PERALCH_IM,PERALCH_IMNAME,ALC_STATUS,ALC_STATUSNAME,ATST_TYP,ATST_TYPNAME,ALC_RES,ALC_RESNAME,DRUGS,DRUGSNAME,HOSPITAL,HOSPITALNAME,STR_VEH,LOCATION,LOCATIONNAME
202304632910,1,1,1,39,39,7,2,"Midwest (OH, IN, IL, MI, WI, MN, ND, SD, NE, IA, MO, KS)",1,Urban Area,10,Stratum 10 - Other,4154,210.86019124,1,January,3,3:00am-3:59am,0,0,53,Mail Box,0,The First Harmful Event was Not a Collision with a Motor Vehicle In-Transport,0,No,9999.0,Unknown,99999.0,Unknown,99999.0,Unknown,999.0,Unknown,99.0,Unknown Make,99.0,Unknown body type,0.0,Not Applicable,98.0,Not Reported,98.0,Not Reported,0.0,No Trailers,0.0,No Special Use Noted,0.0,Not Applicable,0.0,No Rollover,99.0,Reported as Unknown,0.0,No or Not Reported,99999.0,"Unknown Make Unknown (as to automobile, motored cycle, light truck or truck)",998,Not Reported,80,80 Years,8,Not Reported,1,Male,1,Driver of a Motor Vehicle In-Transport,,,,,9,Unknown/Not Reported,0,No Apparent Injury (O),11,"Front Seat, Left Side",11,"Front Seat, Left Side",98,Not Reported,7,None Used/Not Applicable,20,Not Applicable,7,None Used/Not Applicable,98,Not Reported,0,Not Ejected,0,Not Ejected,8,Not Reported,0,No (Alcohol Not Involved),0,Test Not Given,0,Test Not Given,996,Test Not Given,8,Not Reported,0,Not Transported for Treatment,0,0,Occupant of a Motor Vehicle
202304632916,1,2,1,77,77,9,2,"Midwest (OH, IN, IL, MI, WI, MN, ND, SD, NE, IA, MO, KS)",2,Rural Area,10,Stratum 10 - Other,4151,217.37927863,1,January,7,7:00am-7:59am,51,51,14,Parked Motor Vehicle,0,The First Harmful Event was Not a Collision with a Motor Vehicle In-Transport,0,No,9999.0,Unknown,99999.0,Unknown,99999.0,Unknown,999.0,Unknown,99.0,Unknown Make,99.0,Unknown body type,0.0,Not Applicable,98.0,Not Reported,98.0,Not Reported,0.0,No Trailers,0.0,No Special Use Noted,0.0,Not Applicable,0.0,No Rollover,12.0,12 Clock Point,0.0,No or Not Reported,99999.0,"Unknown Make Unknown (as to automobile, motored cycle, light truck or truck)",998,Not Reported,26,26 Years,8,Not Reported,2,Female,1,Driver of a Motor Vehicle In-Transport,,,,,9,Unknown/Not Reported,0,No Apparent Injury (O),11,"Front Seat, Left Side",11,"Front Seat, Left Side",99,Reported as Unknown,7,None Used/Not Applicable,20,Not Applicable,7,None Used/Not Applicable,99,Reported as Deployment Unknown,0,Not Ejected,0,Not Ejected,8,Not Reported,0,No (Alcohol Not Involved),0,Test Not Given,0,Test Not Given,996,Test Not Given,8,Not Reported,0,Not Transported for Treatment,0,0,Occupant of a Motor Vehicle
202304635310,2,1,1,48,48,12,3,"South (MD, DE, DC, WV, VA, KY, TN, NC, SC, GA, FL, AL, MS, LA, AR, OK, TX)",1,Urban Area,10,Stratum 10 - Other,91,223.42002683,1,January,14,2:00pm-2:59pm,0,0,12,Motor Vehicle In-Transport,6,Angle,0,No,2002.0,2002,460.0,Ford,1804.0,Explorer Sport Trac,60.0,Pickup,12.0,Ford,34.0,Light Pickup,0.0,Not Applicable,11.0,"Class 1: 6,000 lbs. or less (2,722 kg or less)",11.0,"Class 1: 6,000 lbs. or less (2,722 kg or less)",0.0,No Trailers,0.0,No Special Use Noted,0.0,Not Applicable,0.0,No Rollover,5.0,5 Clock Point,0.0,No or Not Reported,12473.0,Ford Explorer Sport Trac,42,42 Years,42,42 Years,1,Male,1,Male,1,Driver of a Motor Vehicle In-Transport,,,,,0,No Apparent Injury (O),0,No Apparent Injury (O),11,"Front Seat, Left Side",11,"Front Seat, Left Side",3,Shoulder and Lap Belt Used,0,No Indication of Misuse,20,Not Applicable,7,None Used/Not Applicable,20,Not Deployed,0,Not Ejected,0,Not Ejected,0,No (Alcohol Not Involved),0,No (Alcohol Not Involved),0,Test Not Given,0,Test Not Given,996,Test Not Given,0,No (drugs not involved),0,Not Transported for Treatment,0,0,Occupant of a Motor Vehicle
202304635310,2,2,1,48,48,12,3,"South (MD, DE, DC, WV, VA, KY, TN, NC, SC, GA, FL, AL, MS, LA, AR, OK, TX)",1,Urban Area,10,Stratum 10 - Other,91,223.42002683,1,January,14,2:00pm-2:59pm,0,0,12,Motor Vehicle In-Transport,6,Angle,0,No,2011.0,2011,499.0,Kia,2769.0,Sorento,7.0,Sport Utility Vehicle (SUV)/Multi-Purpose Vehicle (MPV),63.0,KIA,14.0,"Compact Utility (Utility Vehicle Categories ""Small"" and ""Midsize"")",0.0,Not Applicable,11.0,"Class 1: 6,000 lbs. or less (2,722 kg or less)",11.0,"Class 1: 6,000 lbs. or less (2,722 kg or less)",0.0,No Trailers,0.0,No Special Use Noted,0.0,Not Applicable,0.0,No Rollover,12.0,12 Clock Point,0.0,No or Not Reported,63402.0,KIA Sorento,34,34 Years,34,34 Years,2,Female,2,Female,1,Driver of a Motor Vehicle In-Transport,,,,,0,No Apparent Injury (O),0,No Apparent Injury (O),11,"Front Seat, Left Side",11,"Front Seat, Left Side",3,Shoulder and Lap Belt Used,0,No Indication of Misuse,20,Not Applicable,7,None Used/Not Applicable,20,Not Deployed,0,Not Ejected,0,Not Ejected,0,No (Alcohol Not Involved),0,No (Alcohol Not Involved),0,Test Not Given,0,Test Not Given,996,Test Not Given,0,No (drugs not involved),0,Not Transported for Treatment,0,0,Occupant of a Motor Vehicle
202304635310,2,2,2,48,48,12,3,"South (MD, DE, DC, WV, VA, KY, TN, NC, SC, GA, FL, AL, MS, LA, AR, OK, TX)",1,Urban Area,10,Stratum 10 - Other,91,223.42002683,1,January,14,2:00pm-2:59pm,0,0,12,Motor Vehicle In-Transport,6,Angle,0,No,2011.0,2011,499.0,Kia,2769.0,Sorento,7.0,Sport Utility Vehicle (SUV)/Multi-Purpose Vehicle (MPV),63.0,KIA,14.0,"Compact Utility (Utility Vehicle Categories ""Small"" and ""Midsize"")",0.0,Not Applicable,11.0,"Class 1: 6,000 lbs. or less (2,722 kg or less)",11.0,"Class 1: 6,000 lbs. or less (2,722 kg or less)",0.0,No Trailers,0.0,No Special Use Noted,0.0,Not Applicable,0.0,No Rollover,12.0,12 Clock Point,0.0,No or Not Reported,63402.0,KIA Sorento,999,Reported as Unknown,26,26 Years,1,Male,1,Male,2,Passenger of a Motor Vehicle In-Transport,,,,,0,No Apparent Injury (O),0,No Apparent Injury (O),13,"Front Seat, Right Side",13,"Front Seat, Right Side",3,Shoulder and Lap Belt Used,0,No Indication of Misuse,20,Not Applicable,7,None Used/Not Applicable,20,Not Deployed,0,Not Ejected,0,Not Ejected,8,Not Reported,0,No (Alcohol Not Involved),0,Test Not Given,0,Test Not Given,996,Test Not Given,8,Not Reported,0,Not Transported for Treatment,0,0,Occupant of a Motor Vehicle
202304635310,2,2,3,48,48,12,3,"South (MD, DE, DC, WV, VA, KY, TN, NC, SC, GA, FL, AL, MS, LA, AR, OK, TX)",1,Urban Area,10,Stratum 10 - Other,91,223.42002683,1,January,14,2:00pm-2:59pm,0,0,12,Motor Vehicle In-Transport,6,Angle,0,No,2011.0,2011,499.0,Kia,2769.0,Sorento,7.0,Sport Utility Vehicle (SUV)/Multi-Purpose Vehicle (MPV),63.0,KIA,14.0,"Compact Utility (Utility Vehicle Categories ""Small"" and ""Midsize"")",0.0,Not Applicable,11.0,"Class 1: 6,000 lbs. or less (2,722 kg or less)",11.0,"Class 1: 6,000 lbs. or less (2,722 kg or less)",0.0,No Trailers,0.0,No Special Use Noted,0.0,Not Applicable,0.0,No Rollover,12.0,12 Clock Point,0.0,No or Not Reported,63402.0,KIA Sorento,999,Reported as Unknown,8,8 Years,1,Male,1,Male,2,Passenger of a Motor Vehicle In-Transport,,,,,0,No Apparent Injury (O),0,No Apparent Injury (O),21,"Second Seat, Left Side",21,"Second Seat, Left Side",3,Shoulder and Lap Belt Used,0,No Indication of Misuse,20,Not Applicable,7,None Used/Not Applicable,20,Not Deployed,0,Not Ejected,0,Not Ejected,8,Not Reported,0,No (Alcohol Not Involved),0,Test Not Given,0,Test Not Given,996,Test Not Given,8,Not Reported,0,Not Transported for Treatment,0,0,Occupant of a Motor Vehicle
202304635315,2,1,1,48,48,12,3,"South (MD, DE, DC, WV, VA, KY, TN, NC, SC, GA, FL, AL, MS, LA, AR, OK, TX)",1,Urban Area,3,Stratum 3 - Motorcycle Any Injury,91,25.966354942,1,January,18,6:00pm-6:59pm,54,54,12,Motor Vehicle In-Transport,1,Front-to-Rear,0,No,2009.0,2009,460.0,Ford,1802.0,Flex,7.0,Sport Utility Vehicle (SUV)/Multi-Purpose Vehicle (MPV),12.0,Ford,6.0,Station Wagon (excluding van and truck based),0.0,Not Applicable,11.0,"Class 1: 6,000 lbs. or less (2,722 kg or less)",11.0,"Class 1: 6,000 lbs. or less (2,722 kg or less)",0.0,No Trailers,0.0,No Special Use Noted,0.0,Not Applicable,0.0,No Rollover,12.0,12 Clock Point,0.0,No or Not Reported,12025.0,Ford Flex,29,29 Years,29,29 Years,2,Female,2,Female,1,Driver of a Motor Vehicle In-Transport,,,,,0,No Apparent Injury (O),0,No Apparent Injury (O),11,"Front Seat, Left Side",11,"Front Seat, Left Side",3,Shoulder and Lap Belt Used,0,No Indication of Misuse,20,Not Applicable,7,None Used/Not Applicable,20,Not Deployed,0,Not Ejected,0,Not Ejected,0,No (Alcohol Not Involved),0,No (Alcohol Not Involved),0,Test Not Given,0,Test Not Given,996,Test Not Given,0,No (drugs not involved),0,Not Transported for Treatment,0,0,Occupant of a Motor Vehicle
202304635315,2,2,1,48,48,12,3,"South (MD, DE, DC, WV, VA, KY, TN, NC, SC, GA, FL, AL, MS, LA, AR, OK, TX)",1,Urban Area,3,Stratum 3 - Motorcycle Any Injury,91,25.966354942,1,January,18,6:00pm-6:59pm,54,54,12,Motor Vehicle In-Transport,1,Front-to-Rear,0,No,2008.0,2008,509.0,Suzuki,3397.0,GSX650F,98.0,Motorcycle - Street,53.0,Suzuki,80.0,Two Wheel Motorcycle (excluding motor scooters),0.0,Not Applicable,11.0,"Class 1: 6,000 lbs. or less (2,722 kg or less)",11.0,"Class 1: 6,000 lbs. or less (2,722 kg or less)",0.0,No Trailers,0.0,No Special Use Noted,0.0,Not Applicable,8.0,Not Applicable,6.0,6 Clock Point,0.0,No or Not Reported,53705.0,Suzuki 450-749cc,37,37 Years,37,37 Years,1,Male,1,Male,1,Driver of a Motor Vehicle In-Transport,,,,,0,No Apparent Injury (O),0,No Apparent Injury (O),11,"Front Seat, Left Side",11,"Front Seat, Left Side",20,None Used/Not Applicable,7,None Used/Not Applicable,19,"Helmet, Unknown if DOT-Compliant",0,No Indication of Misuse,20,Not Deployed,8,Not Applicable,8,Not Applicable,0,No (Alcohol Not Involved),0,No (Alcohol Not Involved),0,Test Not Given,0,Test Not Given,996,Test Not Given,0,No (drugs not involved),0,Not Transported for Treatment,0,0,Occupant of a Motor Vehicle
202304635315,2,2,2,48,48,12,3,"South (MD, DE, DC, WV, VA, KY, TN, NC, SC, GA, FL, AL, MS, LA, AR, OK, TX)",1,Urban Area,3,Stratum 3 - Motorcycle Any Injury,91,25.966354942,1,January,18,6:00pm-6:59pm,54,54,12,Motor Vehicle In-Transport,1,Front-to-Rear,0,No,2008.0,2008,509.0,Suzuki,3397.0,GSX650F,98.0,Motorcycle - Street,53.0,Suzuki,80.0,Two Wheel Motorcycle (excluding motor scooters),0.0,Not Applicable,11.0,"Class 1: 6,000 lbs. or less (2,722 kg or less)",11.0,"Class 1: 6,000 lbs. or less (2,722 kg or less)",0.0,No Trailers,0.0,No Special Use Noted,0.0,Not Applicable,8.0,Not Applicable,6.0,6 Clock Point,0.0,No or Not Reported,53705.0,Suzuki 450-749cc,13,13 Years,13,13 Years,2,Female,2,Female,2,Passenger of a Motor Vehicle In-Transport,,,,,1,Possible Injury (C),1,Possible Injury (C),21,"Second Seat, Left Side",21,"Second Seat, Left Side",20,None Used/Not Applicable,7,None Used/Not Applicable,19,"Helmet, Unknown if DOT-Compliant",0,No Indication of Misuse,20,Not Deployed,8,Not Applicable,8,Not Applicable,8,Not Reported,0,No (Alcohol Not Involved),0,Test Not Given,0,Test Not Given,996,Test Not Given,8,Not Reported,5,EMS Ground,0,0,Occupant of a Motor Vehicle
202304635387,3,1,1,48,48,12,3,"South (MD, DE, DC, WV, VA, KY, TN, NC, SC, GA, FL, AL, MS, LA, AR, OK, TX)",1,Urban Area,8,Stratum 8 - NLMY PV Minor Injury,87,134.13956402,1,January,17,5:00pm-5:59pm,35,35,12,Motor Vehicle In-Transport,1,Front-to-Rear,0,No,2011.0,2011,474.0,Honda,1861.0,Accord,3.0,Coupe,37.0,Honda,2.0,"2-door sedan,hardtop,coupe",0.0,Not Applicable,11.0,"Class 1: 6,000 lbs. or less (2,722 kg or less)",11.0,"Class 1: 6,000 lbs. or less (2,722 kg or less)",0.0,No Trailers,0.0,No Special Use Noted,0.0,Not Applicable,0.0,No Rollover,12.0,12 Clock Point,0.0,No or Not Reported,37032.0,"Honda Accord (Note: For Crosstour model years 2010 and 2011 only. For Crosstour model years 2012-2015, see vehicle model 37-405)",26,26 Years,26,26 Years,1,Male,1,Male,1,Driver of a Motor Vehicle In-Transport,,,,,0,No Apparent Injury (O),0,No Apparent Injury (O),11,"Front Seat, Left Side",11,"Front Seat, Left Side",3,Shoulder and Lap Belt Used,0,No Indication of Misuse,20,Not Applicable,7,None Used/Not Applicable,1,Deployed- Front,0,Not Ejected,0,Not Ejected,0,No (Alcohol Not Involved),0,No (Alcohol Not Involved),0,Test Not Given,0,Test Not Given,996,Test Not Given,0,No (drugs not involved),0,Not Transported for Treatment,0,0,Occupant of a Motor Vehicle
202304635387,3,2,1,48,48,12,3,"South (MD, DE, DC, WV, VA, KY, TN, NC, SC, GA, FL, AL, MS, LA, AR, OK, TX)",1,Urban Area,8,Stratum 8 - NLMY PV Minor Injury,87,134.13956402,1,January,17,5:00pm-5:59pm,35,35,12,Motor Vehicle In-Transport,1,Front-to-Rear,0,No,2018.0,2018,467.0,Chevrolet,1847.0,Equinox,7.0,Sport Utility Vehicle (SUV)/Multi-Purpose Vehicle (MPV),20.0,Chevrolet,14.0,"Compact Utility (Utility Vehicle Categories ""Small"" and ""Midsize"")",0.0,Not Applicable,11.0,"Class 1: 6,000 lbs. or less (2,722 kg or less)",11.0,"Class 1: 6,000 lbs. or less (2,722 kg or less)",0.0,No Trailers,0.0,No Special Use Noted,0.0,Not Applicable,0.0,No Rollover,6.0,6 Clock Point,0.0,No or Not Reported,20404.0,Chevrolet Equinox,28,28 Years,28,28 Years,2,Female,2,Female,1,Driver of a Motor Vehicle In-Transport,,,,,1,Possible Injury (C),1,Possible Injury (C),11,"Front Seat, Left Side",11,"Front Seat, Left Side",3,Shoulder and Lap Belt Used,0,No Indication of Misuse,20,Not Applicable,7,None Used/Not Applicable,20,Not Deployed,0,Not Ejected,0,Not Ejected,0,No (Alcohol Not Involved),0,No (Alcohol Not Involved),0,Test Not Given,0,Test Not Given,996,Test Not Given,0,No (drugs not involved),5,EMS Ground,0,0,Occupant of a Motor Vehicle
202304635387,3,2,2,48,48,12,3,"South (MD, DE, DC, WV, VA, KY, TN, NC, SC, GA, FL, AL, MS, LA, AR, OK, TX)",1,Urban Area,8,Stratum 8 - NLMY PV Minor Injury,87,134.13956402,1,January,17,5:00pm-5:59pm,35,35,12,Motor Vehicle In-Transport,1,Front-to-Rear,0,No,2018.0,2018,467.0,Chevrolet,1847.0,Equinox,7.0,Sport Utility Vehicle (SUV)/Multi-Purpose Vehicle (MPV),20.0,Chevrolet,14.0,"Compact Utility (Utility Vehicle Categories ""Small"" and ""Midsize"")",0.0,Not Applicable,11.0,"Class 1: 6,000 lbs. or less (2,722 kg or less)",11.0,"Class 1: 6,000 lbs. or less (2,722 kg or less)",0.0,No Trailers,0.0,No Special Use Noted,0.0,Not Applicable,0.0,No Rollover,6.0,6 Clock Point,0.0,No or Not Reported,20404.0,Chevrolet Equinox,33,33 Years,33,33 Years,2,Female,2,Female,2,Passenger of a Motor Vehicle In-Transport,,,,,0,No Apparent Injury (O),0,No Apparent Injury (O),13,"Front Seat, Right Side",13,"Front Seat, Right Side",3,Shoulder and Lap Belt Used,0,No Indication of Misuse,20,Not Applicable,7,None Used/Not Applicable,20,Not Deployed,0,Not Ejected,0,Not Ejected,8,Not Reported,0,No (Alcohol Not Involved),0,Test Not Given,0,Test Not Given,996,Test Not Given,8,Not Reported,0,Not Transported for Treatment,0,0,Occupant of a Motor Vehicle
202304635387,3,2,3,48,48,12,3,"South (MD, DE, DC, WV, VA, KY, TN, NC, SC, GA, FL, AL, MS, LA, AR, OK, TX)",1,Urban Area,8,Stratum 8 - NLMY PV Minor Injury,87,134.13956402,1,January,17,5:00pm-5:59pm,35,35,12,Motor Vehicle In-Transport,1,Front-to-Rear,0,No,2018.0,2018,467.0,Chevrolet,1847.0,Equinox,7.0,Sport Utility Vehicle (SUV)/Multi-Purpose Vehicle (MPV),20.0,Chevrolet,14.0,"Compact Utility (Utility Vehicle Categories ""Small"" and ""Midsize"")",0.0,Not Applicable,11.0,"Class 1: 6,000 lbs. or less (2,722 kg or less)",11.0,"Class 1: 6,000 lbs. or less (2,722 kg or less)",0.0,No Trailers,0.0,No Special Use Noted,0.0,Not Applicable,0.0,No Rollover,6.0,6 Clock Point,0.0,No or Not Reported,20404.0,Chevrolet Equinox,3,3 Years,3,3 Years,2,Female,2,Female,2,Passenger of a Motor Vehicle In-Transport,,,,,0,No Apparent Injury (O),0,No Apparent Injury (O),23,"Second Seat, Right Side",23,"Second Seat, Right Side",10,Child Restraint System - Forward Facing,0,No Indication of Misuse,20,Not Applicable,7,None Used/Not Applicable,20,Not Deployed,0,Not Ejected,0,Not Ejected,8,Not Reported,0,No (Alcohol Not Involved),0,Test Not Given,0,Test Not Given,996,Test Not Given,8,Not Reported,0,Not Transported for Treatment,0,0,Occupant of a Motor Vehicle
202304635387,3,3,1,48,48,12,3,"South (MD, DE, DC, WV, VA, KY, TN, NC, SC, GA, FL, AL, MS, LA, AR, OK, TX)",1,Urban Area,8,Stratum 8 - NLMY PV Minor Injury,87,134.13956402,1,January,17,5:00pm-5:59pm,35,35,12,Motor Vehicle In-Transport,1,Front-to-Rear,0,No,9999.0,Unknown,483.0,Jeep,99999.0,Unknown,7.0,Sport Utility Vehicle (SUV)/Multi-Purpose Vehicle (MPV),2.0,Jeep / Kaiser-Jeep / Willys- Jeep,49.0,"Unknown light vehicle type (automobile,utility vehicle, van, or light truck)",0.0,Not Applicable,11.0,"Class 1: 6,000 lbs. or less (2,722 kg or less)",12.0,"Class 2: 6,001 - 10,000 lbs. (2,722 - 4,536 kg)",0.0,No Trailers,0.0,No Special Use Noted,0.0,Not Applicable,0.0,No Rollover,6.0,6 Clock Point,0.0,No or Not Reported,2999.0,Jeep / Kaiser-Jeep / Willys- Jeep Unknown (JEEP),999,Reported as Unknown,52,52 Years,9,Reported as Unknown,2,Female,1,Driver of a Motor Vehicle In-Transport,,,,,0,No Apparent Injury (O),0,No Apparent Injury (O),11,"Front Seat, Left Side",11,"Front Seat, Left Side",99,Reported as Unknown,7,None Used/Not Applicable,20,Not Applicable,7,None Used/Not Applicable,99,Reported as Deployment Unknown,9,Reported as Unknown if Ejected,0,Not Ejected,9,Reported as Unknown,0,No (Alcohol Not Involved),0,Test Not Given,0,Test Not Given,996,Test Not Given,9,Reported as Unknown,0,Not Transported for Treatment,0,0,Occupant of a Motor Vehicle
202304635547,1,1,1,70,70,16,3,"South (MD, DE, DC, WV, VA, KY, TN, NC, SC, GA, FL, AL, MS, LA, AR, OK, TX)",2,Rural Area,8,Stratum 8 - NLMY PV Minor Injury,46,130.17867369,1,January,1,1:00am-1:59am,20,20,34,Ditch,0,The First Harmful Event was Not a Collision with a Motor Vehicle In-Transport,0,No,2008.0,2008,472.0,GMC,1857.0,Sierra,60.0,Pickup,23.0,GMC,34.0,Light Pickup,0.0,Not Applicable,12.0,"Class 2: 6,001 - 10,000 lbs. (2,722 - 4,536 kg)",12.0,"Class 2: 6,001 - 10,000 lbs. (2,722 - 4,536 kg)",0.0,No Trailers,0.0,No Special Use Noted,0.0,Not Applicable,0.0,No Rollover,12.0,12 Clock Point,1.0,Yes,23481.0,"GMC C, K, R, V-series pickup/     Sierra",49,49 Years,49,49 Years,1,Male,1,Male,1,Driver of a Motor Vehicle In-Transport,,,,,1,Possible Injury (C),1,Possible Injury (C),11,"Front Seat, Left Side",11,"Front Seat, Left Side",99,Reported as Unknown,7,None Used/Not Applicable,20,Not Applicable,7,None Used/Not Applicable,98,Not Reported,0,Not Ejected,0,Not Ejected,0,No (Alcohol Not Involved),0,No (Alcohol Not Involved),0,Test Not Given,0,Test Not Given,996,Test Not Given,0,No (drugs not involved),6,Other,0,0,Occupant of a Motor Vehicle
202304635551,2,1,1,70,70,16,3,"South (MD, DE, DC, WV, VA, KY, TN, NC, SC, GA, FL, AL, MS, LA, AR, OK, TX)",2,Rural Area,3,Stratum 3 - Motorcycle Any Injury,46,26.785767508,1,January,12,12:00pm-12:59pm,58,58,12,Motor Vehicle In-Transport,6,Angle,0,No,2011.0,2011,448.0,Toyota,2469.0,Camry,13.0,Sedan/Saloon,49.0,Toyota,4.0,"4-door sedan, hardtop",0.0,Not Applicable,11.0,"Class 1: 6,000 lbs. or less (2,722 kg or less)",11.0,"Class 1: 6,000 lbs. or less (2,722 kg or less)",1.0,One Trailer,0.0,No Special Use Noted,0.0,Not Applicable,0.0,No Rollover,10.0,10 Clock Point,0.0,No or Not Reported,49040.0,Toyota Camry,43,43 Years,43,43 Years,1,Male,1,Male,1,Driver of a Motor Vehicle In-Transport,,,,,0,No Apparent Injury (O),0,No Apparent Injury (O),11,"Front Seat, Left Side",11,"Front Seat, Left Side",3,Shoulder and Lap Belt Used,0,No Indication of Misuse,20,Not Applicable,7,None Used/Not Applicable,20,Not Deployed,0,Not Ejected,0,Not Ejected,0,No (Alcohol Not Involved),0,No (Alcohol Not Involved),0,Test Not Given,0,Test Not Given,996,Test Not Given,0,No (drugs not involved),0,Not Transported for Treatment,0,0,Occupant of a Motor Vehicle
202304635551,2,1,2,70,70,16,3,"South (MD, DE, DC, WV, VA, KY, TN, NC, SC, GA, FL, AL, MS, LA, AR, OK, TX)",2,Rural Area,3,Stratum 3 - Motorcycle Any Injury,46,26.785767508,1,January,12,12:00pm-12:59pm,58,58,12,Motor Vehicle In-Transport,6,Angle,0,No,2011.0,2011,448.0,Toyota,2469.0,Camry,13.0,Sedan/Saloon,49.0,Toyota,4.0,"4-door sedan, hardtop",0.0,Not Applicable,11.0,"Class 1: 6,000 lbs. or less (2,722 kg or less)",11.0,"Class 1: 6,000 lbs. or less (2,722 kg or less)",1.0,One Trailer,0.0,No Special Use Noted,0.0,Not Applicable,0.0,No Rollover,10.0,10 Clock Point,0.0,No or Not Reported,49040.0,Toyota Camry,42,42 Years,42,42 Years,2,Female,2,Female,2,Passenger of a Motor Vehicle In-Transport,,,,,0,No Apparent Injury (O),0,No Apparent Injury (O),13,"Front Seat, Right Side",13,"Front Seat, Right Side",3,Shoulder and Lap Belt Used,0,No Indication of Misuse,20,Not Applicable,7,None Used/Not Applicable,20,Not Deployed,0,Not Ejected,0,Not Ejected,8,Not Reported,0,No (Alcohol Not Involved),0,Test Not Given,0,Test Not Given,996,Test Not Given,8,Not Reported,0,Not Transported for Treatment,0,0,Occupant of a Motor Vehicle
202304635551,2,2,1,70,70,16,3,"South (MD, DE, DC, WV, VA, KY, TN, NC, SC, GA, FL, AL, MS, LA, AR, OK, TX)",2,Rural Area,3,Stratum 3 - Motorcycle Any Injury,46,26.785767508,1,January,12,12:00pm-12:59pm,58,58,12,Motor Vehicle In-Transport,6,Angle,0,No,2022.0,2022,510.0,Kawasaki,13103.0,Z650,80.0,Motorcycle - Sport,73.0,Kawasaki,80.0,Two Wheel Motorcycle (excluding motor scooters),0.0,Not Applicable,11.0,"Class 1: 6,000 lbs. or less (2,722 kg or less)",11.0,"Class 1: 6,000 lbs. or less (2,722 kg or less)",0.0,No Trailers,0.0,No Special Use Noted,0.0,Not Applicable,8.0,Not Applicable,12.0,12 Clock Point,0.0,No or Not Reported,73705.0,Kawasaki 450-749cc,24,24 Years,24,24 Years,1,Male,1,Male,1,Driver of a Motor Vehicle In-Transport,,,,,2,Suspected Minor Injury (B),2,Suspected Minor Injury (B),11,"Front Seat, Left Side",11,"Front Seat, Left Side",20,None Used/Not Applicable,7,None Used/Not Applicable,98,Not Reported,7,None Used/Not Applicable,20,Not Deployed,8,Not Applicable,8,Not Applicable,0,No (Alcohol Not Involved),0,No (Alcohol Not Involved),0,Test Not Given,0,Test Not Given,996,Test Not Given,0,No (drugs not involved),5,EMS Ground,0,0,Occupant of a Motor Vehicle
202304635552,2,1,1,70,70,16,3,"South (MD, DE, DC, WV, VA, KY, TN, NC, SC, GA, FL, AL, MS, LA, AR, OK, TX)",2,Rural Area,9,Stratum 9 - LMY PV No Injuries in Crash,138,138.11173411,1,January,11,11:00am-11:59am,42,42,12,Motor Vehicle In-Transport,6,Angle,0,No,2015.0,2015,475.0,Acura,2147.0,MDX,7.0,Sport Utility Vehicle (SUV)/Multi-Purpose Vehicle (MPV),54.0,Acura,15.0,"Large utility (ANSI D16.1 Utility Vehicle Categories and ""Full Size"" and ""Large"")",0.0,Not Applicable,11.0,"Class 1: 6,000 lbs. or less (2,722 kg or less)",11.0,"Class 1: 6,000 lbs. or less (2,722 kg or less)",0.0,No Trailers,0.0,No Special Use Noted,0.0,Not Applicable,0.0,No Rollover,12.0,12 Clock Point,0.0,No or Not Reported,54421.0,Acura MDX,36,36 Years,36,36 Years,2,Female,2,Female,1,Driver of a Motor Vehicle In-Transport,,,,,0,No Apparent Injury (O),0,No Apparent Injury (O),11,"Front Seat, Left Side",11,"Front Seat, Left Side",3,Shoulder and Lap Belt Used,0,No Indication of Misuse,20,Not Applicable,7,None Used/Not Applicable,20,Not Deployed,0,Not Ejected,0,Not Ejected,0,No (Alcohol Not Involved),0,No (Alcohol Not Involved),0,Test Not Given,0,Test Not Given,996,Test Not Given,0,No (drugs not involved),0,Not Transported for Treatment,0,0,Occupant of a Motor Vehicle
202304635552,2,1,2,70,70,16,3,"South (MD, DE, DC, WV, VA, KY, TN, NC, SC, GA, FL, AL, MS, LA, AR, OK, TX)",2,Rural Area,9,Stratum 9 - LMY PV No Injuries in Crash,138,138.11173411,1,January,11,11:00am-11:59am,42,42,12,Motor Vehicle In-Transport,6,Angle,0,No,2015.0,2015,475.0,Acura,2147.0,MDX,7.0,Sport Utility Vehicle (SUV)/Multi-Purpose Vehicle (MPV),54.0,Acura,15.0,"Large utility (ANSI D16.1 Utility Vehicle Categories and ""Full Size"" and ""Large"")",0.0,Not Applicable,11.0,"Class 1: 6,000 lbs. or less (2,722 kg or less)",11.0,"Class 1: 6,000 lbs. or less (2,722 kg or less)",0.0,No Trailers,0.0,No Special Use Noted,0.0,Not Applicable,0.0,No Rollover,12.0,12 Clock Point,0.0,No or Not Reported,54421.0,Acura MDX,3,3 Years,3,3 Years,1,Male,1,Male,2,Passenger of a Motor Vehicle In-Transport,,,,,0,No Apparent Injury (O),0,No Apparent Injury (O),21,"Second Seat, Left Side",21,"Second Seat, Left Side",10,Child Restraint System - Forward Facing,0,No Indication of Misuse,20,Not Applicable,7,None Used/Not Applicable,20,Not Deployed,0,Not Ejected,0,Not Ejected,8,Not Reported,0,No (Alcohol Not Involved),0,Test Not Given,0,Test Not Given,996,Test Not Given,8,Not Reported,0,Not Transported for Treatment,0,0,Occupant of a Motor Vehicle
202304635552,2,1,3,70,70,16,3,"South (MD, DE, DC, WV, VA, KY, TN, NC, SC, GA, FL, AL, MS, LA, AR, OK, TX)",2,Rural Area,9,Stratum 9 - LMY PV No Injuries in Crash,138,138.11173411,1,January,11,11:00am-11:59am,42,42,12,Motor Vehicle In-Transport,6,Angle,0,No,2015.0,2015,475.0,Acura,2147.0,MDX,7.0,Sport Utility Vehicle (SUV)/Multi-Purpose Vehicle (MPV),54.0,Acura,15.0,"Large utility (ANSI D16.1 Utility Vehicle Categories and ""Full Size"" and ""Large"")",0.0,Not Applicable,11.0,"Class 1: 6,000 lbs. or less (2,722 kg or less)",11.0,"Class 1: 6,000 lbs. or less (2,722 kg or less)",0.0,No Trailers,0.0,No Special Use Noted,0.0,Not Applicable,0.0,No Rollover,12.0,12 Clock Point,0.0,No or Not Reported,54421.0,Acura MDX,37,37 Years,37,37 Years,1,Male,1,Male,2,Passenger of a Motor Vehicle In-Transport,,,,,0,No Apparent Injury (O),0,No Apparent Injury (O),13,"Front Seat, Right Side",13,"Front Seat, Right Side",3,Shoulder and Lap Belt Used,0,No Indication of Misuse,20,Not Applicable,7,None Used/Not Applicable,20,Not Deployed,0,Not Ejected,0,Not Ejected,8,Not Reported,0,No (Alcohol Not Involved),0,Test Not Given,0,Test Not Given,996,Test Not Given,8,Not Reported,0,Not Transported for Treatment,0,0,Occupant of a Motor Vehicle
202304635552,2,1,4,70,70,16,3,"South (MD, DE, DC, WV, VA, KY, TN, NC, SC, GA, FL, AL, MS, LA, AR, OK, TX)",2,Rural Area,9,Stratum 9 - LMY PV No Injuries in Crash,138,138.11173411,1,January,11,11:00am-11:59am,42,42,12,Motor Vehicle In-Transport,6,Angle,0,No,2015.0,2015,475.0,Acura,2147.0,MDX,7.0,Sport Utility Vehicle (SUV)/Multi-Purpose Vehicle (MPV),54.0,Acura,15.0,"Large utility (ANSI D16.1 Utility Vehicle Categories and ""Full Size"" and ""Large"")",0.0,Not Applicable,11.0,"Class 1: 6,000 lbs. or less (2,722 kg or less)",11.0,"Class 1: 6,000 lbs. or less (2,722 kg or less)",0.0,No Trailers,0.0,No Special Use Noted,0.0,Not Applicable,0.0,No Rollover,12.0,12 Clock Point,0.0,No or Not Reported,54421.0,Acura MDX,5,5 Years,5,5 Years,1,Male,1,Male,2,Passenger of a Motor Vehicle In-Transport,,,,,0,No Apparent Injury (O),0,No Apparent Injury (O),23,"Second Seat, Right Side",23,"Second Seat, Right Side",10,Child Restraint System - Forward Facing,0,No Indication of Misuse,20,Not Applicable,7,None Used/Not Applicable,20,Not Deployed,0,Not Ejected,0,Not Ejected,8,Not Reported,0,No (Alcohol Not Involved),0,Test Not Given,0,Test Not Given,996,Test Not Given,8,Not Reported,0,Not Transported for Treatment,0,0,Occupant of a Motor Vehicle
202304635552,2,2,1,70,70,16,3,"South (MD, DE, DC, WV, VA, KY, TN, NC, SC, GA, FL, AL, MS, LA, AR, OK, TX)",2,Rural Area,9,Stratum 9 - LMY PV No Injuries in Crash,138,138.11173411,1,January,11,11:00am-11:59am,42,42,12,Motor Vehicle In-Transport,6,Angle,0,No,2022.0,2022,448.0,Toyota,2469.0,Camry,13.0,Sedan/Saloon,49.0,Toyota,4.0,"4-door sedan, hardtop",0.0,Not Applicable,11.0,"Class 1: 6,000 lbs. or less (2,722 kg or less)",11.0,"Class 1: 6,000 lbs. or less (2,722 kg or less)",0.0,No Trailers,0.0,No Special Use Noted,0.0,Not Applicable,0.0,No Rollover,1.0,1 Clock Point,0.0,No or Not Reported,49040.0,Toyota Camry,22,22 Years,22,22 Years,2,Female,2,Female,1,Driver of a Motor Vehicle In-Transport,,,,,0,No Apparent Injury (O),0,No Apparent Injury (O),11,"Front Seat, Left Side",11,"Front Seat, Left Side",3,Shoulder and Lap Belt Used,0,No Indication of Misuse,20,Not Applicable,7,None Used/Not Applicable,20,Not Deployed,0,Not Ejected,0,Not Ejected,0,No (Alcohol Not Involved),0,No (Alcohol Not Involved),0,Test Not Given,0,Test Not Given,996,Test Not Given,0,No (drugs not involved),0,Not Transported for Treatment,0,0,Occupant of a Motor Vehicle
202304635741,2,1,1,28,28,11,3,"South (MD, DE, DC, WV, VA, KY, TN, NC, SC, GA, FL, AL, MS, LA, AR, OK, TX)",1,Urban Area,9,Stratum 9 - LMY PV No Injuries in Crash,4139,141.34570405,1,January,7,7:00am-7:59am,45,45,12,Motor Vehicle In-Transport,6,Angle,0,No,2013.0,2013,469.0,Cadillac,1825.0,CTS,13.0,Sedan/Saloon,19.0,Cadillac,4.0,"4-door sedan, hardtop",0.0,Not Applicable,11.0,"Class 1: 6,000 lbs. or less (2,722 kg or less)",11.0,"Class 1: 6,000 lbs. or less (2,722 kg or less)",0.0,No Trailers,0.0,No Special Use Noted,0.0,Not Applicable,0.0,No Rollover,1.0,1 Clock Point,0.0,No or Not Reported,19018.0,Cadillac CTS/CTC,23,23 Years,23,23 Years,1,Male,1,Male,1,Driver of a Motor Vehicle In-Transport,,,,,0,No Apparent Injury (O),0,No Apparent Injury (O),11,"Front Seat, Left Side",11,"Front Seat, Left Side",3,Shoulder and Lap Belt Used,0,No Indication of Misuse,20,Not Applicable,7,None Used/Not Applicable,20,Not Deployed,0,Not Ejected,0,Not Ejected,0,No (Alcohol Not Involved),0,No (Alcohol Not Involved),8,Not Reported,95,Not Reported,995,Not Reported,0,No (drugs not involved),0,Not Transported for Treatment,0,0,Occupant of a Motor Vehicle
202304635741,2,1,2,28,28,11,3,"South (MD, DE, DC, WV, VA, KY, TN, NC, SC, GA, FL, AL, MS, LA, AR, OK, TX)",1,Urban Area,9,Stratum 9 - LMY PV No Injuries in Crash,4139,141.34570405,1,January,7,7:00am-7:59am,45,45,12,Motor Vehicle In-Transport,6,Angle,0,No,2013.0,2013,469.0,Cadillac,1825.0,CTS,13.0,Sedan/Saloon,19.0,Cadillac,4.0,"4-door sedan, hardtop",0.0,Not Applicable,11.0,"Class 1: 6,000 lbs. or less (2,722 kg or less)",11.0,"Class 1: 6,000 lbs. or less (2,722 kg or less)",0.0,No Trailers,0.0,No Special Use Noted,0.0,Not Applicable,0.0,No Rollover,1.0,1 Clock Point,0.0,No or Not Reported,19018.0,Cadillac CTS/CTC,23,23 Years,23,23 Years,2,Female,2,Female,2,Passenger of a Motor Vehicle In-Transport,,,,,0,No Apparent Injury (O),0,No Apparent Injury (O),13,"Front Seat, Right Side",13,"Front Seat, Right Side",3,Shoulder and Lap Belt Used,0,No Indication of Misuse,20,Not Applicable,7,None Used/Not Applicable,20,Not Deployed,0,Not Ejected,0,Not Ejected,8,Not Reported,0,No (Alcohol Not Involved),0,Test Not Given,0,Test Not Given,996,Test Not Given,8,Not Reported,0,Not Transported for Treatment,0,0,Occupant of a Motor Vehicle
202304635741,2,2,1,28,28,11,3,"South (MD, DE, DC, WV, VA, KY, TN, NC, SC, GA, FL, AL, MS, LA, AR, OK, TX)",1,Urban Area,9,Stratum 9 - LMY PV No Injuries in Crash,4139,141.34570405,1,January,7,7:00am-7:59am,45,45,12,Motor Vehicle In-Transport,6,Angle,0,No,2020.0,2020,498.0,Hyundai,2735.0,Elantra,13.0,Sedan/Saloon,55.0,Hyundai,4.0,"4-door sedan, hardtop",0.0,Not Applicable,11.0,"Class 1: 6,000 lbs. or less (2,722 kg or less)",11.0,"Class 1: 6,000 lbs. or less (2,722 kg or less)",0.0,No Trailers,0.0,No Special Use Noted,0.0,Not Applicable,0.0,No Rollover,12.0,12 Clock Point,0.0,No or Not Reported,55035.0,Hyundai Elantra,36,36 Years,36,36 Years,2,Female,2,Female,1,Driver of a Motor Vehicle In-Transport,,,,,0,No Apparent Injury (O),0,No Apparent Injury (O),11,"Front Seat, Left Side",11,"Front Seat, Left Side",3,Shoulder and Lap Belt Used,0,No Indication of Misuse,20,Not Applicable,7,None Used/Not Applicable,20,Not Deployed,0,Not Ejected,0,Not Ejected,0,No (Alcohol Not Involved),0,No (Alcohol Not Involved),8,Not Reported,95,Not Reported,995,Not Reported,0,No (drugs not involved),0,Not Transported for Treatment,0,0,Occupant of a Motor Vehicle
202304635757,1,1,1,12,12,12,3,"South (MD, DE, DC, WV, VA, KY, TN, NC, SC, GA, FL, AL, MS, LA, AR, OK, TX)",1,Urban Area,10,Stratum 10 - Other,4142,222.0578669,1,January,0,0:00am-0:59am,0,0,34,Ditch,0,The First Harmful Event was Not a Collision with a Motor Vehicle In-Transport,0,No,2002.0,2002,476.0,Dodge,1938.0,Ram,60.0,Pickup,7.0,Dodge,34.0,Light Pickup,0.0,Not Applicable,12.0,"Class 2: 6,001 - 10,000 lbs. (2,722 - 4,536 kg)",12.0,"Class 2: 6,001 - 10,000 lbs. (2,722 - 4,536 kg)",0.0,No Trailers,0.0,No Special Use Noted,0.0,Not Applicable,0.0,No Rollover,12.0,12 Clock Point,0.0,No or Not Reported,7482.0,Dodge Ram Pickup,998,Not Reported,27,27 Years,8,Not Reported,1,Male,1,Driver of a Motor Vehicle In-Transport,,,,,9,Unknown/Not Reported,0,No Apparent Injury (O),11,"Front Seat, Left Side",11,"Front Seat, Left Side",98,Not Reported,7,None Used/Not Applicable,20,Not Applicable,7,None Used/Not Applicable,98,Not Reported,7,Not Reported,0,Not Ejected,8,Not Reported,0,No (Alcohol Not Involved),0,Test Not Given,0,Test Not Given,996,Test Not Given,8,Not Reported,0,Not Transported for Treatment,0,0,Occupant of a Motor Vehicle
202304635828,1,1,1,47,47,9,2,"Midwest (OH, IN, IL, MI, WI, MN, ND, SD, NE, IA, MO, KS)",2,Rural Area,10,Stratum 10 - Other,4153,218.1275432,1,January,18,6:00pm-6:59pm,48,48,11,Live Animal,0,The First Harmful Event was Not a Collision with a Motor Vehicle In-Transport,0,No,2018.0,2018,483.0,Jeep,1945.0,Cherokee,7.0,Sport Utility Vehicle (SUV)/Multi-Purpose Vehicle (MPV),2.0,Jeep / Kaiser-Jeep / Willys- Jeep,14.0,"Compact Utility (Utility Vehicle Categories ""Small"" and ""Midsize"")",0.0,Not Applicable,11.0,"Class 1: 6,000 lbs. or less (2,722 kg or less)",11.0,"Class 1: 6,000 lbs. or less (2,722 kg or less)",0.0,No Trailers,0.0,No Special Use Noted,0.0,Not Applicable,0.0,No Rollover,12.0,12 Clock Point,0.0,No or Not Reported,2404.0,Jeep / Kaiser-Jeep / Willys- Jeep Cherokee (1984-on) (For Grand Cherokee for 2014 on use 02-422.),54,54 Years,54,54 Years,1,Male,1,Male,1,Driver of a Motor Vehicle In-Transport,,,,,0,No Apparent Injury (O),0,No Apparent Injury (O),11,"Front Seat, Left Side",11,"Front Seat, Left Side",3,Shoulder and Lap Belt Used,0,No Indication of Misuse,20,Not Applicable,7,None Used/Not Applicable,20,Not Deployed,0,Not Ejected,0,Not Ejected,8,Not Reported,0,No (Alcohol Not Involved),0,Test Not Given,0,Test Not Given,996,Test Not Given,8,Not Reported,0,Not Transported for Treatment,0,0,Occupant of a Motor Vehicle
202304636961,1,1,1,77,77,9,2,"Midwest (OH, IN, IL, MI, WI, MN, ND, SD, NE, IA, MO, KS)",2,Rural Area,9,Stratum 9 - LMY PV No Injuries in Crash,4151,138.14428062,1,January,17,5:00pm-5:59pm,0,0,11,Live Animal,0,The First Harmful Event was Not a Collision with a Motor Vehicle In-Transport,0,No,2019.0,2019,467.0,Chevrolet,10988.0,Trax,7.0,Sport Utility Vehicle (SUV)/Multi-Purpose Vehicle (MPV),20.0,Chevrolet,14.0,"Compact Utility (Utility Vehicle Categories ""Small"" and ""Midsize"")",0.0,Not Applicable,11.0,"Class 1: 6,000 lbs. or less (2,722 kg or less)",11.0,"Class 1: 6,000 lbs. or less (2,722 kg or less)",0.0,No Trailers,0.0,No Special Use Noted,0.0,Not Applicable,0.0,No Rollover,12.0,12 Clock Point,0.0,No or Not Reported,20406.0,Chevrolet Trax,35,35 Years,35,35 Years,1,Male,1,Male,1,Driver of a Motor Vehicle In-Transport,,,,,9,Unknown/Not Reported,0,No Apparent Injury (O),11,"Front Seat, Left Side",11,"Front Seat, Left Side",98,Not Reported,7,None Used/Not Applicable,20,Not Applicable,7,None Used/Not Applicable,98,Not Reported,7,Not Reported,0,Not Ejected,8,Not Reported,0,No (Alcohol Not Involved),0,Test Not Given,0,Test Not Given,996,Test Not Given,8,Not Reported,0,Not Transported for Treatment,0,0,Occupant of a Motor Vehicle
202304636961,1,1,2,77,77,9,2,"Midwest (OH, IN, IL, MI, WI, MN, ND, SD, NE, IA, MO, KS)",2,Rural Area,9,Stratum 9 - LMY PV No Injuries in Crash,4151,138.14428062,1,January,17,5:00pm-5:59pm,0,0,11,Live Animal,0,The First Harmful Event was Not a Collision with a Motor Vehicle In-Transport,0,No,2019.0,2019,467.0,Chevrolet,10988.0,Trax,7.0,Sport Utility Vehicle (SUV)/Multi-Purpose Vehicle (MPV),20.0,Chevrolet,14.0,"Compact Utility (Utility Vehicle Categories ""Small"" and ""Midsize"")",0.0,Not Applicable,11.0,"Class 1: 6,000 lbs. or less (2,722 kg or less)",11.0,"Class 1: 6,000 lbs. or less (2,722 kg or less)",0.0,No Trailers,0.0,No Special Use Noted,0.0,Not Applicable,0.0,No Rollover,12.0,12 Clock Point,0.0,No or Not Reported,20406.0,Chevrolet Trax,998,Not Reported,20,20 Years,8,Not Reported,1,Male,2,Passenger of a Motor Vehicle In-Transport,,,,,0,No Apparent Injury (O),0,No Apparent Injury (O),98,Not Reported,13,"Front Seat, Right Side",98,Not Reported,7,None Used/Not Applicable,20,Not Applicable,7,None Used/Not Applicable,98,Not Reported,7,Not Reported,0,Not Ejected,8,Not Reported,0,No (Alcohol Not Involved),0,Test Not Given,0,Test Not Given,996,Test Not Given,8,Not Reported,0,Not Transported for Treatment,0,0,Occupant of a Motor Vehicle
202304636966,1,1,1,63,63,16,3,"South (MD, DE, DC, WV, VA, KY, TN, NC, SC, GA, FL, AL, MS, LA, AR, OK, TX)",2,Rural Area,3,Stratum 3 - Motorcycle Any Injury,4135,25.357948747,1,January,11,11:00am-11:59am,25,25,43,Other Fixed Object,0,The First Harmful Event was Not a Collision with a Motor Vehicle In-Transport,0,No,9999.0,Unknown,510.0,Kawasaki,12798.0,KX450,84.0,Off-road Vehicle - Dirt Bike / Off-Road,73.0,Kawasaki,83.0,Off-road Motorcycle,0.0,Not Applicable,11.0,"Class 1: 6,000 lbs. or less (2,722 kg or less)",11.0,"Class 1: 6,000 lbs. or less (2,722 kg or less)",0.0,No Trailers,0.0,No Special Use Noted,0.0,Not Applicable,8.0,Not Applicable,98.0,Not Reported,0.0,No or Not Reported,73709.0,Kawasaki Unknown cc,49,49 Years,49,49 Years,1,Male,1,Male,1,Driver of a Motor Vehicle In-Transport,,,,,2,Suspected Minor Injury (B),2,Suspected Minor Injury (B),11,"Front Seat, Left Side",11,"Front Seat, Left Side",20,None Used/Not Applicable,7,None Used/Not Applicable,17,No Helmet,7,None Used/Not Applicable,20,Not Deployed,8,Not Applicable,8,Not Applicable,8,Not Reported,0,No (Alcohol Not Involved),0,Test Not Given,0,Test Not Given,996,Test Not Given,8,Not Reported,3,EMS Unknown Mode,0,0,Occupant of a Motor Vehicle
202304636984,2,1,1,58,58,6,2,"Midwest (OH, IN, IL, MI, WI, MN, ND, SD, NE, IA, MO, KS)",1,Urban Area,6,Stratum 6 - LMY PV Minor Injury,4143,52.072729333,1,January,14,2:00pm-2:59pm,37,37,12,Motor Vehicle In-Transport,8,Sideswipe - Opposite Direction,0,No,2010.0,2010,448.0,Toyota,2217.0,RAV4,7.0,Sport Utility Vehicle (SUV)/Multi-Purpose Vehicle (MPV),49.0,Toyota,14.0,"Compact Utility (Utility Vehicle Categories ""Small"" and ""Midsize"")",0.0,Not Applicable,11.0,"Class 1: 6,000 lbs. or less (2,722 kg or less)",11.0,"Class 1: 6,000 lbs. or less (2,722 kg or less)",0.0,No Trailers,0.0,No Special Use Noted,0.0,Not Applicable,0.0,No Rollover,11.0,11 Clock Point,0.0,No or Not Reported,49402.0,Toyota RAV4 *,22,22 Years,22,22 Years,2,Female,2,Female,1,Driver of a Motor Vehicle In-Transport,,,,,1,Possible Injury (C),1,Possible Injury (C),11,"Front Seat, Left Side",11,"Front Seat, Left Side",3,Shoulder and Lap Belt Used,0,No Indication of Misuse,20,Not Applicable,7,None Used/Not Applicable,1,Deployed- Front,0,Not Ejected,0,Not Ejected,0,No (Alcohol Not Involved),0,No (Alcohol Not Involved),0,Test Not Given,0,Test Not Given,996,Test Not Given,0,No (drugs not involved),0,Not Transported for Treatment,0,0,Occupant of a Motor Vehicle
202304636984,2,2,1,58,58,6,2,"Midwest (OH, IN, IL, MI, WI, MN, ND, SD, NE, IA, MO, KS)",1,Urban Area,6,Stratum 6 - LMY PV Minor Injury,4143,52.072729333,1,January,14,2:00pm-2:59pm,37,37,12,Motor Vehicle In-Transport,8,Sideswipe - Opposite Direction,0,No,2022.0,2022,498.0,Hyundai,25847.0,Palisade,7.0,Sport Utility Vehicle (SUV)/Multi-Purpose Vehicle (MPV),55.0,Hyundai,15.0,"Large utility (ANSI D16.1 Utility Vehicle Categories and ""Full Size"" and ""Large"")",0.0,Not Applicable,11.0,"Class 1: 6,000 lbs. or less (2,722 kg or less)",11.0,"Class 1: 6,000 lbs. or less (2,722 kg or less)",0.0,No Trailers,0.0,No Special Use Noted,0.0,Not Applicable,0.0,No Rollover,10.0,10 Clock Point,0.0,No or Not Reported,55422.0,Hyundai Palisade,42,42 Years,42,42 Years,2,Female,2,Female,1,Driver of a Motor Vehicle In-Transport,,,,,2,Suspected Minor Injury (B),2,Suspected Minor Injury (B),11,"Front Seat, Left Side",11,"Front Seat, Left Side",3,Shoulder and Lap Belt Used,0,No Indication of Misuse,20,Not Applicable,7,None Used/Not Applicable,1,Deployed- Front,0,Not Ejected,0,Not Ejected,0,No (Alcohol Not Involved),0,No (Alcohol Not Involved),0,Test Not Given,0,Test Not Given,996,Test Not Given,0,No (drugs not involved),5,EMS Ground,0,0,Occupant of a Motor Vehicle
202304636984,2,2,2,58,58,6,2,"Midwest (OH, IN, IL, MI, WI, MN, ND, SD, NE, IA, MO, KS)",1,Urban Area,6,Stratum 6 - LMY PV Minor Injury,4143,52.072729333,1,January,14,2:00pm-2:59pm,37,37,12,Motor Vehicle In-Transport,8,Sideswipe - Opposite Direction,0,No,2022.0,2022,498.0,Hyundai,25847.0,Palisade,7.0,Sport Utility Vehicle (SUV)/Multi-Purpose Vehicle (MPV),55.0,Hyundai,15.0,"Large utility (ANSI D16.1 Utility Vehicle Categories and ""Full Size"" and ""Large"")",0.0,Not Applicable,11.0,"Class 1: 6,000 lbs. or less (2,722 kg or less)",11.0,"Class 1: 6,000 lbs. or less (2,722 kg or less)",0.0,No Trailers,0.0,No Special Use Noted,0.0,Not Applicable,0.0,No Rollover,10.0,10 Clock Point,0.0,No or Not Reported,55422.0,Hyundai Palisade,6,6 Years,6,6 Years,2,Female,2,Female,2,Passenger of a Motor Vehicle In-Transport,,,,,0,No Apparent Injury (O),0,No Apparent Injury (O),21,"Second Seat, Left Side",21,"Second Seat, Left Side",12,Booster Seat,0,No Indication of Misuse,20,Not Applicable,7,None Used/Not Applicable,2,"Deployed- Side (door, seatback)",0,Not Ejected,0,Not Ejected,0,No (Alcohol Not Involved),0,No (Alcohol Not Involved),0,Test Not Given,0,Test Not Given,996,Test Not Given,0,No (drugs not involved),0,Not Transported for Treatment,0,0,Occupant of a Motor Vehicle
202304636984,2,2,3,58,58,6,2,"Midwest (OH, IN, IL, MI, WI, MN, ND, SD, NE, IA, MO, KS)",1,Urban Area,6,Stratum 6 - LMY PV Minor Injury,4143,52.072729333,1,January,14,2:00pm-2:59pm,37,37,12,Motor Vehicle In-Transport,8,Sideswipe - Opposite Direction,0,No,2022.0,2022,498.0,Hyundai,25847.0,Palisade,7.0,Sport Utility Vehicle (SUV)/Multi-Purpose Vehicle (MPV),55.0,Hyundai,15.0,"Large utility (ANSI D16.1 Utility Vehicle Categories and ""Full Size"" and ""Large"")",0.0,Not Applicable,11.0,"Class 1: 6,000 lbs. or less (2,722 kg or less)",11.0,"Class 1: 6,000 lbs. or less (2,722 kg or less)",0.0,No Trailers,0.0,No Special Use Noted,0.0,Not Applicable,0.0,No Rollover,10.0,10 Clock Point,0.0,No or Not Reported,55422.0,Hyundai Palisade,4,4 Years,4,4 Years,2,Female,2,Female,2,Passenger of a Motor Vehicle In-Transport,,,,,0,No Apparent Injury (O),0,No Apparent Injury (O),23,"Second Seat, Right Side",23,"Second Seat, Right Side",12,Booster Seat,0,No Indication of Misuse,20,Not Applicable,7,None Used/Not Applicable,20,Not Deployed,0,Not Ejected,0,Not Ejected,0,No (Alcohol Not Involved),0,No (Alcohol Not Involved),0,Test Not Given,0,Test Not Given,996,Test Not Given,0,No (drugs not involved),0,Not Transported for Treatment,0,0,Occupant of a Motor Vehicle
202304637026,2,1,1,40,40,15,3,"South (MD, DE, DC, WV, VA, KY, TN, NC, SC, GA, FL, AL, MS, LA, AR, OK, TX)",1,Urban Area,8,Stratum 8 - NLMY PV Minor Injury,4147,134.72857413,1,January,21,9:00pm-9:59pm,42,42,12,Motor Vehicle In-Transport,6,Angle,0,No,2008.0,2008,473.0,Mazda,2076.0,CX-7,7.0,Sport Utility Vehicle (SUV)/Multi-Purpose Vehicle (MPV),41.0,Mazda,5.0,5-door/4-door hatchback,0.0,Not Applicable,11.0,"Class 1: 6,000 lbs. or less (2,722 kg or less)",11.0,"Class 1: 6,000 lbs. or less (2,722 kg or less)",0.0,No Trailers,0.0,No Special Use Noted,0.0,Not Applicable,0.0,No Rollover,3.0,3 Clock Point,0.0,No or Not Reported,41053.0,Mazda CX-7,22,22 Years,22,22 Years,1,Male,1,Male,1,Driver of a Motor Vehicle In-Transport,,,,,0,No Apparent Injury (O),0,No Apparent Injury (O),11,"Front Seat, Left Side",11,"Front Seat, Left Side",98,Not Reported,7,None Used/Not Applicable,20,Not Applicable,7,None Used/Not Applicable,20,Not Deployed,0,Not Ejected,0,Not Ejected,9,Reported as Unknown,0,No (Alcohol Not Involved),0,Test Not Given,0,Test Not Given,996,Test Not Given,9,Reported as Unknown,0,Not Transported for Treatment,0,0,Occupant of a Motor Vehicle
202304637026,2,2,1,40,40,15,3,"South (MD, DE, DC, WV, VA, KY, TN, NC, SC, GA, FL, AL, MS, LA, AR, OK, TX)",1,Urban Area,8,Stratum 8 - NLMY PV Minor Injury,4147,134.72857413,1,January,21,9:00pm-9:59pm,42,42,12,Motor Vehicle In-Transport,6,Angle,0,No,2007.0,2007,460.0,Ford,1800.0,Explorer,7.0,Sport Utility Vehicle (SUV)/Multi-Purpose Vehicle (MPV),12.0,Ford,14.0,"Compact Utility (Utility Vehicle Categories ""Small"" and ""Midsize"")",0.0,Not Applicable,12.0,"Class 2: 6,001 - 10,000 lbs. (2,722 - 4,536 kg)",12.0,"Class 2: 6,001 - 10,000 lbs. (2,722 - 4,536 kg)",0.0,No Trailers,0.0,No Special Use Noted,0.0,Not Applicable,0.0,No Rollover,12.0,12 Clock Point,0.0,No or Not Reported,12401.0,"Ford Bronco (thru 1977)/Bronco II/Explorer/Explorer Sport (Explorer for 1990-2018 only.  For model years 2019 on, see 12-425.)",28,28 Years,28,28 Years,1,Male,1,Male,1,Driver of a Motor Vehicle In-Transport,,,,,0,No Apparent Injury (O),0,No Apparent Injury (O),11,"Front Seat, Left Side",11,"Front Seat, Left Side",98,Not Reported,7,None Used/Not Applicable,20,Not Applicable,7,None Used/Not Applicable,20,Not Deployed,0,Not Ejected,0,Not Ejected,9,Reported as Unknown,0,No (Alcohol Not Involved),0,Test Not Given,0,Test Not Given,996,Test Not Given,9,Reported as Unknown,0,Not Transported for Treatment,0,0,Occupant of a Motor Vehicle
202304637026,2,2,2,40,40,15,3,"South (MD, DE, DC, WV, VA, KY, TN, NC, SC, GA, FL, AL, MS, LA, AR, OK, TX)",1,Urban Area,8,Stratum 8 - NLMY PV Minor Injury,4147,134.72857413,1,January,21,9:00pm-9:59pm,42,42,12,Motor Vehicle In-Transport,6,Angle,0,No,2007.0,2007,460.0,Ford,1800.0,Explorer,7.0,Sport Utility Vehicle (SUV)/Multi-Purpose Vehicle (MPV),12.0,Ford,14.0,"Compact Utility (Utility Vehicle Categories ""Small"" and ""Midsize"")",0.0,Not Applicable,12.0,"Class 2: 6,001 - 10,000 lbs. (2,722 - 4,536 kg)",12.0,"Class 2: 6,001 - 10,000 lbs. (2,722 - 4,536 kg)",0.0,No Trailers,0.0,No Special Use Noted,0.0,Not Applicable,0.0,No Rollover,12.0,12 Clock Point,0.0,No or Not Reported,12401.0,"Ford Bronco (thru 1977)/Bronco II/Explorer/Explorer Sport (Explorer for 1990-2018 only.  For model years 2019 on, see 12-425.)",23,23 Years,23,23 Years,2,Female,2,Female,2,Passenger of a Motor Vehicle In-Transport,,,,,2,Suspected Minor Injury (B),2,Suspected Minor Injury (B),13,"Front Seat, Right Side",13,"Front Seat, Right Side",98,Not Reported,7,None Used/Not Applicable,20,Not Applicable,7,None Used/Not Applicable,20,Not Deployed,0,Not Ejected,0,Not Ejected,8,Not Reported,0,No (Alcohol Not Involved),0,Test Not Given,0,Test Not Given,996,Test Not Given,8,Not Reported,3,EMS Unknown Mode,0,0,Occupant of a Motor Vehicle
202304637033,1,1,1,40,40,15,3,"South (MD, DE, DC, WV, VA, KY, TN, NC, SC, GA, FL, AL, MS, LA, AR, OK, TX)",1,Urban Area,10,Stratum 10 - Other,4147,221.35366521,1,January,7,7:00am-7:59am,30,30,34,Ditch,0,The First Harmful Event was Not a Collision with a Motor Vehicle In-Transport,0,No,2010.0,2010,476.0,Dodge,14832.0,Grand Caravan,2.0,Minivan,7.0,Dodge,20.0,"Minivan (Chrysler Town and Country, Caravan, Grand Caravan, Voyager, Voyager, Honda-Odyssey, ...)",0.0,Not Applicable,12.0,"Class 2: 6,001 - 10,000 lbs. (2,722 - 4,536 kg)",12.0,"Class 2: 6,001 - 10,000 lbs. (2,722 - 4,536 kg)",0.0,No Trailers,0.0,No Special Use Noted,0.0,Not Applicable,0.0,No Rollover,4.0,4 Clock Point,0.0,No or Not Reported,7442.0,Dodge Caravan/Grand Caravan,33,33 Years,33,33 Years,1,Male,1,Male,1,Driver of a Motor Vehicle In-Transport,,,,,0,No Apparent Injury (O),0,No Apparent Injury (O),11,"Front Seat, Left Side",11,"Front Seat, Left Side",3,Shoulder and Lap Belt Used,0,No Indication of Misuse,20,Not Applicable,7,None Used/Not Applicable,1,Deployed- Front,0,Not Ejected,0,Not Ejected,0,No (Alcohol Not Involved),0,No (Alcohol Not Involved),0,Test Not Given,0,Test Not Given,996,Test Not Given,0,No (drugs not involved),0,Not Transported for Treatment,0,0,Occupant of a Motor Vehicle
202304637470,2,1,1,25,25,8,2,"Midwest (OH, IN, IL, MI, WI, MN, ND, SD, NE, IA, MO, KS)",1,Urban Area,8,Stratum 8 - NLMY PV Minor Injury,4150,131.83084766,1,January,16,4:00pm-4:59pm,1,1,12,Motor Vehicle In-Transport,1,Front-to-Rear,0,No,2005.0,2005,476.0,Dodge,1938.0,Ram,60.0,Pickup,7.0,Dodge,34.0,Light Pickup,0.0,Not Applicable,12.0,"Class 2: 6,001 - 10,000 lbs. (2,722 - 4,536 kg)",12.0,"Class 2: 6,001 - 10,000 lbs. (2,722 - 4,536 kg)",0.0,No Trailers,0.0,No Special Use Noted,0.0,Not Applicable,0.0,No Rollover,6.0,6 Clock Point,0.0,No or Not Reported,7482.0,Dodge Ram Pickup,62,62 Years,62,62 Years,1,Male,1,Male,1,Driver of a Motor Vehicle In-Transport,,,,,1,Possible Injury (C),1,Possible Injury (C),11,"Front Seat, Left Side",11,"Front Seat, Left Side",3,Shoulder and Lap Belt Used,0,No Indication of Misuse,20,Not Applicable,7,None Used/Not Applicable,20,Not Deployed,0,Not Ejected,0,Not Ejected,8,Not Reported,0,No (Alcohol Not Involved),0,Test Not Given,0,Test Not Given,996,Test Not Given,8,Not Reported,8,Not Reported,0,0,Occupant of a Motor Vehicle
202304637470,2,2,1,25,25,8,2,"Midwest (OH, IN, IL, MI, WI, MN, ND, SD, NE, IA, MO, KS)",1,Urban Area,8,Stratum 8 - NLMY PV Minor Injury,4150,131.83084766,1,January,16,4:00pm-4:59pm,1,1,12,Motor Vehicle In-Transport,1,Front-to-Rear,0,No,2010.0,2010,483.0,Jeep,1948.0,Commander,7.0,Sport Utility Vehicle (SUV)/Multi-Purpose Vehicle (MPV),2.0,Jeep / Kaiser-Jeep / Willys- Jeep,14.0,"Compact Utility (Utility Vehicle Categories ""Small"" and ""Midsize"")",0.0,Not Applicable,12.0,"Class 2: 6,001 - 10,000 lbs. (2,722 - 4,536 kg)",12.0,"Class 2: 6,001 - 10,000 lbs. (2,722 - 4,536 kg)",0.0,No Trailers,0.0,No Special Use Noted,0.0,Not Applicable,0.0,No Rollover,12.0,12 Clock Point,0.0,No or Not Reported,2406.0,Jeep / Kaiser-Jeep / Willys- Jeep Commander,17,17 Years,17,17 Years,2,Female,2,Female,1,Driver of a Motor Vehicle In-Transport,,,,,1,Possible Injury (C),1,Possible Injury (C),11,"Front Seat, Left Side",11,"Front Seat, Left Side",3,Shoulder and Lap Belt Used,0,No Indication of Misuse,20,Not Applicable,7,None Used/Not Applicable,9,Deployment- Unknown Location,0,Not Ejected,0,Not Ejected,8,Not Reported,0,No (Alcohol Not Involved),0,Test Not Given,0,Test Not Given,996,Test Not Given,8,Not Reported,0,Not Transported for Treatment,0,0,Occupant of a Motor Vehicle
202304637474,2,1,1,25,25,8,2,"Midwest (OH, IN, IL, MI, WI, MN, ND, SD, NE, IA, MO, KS)",1,Urban Area,9,Stratum 9 - LMY PV No Injuries in Crash,4150,138.4046856,1,January,15,3:00pm-3:59pm,45,45,12,Motor Vehicle In-Transport,6,Angle,0,No,2020.0,2020,499.0,Kia,2770.0,Sportage,7.0,Sport Utility Vehicle (SUV)/Multi-Purpose Vehicle (MPV),63.0,KIA,14.0,"Compact Utility (Utility Vehicle Categories ""Small"" and ""Midsize"")",0.0,Not Applicable,11.0,"Class 1: 6,000 lbs. or less (2,722 kg or less)",11.0,"Class 1: 6,000 lbs. or less (2,722 kg or less)",0.0,No Trailers,0.0,No Special Use Noted,0.0,Not Applicable,0.0,No Rollover,5.0,5 Clock Point,0.0,No or Not Reported,63401.0,KIA Sportage,61,61 Years,61,61 Years,2,Female,2,Female,1,Driver of a Motor Vehicle In-Transport,,,,,0,No Apparent Injury (O),0,No Apparent Injury (O),11,"Front Seat, Left Side",11,"Front Seat, Left Side",3,Shoulder and Lap Belt Used,0,No Indication of Misuse,20,Not Applicable,7,None Used/Not Applicable,20,Not Deployed,0,Not Ejected,0,Not Ejected,8,Not Reported,0,No (Alcohol Not Involved),0,Test Not Given,0,Test Not Given,996,Test Not Given,8,Not Reported,0,Not Transported for Treatment,0,0,Occupant of a Motor Vehicle
202304637474,2,2,1,25,25,8,2,"Midwest (OH, IN, IL, MI, WI, MN, ND, SD, NE, IA, MO, KS)",1,Urban Area,9,Stratum 9 - LMY PV No Injuries in Crash,4150,138.4046856,1,January,15,3:00pm-3:59pm,45,45,12,Motor Vehicle In-Transport,6,Angle,0,No,9999.0,Unknown,483.0,Jeep,1945.0,Cherokee,7.0,Sport Utility Vehicle (SUV)/Multi-Purpose Vehicle (MPV),2.0,Jeep / Kaiser-Jeep / Willys- Jeep,49.0,"Unknown light vehicle type (automobile,utility vehicle, van, or light truck)",0.0,Not Applicable,11.0,"Class 1: 6,000 lbs. or less (2,722 kg or less)",12.0,"Class 2: 6,001 - 10,000 lbs. (2,722 - 4,536 kg)",0.0,No Trailers,0.0,No Special Use Noted,0.0,Not Applicable,0.0,No Rollover,12.0,12 Clock Point,0.0,No or Not Reported,2999.0,Jeep / Kaiser-Jeep / Willys- Jeep Unknown (JEEP),998,Not Reported,67,67 Years,8,Not Reported,2,Female,1,Driver of a Motor Vehicle In-Transport,,,,,9,Unknown/Not Reported,0,No Apparent Injury (O),11,"Front Seat, Left Side",11,"Front Seat, Left Side",99,Reported as Unknown,7,None Used/Not Applicable,20,Not Applicable,7,None Used/Not Applicable,98,Not Reported,7,Not Reported,0,Not Ejected,8,Not Reported,0,No (Alcohol Not Involved),0,Test Not Given,0,Test Not Given,996,Test Not Given,8,Not Reported,0,Not Transported for Treatment,0,0,Occupant of a Motor Vehicle
202304637482,2,1,1,25,25,8,2,"Midwest (OH, IN, IL, MI, WI, MN, ND, SD, NE, IA, MO, KS)",1,Urban Area,10,Stratum 10 - Other,4150,218.84769319,1,January,9,9:00am-9:59am,51,51,12,Motor Vehicle In-Transport,7,Sideswipe - Same Direction,0,No,2006.0,2006,467.0,Chevrolet,1833.0,Impala,13.0,Sedan/Saloon,20.0,Chevrolet,4.0,"4-door sedan, hardtop",0.0,Not Applicable,11.0,"Class 1: 6,000 lbs. or less (2,722 kg or less)",11.0,"Class 1: 6,000 lbs. or less (2,722 kg or less)",0.0,No Trailers,0.0,No Special Use Noted,0.0,Not Applicable,0.0,No Rollover,4.0,4 Clock Point,0.0,No or Not Reported,20002.0,"Chevrolet Impala/Caprice (For SS from 2014 on, use 20-021.)",75,75 Years,75,75 Years,1,Male,1,Male,1,Driver of a Motor Vehicle In-Transport,,,,,0,No Apparent Injury (O),0,No Apparent Injury (O),11,"Front Seat, Left Side",11,"Front Seat, Left Side",3,Shoulder and Lap Belt Used,0,No Indication of Misuse,20,Not Applicable,7,None Used/Not Applicable,20,Not Deployed,0,Not Ejected,0,Not Ejected,8,Not Reported,0,No (Alcohol Not Involved),0,Test Not Given,0,Test Not Given,996,Test Not Given,8,Not Reported,0,Not Transported for Treatment,0,0,Occupant of a Motor Vehicle
202304637482,2,1,2,25,25,8,2,"Midwest (OH, IN, IL, MI, WI, MN, ND, SD, NE, IA, MO, KS)",1,Urban Area,10,Stratum 10 - Other,4150,218.84769319,1,January,9,9:00am-9:59am,51,51,12,Motor Vehicle In-Transport,7,Sideswipe - Same Direction,0,No,2006.0,2006,467.0,Chevrolet,1833.0,Impala,13.0,Sedan/Saloon,20.0,Chevrolet,4.0,"4-door sedan, hardtop",0.0,Not Applicable,11.0,"Class 1: 6,000 lbs. or less (2,722 kg or less)",11.0,"Class 1: 6,000 lbs. or less (2,722 kg or less)",0.0,No Trailers,0.0,No Special Use Noted,0.0,Not Applicable,0.0,No Rollover,4.0,4 Clock Point,0.0,No or Not Reported,20002.0,"Chevrolet Impala/Caprice (For SS from 2014 on, use 20-021.)",87,87 Years,87,87 Years,2,Female,2,Female,2,Passenger of a Motor Vehicle In-Transport,,,,,0,No Apparent Injury (O),0,No Apparent Injury (O),13,"Front Seat, Right Side",13,"Front Seat, Right Side",3,Shoulder and Lap Belt Used,0,No Indication of Misuse,20,Not Applicable,7,None Used/Not Applicable,20,Not Deployed,0,Not Ejected,0,Not Ejected,8,Not Reported,0,No (Alcohol Not Involved),0,Test Not Given,0,Test Not Given,996,Test Not Given,8,Not Reported,0,Not Transported for Treatment,0,0,Occupant of a Motor Vehicle
202304637482,2,2,1,25,25,8,2,"Midwest (OH, IN, IL, MI, WI, MN, ND, SD, NE, IA, MO, KS)",1,Urban Area,10,Stratum 10 - Other,4150,218.84769319,1,January,9,9:00am-9:59am,51,51,12,Motor Vehicle In-Transport,7,Sideswipe - Same Direction,0,No,2014.0,2014,467.0,Chevrolet,1832.0,Cruze,13.0,Sedan/Saloon,20.0,Chevrolet,4.0,"4-door sedan, hardtop",0.0,Not Applicable,11.0,"Class 1: 6,000 lbs. or less (2,722 kg or less)",11.0,"Class 1: 6,000 lbs. or less (2,722 kg or less)",0.0,No Trailers,0.0,No Special Use Noted,0.0,Not Applicable,0.0,No Rollover,9.0,9 Clock Point,0.0,No or Not Reported,20025.0,Chevrolet Cruze,30,30 Years,30,30 Years,2,Female,2,Female,1,Driver of a Motor Vehicle In-Transport,,,,,0,No Apparent Injury (O),0,No Apparent Injury (O),11,"Front Seat, Left Side",11,"Front Seat, Left Side",3,Shoulder and Lap Belt Used,0,No Indication of Misuse,20,Not Applicable,7,None Used/Not Applicable,20,Not Deployed,0,Not Ejected,0,Not Ejected,8,Not Reported,0,No (Alcohol Not Involved),0,Test Not Given,0,Test Not Given,996,Test Not Given,8,Not Reported,0,Not Transported for Treatment,0,0,Occupant of a Motor Vehicle
202304637495,1,1,1,32,32,17,3,"South (MD, DE, DC, WV, VA, KY, TN, NC, SC, GA, FL, AL, MS, LA, AR, OK, TX)",2,Rural Area,8,Stratum 8 - NLMY PV Minor Injury,4145,132.26105527,1,January,14,2:00pm-2:59pm,15,15,42,Tree (Standing Only),0,The First Harmful Event was Not a Collision with a Motor Vehicle In-Transport,0,No,2012.0,2012,460.0,Ford,1800.0,Explorer,7.0,Sport Utility Vehicle (SUV)/Multi-Purpose Vehicle (MPV),12.0,Ford,14.0,"Compact Utility (Utility Vehicle Categories ""Small"" and ""Midsize"")",0.0,Not Applicable,12.0,"Class 2: 6,001 - 10,000 lbs. (2,722 - 4,536 kg)",12.0,"Class 2: 6,001 - 10,000 lbs. (2,722 - 4,536 kg)",0.0,No Trailers,0.0,No Special Use Noted,0.0,Not Applicable,0.0,No Rollover,12.0,12 Clock Point,0.0,No or Not Reported,12401.0,"Ford Bronco (thru 1977)/Bronco II/Explorer/Explorer Sport (Explorer for 1990-2018 only.  For model years 2019 on, see 12-425.)",24,24 Years,24,24 Years,2,Female,2,Female,1,Driver of a Motor Vehicle In-Transport,,,,,1,Possible Injury (C),1,Possible Injury (C),11,"Front Seat, Left Side",11,"Front Seat, Left Side",3,Shoulder and Lap Belt Used,0,No Indication of Misuse,20,Not Applicable,7,None Used/Not Applicable,1,Deployed- Front,0,Not Ejected,0,Not Ejected,0,No (Alcohol Not Involved),0,No (Alcohol Not Involved),0,Test Not Given,0,Test Not Given,996,Test Not Given,0,No (drugs not involved),5,EMS Ground,0,0,Occupant of a Motor Vehicle
202304637518,2,1,1,47,47,9,2,"Midwest (OH, IN, IL, MI, WI, MN, ND, SD, NE, IA, MO, KS)",2,Rural Area,10,Stratum 10 - Other,4153,218.1275432,1,January,19,7:00pm-7:59pm,34,34,12,Motor Vehicle In-Transport,1,Front-to-Rear,0,No,2005.0,2005,467.0,Chevrolet,4548.0,Trailblazer,7.0,Sport Utility Vehicle (SUV)/Multi-Purpose Vehicle (MPV),20.0,Chevrolet,14.0,"Compact Utility (Utility Vehicle Categories ""Small"" and ""Midsize"")",0.0,Not Applicable,11.0,"Class 1: 6,000 lbs. or less (2,722 kg or less)",11.0,"Class 1: 6,000 lbs. or less (2,722 kg or less)",0.0,No Trailers,0.0,No Special Use Noted,0.0,Not Applicable,0.0,No Rollover,6.0,6 Clock Point,0.0,No or Not Reported,20403.0,"Chevrolet TrailBlazer (2003 on; for 2002 model, see 401)",33,33 Years,33,33 Years,1,Male,1,Male,1,Driver of a Motor Vehicle In-Transport,,,,,0,No Apparent Injury (O),0,No Apparent Injury (O),11,"Front Seat, Left Side",11,"Front Seat, Left Side",3,Shoulder and Lap Belt Used,0,No Indication of Misuse,20,Not Applicable,7,None Used/Not Applicable,20,Not Deployed,0,Not Ejected,0,Not Ejected,8,Not Reported,0,No (Alcohol Not Involved),0,Test Not Given,0,Test Not Given,996,Test Not Given,8,Not Reported,0,Not Transported for Treatment,0,0,Occupant of a Motor Vehicle
202304637518,2,1,2,47,47,9,2,"Midwest (OH, IN, IL, MI, WI, MN, ND, SD, NE, IA, MO, KS)",2,Rural Area,10,Stratum 10 - Other,4153,218.1275432,1,January,19,7:00pm-7:59pm,34,34,12,Motor Vehicle In-Transport,1,Front-to-Rear,0,No,2005.0,2005,467.0,Chevrolet,4548.0,Trailblazer,7.0,Sport Utility Vehicle (SUV)/Multi-Purpose Vehicle (MPV),20.0,Chevrolet,14.0,"Compact Utility (Utility Vehicle Categories ""Small"" and ""Midsize"")",0.0,Not Applicable,11.0,"Class 1: 6,000 lbs. or less (2,722 kg or less)",11.0,"Class 1: 6,000 lbs. or less (2,722 kg or less)",0.0,No Trailers,0.0,No Special Use Noted,0.0,Not Applicable,0.0,No Rollover,6.0,6 Clock Point,0.0,No or Not Reported,20403.0,"Chevrolet TrailBlazer (2003 on; for 2002 model, see 401)",27,27 Years,27,27 Years,2,Female,2,Female,2,Passenger of a Motor Vehicle In-Transport,,,,,0,No Apparent Injury (O),0,No Apparent Injury (O),22,"Second Seat, Middle",22,"Second Seat, Middle",2,Lap Belt Only Used,0,No Indication of Misuse,20,Not Applicable,7,None Used/Not Applicable,20,Not Deployed,0,Not Ejected,0,Not Ejected,8,Not Reported,0,No (Alcohol Not Involved),0,Test Not Given,0,Test Not Given,996,Test Not Given,8,Not Reported,0,Not Transported for Treatment,0,0,Occupant of a Motor Vehicle
202304637518,2,2,1,47,47,9,2,"Midwest (OH, IN, IL, MI, WI, MN, ND, SD, NE, IA, MO, KS)",2,Rural Area,10,Stratum 10 - Other,4153,218.1275432,1,January,19,7:00pm-7:59pm,34,34,12,Motor Vehicle In-Transport,1,Front-to-Rear,0,No,2012.0,2012,477.0,Chrysler,1878.0,300,13.0,Sedan/Saloon,6.0,Chrysler,4.0,"4-door sedan, hardtop",0.0,Not Applicable,11.0,"Class 1: 6,000 lbs. or less (2,722 kg or less)",11.0,"Class 1: 6,000 lbs. or less (2,722 kg or less)",0.0,No Trailers,0.0,No Special Use Noted,0.0,Not Applicable,0.0,No Rollover,12.0,12 Clock Point,0.0,No or Not Reported,6051.0,Chrysler 300M/300/300C/300S,41,41 Years,41,41 Years,1,Male,1,Male,1,Driver of a Motor Vehicle In-Transport,,,,,0,No Apparent Injury (O),0,No Apparent Injury (O),11,"Front Seat, Left Side",11,"Front Seat, Left Side",3,Shoulder and Lap Belt Used,0,No Indication of Misuse,20,Not Applicable,7,None Used/Not Applicable,20,Not Deployed,0,Not Ejected,0,Not Ejected,8,Not Reported,0,No (Alcohol Not Involved),0,Test Not Given,0,Test Not Given,996,Test Not Given,8,Not Reported,0,Not Transported for Treatment,0,0,Occupant of a Motor Vehicle
202304637518,2,2,2,47,47,9,2,"Midwest (OH, IN, IL, MI, WI, MN, ND, SD, NE, IA, MO, KS)",2,Rural Area,10,Stratum 10 - Other,4153,218.1275432,1,January,19,7:00pm-7:59pm,34,34,12,Motor Vehicle In-Transport,1,Front-to-Rear,0,No,2012.0,2012,477.0,Chrysler,1878.0,300,13.0,Sedan/Saloon,6.0,Chrysler,4.0,"4-door sedan, hardtop",0.0,Not Applicable,11.0,"Class 1: 6,000 lbs. or less (2,722 kg or less)",11.0,"Class 1: 6,000 lbs. or less (2,722 kg or less)",0.0,No Trailers,0.0,No Special Use Noted,0.0,Not Applicable,0.0,No Rollover,12.0,12 Clock Point,0.0,No or Not Reported,6051.0,Chrysler 300M/300/300C/300S,33,33 Years,33,33 Years,2,Female,2,Female,2,Passenger of a Motor Vehicle In-Transport,,,,,0,No Apparent Injury (O),0,No Apparent Injury (O),13,"Front Seat, Right Side",13,"Front Seat, Right Side",3,Shoulder and Lap Belt Used,0,No Indication of Misuse,20,Not Applicable,7,None Used/Not Applicable,20,Not Deployed,0,Not Ejected,0,Not Ejected,8,Not Reported,0,No (Alcohol Not Involved),0,Test Not Given,0,Test Not Given,996,Test Not Given,8,Not Reported,0,Not Transported for Treatment,0,0,Occupant of a Motor Vehicle
202304637518,2,2,3,47,47,9,2,"Midwest (OH, IN, IL, MI, WI, MN, ND, SD, NE, IA, MO, KS)",2,Rural Area,10,Stratum 10 - Other,4153,218.1275432,1,January,19,7:00pm-7:59pm,34,34,12,Motor Vehicle In-Transport,1,Front-to-Rear,0,No,2012.0,2012,477.0,Chrysler,1878.0,300,13.0,Sedan/Saloon,6.0,Chrysler,4.0,"4-door sedan, hardtop",0.0,Not Applicable,11.0,"Class 1: 6,000 lbs. or less (2,722 kg or less)",11.0,"Class 1: 6,000 lbs. or less (2,722 kg or less)",0.0,No Trailers,0.0,No Special Use Noted,0.0,Not Applicable,0.0,No Rollover,12.0,12 Clock Point,0.0,No or Not Reported,6051.0,Chrysler 300M/300/300C/300S,17,17 Years,17,17 Years,2,Female,2,Female,2,Passenger of a Motor Vehicle In-Transport,,,,,0,No Apparent Injury (O),0,No Apparent Injury (O),21,"Second Seat, Left Side",21,"Second Seat, Left Side",3,Shoulder and Lap Belt Used,0,No Indication of Misuse,20,Not Applicable,7,None Used/Not Applicable,20,Not Deployed,0,Not Ejected,0,Not Ejected,8,Not Reported,0,No (Alcohol Not Involved),0,Test Not Given,0,Test Not Given,996,Test Not Given,8,Not Reported,0,Not Transported for Treatment,0,0,Occupant of a Motor Vehicle
202304637518,2,2,4,47,47,9,2,"Midwest (OH, IN, IL, MI, WI, MN, ND, SD, NE, IA, MO, KS)",2,Rural Area,10,Stratum 10 - Other,4153,218.1275432,1,January,19,7:00pm-7:59pm,34,34,12,Motor Vehicle In-Transport,1,Front-to-Rear,0,No,2012.0,2012,477.0,Chrysler,1878.0,300,13.0,Sedan/Saloon,6.0,Chrysler,4.0,"4-door sedan, hardtop",0.0,Not Applicable,11.0,"Class 1: 6,000 lbs. or less (2,722 kg or less)",11.0,"Class 1: 6,000 lbs. or less (2,722 kg or less)",0.0,No Trailers,0.0,No Special Use Noted,0.0,Not Applicable,0.0,No Rollover,12.0,12 Clock Point,0.0,No or Not Reported,6051.0,Chrysler 300M/300/300C/300S,12,12 Years,12,12 Years,2,Female,2,Female,2,Passenger of a Motor Vehicle In-Transport,,,,,0,No Apparent Injury (O),0,No Apparent Injury (O),23,"Second Seat, Right Side",23,"Second Seat, Right Side",3,Shoulder and Lap Belt Used,0,No Indication of Misuse,20,Not Applicable,7,None Used/Not Applicable,20,Not Deployed,0,Not Ejected,0,Not Ejected,8,Not Reported,0,No (Alcohol Not Involved),0,Test Not Given,0,Test Not Given,996,Test Not Given,8,Not Reported,0,Not Transported for Treatment,0,0,Occupant of a Motor Vehicle
202304637519,1,0,1,67,67,8,2,"Midwest (OH, IN, IL, MI, WI, MN, ND, SD, NE, IA, MO, KS)",1,Urban Area,2,Stratum 2 - Not a MV Occupant Any Injury,4152,22.85254939,1,January,15,3:00pm-3:59pm,53,53,9,Pedalcyclist,0,The First Harmful Event was Not a Collision with a Motor Vehicle In-Transport,0,No,,,,,,,,,,,,,,,,,,,,,,,,,,,,,,,,,34,34 Years,34,34 Years,1,Male,1,Male,6,Bicyclist,3.0,Bicycle,1.0,Not Motorized,1,Possible Injury (C),1,Possible Injury (C),0,Not a Motor Vehicle Occupant,0,Not a Motor Vehicle Occupant,96,Not a Motor Vehicle Occupant,8,Not a Motor Vehicle Occupant,96,Not a Motor Vehicle Occupant,8,Not a Motor Vehicle Occupant,97,Not a Motor Vehicle Occupant,8,Not Applicable,8,Not Applicable,8,Not Reported,0,No (Alcohol Not Involved),0,Test Not Given,0,Test Not Given,996,Test Not Given,8,Not Reported,0,Not Transported for Treatment,1,11,"Not at Intersection - On Roadway, Not in Marked Crosswalk"
202304637519,1,1,1,67,67,8,2,"Midwest (OH, IN, IL, MI, WI, MN, ND, SD, NE, IA, MO, KS)",1,Urban Area,2,Stratum 2 - Not a MV Occupant Any Injury,4152,22.85254939,1,January,15,3:00pm-3:59pm,53,53,9,Pedalcyclist,0,The First Harmful Event was Not a Collision with a Motor Vehicle In-Transport,0,No,2016.0,2016,460.0,Ford,1800.0,Explorer,7.0,Sport Utility Vehicle (SUV)/Multi-Purpose Vehicle (MPV),12.0,Ford,14.0,"Compact Utility (Utility Vehicle Categories ""Small"" and ""Midsize"")",0.0,Not Applicable,12.0,"Class 2: 6,001 - 10,000 lbs. (2,722 - 4,536 kg)",12.0,"Class 2: 6,001 - 10,000 lbs. (2,722 - 4,536 kg)",0.0,No Trailers,5.0,Police,5.0,"Emergency Operation, Emergency Warning Equipment in Use",0.0,No Rollover,12.0,12 Clock Point,0.0,No or Not Reported,12401.0,"Ford Bronco (thru 1977)/Bronco II/Explorer/Explorer Sport (Explorer for 1990-2018 only.  For model years 2019 on, see 12-425.)",27,27 Years,27,27 Years,1,Male,1,Male,1,Driver of a Motor Vehicle In-Transport,,,,,0,No Apparent Injury (O),0,No Apparent Injury (O),11,"Front Seat, Left Side",11,"Front Seat, Left Side",3,Shoulder and Lap Belt Used,0,No Indication of Misuse,20,Not Applicable,7,None Used/Not Applicable,20,Not Deployed,0,Not Ejected,0,Not Ejected,8,Not Reported,0,No (Alcohol Not Involved),0,Test Not Given,0,Test Not Given,996,Test Not Given,8,Not Reported,0,Not Transported for Treatment,0,0,Occupant of a Motor Vehicle
202304637520,3,1,1,67,67,8,2,"Midwest (OH, IN, IL, MI, WI, MN, ND, SD, NE, IA, MO, KS)",1,Urban Area,4,Stratum 4 - LMY PV Serious Injury,4152,17.368065388,1,January,17,5:00pm-5:59pm,14,14,12,Motor Vehicle In-Transport,6,Angle,0,No,2021.0,2021,499.0,Kia,2462.0,Forte,13.0,Sedan/Saloon,63.0,KIA,4.0,"4-door sedan, hardtop",0.0,Not Applicable,11.0,"Class 1: 6,000 lbs. or less (2,722 kg or less)",11.0,"Class 1: 6,000 lbs. or less (2,722 kg or less)",0.0,No Trailers,0.0,No Special Use Noted,0.0,Not Applicable,0.0,No Rollover,3.0,3 Clock Point,0.0,No or Not Reported,63038.0,KIA Forte,20,20 Years,20,20 Years,1,Male,1,Male,1,Driver of a Motor Vehicle In-Transport,,,,,3,Suspected Serious Injury (A),3,Suspected Serious Injury (A),11,"Front Seat, Left Side",11,"Front Seat, Left Side",3,Shoulder and Lap Belt Used,0,No Indication of Misuse,20,Not Applicable,7,None Used/Not Applicable,8,Deployed- Combination,0,Not Ejected,0,Not Ejected,8,Not Reported,0,No (Alcohol Not Involved),0,Test Not Given,0,Test Not Given,996,Test Not Given,8,Not Reported,5,EMS Ground,0,0,Occupant of a Motor Vehicle
202304637520,3,1,2,67,67,8,2,"Midwest (OH, IN, IL, MI, WI, MN, ND, SD, NE, IA, MO, KS)",1,Urban Area,4,Stratum 4 - LMY PV Serious Injury,4152,17.368065388,1,January,17,5:00pm-5:59pm,14,14,12,Motor Vehicle In-Transport,6,Angle,0,No,2021.0,2021,499.0,Kia,2462.0,Forte,13.0,Sedan/Saloon,63.0,KIA,4.0,"4-door sedan, hardtop",0.0,Not Applicable,11.0,"Class 1: 6,000 lbs. or less (2,722 kg or less)",11.0,"Class 1: 6,000 lbs. or less (2,722 kg or less)",0.0,No Trailers,0.0,No Special Use Noted,0.0,Not Applicable,0.0,No Rollover,3.0,3 Clock Point,0.0,No or Not Reported,63038.0,KIA Forte,28,28 Years,28,28 Years,1,Male,1,Male,2,Passenger of a Motor Vehicle In-Transport,,,,,4,Fatal Injury (K),4,Fatal Injury (K),23,"Second Seat, Right Side",23,"Second Seat, Right Side",98,Not Reported,7,None Used/Not Applicable,20,Not Applicable,7,None Used/Not Applicable,20,Not Deployed,0,Not Ejected,0,Not Ejected,8,Not Reported,0,No (Alcohol Not Involved),8,Not Reported,95,Not Reported,995,Not Reported,8,Not Reported,5,EMS Ground,0,0,Occupant of a Motor Vehicle
202304637520,3,1,3,67,67,8,2,"Midwest (OH, IN, IL, MI, WI, MN, ND, SD, NE, IA, MO, KS)",1,Urban Area,4,Stratum 4 - LMY PV Serious Injury,4152,17.368065388,1,January,17,5:00pm-5:59pm,14,14,12,Motor Vehicle In-Transport,6,Angle,0,No,2021.0,2021,499.0,Kia,2462.0,Forte,13.0,Sedan/Saloon,63.0,KIA,4.0,"4-door sedan, hardtop",0.0,Not Applicable,11.0,"Class 1: 6,000 lbs. or less (2,722 kg or less)",11.0,"Class 1: 6,000 lbs. or less (2,722 kg or less)",0.0,No Trailers,0.0,No Special Use Noted,0.0,Not Applicable,0.0,No Rollover,3.0,3 Clock Point,0.0,No or Not Reported,63038.0,KIA Forte,56,56 Years,56,56 Years,1,Male,1,Male,2,Passenger of a Motor Vehicle In-Transport,,,,,4,Fatal Injury (K),4,Fatal Injury (K),13,"Front Seat, Right Side",13,"Front Seat, Right Side",98,Not Reported,7,None Used/Not Applicable,20,Not Applicable,7,None Used/Not Applicable,20,Not Deployed,0,Not Ejected,0,Not Ejected,8,Not Reported,0,No (Alcohol Not Involved),8,Not Reported,95,Not Reported,995,Not Reported,8,Not Reported,5,EMS Ground,0,0,Occupant of a Motor Vehicle
202304637520,3,2,1,67,67,8,2,"Midwest (OH, IN, IL, MI, WI, MN, ND, SD, NE, IA, MO, KS)",1,Urban Area,4,Stratum 4 - LMY PV Serious Injury,4152,17.368065388,1,January,17,5:00pm-5:59pm,14,14,12,Motor Vehicle In-Transport,6,Angle,0,No,2019.0,2019,472.0,GMC,24910.0,Sierra Limited,60.0,Pickup,23.0,GMC,34.0,Light Pickup,0.0,Not Applicable,12.0,"Class 2: 6,001 - 10,000 lbs. (2,722 - 4,536 kg)",12.0,"Class 2: 6,001 - 10,000 lbs. (2,722 - 4,536 kg)",0.0,No Trailers,0.0,No Special Use Noted,0.0,Not Applicable,0.0,No Rollover,12.0,12 Clock Point,0.0,No or Not Reported,23481.0,"GMC C, K, R, V-series pickup/     Sierra",57,57 Years,57,57 Years,1,Male,1,Male,1,Driver of a Motor Vehicle In-Transport,,,,,2,Suspected Minor Injury (B),2,Suspected Minor Injury (B),11,"Front Seat, Left Side",11,"Front Seat, Left Side",3,Shoulder and Lap Belt Used,0,No Indication of Misuse,20,Not Applicable,7,None Used/Not Applicable,8,Deployed- Combination,0,Not Ejected,0,Not Ejected,8,Not Reported,0,No (Alcohol Not Involved),0,Test Not Given,0,Test Not Given,996,Test Not Given,8,Not Reported,6,Other,0,0,Occupant of a Motor Vehicle
202304637520,3,3,1,67,67,8,2,"Midwest (OH, IN, IL, MI, WI, MN, ND, SD, NE, IA, MO, KS)",1,Urban Area,4,Stratum 4 - LMY PV Serious Injury,4152,17.368065388,1,January,17,5:00pm-5:59pm,14,14,12,Motor Vehicle In-Transport,6,Angle,0,No,2022.0,2022,515.0,Lexus,2214.0,RX,999.0,Unknown,59.0,Lexus,9.0,Other or Unknown automobile type,0.0,Not Applicable,11.0,"Class 1: 6,000 lbs. or less (2,722 kg or less)",12.0,"Class 2: 6,001 - 10,000 lbs. (2,722 - 4,536 kg)",0.0,No Trailers,0.0,No Special Use Noted,0.0,Not Applicable,0.0,No Rollover,12.0,12 Clock Point,0.0,No or Not Reported,59399.0,Lexus Unknown (automobile),52,52 Years,52,52 Years,2,Female,2,Female,1,Driver of a Motor Vehicle In-Transport,,,,,0,No Apparent Injury (O),0,No Apparent Injury (O),11,"Front Seat, Left Side",11,"Front Seat, Left Side",3,Shoulder and Lap Belt Used,0,No Indication of Misuse,20,Not Applicable,7,None Used/Not Applicable,20,Not Deployed,0,Not Ejected,0,Not Ejected,8,Not Reported,0,No (Alcohol Not Involved),0,Test Not Given,0,Test Not Given,996,Test Not Given,8,Not Reported,0,Not Transported for Treatment,0,0,Occupant of a Motor Vehicle
202304637521,2,1,1,67,67,8,2,"Midwest (OH, IN, IL, MI, WI, MN, ND, SD, NE, IA, MO, KS)",1,Urban Area,4,Stratum 4 - LMY PV Serious Injury,4152,10.694814761,1,January,7,7:00am-7:59am,1,1,12,Motor Vehicle In-Transport,6,Angle,0,No,2020.0,2020,460.0,Ford,1798.0,Escape,7.0,Sport Utility Vehicle (SUV)/Multi-Purpose Vehicle (MPV),12.0,Ford,14.0,"Compact Utility (Utility Vehicle Categories ""Small"" and ""Midsize"")",0.0,Not Applicable,11.0,"Class 1: 6,000 lbs. or less (2,722 kg or less)",11.0,"Class 1: 6,000 lbs. or less (2,722 kg or less)",0.0,No Trailers,0.0,No Special Use Noted,0.0,Not Applicable,0.0,No Rollover,3.0,3 Clock Point,0.0,No or Not Reported,12402.0,Ford Escape,58,58 Years,58,58 Years,2,Female,2,Female,1,Driver of a Motor Vehicle In-Transport,,,,,3,Suspected Serious Injury (A),3,Suspected Serious Injury (A),11,"Front Seat, Left Side",11,"Front Seat, Left Side",3,Shoulder and Lap Belt Used,0,No Indication of Misuse,20,Not Applicable,7,None Used/Not Applicable,8,Deployed- Combination,0,Not Ejected,0,Not Ejected,8,Not Reported,0,No (Alcohol Not Involved),0,Test Not Given,0,Test Not Given,996,Test Not Given,8,Not Reported,5,EMS Ground,0,0,Occupant of a Motor Vehicle
202304637521,2,2,1,67,67,8,2,"Midwest (OH, IN, IL, MI, WI, MN, ND, SD, NE, IA, MO, KS)",1,Urban Area,4,Stratum 4 - LMY PV Serious Injury,4152,10.694814761,1,January,7,7:00am-7:59am,1,1,12,Motor Vehicle In-Transport,6,Angle,0,No,2013.0,2013,477.0,Chrysler,2053.0,200,13.0,Sedan/Saloon,6.0,Chrysler,4.0,"4-door sedan, hardtop",0.0,Not Applicable,11.0,"Class 1: 6,000 lbs. or less (2,722 kg or less)",11.0,"Class 1: 6,000 lbs. or less (2,722 kg or less)",0.0,No Trailers,0.0,No Special Use Noted,0.0,Not Applicable,0.0,No Rollover,12.0,12 Clock Point,0.0,No or Not Reported,6018.0,Chrysler 200,48,48 Years,48,48 Years,2,Female,2,Female,1,Driver of a Motor Vehicle In-Transport,,,,,2,Suspected Minor Injury (B),2,Suspected Minor Injury (B),11,"Front Seat, Left Side",11,"Front Seat, Left Side",3,Shoulder and Lap Belt Used,0,No Indication of Misuse,20,Not Applicable,7,None Used/Not Applicable,8,Deployed- Combination,0,Not Ejected,0,Not Ejected,8,Not Reported,0,No (Alcohol Not Involved),0,Test Not Given,0,Test Not Given,996,Test Not Given,8,Not Reported,0,Not Transported for Treatment,0,0,Occupant of a Motor Vehicle
202304637523,2,1,1,67,67,8,2,"Midwest (OH, IN, IL, MI, WI, MN, ND, SD, NE, IA, MO, KS)",1,Urban Area,6,Stratum 6 - LMY PV Minor Injury,4152,52.656968394,1,January,8,8:00am-8:59am,21,21,12,Motor Vehicle In-Transport,6,Angle,0,No,2011.0,2011,448.0,Toyota,2464.0,Yaris,5.0,Hatchback/Liftback/Notchback,49.0,Toyota,5.0,5-door/4-door hatchback,0.0,Not Applicable,11.0,"Class 1: 6,000 lbs. or less (2,722 kg or less)",11.0,"Class 1: 6,000 lbs. or less (2,722 kg or less)",0.0,No Trailers,0.0,No Special Use Noted,0.0,Not Applicable,0.0,No Rollover,12.0,12 Clock Point,0.0,No or Not Reported,49051.0,Toyota Yaris,39,39 Years,39,39 Years,1,Male,1,Male,1,Driver of a Motor Vehicle In-Transport,,,,,2,Suspected Minor Injury (B),2,Suspected Minor Injury (B),11,"Front Seat, Left Side",11,"Front Seat, Left Side",3,Shoulder and Lap Belt Used,0,No Indication of Misuse,20,Not Applicable,7,None Used/Not Applicable,9,Deployment- Unknown Location,0,Not Ejected,0,Not Ejected,8,Not Reported,0,No (Alcohol Not Involved),0,Test Not Given,0,Test Not Given,996,Test Not Given,8,Not Reported,5,EMS Ground,0,0,Occupant of a Motor Vehicle
202304637523,2,2,1,67,67,8,2,"Midwest (OH, IN, IL, MI, WI, MN, ND, SD, NE, IA, MO, KS)",1,Urban Area,6,Stratum 6 - LMY PV Minor Injury,4152,52.656968394,1,January,8,8:00am-8:59am,21,21,12,Motor Vehicle In-Transport,6,Angle,0,No,2021.0,2021,499.0,Kia,27527.0,K5,13.0,Sedan/Saloon,63.0,KIA,4.0,"4-door sedan, hardtop",0.0,Not Applicable,11.0,"Class 1: 6,000 lbs. or less (2,722 kg or less)",11.0,"Class 1: 6,000 lbs. or less (2,722 kg or less)",0.0,No Trailers,0.0,No Special Use Noted,0.0,Not Applicable,0.0,No Rollover,1.0,1 Clock Point,0.0,No or Not Reported,63398.0,KIA Other (automobile),43,43 Years,43,43 Years,2,Female,2,Female,1,Driver of a Motor Vehicle In-Transport,,,,,2,Suspected Minor Injury (B),2,Suspected Minor Injury (B),11,"Front Seat, Left Side",11,"Front Seat, Left Side",3,Shoulder and Lap Belt Used,0,No Indication of Misuse,20,Not Applicable,7,None Used/Not Applicable,9,Deployment- Unknown Location,0,Not Ejected,0,Not Ejected,8,Not Reported,0,No (Alcohol Not Involved),0,Test Not Given,0,Test Not Given,996,Test Not Given,8,Not Reported,5,EMS Ground,0,0,Occupant of a Motor Vehicle
202304637555,1,0,1,83,83,13,3,"South (MD, DE, DC, WV, VA, KY, TN, NC, SC, GA, FL, AL, MS, LA, AR, OK, TX)",1,Urban Area,2,Stratum 2 - Not a MV Occupant Any Injury,4148,23.528556331,1,January,10,10:00am-10:59am,8,8,8,Pedestrian,0,The First Harmful Event was Not a Collision with a Motor Vehicle In-Transport,0,No,,,,,,,,,,,,,,,,,,,,,,,,,,,,,,,,,72,72 Years,72,72 Years,1,Male,1,Male,5,Pedestrian,0.0,Not Applicable,0.0,Not Applicable,3,Suspected Serious Injury (A),3,Suspected Serious Injury (A),0,Not a Motor Vehicle Occupant,0,Not a Motor Vehicle Occupant,96,Not a Motor Vehicle Occupant,8,Not a Motor Vehicle Occupant,96,Not a Motor Vehicle Occupant,8,Not a Motor Vehicle Occupant,97,Not a Motor Vehicle Occupant,8,Not Applicable,8,Not Applicable,0,No (Alcohol Not Involved),0,No (Alcohol Not Involved),0,Test Not Given,0,Test Not Given,996,Test Not Given,0,No (drugs not involved),5,EMS Ground,1,1,At Intersection - In Marked Crosswalk
202304637555,1,1,1,83,83,13,3,"South (MD, DE, DC, WV, VA, KY, TN, NC, SC, GA, FL, AL, MS, LA, AR, OK, TX)",1,Urban Area,2,Stratum 2 - Not a MV Occupant Any Injury,4148,23.528556331,1,January,10,10:00am-10:59am,8,8,8,Pedestrian,0,The First Harmful Event was Not a Collision with a Motor Vehicle In-Transport,0,No,9999.0,Unknown,99999.0,Unknown,99999.0,Unknown,7.0,Sport Utility Vehicle (SUV)/Multi-Purpose Vehicle (MPV),99.0,Unknown Make,19.0,"Utility Vehicle, Unknown body type",0.0,Not Applicable,11.0,"Class 1: 6,000 lbs. or less (2,722 kg or less)",12.0,"Class 2: 6,001 - 10,000 lbs. (2,722 - 4,536 kg)",0.0,No Trailers,99.0,Reported as Unknown,0.0,Not Applicable,0.0,No Rollover,12.0,12 Clock Point,0.0,No or Not Reported,99499.0,Unknown Make Unknown (light truck),998,Not Reported,33,33 Years,9,Reported as Unknown,2,Female,1,Driver of a Motor Vehicle In-Transport,,,,,9,Unknown/Not Reported,0,No Apparent Injury (O),11,"Front Seat, Left Side",11,"Front Seat, Left Side",99,Reported as Unknown,7,None Used/Not Applicable,20,Not Applicable,7,None Used/Not Applicable,98,Not Reported,0,Not Ejected,0,Not Ejected,9,Reported as Unknown,1,Yes (Alcohol Involved),0,Test Not Given,0,Test Not Given,996,Test Not Given,9,Reported as Unknown,0,Not Transported for Treatment,0,0,Occupant of a Motor Vehicle
202304637563,2,1,1,83,83,13,3,"South (MD, DE, DC, WV, VA, KY, TN, NC, SC, GA, FL, AL, MS, LA, AR, OK, TX)",1,Urban Area,7,Stratum 7 - M/H Truck or Bus,4148,159.29212129,1,January,11,11:00am-11:59am,50,50,12,Motor Vehicle In-Transport,6,Angle,0,No,2015.0,2015,478.0,Nissan,1915.0,Armada,7.0,Sport Utility Vehicle (SUV)/Multi-Purpose Vehicle (MPV),35.0,Nissan/Datsun,15.0,"Large utility (ANSI D16.1 Utility Vehicle Categories and ""Full Size"" and ""Large"")",0.0,Not Applicable,12.0,"Class 2: 6,001 - 10,000 lbs. (2,722 - 4,536 kg)",12.0,"Class 2: 6,001 - 10,000 lbs. (2,722 - 4,536 kg)",0.0,No Trailers,0.0,No Special Use Noted,0.0,Not Applicable,0.0,No Rollover,9.0,9 Clock Point,0.0,No or Not Reported,35421.0,Nissan/Datsun Pathfinder Armada,59,59 Years,59,59 Years,2,Female,2,Female,1,Driver of a Motor Vehicle In-Transport,,,,,0,No Apparent Injury (O),0,No Apparent Injury (O),11,"Front Seat, Left Side",11,"Front Seat, Left Side",3,Shoulder and Lap Belt Used,0,No Indication of Misuse,20,Not Applicable,7,None Used/Not Applicable,20,Not Deployed,0,Not Ejected,0,Not Ejected,0,No (Alcohol Not Involved),0,No (Alcohol Not Involved),0,Test Not Given,0,Test Not Given,996,Test Not Given,0,No (drugs not involved),0,Not Transported for Treatment,0,0,Occupant of a Motor Vehicle
202304637563,2,2,1,83,83,13,3,"South (MD, DE, DC, WV, VA, KY, TN, NC, SC, GA, FL, AL, MS, LA, AR, OK, TX)",1,Urban Area,7,Stratum 7 - M/H Truck or Bus,4148,159.29212129,1,January,11,11:00am-11:59am,50,50,12,Motor Vehicle In-Transport,6,Angle,0,No,2020.0,2020,460.0,Ford,1806.0,F-350,60.0,Pickup,12.0,Ford,67.0,"Medium/heavy Pickup (GVWR greater than 10,000 lbs.)",0.0,Not Applicable,13.0,"Class 3: 10,001 - 14,000 lbs. (4,536 - 6,350 kg)",13.0,"Class 3: 10,001 - 14,000 lbs. (4,536 - 6,350 kg)",0.0,No Trailers,0.0,No Special Use Noted,0.0,Not Applicable,0.0,No Rollover,1.0,1 Clock Point,0.0,No or Not Reported,12880.0,"Ford Medium/Heavy Pickup (pickup-style only - over 10,000 lbs)",59,59 Years,59,59 Years,2,Female,2,Female,1,Driver of a Motor Vehicle In-Transport,,,,,0,No Apparent Injury (O),0,No Apparent Injury (O),11,"Front Seat, Left Side",11,"Front Seat, Left Side",3,Shoulder and Lap Belt Used,0,No Indication of Misuse,20,Not Applicable,7,None Used/Not Applicable,20,Not Deployed,0,Not Ejected,0,Not Ejected,0,No (Alcohol Not Involved),0,No (Alcohol Not Involved),0,Test Not Given,0,Test Not Given,996,Test Not Given,0,No (drugs not involved),0,Not Transported for Treatment,0,0,Occupant of a Motor Vehicle
202304637563,2,2,2,83,83,13,3,"South (MD, DE, DC, WV, VA, KY, TN, NC, SC, GA, FL, AL, MS, LA, AR, OK, TX)",1,Urban Area,7,Stratum 7 - M/H Truck or Bus,4148,159.29212129,1,January,11,11:00am-11:59am,50,50,12,Motor Vehicle In-Transport,6,Angle,0,No,2020.0,2020,460.0,Ford,1806.0,F-350,60.0,Pickup,12.0,Ford,67.0,"Medium/heavy Pickup (GVWR greater than 10,000 lbs.)",0.0,Not Applicable,13.0,"Class 3: 10,001 - 14,000 lbs. (4,536 - 6,350 kg)",13.0,"Class 3: 10,001 - 14,000 lbs. (4,536 - 6,350 kg)",0.0,No Trailers,0.0,No Special Use Noted,0.0,Not Applicable,0.0,No Rollover,1.0,1 Clock Point,0.0,No or Not Reported,12880.0,"Ford Medium/Heavy Pickup (pickup-style only - over 10,000 lbs)",59,59 Years,59,59 Years,1,Male,1,Male,2,Passenger of a Motor Vehicle In-Transport,,,,,0,No Apparent Injury (O),0,No Apparent Injury (O),13,"Front Seat, Right Side",13,"Front Seat, Right Side",3,Shoulder and Lap Belt Used,0,No Indication of Misuse,20,Not Applicable,7,None Used/Not Applicable,20,Not Deployed,0,Not Ejected,0,Not Ejected,0,No (Alcohol Not Involved),0,No (Alcohol Not Involved),0,Test Not Given,0,Test Not Given,996,Test Not Given,0,No (drugs not involved),0,Not Transported for Treatment,0,0,Occupant of a Motor Vehicle
202304637567,1,1,1,83,83,13,3,"South (MD, DE, DC, WV, VA, KY, TN, NC, SC, GA, FL, AL, MS, LA, AR, OK, TX)",1,Urban Area,8,Stratum 8 - NLMY PV Minor Injury,4148,134.77451173,1,January,16,4:00pm-4:59pm,12,12,30,Utility Pole/Light Support,0,The First Harmful Event was Not a Collision with a Motor Vehicle In-Transport,0,No,2013.0,2013,482.0,Volkswagen,3137.0,Jetta,13.0,Sedan/Saloon,30.0,Volkswagen,4.0,"4-door sedan, hardtop",0.0,Not Applicable,11.0,"Class 1: 6,000 lbs. or less (2,722 kg or less)",11.0,"Class 1: 6,000 lbs. or less (2,722 kg or less)",0.0,No Trailers,0.0,No Special Use Noted,0.0,Not Applicable,0.0,No Rollover,11.0,11 Clock Point,0.0,No or Not Reported,30040.0,Volkswagen Jetta/Jetta SportsWagen,55,55 Years,55,55 Years,1,Male,1,Male,1,Driver of a Motor Vehicle In-Transport,,,,,1,Possible Injury (C),1,Possible Injury (C),11,"Front Seat, Left Side",11,"Front Seat, Left Side",3,Shoulder and Lap Belt Used,0,No Indication of Misuse,20,Not Applicable,7,None Used/Not Applicable,99,Reported as Deployment Unknown,0,Not Ejected,0,Not Ejected,9,Reported as Unknown,0,No (Alcohol Not Involved),0,Test Not Given,0,Test Not Given,996,Test Not Given,9,Reported as Unknown,5,EMS Ground,0,0,Occupant of a Motor Vehicle
202304638333,2,1,1,75,75,19,3,"South (MD, DE, DC, WV, VA, KY, TN, NC, SC, GA, FL, AL, MS, LA, AR, OK, TX)",2,Rural Area,6,Stratum 6 - LMY PV Minor Injury,4144,52.157911527,1,January,10,10:00am-10:59am,35,35,12,Motor Vehicle In-Transport,6,Angle,0,No,2021.0,2021,448.0,Toyota,2213.0,Highlander,7.0,Sport Utility Vehicle (SUV)/Multi-Purpose Vehicle (MPV),49.0,Toyota,14.0,"Compact Utility (Utility Vehicle Categories ""Small"" and ""Midsize"")",0.0,Not Applicable,11.0,"Class 1: 6,000 lbs. or less (2,722 kg or less)",11.0,"Class 1: 6,000 lbs. or less (2,722 kg or less)",0.0,No Trailers,0.0,No Special Use Noted,0.0,Not Applicable,3.0,Rollover,12.0,12 Clock Point,0.0,No or Not Reported,49403.0,Toyota Highlander,62,62 Years,62,62 Years,2,Female,2,Female,1,Driver of a Motor Vehicle In-Transport,,,,,1,Possible Injury (C),1,Possible Injury (C),11,"Front Seat, Left Side",11,"Front Seat, Left Side",3,Shoulder and Lap Belt Used,0,No Indication of Misuse,20,Not Applicable,7,None Used/Not Applicable,1,Deployed- Front,0,Not Ejected,0,Not Ejected,0,No (Alcohol Not Involved),0,No (Alcohol Not Involved),0,Test Not Given,0,Test Not Given,996,Test Not Given,0,No (drugs not involved),8,Not Reported,0,0,Occupant of a Motor Vehicle
202304638333,2,2,1,75,75,19,3,"South (MD, DE, DC, WV, VA, KY, TN, NC, SC, GA, FL, AL, MS, LA, AR, OK, TX)",2,Rural Area,6,Stratum 6 - LMY PV Minor Injury,4144,52.157911527,1,January,10,10:00am-10:59am,35,35,12,Motor Vehicle In-Transport,6,Angle,0,No,2020.0,2020,498.0,Hyundai,25847.0,Palisade,7.0,Sport Utility Vehicle (SUV)/Multi-Purpose Vehicle (MPV),55.0,Hyundai,15.0,"Large utility (ANSI D16.1 Utility Vehicle Categories and ""Full Size"" and ""Large"")",0.0,Not Applicable,11.0,"Class 1: 6,000 lbs. or less (2,722 kg or less)",11.0,"Class 1: 6,000 lbs. or less (2,722 kg or less)",0.0,No Trailers,0.0,No Special Use Noted,0.0,Not Applicable,0.0,No Rollover,4.0,4 Clock Point,0.0,No or Not Reported,55422.0,Hyundai Palisade,59,59 Years,59,59 Years,2,Female,2,Female,1,Driver of a Motor Vehicle In-Transport,,,,,1,Possible Injury (C),1,Possible Injury (C),11,"Front Seat, Left Side",11,"Front Seat, Left Side",3,Shoulder and Lap Belt Used,0,No Indication of Misuse,20,Not Applicable,7,None Used/Not Applicable,1,Deployed- Front,0,Not Ejected,0,Not Ejected,0,No (Alcohol Not Involved),0,No (Alcohol Not Involved),0,Test Not Given,0,Test Not Given,996,Test Not Given,0,No (drugs not involved),5,EMS Ground,0,0,Occupant of a Motor Vehicle
202304638342,2,1,1,39,39,7,2,"Midwest (OH, IN, IL, MI, WI, MN, ND, SD, NE, IA, MO, KS)",1,Urban Area,9,Stratum 9 - LMY PV No Injuries in Crash,4154,134.35656935,1,January,9,9:00am-9:59am,27,27,12,Motor Vehicle In-Transport,6,Angle,0,No,2021.0,2021,460.0,Ford,1800.0,Explorer,7.0,Sport Utility Vehicle (SUV)/Multi-Purpose Vehicle (MPV),12.0,Ford,15.0,"Large utility (ANSI D16.1 Utility Vehicle Categories and ""Full Size"" and ""Large"")",0.0,Not Applicable,12.0,"Class 2: 6,001 - 10,000 lbs. (2,722 - 4,536 kg)",12.0,"Class 2: 6,001 - 10,000 lbs. (2,722 - 4,536 kg)",0.0,No Trailers,5.0,Police,3.0,Non-Emergency Transport,0.0,No Rollover,12.0,12 Clock Point,0.0,No or Not Reported,12425.0,Ford Explorer (For 2019 on.  For model years 1990-2018 see 12-401.),51,51 Years,51,51 Years,1,Male,1,Male,1,Driver of a Motor Vehicle In-Transport,,,,,0,No Apparent Injury (O),0,No Apparent Injury (O),11,"Front Seat, Left Side",11,"Front Seat, Left Side",3,Shoulder and Lap Belt Used,0,No Indication of Misuse,20,Not Applicable,7,None Used/Not Applicable,20,Not Deployed,0,Not Ejected,0,Not Ejected,0,No (Alcohol Not Involved),0,No (Alcohol Not Involved),0,Test Not Given,0,Test Not Given,996,Test Not Given,0,No (drugs not involved),0,Not Transported for Treatment,0,0,Occupant of a Motor Vehicle
202304638342,2,1,2,39,39,7,2,"Midwest (OH, IN, IL, MI, WI, MN, ND, SD, NE, IA, MO, KS)",1,Urban Area,9,Stratum 9 - LMY PV No Injuries in Crash,4154,134.35656935,1,January,9,9:00am-9:59am,27,27,12,Motor Vehicle In-Transport,6,Angle,0,No,2021.0,2021,460.0,Ford,1800.0,Explorer,7.0,Sport Utility Vehicle (SUV)/Multi-Purpose Vehicle (MPV),12.0,Ford,15.0,"Large utility (ANSI D16.1 Utility Vehicle Categories and ""Full Size"" and ""Large"")",0.0,Not Applicable,12.0,"Class 2: 6,001 - 10,000 lbs. (2,722 - 4,536 kg)",12.0,"Class 2: 6,001 - 10,000 lbs. (2,722 - 4,536 kg)",0.0,No Trailers,5.0,Police,3.0,Non-Emergency Transport,0.0,No Rollover,12.0,12 Clock Point,0.0,No or Not Reported,12425.0,Ford Explorer (For 2019 on.  For model years 1990-2018 see 12-401.),51,51 Years,51,51 Years,1,Male,1,Male,2,Passenger of a Motor Vehicle In-Transport,,,,,0,No Apparent Injury (O),0,No Apparent Injury (O),21,"Second Seat, Left Side",21,"Second Seat, Left Side",3,Shoulder and Lap Belt Used,0,No Indication of Misuse,20,Not Applicable,7,None Used/Not Applicable,20,Not Deployed,0,Not Ejected,0,Not Ejected,8,Not Reported,0,No (Alcohol Not Involved),0,Test Not Given,0,Test Not Given,996,Test Not Given,8,Not Reported,0,Not Transported for Treatment,0,0,Occupant of a Motor Vehicle
202304638342,2,2,1,39,39,7,2,"Midwest (OH, IN, IL, MI, WI, MN, ND, SD, NE, IA, MO, KS)",1,Urban Area,9,Stratum 9 - LMY PV No Injuries in Crash,4154,134.35656935,1,January,9,9:00am-9:59am,27,27,12,Motor Vehicle In-Transport,6,Angle,0,No,2014.0,2014,478.0,Nissan,1904.0,Altima,13.0,Sedan/Saloon,35.0,Nissan/Datsun,4.0,"4-door sedan, hardtop",0.0,Not Applicable,11.0,"Class 1: 6,000 lbs. or less (2,722 kg or less)",11.0,"Class 1: 6,000 lbs. or less (2,722 kg or less)",0.0,No Trailers,0.0,No Special Use Noted,0.0,Not Applicable,0.0,No Rollover,8.0,8 Clock Point,0.0,No or Not Reported,35047.0,Nissan/Datsun Altima,35,35 Years,35,35 Years,1,Male,1,Male,1,Driver of a Motor Vehicle In-Transport,,,,,0,No Apparent Injury (O),0,No Apparent Injury (O),11,"Front Seat, Left Side",11,"Front Seat, Left Side",3,Shoulder and Lap Belt Used,0,No Indication of Misuse,20,Not Applicable,7,None Used/Not Applicable,20,Not Deployed,0,Not Ejected,0,Not Ejected,0,No (Alcohol Not Involved),0,No (Alcohol Not Involved),0,Test Not Given,0,Test Not Given,996,Test Not Given,0,No (drugs not involved),0,Not Transported for Treatment,0,0,Occupant of a Motor Vehicle
202304638347,2,1,1,39,39,7,2,"Midwest (OH, IN, IL, MI, WI, MN, ND, SD, NE, IA, MO, KS)",1,Urban Area,10,Stratum 10 - Other,4154,210.86019124,1,January,11,11:00am-11:59am,3,3,12,Motor Vehicle In-Transport,1,Front-to-Rear,0,No,2017.0,2017,448.0,Toyota,2208.0,Corolla,13.0,Sedan/Saloon,49.0,Toyota,4.0,"4-door sedan, hardtop",0.0,Not Applicable,11.0,"Class 1: 6,000 lbs. or less (2,722 kg or less)",11.0,"Class 1: 6,000 lbs. or less (2,722 kg or less)",0.0,No Trailers,0.0,No Special Use Noted,0.0,Not Applicable,0.0,No Rollover,6.0,6 Clock Point,0.0,No or Not Reported,49032.0,Toyota Corolla,18,18 Years,18,18 Years,2,Female,2,Female,1,Driver of a Motor Vehicle In-Transport,,,,,0,No Apparent Injury (O),0,No Apparent Injury (O),11,"Front Seat, Left Side",11,"Front Seat, Left Side",3,Shoulder and Lap Belt Used,0,No Indication of Misuse,20,Not Applicable,7,None Used/Not Applicable,20,Not Deployed,0,Not Ejected,0,Not Ejected,0,No (Alcohol Not Involved),0,No (Alcohol Not Involved),0,Test Not Given,0,Test Not Given,996,Test Not Given,0,No (drugs not involved),0,Not Transported for Treatment,0,0,Occupant of a Motor Vehicle
202304638347,2,1,2,39,39,7,2,"Midwest (OH, IN, IL, MI, WI, MN, ND, SD, NE, IA, MO, KS)",1,Urban Area,10,Stratum 10 - Other,4154,210.86019124,1,January,11,11:00am-11:59am,3,3,12,Motor Vehicle In-Transport,1,Front-to-Rear,0,No,2017.0,2017,448.0,Toyota,2208.0,Corolla,13.0,Sedan/Saloon,49.0,Toyota,4.0,"4-door sedan, hardtop",0.0,Not Applicable,11.0,"Class 1: 6,000 lbs. or less (2,722 kg or less)",11.0,"Class 1: 6,000 lbs. or less (2,722 kg or less)",0.0,No Trailers,0.0,No Special Use Noted,0.0,Not Applicable,0.0,No Rollover,6.0,6 Clock Point,0.0,No or Not Reported,49032.0,Toyota Corolla,9,9 Years,9,9 Years,1,Male,1,Male,2,Passenger of a Motor Vehicle In-Transport,,,,,0,No Apparent Injury (O),0,No Apparent Injury (O),23,"Second Seat, Right Side",23,"Second Seat, Right Side",3,Shoulder and Lap Belt Used,0,No Indication of Misuse,20,Not Applicable,7,None Used/Not Applicable,20,Not Deployed,0,Not Ejected,0,Not Ejected,8,Not Reported,0,No (Alcohol Not Involved),0,Test Not Given,0,Test Not Given,996,Test Not Given,8,Not Reported,0,Not Transported for Treatment,0,0,Occupant of a Motor Vehicle
202304638347,2,2,1,39,39,7,2,"Midwest (OH, IN, IL, MI, WI, MN, ND, SD, NE, IA, MO, KS)",1,Urban Area,10,Stratum 10 - Other,4154,210.86019124,1,January,11,11:00am-11:59am,3,3,12,Motor Vehicle In-Transport,1,Front-to-Rear,0,No,2017.0,2017,481.0,Mitsubishi,2342.0,Mirage,5.0,Hatchback/Liftback/Notchback,52.0,Mitsubishi,5.0,5-door/4-door hatchback,0.0,Not Applicable,11.0,"Class 1: 6,000 lbs. or less (2,722 kg or less)",11.0,"Class 1: 6,000 lbs. or less (2,722 kg or less)",0.0,No Trailers,0.0,No Special Use Noted,0.0,Not Applicable,0.0,No Rollover,12.0,12 Clock Point,0.0,No or Not Reported,52048.0,Mitsubishi Mirage (2014 on.  For 1985-2002 use 52-035.),74,74 Years,74,74 Years,1,Male,1,Male,1,Driver of a Motor Vehicle In-Transport,,,,,0,No Apparent Injury (O),0,No Apparent Injury (O),11,"Front Seat, Left Side",11,"Front Seat, Left Side",3,Shoulder and Lap Belt Used,0,No Indication of Misuse,20,Not Applicable,7,None Used/Not Applicable,20,Not Deployed,0,Not Ejected,0,Not Ejected,0,No (Alcohol Not Involved),0,No (Alcohol Not Involved),0,Test Not Given,0,Test Not Given,996,Test Not Given,0,No (drugs not involved),0,Not Transported for Treatment,0,0,Occupant of a Motor Vehicle
202304638366,2,1,1,58,58,6,2,"Midwest (OH, IN, IL, MI, WI, MN, ND, SD, NE, IA, MO, KS)",1,Urban Area,9,Stratum 9 - LMY PV No Injuries in Crash,4143,135.86534075,1,January,10,10:00am-10:59am,15,15,12,Motor Vehicle In-Transport,6,Angle,0,No,2015.0,2015,460.0,Ford,1780.0,Fusion,13.0,Sedan/Saloon,12.0,Ford,4.0,"4-door sedan, hardtop",0.0,Not Applicable,11.0,"Class 1: 6,000 lbs. or less (2,722 kg or less)",11.0,"Class 1: 6,000 lbs. or less (2,722 kg or less)",0.0,No Trailers,0.0,No Special Use Noted,0.0,Not Applicable,0.0,No Rollover,12.0,12 Clock Point,0.0,No or Not Reported,12023.0,Ford Fusion,90,90 Years,90,90 Years,2,Female,2,Female,1,Driver of a Motor Vehicle In-Transport,,,,,0,No Apparent Injury (O),0,No Apparent Injury (O),11,"Front Seat, Left Side",11,"Front Seat, Left Side",3,Shoulder and Lap Belt Used,0,No Indication of Misuse,20,Not Applicable,7,None Used/Not Applicable,20,Not Deployed,0,Not Ejected,0,Not Ejected,0,No (Alcohol Not Involved),0,No (Alcohol Not Involved),0,Test Not Given,0,Test Not Given,996,Test Not Given,0,No (drugs not involved),0,Not Transported for Treatment,0,0,Occupant of a Motor Vehicle
202304638366,2,2,1,58,58,6,2,"Midwest (OH, IN, IL, MI, WI, MN, ND, SD, NE, IA, MO, KS)",1,Urban Area,9,Stratum 9 - LMY PV No Injuries in Crash,4143,135.86534075,1,January,10,10:00am-10:59am,15,15,12,Motor Vehicle In-Transport,6,Angle,0,No,2019.0,2019,478.0,Nissan,1918.0,NV200,95.0,Cargo Van,35.0,Nissan/Datsun,20.0,"Minivan (Chrysler Town and Country, Caravan, Grand Caravan, Voyager, Voyager, Honda-Odyssey, ...)",0.0,Not Applicable,11.0,"Class 1: 6,000 lbs. or less (2,722 kg or less)",11.0,"Class 1: 6,000 lbs. or less (2,722 kg or less)",0.0,No Trailers,0.0,No Special Use Noted,0.0,Not Applicable,0.0,No Rollover,5.0,5 Clock Point,0.0,No or Not Reported,35446.0,Nissan/Datsun NV200/eNV200,27,27 Years,27,27 Years,1,Male,1,Male,1,Driver of a Motor Vehicle In-Transport,,,,,0,No Apparent Injury (O),0,No Apparent Injury (O),11,"Front Seat, Left Side",11,"Front Seat, Left Side",3,Shoulder and Lap Belt Used,0,No Indication of Misuse,20,Not Applicable,7,None Used/Not Applicable,20,Not Deployed,0,Not Ejected,0,Not Ejected,0,No (Alcohol Not Involved),0,No (Alcohol Not Involved),0,Test Not Given,0,Test Not Given,996,Test Not Given,0,No (drugs not involved),0,Not Transported for Treatment,0,0,Occupant of a Motor Vehicle
202304638366,2,2,2,58,58,6,2,"Midwest (OH, IN, IL, MI, WI, MN, ND, SD, NE, IA, MO, KS)",1,Urban Area,9,Stratum 9 - LMY PV No Injuries in Crash,4143,135.86534075,1,January,10,10:00am-10:59am,15,15,12,Motor Vehicle In-Transport,6,Angle,0,No,2019.0,2019,478.0,Nissan,1918.0,NV200,95.0,Cargo Van,35.0,Nissan/Datsun,20.0,"Minivan (Chrysler Town and Country, Caravan, Grand Caravan, Voyager, Voyager, Honda-Odyssey, ...)",0.0,Not Applicable,11.0,"Class 1: 6,000 lbs. or less (2,722 kg or less)",11.0,"Class 1: 6,000 lbs. or less (2,722 kg or less)",0.0,No Trailers,0.0,No Special Use Noted,0.0,Not Applicable,0.0,No Rollover,5.0,5 Clock Point,0.0,No or Not Reported,35446.0,Nissan/Datsun NV200/eNV200,41,41 Years,41,41 Years,1,Male,1,Male,2,Passenger of a Motor Vehicle In-Transport,,,,,0,No Apparent Injury (O),0,No Apparent Injury (O),13,"Front Seat, Right Side",13,"Front Seat, Right Side",3,Shoulder and Lap Belt Used,0,No Indication of Misuse,20,Not Applicable,7,None Used/Not Applicable,20,Not Deployed,0,Not Ejected,0,Not Ejected,0,No (Alcohol Not Involved),0,No (Alcohol Not Involved),0,Test Not Given,0,Test Not Given,996,Test Not Given,0,No (drugs not involved),0,Not Transported for Treatment,0,0,Occupant of a Motor Vehicle
202304638384,2,1,1,65,65,13,3,"South (MD, DE, DC, WV, VA, KY, TN, NC, SC, GA, FL, AL, MS, LA, AR, OK, TX)",1,Urban Area,8,Stratum 8 - NLMY PV Minor Injury,4138,134.88703025,1,January,1,1:00am-1:59am,24,24,12,Motor Vehicle In-Transport,7,Sideswipe - Same Direction,0,No,2017.0,2017,460.0,Ford,1781.0,Mustang,1.0,Convertible/Cabriolet,12.0,Ford,1.0,"Convertible(excludes sun-roof,t-bar)",0.0,Not Applicable,11.0,"Class 1: 6,000 lbs. or less (2,722 kg or less)",11.0,"Class 1: 6,000 lbs. or less (2,722 kg or less)",0.0,No Trailers,0.0,No Special Use Noted,0.0,Not Applicable,0.0,No Rollover,82.0,Right-Front Side,0.0,No or Not Reported,12003.0,Ford Mustang/Mustang II,24,24 Years,24,24 Years,1,Male,1,Male,1,Driver of a Motor Vehicle In-Transport,,,,,1,Possible Injury (C),1,Possible Injury (C),11,"Front Seat, Left Side",11,"Front Seat, Left Side",3,Shoulder and Lap Belt Used,0,No Indication of Misuse,20,Not Applicable,7,None Used/Not Applicable,9,Deployment- Unknown Location,0,Not Ejected,0,Not Ejected,8,Not Reported,0,No (Alcohol Not Involved),0,Test Not Given,0,Test Not Given,996,Test Not Given,8,Not Reported,3,EMS Unknown Mode,0,0,Occupant of a Motor Vehicle
202304638384,2,2,1,65,65,13,3,"South (MD, DE, DC, WV, VA, KY, TN, NC, SC, GA, FL, AL, MS, LA, AR, OK, TX)",1,Urban Area,8,Stratum 8 - NLMY PV Minor Injury,4138,134.88703025,1,January,1,1:00am-1:59am,24,24,12,Motor Vehicle In-Transport,7,Sideswipe - Same Direction,0,No,2000.0,2000,478.0,Nissan,1919.0,Frontier,60.0,Pickup,35.0,Nissan/Datsun,34.0,Light Pickup,0.0,Not Applicable,11.0,"Class 1: 6,000 lbs. or less (2,722 kg or less)",11.0,"Class 1: 6,000 lbs. or less (2,722 kg or less)",0.0,No Trailers,0.0,No Special Use Noted,0.0,Not Applicable,0.0,No Rollover,63.0,Left-Back Side,0.0,No or Not Reported,35472.0,Nissan/Datsun Frontier (1998 on),53,53 Years,53,53 Years,1,Male,1,Male,1,Driver of a Motor Vehicle In-Transport,,,,,0,No Apparent Injury (O),0,No Apparent Injury (O),11,"Front Seat, Left Side",11,"Front Seat, Left Side",3,Shoulder and Lap Belt Used,0,No Indication of Misuse,20,Not Applicable,7,None Used/Not Applicable,20,Not Deployed,0,Not Ejected,0,Not Ejected,8,Not Reported,0,No (Alcohol Not Involved),0,Test Not Given,0,Test Not Given,996,Test Not Given,8,Not Reported,0,Not Transported for Treatment,0,0,Occupant of a Motor Vehicle
202304638401,2,1,1,65,65,13,3,"South (MD, DE, DC, WV, VA, KY, TN, NC, SC, GA, FL, AL, MS, LA, AR, OK, TX)",1,Urban Area,10,Stratum 10 - Other,4138,221.11846351,1,January,14,2:00pm-2:59pm,29,29,12,Motor Vehicle In-Transport,1,Front-to-Rear,0,No,9999.0,Unknown,460.0,Ford,1801.0,F-150,60.0,Pickup,12.0,Ford,34.0,Light Pickup,0.0,Not Applicable,11.0,"Class 1: 6,000 lbs. or less (2,722 kg or less)",12.0,"Class 2: 6,001 - 10,000 lbs. (2,722 - 4,536 kg)",0.0,No Trailers,0.0,No Special Use Noted,0.0,Not Applicable,0.0,No Rollover,12.0,12 Clock Point,0.0,No or Not Reported,12481.0,Ford F-Series pickup,998,Not Reported,59,59 Years,9,Reported as Unknown,1,Male,1,Driver of a Motor Vehicle In-Transport,,,,,9,Unknown/Not Reported,0,No Apparent Injury (O),11,"Front Seat, Left Side",11,"Front Seat, Left Side",99,Reported as Unknown,7,None Used/Not Applicable,20,Not Applicable,7,None Used/Not Applicable,99,Reported as Deployment Unknown,9,Reported as Unknown if Ejected,0,Not Ejected,8,Not Reported,0,No (Alcohol Not Involved),0,Test Not Given,0,Test Not Given,996,Test Not Given,8,Not Reported,0,Not Transported for Treatment,0,0,Occupant of a Motor Vehicle
202304638401,2,2,1,65,65,13,3,"South (MD, DE, DC, WV, VA, KY, TN, NC, SC, GA, FL, AL, MS, LA, AR, OK, TX)",1,Urban Area,10,Stratum 10 - Other,4138,221.11846351,1,January,14,2:00pm-2:59pm,29,29,12,Motor Vehicle In-Transport,1,Front-to-Rear,0,No,2006.0,2006,467.0,Chevrolet,1850.0,Silverado,60.0,Pickup,20.0,Chevrolet,34.0,Light Pickup,0.0,Not Applicable,12.0,"Class 2: 6,001 - 10,000 lbs. (2,722 - 4,536 kg)",12.0,"Class 2: 6,001 - 10,000 lbs. (2,722 - 4,536 kg)",0.0,No Trailers,0.0,No Special Use Noted,0.0,Not Applicable,0.0,No Rollover,6.0,6 Clock Point,0.0,No or Not Reported,20481.0,"Chevrolet C, K, R, V-series pickup/Silverado",61,61 Years,61,61 Years,1,Male,1,Male,1,Driver of a Motor Vehicle In-Transport,,,,,0,No Apparent Injury (O),0,No Apparent Injury (O),11,"Front Seat, Left Side",11,"Front Seat, Left Side",3,Shoulder and Lap Belt Used,0,No Indication of Misuse,20,Not Applicable,7,None Used/Not Applicable,20,Not Deployed,0,Not Ejected,0,Not Ejected,8,Not Reported,0,No (Alcohol Not Involved),0,Test Not Given,0,Test Not Given,996,Test Not Given,8,Not Reported,0,Not Transported for Treatment,0,0,Occupant of a Motor Vehicle
202304638424,1,0,1,40,40,15,3,"South (MD, DE, DC, WV, VA, KY, TN, NC, SC, GA, FL, AL, MS, LA, AR, OK, TX)",1,Urban Area,2,Stratum 2 - Not a MV Occupant Any Injury,4147,23.401351761,1,January,23,11:00pm-11:59pm,4,4,8,Pedestrian,0,The First Harmful Event was Not a Collision with a Motor Vehicle In-Transport,0,No,,,,,,,,,,,,,,,,,,,,,,,,,,,,,,,,,49,49 Years,49,49 Years,1,Male,1,Male,5,Pedestrian,0.0,Not Applicable,0.0,Not Applicable,4,Fatal Injury (K),4,Fatal Injury (K),0,Not a Motor Vehicle Occupant,0,Not a Motor Vehicle Occupant,96,Not a Motor Vehicle Occupant,8,Not a Motor Vehicle Occupant,96,Not a Motor Vehicle Occupant,8,Not a Motor Vehicle Occupant,97,Not a Motor Vehicle Occupant,8,Not Applicable,8,Not Applicable,1,Yes (Alcohol Involved),1,Yes (Alcohol Involved),0,Test Not Given,0,Test Not Given,996,Test Not Given,9,Reported as Unknown,8,Not Reported,1,3,At Intersection - Not In Crosswalk
202304638424,1,1,1,40,40,15,3,"South (MD, DE, DC, WV, VA, KY, TN, NC, SC, GA, FL, AL, MS, LA, AR, OK, TX)",1,Urban Area,2,Stratum 2 - Not a MV Occupant Any Injury,4147,23.401351761,1,January,23,11:00pm-11:59pm,4,4,8,Pedestrian,0,The First Harmful Event was Not a Collision with a Motor Vehicle In-Transport,0,No,2007.0,2007,467.0,Chevrolet,1850.0,Silverado,60.0,Pickup,20.0,Chevrolet,34.0,Light Pickup,0.0,Not Applicable,12.0,"Class 2: 6,001 - 10,000 lbs. (2,722 - 4,536 kg)",12.0,"Class 2: 6,001 - 10,000 lbs. (2,722 - 4,536 kg)",0.0,No Trailers,0.0,No Special Use Noted,0.0,Not Applicable,0.0,No Rollover,12.0,12 Clock Point,0.0,No or Not Reported,20481.0,"Chevrolet C, K, R, V-series pickup/Silverado",39,39 Years,39,39 Years,1,Male,1,Male,1,Driver of a Motor Vehicle In-Transport,,,,,0,No Apparent Injury (O),0,No Apparent Injury (O),11,"Front Seat, Left Side",11,"Front Seat, Left Side",3,Shoulder and Lap Belt Used,0,No Indication of Misuse,20,Not Applicable,7,None Used/Not Applicable,20,Not Deployed,0,Not Ejected,0,Not Ejected,0,No (Alcohol Not Involved),0,No (Alcohol Not Involved),8,Not Reported,95,Not Reported,995,Not Reported,9,Reported as Unknown,0,Not Transported for Treatment,0,0,Occupant of a Motor Vehicle
202304638425,2,1,1,40,40,15,3,"South (MD, DE, DC, WV, VA, KY, TN, NC, SC, GA, FL, AL, MS, LA, AR, OK, TX)",1,Urban Area,5,Stratum 5 - NLMY PV Serious Injury,4147,25.736272888,1,January,18,6:00pm-6:59pm,33,33,12,Motor Vehicle In-Transport,6,Angle,0,No,2014.0,2014,448.0,Toyota,2208.0,Corolla,13.0,Sedan/Saloon,49.0,Toyota,4.0,"4-door sedan, hardtop",0.0,Not Applicable,11.0,"Class 1: 6,000 lbs. or less (2,722 kg or less)",11.0,"Class 1: 6,000 lbs. or less (2,722 kg or less)",0.0,No Trailers,0.0,No Special Use Noted,0.0,Not Applicable,0.0,No Rollover,2.0,2 Clock Point,0.0,No or Not Reported,49032.0,Toyota Corolla,19,19 Years,19,19 Years,1,Male,1,Male,1,Driver of a Motor Vehicle In-Transport,,,,,3,Suspected Serious Injury (A),3,Suspected Serious Injury (A),11,"Front Seat, Left Side",11,"Front Seat, Left Side",3,Shoulder and Lap Belt Used,0,No Indication of Misuse,20,Not Applicable,7,None Used/Not Applicable,1,Deployed- Front,0,Not Ejected,0,Not Ejected,1,Yes (Alcohol Involved),1,Yes (Alcohol Involved),0,Test Not Given,0,Test Not Given,996,Test Not Given,9,Reported as Unknown,3,EMS Unknown Mode,0,0,Occupant of a Motor Vehicle
202304638425,2,1,2,40,40,15,3,"South (MD, DE, DC, WV, VA, KY, TN, NC, SC, GA, FL, AL, MS, LA, AR, OK, TX)",1,Urban Area,5,Stratum 5 - NLMY PV Serious Injury,4147,25.736272888,1,January,18,6:00pm-6:59pm,33,33,12,Motor Vehicle In-Transport,6,Angle,0,No,2014.0,2014,448.0,Toyota,2208.0,Corolla,13.0,Sedan/Saloon,49.0,Toyota,4.0,"4-door sedan, hardtop",0.0,Not Applicable,11.0,"Class 1: 6,000 lbs. or less (2,722 kg or less)",11.0,"Class 1: 6,000 lbs. or less (2,722 kg or less)",0.0,No Trailers,0.0,No Special Use Noted,0.0,Not Applicable,0.0,No Rollover,2.0,2 Clock Point,0.0,No or Not Reported,49032.0,Toyota Corolla,998,Not Reported,44,44 Years,1,Male,1,Male,2,Passenger of a Motor Vehicle In-Transport,,,,,3,Suspected Serious Injury (A),3,Suspected Serious Injury (A),13,"Front Seat, Right Side",13,"Front Seat, Right Side",3,Shoulder and Lap Belt Used,0,No Indication of Misuse,20,Not Applicable,7,None Used/Not Applicable,1,Deployed- Front,0,Not Ejected,0,Not Ejected,8,Not Reported,0,No (Alcohol Not Involved),0,Test Not Given,0,Test Not Given,996,Test Not Given,8,Not Reported,3,EMS Unknown Mode,0,0,Occupant of a Motor Vehicle
202304638425,2,2,1,40,40,15,3,"South (MD, DE, DC, WV, VA, KY, TN, NC, SC, GA, FL, AL, MS, LA, AR, OK, TX)",1,Urban Area,5,Stratum 5 - NLMY PV Serious Injury,4147,25.736272888,1,January,18,6:00pm-6:59pm,33,33,12,Motor Vehicle In-Transport,6,Angle,0,No,2013.0,2013,452.0,BMW,1716.0,535i,13.0,Sedan/Saloon,34.0,BMW,4.0,"4-door sedan, hardtop",0.0,Not Applicable,11.0,"Class 1: 6,000 lbs. or less (2,722 kg or less)",11.0,"Class 1: 6,000 lbs. or less (2,722 kg or less)",0.0,No Trailers,0.0,No Special Use Noted,0.0,Not Applicable,0.0,No Rollover,12.0,12 Clock Point,0.0,No or Not Reported,34035.0,BMW 5-series,33,33 Years,33,33 Years,1,Male,1,Male,1,Driver of a Motor Vehicle In-Transport,,,,,2,Suspected Minor Injury (B),2,Suspected Minor Injury (B),11,"Front Seat, Left Side",11,"Front Seat, Left Side",3,Shoulder and Lap Belt Used,0,No Indication of Misuse,20,Not Applicable,7,None Used/Not Applicable,1,Deployed- Front,0,Not Ejected,0,Not Ejected,0,No (Alcohol Not Involved),0,No (Alcohol Not Involved),0,Test Not Given,0,Test Not Given,996,Test Not Given,9,Reported as Unknown,3,EMS Unknown Mode,0,0,Occupant of a Motor Vehicle
202304638543,2,1,1,35,35,13,3,"South (MD, DE, DC, WV, VA, KY, TN, NC, SC, GA, FL, AL, MS, LA, AR, OK, TX)",1,Urban Area,4,Stratum 4 - LMY PV Serious Injury,4141,11.040494082,1,January,15,3:00pm-3:59pm,41,41,12,Motor Vehicle In-Transport,2,Front-to-Front,0,No,2021.0,2021,499.0,Kia,25756.0,Telluride,7.0,Sport Utility Vehicle (SUV)/Multi-Purpose Vehicle (MPV),63.0,KIA,15.0,"Large utility (ANSI D16.1 Utility Vehicle Categories and ""Full Size"" and ""Large"")",0.0,Not Applicable,11.0,"Class 1: 6,000 lbs. or less (2,722 kg or less)",11.0,"Class 1: 6,000 lbs. or less (2,722 kg or less)",0.0,No Trailers,0.0,No Special Use Noted,0.0,Not Applicable,0.0,No Rollover,12.0,12 Clock Point,0.0,No or Not Reported,63422.0,KIA Telluride,43,43 Years,43,43 Years,1,Male,1,Male,1,Driver of a Motor Vehicle In-Transport,,,,,2,Suspected Minor Injury (B),2,Suspected Minor Injury (B),11,"Front Seat, Left Side",11,"Front Seat, Left Side",3,Shoulder and Lap Belt Used,0,No Indication of Misuse,20,Not Applicable,7,None Used/Not Applicable,8,Deployed- Combination,0,Not Ejected,0,Not Ejected,0,No (Alcohol Not Involved),0,No (Alcohol Not Involved),0,Test Not Given,0,Test Not Given,996,Test Not Given,0,No (drugs not involved),5,EMS Ground,0,0,Occupant of a Motor Vehicle
202304638543,2,1,2,35,35,13,3,"South (MD, DE, DC, WV, VA, KY, TN, NC, SC, GA, FL, AL, MS, LA, AR, OK, TX)",1,Urban Area,4,Stratum 4 - LMY PV Serious Injury,4141,11.040494082,1,January,15,3:00pm-3:59pm,41,41,12,Motor Vehicle In-Transport,2,Front-to-Front,0,No,2021.0,2021,499.0,Kia,25756.0,Telluride,7.0,Sport Utility Vehicle (SUV)/Multi-Purpose Vehicle (MPV),63.0,KIA,15.0,"Large utility (ANSI D16.1 Utility Vehicle Categories and ""Full Size"" and ""Large"")",0.0,Not Applicable,11.0,"Class 1: 6,000 lbs. or less (2,722 kg or less)",11.0,"Class 1: 6,000 lbs. or less (2,722 kg or less)",0.0,No Trailers,0.0,No Special Use Noted,0.0,Not Applicable,0.0,No Rollover,12.0,12 Clock Point,0.0,No or Not Reported,63422.0,KIA Telluride,16,16 Years,16,16 Years,2,Female,2,Female,2,Passenger of a Motor Vehicle In-Transport,,,,,3,Suspected Serious Injury (A),3,Suspected Serious Injury (A),13,"Front Seat, Right Side",13,"Front Seat, Right Side",3,Shoulder and Lap Belt Used,0,No Indication of Misuse,20,Not Applicable,7,None Used/Not Applicable,8,Deployed- Combination,0,Not Ejected,0,Not Ejected,0,No (Alcohol Not Involved),0,No (Alcohol Not Involved),0,Test Not Given,0,Test Not Given,996,Test Not Given,0,No (drugs not involved),5,EMS Ground,0,0,Occupant of a Motor Vehicle
202304638543,2,2,1,35,35,13,3,"South (MD, DE, DC, WV, VA, KY, TN, NC, SC, GA, FL, AL, MS, LA, AR, OK, TX)",1,Urban Area,4,Stratum 4 - LMY PV Serious Injury,4141,11.040494082,1,January,15,3:00pm-3:59pm,41,41,12,Motor Vehicle In-Transport,2,Front-to-Front,0,No,2004.0,2004,482.0,Volkswagen,3141.0,R32,5.0,Hatchback/Liftback/Notchback,30.0,Volkswagen,3.0,3-door/2-door hatchback,0.0,Not Applicable,11.0,"Class 1: 6,000 lbs. or less (2,722 kg or less)",11.0,"Class 1: 6,000 lbs. or less (2,722 kg or less)",0.0,No Trailers,0.0,No Special Use Noted,0.0,Not Applicable,0.0,No Rollover,12.0,12 Clock Point,0.0,No or Not Reported,30042.0,Volkswagen Golf/Cabriolet/Cabrio/GTI/ GLI,27,27 Years,27,27 Years,1,Male,1,Male,1,Driver of a Motor Vehicle In-Transport,,,,,3,Suspected Serious Injury (A),3,Suspected Serious Injury (A),11,"Front Seat, Left Side",11,"Front Seat, Left Side",3,Shoulder and Lap Belt Used,0,No Indication of Misuse,20,Not Applicable,7,None Used/Not Applicable,1,Deployed- Front,0,Not Ejected,0,Not Ejected,0,No (Alcohol Not Involved),0,No (Alcohol Not Involved),0,Test Not Given,0,Test Not Given,996,Test Not Given,0,No (drugs not involved),5,EMS Ground,0,0,Occupant of a Motor Vehicle
202304638547,2,1,1,35,35,13,3,"South (MD, DE, DC, WV, VA, KY, TN, NC, SC, GA, FL, AL, MS, LA, AR, OK, TX)",1,Urban Area,6,Stratum 6 - LMY PV Minor Injury,4141,54.437803538,1,January,16,4:00pm-4:59pm,46,46,12,Motor Vehicle In-Transport,6,Angle,0,No,2020.0,2020,481.0,Mitsubishi,2163.0,Outlander,7.0,Sport Utility Vehicle (SUV)/Multi-Purpose Vehicle (MPV),52.0,Mitsubishi,14.0,"Compact Utility (Utility Vehicle Categories ""Small"" and ""Midsize"")",0.0,Not Applicable,11.0,"Class 1: 6,000 lbs. or less (2,722 kg or less)",11.0,"Class 1: 6,000 lbs. or less (2,722 kg or less)",0.0,No Trailers,0.0,No Special Use Noted,0.0,Not Applicable,0.0,No Rollover,11.0,11 Clock Point,0.0,No or Not Reported,52404.0,"Mitsubishi Outlander (For 2019 on.  For model years 2003-2018, see 52-047.)",22,22 Years,22,22 Years,2,Female,2,Female,1,Driver of a Motor Vehicle In-Transport,,,,,1,Possible Injury (C),1,Possible Injury (C),11,"Front Seat, Left Side",11,"Front Seat, Left Side",3,Shoulder and Lap Belt Used,0,No Indication of Misuse,20,Not Applicable,7,None Used/Not Applicable,20,Not Deployed,0,Not Ejected,0,Not Ejected,0,No (Alcohol Not Involved),0,No (Alcohol Not Involved),0,Test Not Given,0,Test Not Given,996,Test Not Given,0,No (drugs not involved),0,Not Transported for Treatment,0,0,Occupant of a Motor Vehicle
202304638547,2,2,1,35,35,13,3,"South (MD, DE, DC, WV, VA, KY, TN, NC, SC, GA, FL, AL, MS, LA, AR, OK, TX)",1,Urban Area,6,Stratum 6 - LMY PV Minor Injury,4141,54.437803538,1,January,16,4:00pm-4:59pm,46,46,12,Motor Vehicle In-Transport,6,Angle,0,No,2019.0,2019,448.0,Toyota,17213.0,C-HR,8.0,Crossover Utility Vehicle (CUV),49.0,Toyota,14.0,"Compact Utility (Utility Vehicle Categories ""Small"" and ""Midsize"")",0.0,Not Applicable,11.0,"Class 1: 6,000 lbs. or less (2,722 kg or less)",11.0,"Class 1: 6,000 lbs. or less (2,722 kg or less)",0.0,No Trailers,0.0,No Special Use Noted,0.0,Not Applicable,0.0,No Rollover,4.0,4 Clock Point,0.0,No or Not Reported,49405.0,Toyota C-HR,27,27 Years,27,27 Years,2,Female,2,Female,1,Driver of a Motor Vehicle In-Transport,,,,,1,Possible Injury (C),1,Possible Injury (C),11,"Front Seat, Left Side",11,"Front Seat, Left Side",3,Shoulder and Lap Belt Used,0,No Indication of Misuse,20,Not Applicable,7,None Used/Not Applicable,20,Not Deployed,0,Not Ejected,0,Not Ejected,0,No (Alcohol Not Involved),0,No (Alcohol Not Involved),0,Test Not Given,0,Test Not Given,996,Test Not Given,0,No (drugs not involved),5,EMS Ground,0,0,Occupant of a Motor Vehicle
202304638558,1,1,1,35,35,13,3,"South (MD, DE, DC, WV, VA, KY, TN, NC, SC, GA, FL, AL, MS, LA, AR, OK, TX)",1,Urban Area,8,Stratum 8 - NLMY PV Minor Injury,4141,134.51815149,1,January,22,10:00pm-10:59pm,14,14,14,Parked Motor Vehicle,0,The First Harmful Event was Not a Collision with a Motor Vehicle In-Transport,0,No,2015.0,2015,498.0,Hyundai,2735.0,Elantra,13.0,Sedan/Saloon,55.0,Hyundai,4.0,"4-door sedan, hardtop",0.0,Not Applicable,11.0,"Class 1: 6,000 lbs. or less (2,722 kg or less)",11.0,"Class 1: 6,000 lbs. or less (2,722 kg or less)",0.0,No Trailers,0.0,No Special Use Noted,0.0,Not Applicable,0.0,No Rollover,12.0,12 Clock Point,0.0,No or Not Reported,55035.0,Hyundai Elantra,45,45 Years,45,45 Years,2,Female,2,Female,1,Driver of a Motor Vehicle In-Transport,,,,,1,Possible Injury (C),1,Possible Injury (C),11,"Front Seat, Left Side",11,"Front Seat, Left Side",3,Shoulder and Lap Belt Used,0,No Indication of Misuse,20,Not Applicable,7,None Used/Not Applicable,1,Deployed- Front,0,Not Ejected,0,Not Ejected,1,Yes (Alcohol Involved),1,Yes (Alcohol Involved),2,Test Given,98,Unknown Test Type,997,"AC Test Performed, Results Unknown",1,Yes (drugs involved),2,Law Enforcement,0,0,Occupant of a Motor Vehicle
202304638564,1,1,1,35,35,13,3,"South (MD, DE, DC, WV, VA, KY, TN, NC, SC, GA, FL, AL, MS, LA, AR, OK, TX)",1,Urban Area,9,Stratum 9 - LMY PV No Injuries in Crash,4141,141.63889146,1,January,20,8:00pm-8:59pm,58,58,11,Live Animal,0,The First Harmful Event was Not a Collision with a Motor Vehicle In-Transport,0,No,2019.0,2019,499.0,Kia,2462.0,Forte,13.0,Sedan/Saloon,63.0,KIA,4.0,"4-door sedan, hardtop",0.0,Not Applicable,11.0,"Class 1: 6,000 lbs. or less (2,722 kg or less)",11.0,"Class 1: 6,000 lbs. or less (2,722 kg or less)",0.0,No Trailers,0.0,No Special Use Noted,0.0,Not Applicable,0.0,No Rollover,12.0,12 Clock Point,0.0,No or Not Reported,63038.0,KIA Forte,27,27 Years,27,27 Years,2,Female,2,Female,1,Driver of a Motor Vehicle In-Transport,,,,,0,No Apparent Injury (O),0,No Apparent Injury (O),11,"Front Seat, Left Side",11,"Front Seat, Left Side",3,Shoulder and Lap Belt Used,0,No Indication of Misuse,20,Not Applicable,7,None Used/Not Applicable,20,Not Deployed,0,Not Ejected,0,Not Ejected,0,No (Alcohol Not Involved),0,No (Alcohol Not Involved),0,Test Not Given,0,Test Not Given,996,Test Not Given,0,No (drugs not involved),0,Not Transported for Treatment,0,0,Occupant of a Motor Vehicle
202304638580,1,1,1,35,35,13,3,"South (MD, DE, DC, WV, VA, KY, TN, NC, SC, GA, FL, AL, MS, LA, AR, OK, TX)",1,Urban Area,10,Stratum 10 - Other,4141,222.47241975,1,January,8,8:00am-8:59am,58,58,24,Guardrail Face,0,The First Harmful Event was Not a Collision with a Motor Vehicle In-Transport,0,No,2015.0,2015,474.0,Honda,1861.0,Accord,13.0,Sedan/Saloon,37.0,Honda,4.0,"4-door sedan, hardtop",0.0,Not Applicable,11.0,"Class 1: 6,000 lbs. or less (2,722 kg or less)",11.0,"Class 1: 6,000 lbs. or less (2,722 kg or less)",0.0,No Trailers,0.0,No Special Use Noted,0.0,Not Applicable,0.0,No Rollover,11.0,11 Clock Point,0.0,No or Not Reported,37032.0,"Honda Accord (Note: For Crosstour model years 2010 and 2011 only. For Crosstour model years 2012-2015, see vehicle model 37-405)",51,51 Years,51,51 Years,1,Male,1,Male,1,Driver of a Motor Vehicle In-Transport,,,,,0,No Apparent Injury (O),0,No Apparent Injury (O),11,"Front Seat, Left Side",11,"Front Seat, Left Side",3,Shoulder and Lap Belt Used,0,No Indication of Misuse,20,Not Applicable,7,None Used/Not Applicable,20,Not Deployed,0,Not Ejected,0,Not Ejected,0,No (Alcohol Not Involved),0,No (Alcohol Not Involved),0,Test Not Given,0,Test Not Given,996,Test Not Given,0,No (drugs not involved),0,Not Transported for Treatment,0,0,Occupant of a Motor Vehicle
202304638580,1,1,2,35,35,13,3,"South (MD, DE, DC, WV, VA, KY, TN, NC, SC, GA, FL, AL, MS, LA, AR, OK, TX)",1,Urban Area,10,Stratum 10 - Other,4141,222.47241975,1,January,8,8:00am-8:59am,58,58,24,Guardrail Face,0,The First Harmful Event was Not a Collision with a Motor Vehicle In-Transport,0,No,2015.0,2015,474.0,Honda,1861.0,Accord,13.0,Sedan/Saloon,37.0,Honda,4.0,"4-door sedan, hardtop",0.0,Not Applicable,11.0,"Class 1: 6,000 lbs. or less (2,722 kg or less)",11.0,"Class 1: 6,000 lbs. or less (2,722 kg or less)",0.0,No Trailers,0.0,No Special Use Noted,0.0,Not Applicable,0.0,No Rollover,11.0,11 Clock Point,0.0,No or Not Reported,37032.0,"Honda Accord (Note: For Crosstour model years 2010 and 2011 only. For Crosstour model years 2012-2015, see vehicle model 37-405)",41,41 Years,41,41 Years,1,Male,1,Male,2,Passenger of a Motor Vehicle In-Transport,,,,,0,No Apparent Injury (O),0,No Apparent Injury (O),13,"Front Seat, Right Side",13,"Front Seat, Right Side",3,Shoulder and Lap Belt Used,0,No Indication of Misuse,20,Not Applicable,7,None Used/Not Applicable,20,Not Deployed,0,Not Ejected,0,Not Ejected,0,No (Alcohol Not Involved),0,No (Alcohol Not Involved),0,Test Not Given,0,Test Not Given,996,Test Not Given,0,No (drugs not involved),0,Not Transported for Treatment,0,0,Occupant of a Motor Vehicle
202304638625,1,1,1,25,25,8,2,"Midwest (OH, IN, IL, MI, WI, MN, ND, SD, NE, IA, MO, KS)",1,Urban Area,10,Stratum 10 - Other,4150,218.84769319,1,January,0,0:00am-0:59am,1,1,30,Utility Pole/Light Support,0,The First Harmful Event was Not a Collision with a Motor Vehicle In-Transport,0,No,2001.0,2001,474.0,Honda,1863.0,Civic,3.0,Coupe,37.0,Honda,2.0,"2-door sedan,hardtop,coupe",0.0,Not Applicable,11.0,"Class 1: 6,000 lbs. or less (2,722 kg or less)",11.0,"Class 1: 6,000 lbs. or less (2,722 kg or less)",0.0,No Trailers,0.0,No Special Use Noted,0.0,Not Applicable,0.0,No Rollover,12.0,12 Clock Point,0.0,No or Not Reported,37031.0,"Honda Civic/CRX, del Sol",24,24 Years,24,24 Years,1,Male,1,Male,1,Driver of a Motor Vehicle In-Transport,,,,,0,No Apparent Injury (O),0,No Apparent Injury (O),11,"Front Seat, Left Side",11,"Front Seat, Left Side",99,Reported as Unknown,7,None Used/Not Applicable,20,Not Applicable,7,None Used/Not Applicable,20,Not Deployed,0,Not Ejected,0,Not Ejected,8,Not Reported,0,No (Alcohol Not Involved),0,Test Not Given,0,Test Not Given,996,Test Not Given,8,Not Reported,0,Not Transported for Treatment,0,0,Occupant of a Motor Vehicle
202304638645,1,1,1,39,39,7,2,"Midwest (OH, IN, IL, MI, WI, MN, ND, SD, NE, IA, MO, KS)",1,Urban Area,10,Stratum 10 - Other,4154,210.86019124,1,January,14,2:00pm-2:59pm,41,41,14,Parked Motor Vehicle,0,The First Harmful Event was Not a Collision with a Motor Vehicle In-Transport,0,No,9998.0,Not Reported,99998.0,Not Reported,99998.0,Not Reported,998.0,Not Reported,97.0,Not Reported,98.0,Not Reported,0.0,Not Applicable,98.0,Not Reported,98.0,Not Reported,0.0,No Trailers,0.0,No Special Use Noted,0.0,Not Applicable,0.0,No Rollover,6.0,6 Clock Point,0.0,No or Not Reported,97997.0,Not Reported Not Reported,998,Not Reported,24,24 Years,8,Not Reported,1,Male,1,Driver of a Motor Vehicle In-Transport,,,,,9,Unknown/Not Reported,0,No Apparent Injury (O),11,"Front Seat, Left Side",11,"Front Seat, Left Side",98,Not Reported,7,None Used/Not Applicable,20,Not Applicable,7,None Used/Not Applicable,98,Not Reported,0,Not Ejected,0,Not Ejected,8,Not Reported,0,No (Alcohol Not Involved),0,Test Not Given,0,Test Not Given,996,Test Not Given,8,Not Reported,0,Not Transported for Treatment,0,0,Occupant of a Motor Vehicle
202304638645,1,2,1,39,39,7,2,"Midwest (OH, IN, IL, MI, WI, MN, ND, SD, NE, IA, MO, KS)",1,Urban Area,10,Stratum 10 - Other,4154,210.86019124,1,January,14,2:00pm-2:59pm,41,41,14,Parked Motor Vehicle,0,The First Harmful Event was Not a Collision with a Motor Vehicle In-Transport,0,No,2013.0,2013,474.0,Honda,1864.0,Pilot,7.0,Sport Utility Vehicle (SUV)/Multi-Purpose Vehicle (MPV),37.0,Honda,15.0,"Large utility (ANSI D16.1 Utility Vehicle Categories and ""Full Size"" and ""Large"")",0.0,Not Applicable,12.0,"Class 2: 6,001 - 10,000 lbs. (2,722 - 4,536 kg)",12.0,"Class 2: 6,001 - 10,000 lbs. (2,722 - 4,536 kg)",0.0,No Trailers,0.0,No Special Use Noted,0.0,Not Applicable,0.0,No Rollover,8.0,8 Clock Point,0.0,No or Not Reported,37421.0,Honda Pilot,32,32 Years,32,32 Years,1,Male,1,Male,3,Occupant of a Motor Vehicle Not In- Transport,,,,,0,No Apparent Injury (O),0,No Apparent Injury (O),11,"Front Seat, Left Side",11,"Front Seat, Left Side",98,Not Reported,7,None Used/Not Applicable,20,Not Applicable,7,None Used/Not Applicable,20,Not Deployed,0,Not Ejected,0,Not Ejected,0,No (Alcohol Not Involved),0,No (Alcohol Not Involved),0,Test Not Given,0,Test Not Given,996,Test Not Given,0,No (drugs not involved),0,Not Transported for Treatment,0,0,Occupant of a Motor Vehicle
202304638652,2,1,1,32,32,17,3,"South (MD, DE, DC, WV, VA, KY, TN, NC, SC, GA, FL, AL, MS, LA, AR, OK, TX)",2,Rural Area,6,Stratum 6 - LMY PV Minor Injury,4145,53.487926763,1,January,16,4:00pm-4:59pm,34,34,12,Motor Vehicle In-Transport,6,Angle,0,No,2005.0,2005,526.0,International,29124.0,4400,11.0,Truck,84.0,International Harvester/Navistar,63.0,"Single-unit straight truck or Cab-Chassis (GVWR greater than 26,000 lbs.)",130.0,Fire Apparatus,18.0,"Class 8: 33,001 lbs. and above (14,969 kg and above)",18.0,"Class 8: 33,001 lbs. and above (14,969 kg and above)",0.0,No Trailers,7.0,Fire Truck,5.0,"Emergency Operation, Emergency Warning Equipment in Use",0.0,No Rollover,3.0,3 Clock Point,0.0,No or Not Reported,84881.0,International Harvester/Navistar Medium/Heavy - CBE,19,19 Years,19,19 Years,1,Male,1,Male,1,Driver of a Motor Vehicle In-Transport,,,,,0,No Apparent Injury (O),0,No Apparent Injury (O),11,"Front Seat, Left Side",11,"Front Seat, Left Side",3,Shoulder and Lap Belt Used,0,No Indication of Misuse,20,Not Applicable,7,None Used/Not Applicable,20,Not Deployed,0,Not Ejected,0,Not Ejected,0,No (Alcohol Not Involved),0,No (Alcohol Not Involved),0,Test Not Given,0,Test Not Given,996,Test Not Given,0,No (drugs not involved),0,Not Transported for Treatment,0,0,Occupant of a Motor Vehicle
202304638652,2,1,2,32,32,17,3,"South (MD, DE, DC, WV, VA, KY, TN, NC, SC, GA, FL, AL, MS, LA, AR, OK, TX)",2,Rural Area,6,Stratum 6 - LMY PV Minor Injury,4145,53.487926763,1,January,16,4:00pm-4:59pm,34,34,12,Motor Vehicle In-Transport,6,Angle,0,No,2005.0,2005,526.0,International,29124.0,4400,11.0,Truck,84.0,International Harvester/Navistar,63.0,"Single-unit straight truck or Cab-Chassis (GVWR greater than 26,000 lbs.)",130.0,Fire Apparatus,18.0,"Class 8: 33,001 lbs. and above (14,969 kg and above)",18.0,"Class 8: 33,001 lbs. and above (14,969 kg and above)",0.0,No Trailers,7.0,Fire Truck,5.0,"Emergency Operation, Emergency Warning Equipment in Use",0.0,No Rollover,3.0,3 Clock Point,0.0,No or Not Reported,84881.0,International Harvester/Navistar Medium/Heavy - CBE,32,32 Years,32,32 Years,1,Male,1,Male,2,Passenger of a Motor Vehicle In-Transport,,,,,0,No Apparent Injury (O),0,No Apparent Injury (O),13,"Front Seat, Right Side",13,"Front Seat, Right Side",3,Shoulder and Lap Belt Used,0,No Indication of Misuse,20,Not Applicable,7,None Used/Not Applicable,20,Not Deployed,0,Not Ejected,0,Not Ejected,0,No (Alcohol Not Involved),0,No (Alcohol Not Involved),0,Test Not Given,0,Test Not Given,996,Test Not Given,0,No (drugs not involved),0,Not Transported for Treatment,0,0,Occupant of a Motor Vehicle
202304638652,2,2,1,32,32,17,3,"South (MD, DE, DC, WV, VA, KY, TN, NC, SC, GA, FL, AL, MS, LA, AR, OK, TX)",2,Rural Area,6,Stratum 6 - LMY PV Minor Injury,4145,53.487926763,1,January,16,4:00pm-4:59pm,34,34,12,Motor Vehicle In-Transport,6,Angle,0,No,2021.0,2021,478.0,Nissan,22791.0,Kicks,5.0,Hatchback/Liftback/Notchback,35.0,Nissan/Datsun,5.0,5-door/4-door hatchback,0.0,Not Applicable,11.0,"Class 1: 6,000 lbs. or less (2,722 kg or less)",11.0,"Class 1: 6,000 lbs. or less (2,722 kg or less)",0.0,No Trailers,0.0,No Special Use Noted,0.0,Not Applicable,0.0,No Rollover,12.0,12 Clock Point,0.0,No or Not Reported,35056.0,Nissan/Datsun Kicks,29,29 Years,29,29 Years,2,Female,2,Female,1,Driver of a Motor Vehicle In-Transport,,,,,2,Suspected Minor Injury (B),2,Suspected Minor Injury (B),11,"Front Seat, Left Side",11,"Front Seat, Left Side",3,Shoulder and Lap Belt Used,0,No Indication of Misuse,20,Not Applicable,7,None Used/Not Applicable,8,Deployed- Combination,0,Not Ejected,0,Not Ejected,0,No (Alcohol Not Involved),0,No (Alcohol Not Involved),0,Test Not Given,0,Test Not Given,996,Test Not Given,0,No (drugs not involved),5,EMS Ground,0,0,Occupant of a Motor Vehicle
202304638654,2,1,1,32,32,17,3,"South (MD, DE, DC, WV, VA, KY, TN, NC, SC, GA, FL, AL, MS, LA, AR, OK, TX)",2,Rural Area,10,Stratum 10 - Other,4145,220.3414238,1,January,11,11:00am-11:59am,7,7,12,Motor Vehicle In-Transport,1,Front-to-Rear,0,No,2008.0,2008,476.0,Dodge,1892.0,Avenger,13.0,Sedan/Saloon,7.0,Dodge,4.0,"4-door sedan, hardtop",0.0,Not Applicable,11.0,"Class 1: 6,000 lbs. or less (2,722 kg or less)",11.0,"Class 1: 6,000 lbs. or less (2,722 kg or less)",0.0,No Trailers,0.0,No Special Use Noted,0.0,Not Applicable,0.0,No Rollover,6.0,6 Clock Point,0.0,No or Not Reported,7026.0,Dodge Avenger,35,35 Years,35,35 Years,2,Female,2,Female,1,Driver of a Motor Vehicle In-Transport,,,,,0,No Apparent Injury (O),0,No Apparent Injury (O),11,"Front Seat, Left Side",11,"Front Seat, Left Side",3,Shoulder and Lap Belt Used,0,No Indication of Misuse,20,Not Applicable,7,None Used/Not Applicable,20,Not Deployed,0,Not Ejected,0,Not Ejected,0,No (Alcohol Not Involved),0,No (Alcohol Not Involved),0,Test Not Given,0,Test Not Given,996,Test Not Given,0,No (drugs not involved),0,Not Transported for Treatment,0,0,Occupant of a Motor Vehicle
202304638654,2,2,1,32,32,17,3,"South (MD, DE, DC, WV, VA, KY, TN, NC, SC, GA, FL, AL, MS, LA, AR, OK, TX)",2,Rural Area,10,Stratum 10 - Other,4145,220.3414238,1,January,11,11:00am-11:59am,7,7,12,Motor Vehicle In-Transport,1,Front-to-Rear,0,No,2017.0,2017,474.0,Honda,1861.0,Accord,13.0,Sedan/Saloon,37.0,Honda,4.0,"4-door sedan, hardtop",0.0,Not Applicable,11.0,"Class 1: 6,000 lbs. or less (2,722 kg or less)",11.0,"Class 1: 6,000 lbs. or less (2,722 kg or less)",0.0,No Trailers,0.0,No Special Use Noted,0.0,Not Applicable,0.0,No Rollover,12.0,12 Clock Point,0.0,No or Not Reported,37032.0,"Honda Accord (Note: For Crosstour model years 2010 and 2011 only. For Crosstour model years 2012-2015, see vehicle model 37-405)",23,23 Years,23,23 Years,2,Female,2,Female,1,Driver of a Motor Vehicle In-Transport,,,,,0,No Apparent Injury (O),0,No Apparent Injury (O),11,"Front Seat, Left Side",11,"Front Seat, Left Side",3,Shoulder and Lap Belt Used,0,No Indication of Misuse,20,Not Applicable,7,None Used/Not Applicable,1,Deployed- Front,0,Not Ejected,0,Not Ejected,0,No (Alcohol Not Involved),0,No (Alcohol Not Involved),0,Test Not Given,0,Test Not Given,996,Test Not Given,0,No (drugs not involved),0,Not Transported for Treatment,0,0,Occupant of a Motor Vehicle
202304638685,1,1,1,67,67,8,2,"Midwest (OH, IN, IL, MI, WI, MN, ND, SD, NE, IA, MO, KS)",1,Urban Area,7,Stratum 7 - M/H Truck or Bus,4152,154.57591643,1,January,17,5:00pm-5:59pm,20,20,14,Parked Motor Vehicle,0,The First Harmful Event was Not a Collision with a Motor Vehicle In-Transport,0,No,2012.0,2012,526.0,International,2624.0,MA065,11.0,Truck,84.0,International Harvester/Navistar,63.0,"Single-unit straight truck or Cab-Chassis (GVWR greater than 26,000 lbs.)",0.0,Not Applicable,17.0,"Class 7: 26,001 - 33,000 lbs. (11,794 - 14,969 kg)",17.0,"Class 7: 26,001 - 33,000 lbs. (11,794 - 14,969 kg)",0.0,No Trailers,5.0,Police,6.0,"Emergency Operation, Emergency Warning Equipment in Use Unknown",0.0,No Rollover,9.0,9 Clock Point,0.0,No or Not Reported,84881.0,International Harvester/Navistar Medium/Heavy - CBE,47,47 Years,47,47 Years,1,Male,1,Male,1,Driver of a Motor Vehicle In-Transport,,,,,0,No Apparent Injury (O),0,No Apparent Injury (O),11,"Front Seat, Left Side",11,"Front Seat, Left Side",3,Shoulder and Lap Belt Used,0,No Indication of Misuse,20,Not Applicable,7,None Used/Not Applicable,20,Not Deployed,0,Not Ejected,0,Not Ejected,8,Not Reported,0,No (Alcohol Not Involved),0,Test Not Given,0,Test Not Given,996,Test Not Given,8,Not Reported,0,Not Transported for Treatment,0,0,Occupant of a Motor Vehicle
202304638695,2,1,1,67,67,8,2,"Midwest (OH, IN, IL, MI, WI, MN, ND, SD, NE, IA, MO, KS)",1,Urban Area,9,Stratum 9 - LMY PV No Injuries in Crash,4152,137.41921075,1,January,16,4:00pm-4:59pm,30,30,12,Motor Vehicle In-Transport,1,Front-to-Rear,0,No,2016.0,2016,472.0,GMC,1855.0,Acadia,7.0,Sport Utility Vehicle (SUV)/Multi-Purpose Vehicle (MPV),23.0,GMC,15.0,"Large utility (ANSI D16.1 Utility Vehicle Categories and ""Full Size"" and ""Large"")",0.0,Not Applicable,12.0,"Class 2: 6,001 - 10,000 lbs. (2,722 - 4,536 kg)",12.0,"Class 2: 6,001 - 10,000 lbs. (2,722 - 4,536 kg)",0.0,No Trailers,0.0,No Special Use Noted,0.0,Not Applicable,0.0,No Rollover,12.0,12 Clock Point,0.0,No or Not Reported,23423.0,GMC Acadia (2013 on. For 2007-2012 see model 008.),35,35 Years,35,35 Years,1,Male,1,Male,1,Driver of a Motor Vehicle In-Transport,,,,,0,No Apparent Injury (O),0,No Apparent Injury (O),11,"Front Seat, Left Side",11,"Front Seat, Left Side",99,Reported as Unknown,7,None Used/Not Applicable,20,Not Applicable,7,None Used/Not Applicable,99,Reported as Deployment Unknown,0,Not Ejected,0,Not Ejected,8,Not Reported,0,No (Alcohol Not Involved),0,Test Not Given,0,Test Not Given,996,Test Not Given,8,Not Reported,0,Not Transported for Treatment,0,0,Occupant of a Motor Vehicle
202304638695,2,2,1,67,67,8,2,"Midwest (OH, IN, IL, MI, WI, MN, ND, SD, NE, IA, MO, KS)",1,Urban Area,9,Stratum 9 - LMY PV No Injuries in Crash,4152,137.41921075,1,January,16,4:00pm-4:59pm,30,30,12,Motor Vehicle In-Transport,1,Front-to-Rear,0,No,2020.0,2020,498.0,Hyundai,2735.0,Elantra,13.0,Sedan/Saloon,55.0,Hyundai,4.0,"4-door sedan, hardtop",0.0,Not Applicable,11.0,"Class 1: 6,000 lbs. or less (2,722 kg or less)",11.0,"Class 1: 6,000 lbs. or less (2,722 kg or less)",0.0,No Trailers,0.0,No Special Use Noted,0.0,Not Applicable,0.0,No Rollover,6.0,6 Clock Point,0.0,No or Not Reported,55035.0,Hyundai Elantra,27,27 Years,27,27 Years,2,Female,2,Female,1,Driver of a Motor Vehicle In-Transport,,,,,0,No Apparent Injury (O),0,No Apparent Injury (O),11,"Front Seat, Left Side",11,"Front Seat, Left Side",3,Shoulder and Lap Belt Used,0,No Indication of Misuse,20,Not Applicable,7,None Used/Not Applicable,20,Not Deployed,0,Not Ejected,0,Not Ejected,8,Not Reported,0,No (Alcohol Not Involved),0,Test Not Given,0,Test Not Given,996,Test Not Given,8,Not Reported,0,Not Transported for Treatment,0,0,Occupant of a Motor Vehicle
202304638695,2,2,2,67,67,8,2,"Midwest (OH, IN, IL, MI, WI, MN, ND, SD, NE, IA, MO, KS)",1,Urban Area,9,Stratum 9 - LMY PV No Injuries in Crash,4152,137.41921075,1,January,16,4:00pm-4:59pm,30,30,12,Motor Vehicle In-Transport,1,Front-to-Rear,0,No,2020.0,2020,498.0,Hyundai,2735.0,Elantra,13.0,Sedan/Saloon,55.0,Hyundai,4.0,"4-door sedan, hardtop",0.0,Not Applicable,11.0,"Class 1: 6,000 lbs. or less (2,722 kg or less)",11.0,"Class 1: 6,000 lbs. or less (2,722 kg or less)",0.0,No Trailers,0.0,No Special Use Noted,0.0,Not Applicable,0.0,No Rollover,6.0,6 Clock Point,0.0,No or Not Reported,55035.0,Hyundai Elantra,3,3 Years,3,3 Years,1,Male,1,Male,2,Passenger of a Motor Vehicle In-Transport,,,,,0,No Apparent Injury (O),0,No Apparent Injury (O),23,"Second Seat, Right Side",23,"Second Seat, Right Side",11,Child Restraint System - Rear Facing,0,No Indication of Misuse,20,Not Applicable,7,None Used/Not Applicable,20,Not Deployed,0,Not Ejected,0,Not Ejected,8,Not Reported,0,No (Alcohol Not Involved),0,Test Not Given,0,Test Not Given,996,Test Not Given,8,Not Reported,0,Not Transported for Treatment,0,0,Occupant of a Motor Vehicle
202304638730,1,1,1,56,214,20,4,"West (MT, ID, WA, OR, CA, NV, NM, AZ, UT, CO, WY, AK, HI)",1,Urban Area,7,Stratum 7 - M/H Truck or Bus,214,188.16697546,1,January,13,1:00pm-1:59pm,35,35,2,Fire/Explosion,0,The First Harmful Event was Not a Collision with a Motor Vehicle In-Transport,0,No,2019.0,2019,526.0,International,20856.0,MV607,11.0,Truck,84.0,International Harvester/Navistar,62.0,"Single-unit straight truck or Cab-Chassis (GVWR range 19,501 to 26,000 lbs.)",0.0,Not Applicable,16.0,"Class 6: 19,501 - 26,000 lbs. (8,845 - 11,794 kg)",16.0,"Class 6: 19,501 - 26,000 lbs. (8,845 - 11,794 kg)",5.0,Vehicle Towing Another Motor Vehicle - Fixed Linkage,0.0,No Special Use Noted,0.0,Not Applicable,0.0,No Rollover,0.0,Non-Collision,1.0,Yes,84881.0,International Harvester/Navistar Medium/Heavy - CBE,53,53 Years,53,53 Years,1,Male,1,Male,1,Driver of a Motor Vehicle In-Transport,,,,,0,No Apparent Injury (O),0,No Apparent Injury (O),11,"Front Seat, Left Side",11,"Front Seat, Left Side",3,Shoulder and Lap Belt Used,0,No Indication of Misuse,20,Not Applicable,7,None Used/Not Applicable,20,Not Deployed,0,Not Ejected,0,Not Ejected,0,No (Alcohol Not Involved),0,No (Alcohol Not Involved),0,Test Not Given,0,Test Not Given,996,Test Not Given,8,Not Reported,0,Not Transported for Treatment,0,0,Occupant of a Motor Vehicle
202304638730,1,1,2,56,214,20,4,"West (MT, ID, WA, OR, CA, NV, NM, AZ, UT, CO, WY, AK, HI)",1,Urban Area,7,Stratum 7 - M/H Truck or Bus,214,188.16697546,1,January,13,1:00pm-1:59pm,35,35,2,Fire/Explosion,0,The First Harmful Event was Not a Collision with a Motor Vehicle In-Transport,0,No,2019.0,2019,526.0,International,20856.0,MV607,11.0,Truck,84.0,International Harvester/Navistar,62.0,"Single-unit straight truck or Cab-Chassis (GVWR range 19,501 to 26,000 lbs.)",0.0,Not Applicable,16.0,"Class 6: 19,501 - 26,000 lbs. (8,845 - 11,794 kg)",16.0,"Class 6: 19,501 - 26,000 lbs. (8,845 - 11,794 kg)",5.0,Vehicle Towing Another Motor Vehicle - Fixed Linkage,0.0,No Special Use Noted,0.0,Not Applicable,0.0,No Rollover,0.0,Non-Collision,1.0,Yes,84881.0,International Harvester/Navistar Medium/Heavy - CBE,30,30 Years,30,30 Years,1,Male,1,Male,2,Passenger of a Motor Vehicle In-Transport,,,,,0,No Apparent Injury (O),0,No Apparent Injury (O),13,"Front Seat, Right Side",13,"Front Seat, Right Side",3,Shoulder and Lap Belt Used,0,No Indication of Misuse,20,Not Applicable,7,None Used/Not Applicable,20,Not Deployed,0,Not Ejected,0,Not Ejected,8,Not Reported,0,No (Alcohol Not Involved),0,Test Not Given,0,Test Not Given,996,Test Not Given,8,Not Reported,0,Not Transported for Treatment,0,0,Occupant of a Motor Vehicle
202304638739,1,1,1,83,83,13,3,"South (MD, DE, DC, WV, VA, KY, TN, NC, SC, GA, FL, AL, MS, LA, AR, OK, TX)",1,Urban Area,5,Stratum 5 - NLMY PV Serious Injury,4148,25.929429426,1,January,13,1:00pm-1:59pm,55,55,42,Tree (Standing Only),0,The First Harmful Event was Not a Collision with a Motor Vehicle In-Transport,0,No,2004.0,2004,468.0,Buick,4954.0,Rainier,7.0,Sport Utility Vehicle (SUV)/Multi-Purpose Vehicle (MPV),18.0,Buick / Opel,14.0,"Compact Utility (Utility Vehicle Categories ""Small"" and ""Midsize"")",0.0,Not Applicable,11.0,"Class 1: 6,000 lbs. or less (2,722 kg or less)",11.0,"Class 1: 6,000 lbs. or less (2,722 kg or less)",0.0,No Trailers,0.0,No Special Use Noted,0.0,Not Applicable,0.0,No Rollover,98.0,Not Reported,0.0,No or Not Reported,18402.0,Buick / Opel Rainier,50,50 Years,50,50 Years,1,Male,1,Male,1,Driver of a Motor Vehicle In-Transport,,,,,3,Suspected Serious Injury (A),3,Suspected Serious Injury (A),11,"Front Seat, Left Side",11,"Front Seat, Left Side",20,None Used/Not Applicable,7,None Used/Not Applicable,20,Not Applicable,7,None Used/Not Applicable,20,Not Deployed,0,Not Ejected,0,Not Ejected,1,Yes (Alcohol Involved),1,Yes (Alcohol Involved),0,Test Not Given,0,Test Not Given,996,Test Not Given,0,No (drugs not involved),5,EMS Ground,0,0,Occupant of a Motor Vehicle
202304638739,1,1,2,83,83,13,3,"South (MD, DE, DC, WV, VA, KY, TN, NC, SC, GA, FL, AL, MS, LA, AR, OK, TX)",1,Urban Area,5,Stratum 5 - NLMY PV Serious Injury,4148,25.929429426,1,January,13,1:00pm-1:59pm,55,55,42,Tree (Standing Only),0,The First Harmful Event was Not a Collision with a Motor Vehicle In-Transport,0,No,2004.0,2004,468.0,Buick,4954.0,Rainier,7.0,Sport Utility Vehicle (SUV)/Multi-Purpose Vehicle (MPV),18.0,Buick / Opel,14.0,"Compact Utility (Utility Vehicle Categories ""Small"" and ""Midsize"")",0.0,Not Applicable,11.0,"Class 1: 6,000 lbs. or less (2,722 kg or less)",11.0,"Class 1: 6,000 lbs. or less (2,722 kg or less)",0.0,No Trailers,0.0,No Special Use Noted,0.0,Not Applicable,0.0,No Rollover,98.0,Not Reported,0.0,No or Not Reported,18402.0,Buick / Opel Rainier,58,58 Years,58,58 Years,2,Female,2,Female,2,Passenger of a Motor Vehicle In-Transport,,,,,3,Suspected Serious Injury (A),3,Suspected Serious Injury (A),13,"Front Seat, Right Side",13,"Front Seat, Right Side",20,None Used/Not Applicable,7,None Used/Not Applicable,20,Not Applicable,7,None Used/Not Applicable,20,Not Deployed,0,Not Ejected,0,Not Ejected,0,No (Alcohol Not Involved),0,No (Alcohol Not Involved),0,Test Not Given,0,Test Not Given,996,Test Not Given,0,No (drugs not involved),5,EMS Ground,0,0,Occupant of a Motor Vehicle
202304638781,2,1,1,83,83,13,3,"South (MD, DE, DC, WV, VA, KY, TN, NC, SC, GA, FL, AL, MS, LA, AR, OK, TX)",1,Urban Area,10,Stratum 10 - Other,4148,223.23894247,1,January,15,3:00pm-3:59pm,0,0,12,Motor Vehicle In-Transport,1,Front-to-Rear,0,No,2004.0,2004,483.0,Jeep,1943.0,Wrangler,7.0,Sport Utility Vehicle (SUV)/Multi-Purpose Vehicle (MPV),2.0,Jeep / Kaiser-Jeep / Willys- Jeep,14.0,"Compact Utility (Utility Vehicle Categories ""Small"" and ""Midsize"")",0.0,Not Applicable,11.0,"Class 1: 6,000 lbs. or less (2,722 kg or less)",11.0,"Class 1: 6,000 lbs. or less (2,722 kg or less)",0.0,No Trailers,0.0,No Special Use Noted,0.0,Not Applicable,0.0,No Rollover,12.0,12 Clock Point,0.0,No or Not Reported,2403.0,Jeep / Kaiser-Jeep / Willys- Jeep YJ series/Wrangler,17,17 Years,17,17 Years,1,Male,1,Male,1,Driver of a Motor Vehicle In-Transport,,,,,0,No Apparent Injury (O),0,No Apparent Injury (O),11,"Front Seat, Left Side",11,"Front Seat, Left Side",3,Shoulder and Lap Belt Used,0,No Indication of Misuse,20,Not Applicable,7,None Used/Not Applicable,20,Not Deployed,0,Not Ejected,0,Not Ejected,0,No (Alcohol Not Involved),0,No (Alcohol Not Involved),0,Test Not Given,0,Test Not Given,996,Test Not Given,0,No (drugs not involved),0,Not Transported for Treatment,0,0,Occupant of a Motor Vehicle
202304638781,2,2,1,83,83,13,3,"South (MD, DE, DC, WV, VA, KY, TN, NC, SC, GA, FL, AL, MS, LA, AR, OK, TX)",1,Urban Area,10,Stratum 10 - Other,4148,223.23894247,1,January,15,3:00pm-3:59pm,0,0,12,Motor Vehicle In-Transport,1,Front-to-Rear,0,No,2015.0,2015,472.0,GMC,1857.0,Sierra,60.0,Pickup,23.0,GMC,34.0,Light Pickup,0.0,Not Applicable,12.0,"Class 2: 6,001 - 10,000 lbs. (2,722 - 4,536 kg)",12.0,"Class 2: 6,001 - 10,000 lbs. (2,722 - 4,536 kg)",0.0,No Trailers,0.0,No Special Use Noted,0.0,Not Applicable,0.0,No Rollover,6.0,6 Clock Point,0.0,No or Not Reported,23481.0,"GMC C, K, R, V-series pickup/     Sierra",18,18 Years,18,18 Years,1,Male,1,Male,1,Driver of a Motor Vehicle In-Transport,,,,,0,No Apparent Injury (O),0,No Apparent Injury (O),11,"Front Seat, Left Side",11,"Front Seat, Left Side",3,Shoulder and Lap Belt Used,0,No Indication of Misuse,20,Not Applicable,7,None Used/Not Applicable,20,Not Deployed,0,Not Ejected,0,Not Ejected,0,No (Alcohol Not Involved),0,No (Alcohol Not Involved),0,Test Not Given,0,Test Not Given,996,Test Not Given,0,No (drugs not involved),0,Not Transported for Treatment,0,0,Occupant of a Motor Vehicle
202304641079,2,1,1,55,55,17,3,"South (MD, DE, DC, WV, VA, KY, TN, NC, SC, GA, FL, AL, MS, LA, AR, OK, TX)",2,Rural Area,10,Stratum 10 - Other,1056,214.14090401,1,January,8,8:00am-8:59am,52,52,12,Motor Vehicle In-Transport,2,Front-to-Front,0,No,2017.0,2017,476.0,Dodge,1895.0,Charger,13.0,Sedan/Saloon,7.0,Dodge,4.0,"4-door sedan, hardtop",0.0,Not Applicable,11.0,"Class 1: 6,000 lbs. or less (2,722 kg or less)",11.0,"Class 1: 6,000 lbs. or less (2,722 kg or less)",0.0,No Trailers,5.0,Police,5.0,"Emergency Operation, Emergency Warning Equipment in Use",0.0,No Rollover,12.0,12 Clock Point,0.0,No or Not Reported,7024.0,Dodge Charger,54,54 Years,54,54 Years,1,Male,1,Male,1,Driver of a Motor Vehicle In-Transport,,,,,0,No Apparent Injury (O),0,No Apparent Injury (O),11,"Front Seat, Left Side",11,"Front Seat, Left Side",3,Shoulder and Lap Belt Used,0,No Indication of Misuse,20,Not Applicable,7,None Used/Not Applicable,20,Not Deployed,0,Not Ejected,0,Not Ejected,0,No (Alcohol Not Involved),0,No (Alcohol Not Involved),0,Test Not Given,0,Test Not Given,996,Test Not Given,0,No (drugs not involved),0,Not Transported for Treatment,0,0,Occupant of a Motor Vehicle
202304641079,2,2,1,55,55,17,3,"South (MD, DE, DC, WV, VA, KY, TN, NC, SC, GA, FL, AL, MS, LA, AR, OK, TX)",2,Rural Area,10,Stratum 10 - Other,1056,214.14090401,1,January,8,8:00am-8:59am,52,52,12,Motor Vehicle In-Transport,2,Front-to-Front,0,No,1998.0,1998,448.0,Toyota,2469.0,Camry,13.0,Sedan/Saloon,49.0,Toyota,4.0,"4-door sedan, hardtop",0.0,Not Applicable,11.0,"Class 1: 6,000 lbs. or less (2,722 kg or less)",11.0,"Class 1: 6,000 lbs. or less (2,722 kg or less)",0.0,No Trailers,0.0,No Special Use Noted,0.0,Not Applicable,0.0,No Rollover,12.0,12 Clock Point,0.0,No or Not Reported,49040.0,Toyota Camry,32,32 Years,32,32 Years,1,Male,1,Male,1,Driver of a Motor Vehicle In-Transport,,,,,0,No Apparent Injury (O),0,No Apparent Injury (O),11,"Front Seat, Left Side",11,"Front Seat, Left Side",99,Reported as Unknown,7,None Used/Not Applicable,20,Not Applicable,7,None Used/Not Applicable,20,Not Deployed,0,Not Ejected,0,Not Ejected,9,Reported as Unknown,0,No (Alcohol Not Involved),0,Test Not Given,0,Test Not Given,996,Test Not Given,9,Reported as Unknown,0,Not Transported for Treatment,0,0,Occupant of a Motor Vehicle
202304641097,1,0,1,63,63,16,3,"South (MD, DE, DC, WV, VA, KY, TN, NC, SC, GA, FL, AL, MS, LA, AR, OK, TX)",2,Rural Area,2,Stratum 2 - Not a MV Occupant Any Injury,4135,24.557171418,1,January,18,6:00pm-6:59pm,51,51,9,Pedalcyclist,0,The First Harmful Event was Not a Collision with a Motor Vehicle In-Transport,0,No,,,,,,,,,,,,,,,,,,,,,,,,,,,,,,,,,51,51 Years,51,51 Years,1,Male,1,Male,6,Bicyclist,3.0,Bicycle,3.0,Unknown/Not Reported if Motorized,2,Suspected Minor Injury (B),2,Suspected Minor Injury (B),0,Not a Motor Vehicle Occupant,0,Not a Motor Vehicle Occupant,96,Not a Motor Vehicle Occupant,8,Not a Motor Vehicle Occupant,96,Not a Motor Vehicle Occupant,8,Not a Motor Vehicle Occupant,97,Not a Motor Vehicle Occupant,8,Not Applicable,8,Not Applicable,8,Not Reported,0,No (Alcohol Not Involved),0,Test Not Given,0,Test Not Given,996,Test Not Given,8,Not Reported,3,EMS Unknown Mode,1,11,"Not at Intersection - On Roadway, Not in Marked Crosswalk"
202304641097,1,1,1,63,63,16,3,"South (MD, DE, DC, WV, VA, KY, TN, NC, SC, GA, FL, AL, MS, LA, AR, OK, TX)",2,Rural Area,2,Stratum 2 - Not a MV Occupant Any Injury,4135,24.557171418,1,January,18,6:00pm-6:59pm,51,51,9,Pedalcyclist,0,The First Harmful Event was Not a Collision with a Motor Vehicle In-Transport,0,No,2003.0,2003,460.0,Ford,1799.0,Expedition,7.0,Sport Utility Vehicle (SUV)/Multi-Purpose Vehicle (MPV),12.0,Ford,15.0,"Large utility (ANSI D16.1 Utility Vehicle Categories and ""Full Size"" and ""Large"")",0.0,Not Applicable,12.0,"Class 2: 6,001 - 10,000 lbs. (2,722 - 4,536 kg)",12.0,"Class 2: 6,001 - 10,000 lbs. (2,722 - 4,536 kg)",0.0,No Trailers,0.0,No Special Use Noted,0.0,Not Applicable,0.0,No Rollover,12.0,12 Clock Point,0.0,No or Not Reported,12422.0,Ford Expedition,19,19 Years,19,19 Years,1,Male,1,Male,1,Driver of a Motor Vehicle In-Transport,,,,,0,No Apparent Injury (O),0,No Apparent Injury (O),11,"Front Seat, Left Side",11,"Front Seat, Left Side",3,Shoulder and Lap Belt Used,0,No Indication of Misuse,20,Not Applicable,7,None Used/Not Applicable,20,Not Deployed,0,Not Ejected,0,Not Ejected,8,Not Reported,0,No (Alcohol Not Involved),0,Test Not Given,0,Test Not Given,996,Test Not Given,8,Not Reported,0,Not Transported for Treatment,0,0,Occupant of a Motor Vehicle
202304641100,1,1,1,63,63,16,3,"South (MD, DE, DC, WV, VA, KY, TN, NC, SC, GA, FL, AL, MS, LA, AR, OK, TX)",2,Rural Area,9,Stratum 9 - LMY PV No Injuries in Crash,4135,137.52015994,1,January,6,6:00am-6:59am,30,30,11,Live Animal,0,The First Harmful Event was Not a Collision with a Motor Vehicle In-Transport,0,No,2022.0,2022,467.0,Chevrolet,1852.0,Tahoe,7.0,Sport Utility Vehicle (SUV)/Multi-Purpose Vehicle (MPV),20.0,Chevrolet,15.0,"Large utility (ANSI D16.1 Utility Vehicle Categories and ""Full Size"" and ""Large"")",0.0,Not Applicable,12.0,"Class 2: 6,001 - 10,000 lbs. (2,722 - 4,536 kg)",12.0,"Class 2: 6,001 - 10,000 lbs. (2,722 - 4,536 kg)",0.0,No Trailers,5.0,Police,0.0,Not Applicable,0.0,No Rollover,12.0,12 Clock Point,0.0,No or Not Reported,20421.0,Chevrolet Fullsize Blazer/Tahoe,27,27 Years,27,27 Years,1,Male,1,Male,1,Driver of a Motor Vehicle In-Transport,,,,,0,No Apparent Injury (O),0,No Apparent Injury (O),11,"Front Seat, Left Side",11,"Front Seat, Left Side",3,Shoulder and Lap Belt Used,0,No Indication of Misuse,20,Not Applicable,7,None Used/Not Applicable,20,Not Deployed,0,Not Ejected,0,Not Ejected,8,Not Reported,0,No (Alcohol Not Involved),0,Test Not Given,0,Test Not Given,996,Test Not Given,8,Not Reported,0,Not Transported for Treatment,0,0,Occupant of a Motor Vehicle
202304641212,1,1,1,59,59,10,3,"South (MD, DE, DC, WV, VA, KY, TN, NC, SC, GA, FL, AL, MS, LA, AR, OK, TX)",1,Urban Area,9,Stratum 9 - LMY PV No Injuries in Crash,4137,142.15884183,1,January,11,11:00am-11:59am,50,50,73,Object That Had Fallen From Motor Vehicle In-Transport,0,The First Harmful Event was Not a Collision with a Motor Vehicle In-Transport,0,No,2022.0,2022,448.0,Toyota,2223.0,Tacoma,60.0,Pickup,49.0,Toyota,34.0,Light Pickup,0.0,Not Applicable,11.0,"Class 1: 6,000 lbs. or less (2,722 kg or less)",11.0,"Class 1: 6,000 lbs. or less (2,722 kg or less)",0.0,No Trailers,0.0,No Special Use Noted,0.0,Not Applicable,0.0,No Rollover,12.0,12 Clock Point,0.0,No or Not Reported,49472.0,Toyota Tacoma,31,31 Years,31,31 Years,1,Male,1,Male,1,Driver of a Motor Vehicle In-Transport,,,,,0,No Apparent Injury (O),0,No Apparent Injury (O),11,"Front Seat, Left Side",11,"Front Seat, Left Side",3,Shoulder and Lap Belt Used,0,No Indication of Misuse,20,Not Applicable,7,None Used/Not Applicable,20,Not Deployed,0,Not Ejected,0,Not Ejected,0,No (Alcohol Not Involved),0,No (Alcohol Not Involved),0,Test Not Given,0,Test Not Given,996,Test Not Given,0,No (drugs not involved),0,Not Transported for Treatment,0,0,Occupant of a Motor Vehicle
202304641212,1,1,2,59,59,10,3,"South (MD, DE, DC, WV, VA, KY, TN, NC, SC, GA, FL, AL, MS, LA, AR, OK, TX)",1,Urban Area,9,Stratum 9 - LMY PV No Injuries in Crash,4137,142.15884183,1,January,11,11:00am-11:59am,50,50,73,Object That Had Fallen From Motor Vehicle In-Transport,0,The First Harmful Event was Not a Collision with a Motor Vehicle In-Transport,0,No,2022.0,2022,448.0,Toyota,2223.0,Tacoma,60.0,Pickup,49.0,Toyota,34.0,Light Pickup,0.0,Not Applicable,11.0,"Class 1: 6,000 lbs. or less (2,722 kg or less)",11.0,"Class 1: 6,000 lbs. or less (2,722 kg or less)",0.0,No Trailers,0.0,No Special Use Noted,0.0,Not Applicable,0.0,No Rollover,12.0,12 Clock Point,0.0,No or Not Reported,49472.0,Toyota Tacoma,28,28 Years,28,28 Years,1,Male,1,Male,2,Passenger of a Motor Vehicle In-Transport,,,,,0,No Apparent Injury (O),0,No Apparent Injury (O),13,"Front Seat, Right Side",13,"Front Seat, Right Side",3,Shoulder and Lap Belt Used,0,No Indication of Misuse,20,Not Applicable,7,None Used/Not Applicable,20,Not Deployed,0,Not Ejected,0,Not Ejected,8,Not Reported,0,No (Alcohol Not Involved),0,Test Not Given,0,Test Not Given,996,Test Not Given,8,Not Reported,0,Not Transported for Treatment,0,0,Occupant of a Motor Vehicle
202304641312,2,1,1,59,59,10,3,"South (MD, DE, DC, WV, VA, KY, TN, NC, SC, GA, FL, AL, MS, LA, AR, OK, TX)",1,Urban Area,10,Stratum 10 - Other,4137,222.57657535,1,January,16,4:00pm-4:59pm,27,27,12,Motor Vehicle In-Transport,6,Angle,0,No,2017.0,2017,467.0,Chevrolet,1834.0,Malibu,13.0,Sedan/Saloon,20.0,Chevrolet,4.0,"4-door sedan, hardtop",0.0,Not Applicable,11.0,"Class 1: 6,000 lbs. or less (2,722 kg or less)",11.0,"Class 1: 6,000 lbs. or less (2,722 kg or less)",0.0,No Trailers,0.0,No Special Use Noted,0.0,Not Applicable,0.0,No Rollover,12.0,12 Clock Point,0.0,No or Not Reported,20037.0,Chevrolet Malibu/Malibu Maxx,28,28 Years,28,28 Years,1,Male,1,Male,1,Driver of a Motor Vehicle In-Transport,,,,,0,No Apparent Injury (O),0,No Apparent Injury (O),11,"Front Seat, Left Side",11,"Front Seat, Left Side",3,Shoulder and Lap Belt Used,0,No Indication of Misuse,20,Not Applicable,7,None Used/Not Applicable,20,Not Deployed,0,Not Ejected,0,Not Ejected,0,No (Alcohol Not Involved),0,No (Alcohol Not Involved),8,Not Reported,95,Not Reported,995,Not Reported,0,No (drugs not involved),0,Not Transported for Treatment,0,0,Occupant of a Motor Vehicle
202304641312,2,1,2,59,59,10,3,"South (MD, DE, DC, WV, VA, KY, TN, NC, SC, GA, FL, AL, MS, LA, AR, OK, TX)",1,Urban Area,10,Stratum 10 - Other,4137,222.57657535,1,January,16,4:00pm-4:59pm,27,27,12,Motor Vehicle In-Transport,6,Angle,0,No,2017.0,2017,467.0,Chevrolet,1834.0,Malibu,13.0,Sedan/Saloon,20.0,Chevrolet,4.0,"4-door sedan, hardtop",0.0,Not Applicable,11.0,"Class 1: 6,000 lbs. or less (2,722 kg or less)",11.0,"Class 1: 6,000 lbs. or less (2,722 kg or less)",0.0,No Trailers,0.0,No Special Use Noted,0.0,Not Applicable,0.0,No Rollover,12.0,12 Clock Point,0.0,No or Not Reported,20037.0,Chevrolet Malibu/Malibu Maxx,27,27 Years,27,27 Years,2,Female,2,Female,2,Passenger of a Motor Vehicle In-Transport,,,,,0,No Apparent Injury (O),0,No Apparent Injury (O),13,"Front Seat, Right Side",13,"Front Seat, Right Side",3,Shoulder and Lap Belt Used,0,No Indication of Misuse,20,Not Applicable,7,None Used/Not Applicable,20,Not Deployed,0,Not Ejected,0,Not Ejected,8,Not Reported,0,No (Alcohol Not Involved),0,Test Not Given,0,Test Not Given,996,Test Not Given,8,Not Reported,0,Not Transported for Treatment,0,0,Occupant of a Motor Vehicle
202304641312,2,1,3,59,59,10,3,"South (MD, DE, DC, WV, VA, KY, TN, NC, SC, GA, FL, AL, MS, LA, AR, OK, TX)",1,Urban Area,10,Stratum 10 - Other,4137,222.57657535,1,January,16,4:00pm-4:59pm,27,27,12,Motor Vehicle In-Transport,6,Angle,0,No,2017.0,2017,467.0,Chevrolet,1834.0,Malibu,13.0,Sedan/Saloon,20.0,Chevrolet,4.0,"4-door sedan, hardtop",0.0,Not Applicable,11.0,"Class 1: 6,000 lbs. or less (2,722 kg or less)",11.0,"Class 1: 6,000 lbs. or less (2,722 kg or less)",0.0,No Trailers,0.0,No Special Use Noted,0.0,Not Applicable,0.0,No Rollover,12.0,12 Clock Point,0.0,No or Not Reported,20037.0,Chevrolet Malibu/Malibu Maxx,1,1 Year,1,1 Year,2,Female,2,Female,2,Passenger of a Motor Vehicle In-Transport,,,,,0,No Apparent Injury (O),0,No Apparent Injury (O),22,"Second Seat, Middle",22,"Second Seat, Middle",3,Shoulder and Lap Belt Used,1,"Yes, Indication of Misuse",20,Not Applicable,7,None Used/Not Applicable,20,Not Deployed,0,Not Ejected,0,Not Ejected,8,Not Reported,0,No (Alcohol Not Involved),0,Test Not Given,0,Test Not Given,996,Test Not Given,8,Not Reported,0,Not Transported for Treatment,0,0,Occupant of a Motor Vehicle
202304641312,2,2,1,59,59,10,3,"South (MD, DE, DC, WV, VA, KY, TN, NC, SC, GA, FL, AL, MS, LA, AR, OK, TX)",1,Urban Area,10,Stratum 10 - Other,4137,222.57657535,1,January,16,4:00pm-4:59pm,27,27,12,Motor Vehicle In-Transport,6,Angle,0,No,2009.0,2009,478.0,Nissan,2302.0,Maxima,13.0,Sedan/Saloon,35.0,Nissan/Datsun,4.0,"4-door sedan, hardtop",0.0,Not Applicable,11.0,"Class 1: 6,000 lbs. or less (2,722 kg or less)",11.0,"Class 1: 6,000 lbs. or less (2,722 kg or less)",0.0,No Trailers,0.0,No Special Use Noted,0.0,Not Applicable,0.0,No Rollover,62.0,Left-Front Side,0.0,No or Not Reported,35039.0,Nissan/Datsun 810/Maxima,49,49 Years,49,49 Years,1,Male,1,Male,1,Driver of a Motor Vehicle In-Transport,,,,,0,No Apparent Injury (O),0,No Apparent Injury (O),11,"Front Seat, Left Side",11,"Front Seat, Left Side",3,Shoulder and Lap Belt Used,0,No Indication of Misuse,20,Not Applicable,7,None Used/Not Applicable,20,Not Deployed,0,Not Ejected,0,Not Ejected,0,No (Alcohol Not Involved),0,No (Alcohol Not Involved),8,Not Reported,95,Not Reported,995,Not Reported,0,No (drugs not involved),0,Not Transported for Treatment,0,0,Occupant of a Motor Vehicle
202304641342,1,0,1,59,59,10,3,"South (MD, DE, DC, WV, VA, KY, TN, NC, SC, GA, FL, AL, MS, LA, AR, OK, TX)",1,Urban Area,2,Stratum 2 - Not a MV Occupant Any Injury,4137,23.577464434,1,January,11,11:00am-11:59am,10,10,8,Pedestrian,0,The First Harmful Event was Not a Collision with a Motor Vehicle In-Transport,0,No,,,,,,,,,,,,,,,,,,,,,,,,,,,,,,,,,45,45 Years,45,45 Years,2,Female,2,Female,5,Pedestrian,0.0,Not Applicable,0.0,Not Applicable,2,Suspected Minor Injury (B),2,Suspected Minor Injury (B),0,Not a Motor Vehicle Occupant,0,Not a Motor Vehicle Occupant,96,Not a Motor Vehicle Occupant,8,Not a Motor Vehicle Occupant,96,Not a Motor Vehicle Occupant,8,Not a Motor Vehicle Occupant,97,Not a Motor Vehicle Occupant,8,Not Applicable,8,Not Applicable,0,No (Alcohol Not Involved),0,No (Alcohol Not Involved),0,Test Not Given,0,Test Not Given,996,Test Not Given,0,No (drugs not involved),5,EMS Ground,1,1,At Intersection - In Marked Crosswalk
202304641342,1,1,1,59,59,10,3,"South (MD, DE, DC, WV, VA, KY, TN, NC, SC, GA, FL, AL, MS, LA, AR, OK, TX)",1,Urban Area,2,Stratum 2 - Not a MV Occupant Any Injury,4137,23.577464434,1,January,11,11:00am-11:59am,10,10,8,Pedestrian,0,The First Harmful Event was Not a Collision with a Motor Vehicle In-Transport,0,No,9999.0,Unknown,448.0,Toyota,2469.0,Camry,999.0,Unknown,49.0,Toyota,9.0,Other or Unknown automobile type,0.0,Not Applicable,11.0,"Class 1: 6,000 lbs. or less (2,722 kg or less)",12.0,"Class 2: 6,001 - 10,000 lbs. (2,722 - 4,536 kg)",0.0,No Trailers,99.0,Reported as Unknown,0.0,Not Applicable,0.0,No Rollover,98.0,Not Reported,0.0,No or Not Reported,49040.0,Toyota Camry,998,Not Reported,42,42 Years,1,Male,1,Male,1,Driver of a Motor Vehicle In-Transport,,,,,0,No Apparent Injury (O),0,No Apparent Injury (O),11,"Front Seat, Left Side",11,"Front Seat, Left Side",98,Not Reported,7,None Used/Not Applicable,20,Not Applicable,7,None Used/Not Applicable,98,Not Reported,9,Reported as Unknown if Ejected,0,Not Ejected,9,Reported as Unknown,0,No (Alcohol Not Involved),8,Not Reported,95,Not Reported,995,Not Reported,9,Reported as Unknown,0,Not Transported for Treatment,0,0,Occupant of a Motor Vehicle
202304641584,2,1,1,28,28,11,3,"South (MD, DE, DC, WV, VA, KY, TN, NC, SC, GA, FL, AL, MS, LA, AR, OK, TX)",1,Urban Area,9,Stratum 9 - LMY PV No Injuries in Crash,4139,141.34570405,1,January,10,10:00am-10:59am,45,45,12,Motor Vehicle In-Transport,6,Angle,0,No,2007.0,2007,448.0,Toyota,2469.0,Camry,13.0,Sedan/Saloon,49.0,Toyota,4.0,"4-door sedan, hardtop",0.0,Not Applicable,11.0,"Class 1: 6,000 lbs. or less (2,722 kg or less)",11.0,"Class 1: 6,000 lbs. or less (2,722 kg or less)",0.0,No Trailers,0.0,No Special Use Noted,0.0,Not Applicable,0.0,No Rollover,12.0,12 Clock Point,0.0,No or Not Reported,49040.0,Toyota Camry,77,77 Years,77,77 Years,1,Male,1,Male,1,Driver of a Motor Vehicle In-Transport,,,,,0,No Apparent Injury (O),0,No Apparent Injury (O),11,"Front Seat, Left Side",11,"Front Seat, Left Side",3,Shoulder and Lap Belt Used,0,No Indication of Misuse,20,Not Applicable,7,None Used/Not Applicable,20,Not Deployed,0,Not Ejected,0,Not Ejected,0,No (Alcohol Not Involved),0,No (Alcohol Not Involved),8,Not Reported,95,Not Reported,995,Not Reported,0,No (drugs not involved),0,Not Transported for Treatment,0,0,Occupant of a Motor Vehicle
202304641584,2,2,1,28,28,11,3,"South (MD, DE, DC, WV, VA, KY, TN, NC, SC, GA, FL, AL, MS, LA, AR, OK, TX)",1,Urban Area,9,Stratum 9 - LMY PV No Injuries in Crash,4139,141.34570405,1,January,10,10:00am-10:59am,45,45,12,Motor Vehicle In-Transport,6,Angle,0,No,2020.0,2020,467.0,Chevrolet,1852.0,Tahoe,7.0,Sport Utility Vehicle (SUV)/Multi-Purpose Vehicle (MPV),20.0,Chevrolet,15.0,"Large utility (ANSI D16.1 Utility Vehicle Categories and ""Full Size"" and ""Large"")",0.0,Not Applicable,12.0,"Class 2: 6,001 - 10,000 lbs. (2,722 - 4,536 kg)",12.0,"Class 2: 6,001 - 10,000 lbs. (2,722 - 4,536 kg)",0.0,No Trailers,0.0,No Special Use Noted,0.0,Not Applicable,0.0,No Rollover,8.0,8 Clock Point,0.0,No or Not Reported,20421.0,Chevrolet Fullsize Blazer/Tahoe,35,35 Years,35,35 Years,2,Female,2,Female,1,Driver of a Motor Vehicle In-Transport,,,,,0,No Apparent Injury (O),0,No Apparent Injury (O),11,"Front Seat, Left Side",11,"Front Seat, Left Side",3,Shoulder and Lap Belt Used,0,No Indication of Misuse,20,Not Applicable,7,None Used/Not Applicable,20,Not Deployed,0,Not Ejected,0,Not Ejected,0,No (Alcohol Not Involved),0,No (Alcohol Not Involved),8,Not Reported,95,Not Reported,995,Not Reported,0,No (drugs not involved),0,Not Transported for Treatment,0,0,Occupant of a Motor Vehicle
202304641584,2,2,2,28,28,11,3,"South (MD, DE, DC, WV, VA, KY, TN, NC, SC, GA, FL, AL, MS, LA, AR, OK, TX)",1,Urban Area,9,Stratum 9 - LMY PV No Injuries in Crash,4139,141.34570405,1,January,10,10:00am-10:59am,45,45,12,Motor Vehicle In-Transport,6,Angle,0,No,2020.0,2020,467.0,Chevrolet,1852.0,Tahoe,7.0,Sport Utility Vehicle (SUV)/Multi-Purpose Vehicle (MPV),20.0,Chevrolet,15.0,"Large utility (ANSI D16.1 Utility Vehicle Categories and ""Full Size"" and ""Large"")",0.0,Not Applicable,12.0,"Class 2: 6,001 - 10,000 lbs. (2,722 - 4,536 kg)",12.0,"Class 2: 6,001 - 10,000 lbs. (2,722 - 4,536 kg)",0.0,No Trailers,0.0,No Special Use Noted,0.0,Not Applicable,0.0,No Rollover,8.0,8 Clock Point,0.0,No or Not Reported,20421.0,Chevrolet Fullsize Blazer/Tahoe,10,10 Years,10,10 Years,1,Male,1,Male,2,Passenger of a Motor Vehicle In-Transport,,,,,0,No Apparent Injury (O),0,No Apparent Injury (O),22,"Second Seat, Middle",22,"Second Seat, Middle",3,Shoulder and Lap Belt Used,0,No Indication of Misuse,20,Not Applicable,7,None Used/Not Applicable,20,Not Deployed,0,Not Ejected,0,Not Ejected,8,Not Reported,0,No (Alcohol Not Involved),0,Test Not Given,0,Test Not Given,996,Test Not Given,8,Not Reported,0,Not Transported for Treatment,0,0,Occupant of a Motor Vehicle
202304641584,2,2,3,28,28,11,3,"South (MD, DE, DC, WV, VA, KY, TN, NC, SC, GA, FL, AL, MS, LA, AR, OK, TX)",1,Urban Area,9,Stratum 9 - LMY PV No Injuries in Crash,4139,141.34570405,1,January,10,10:00am-10:59am,45,45,12,Motor Vehicle In-Transport,6,Angle,0,No,2020.0,2020,467.0,Chevrolet,1852.0,Tahoe,7.0,Sport Utility Vehicle (SUV)/Multi-Purpose Vehicle (MPV),20.0,Chevrolet,15.0,"Large utility (ANSI D16.1 Utility Vehicle Categories and ""Full Size"" and ""Large"")",0.0,Not Applicable,12.0,"Class 2: 6,001 - 10,000 lbs. (2,722 - 4,536 kg)",12.0,"Class 2: 6,001 - 10,000 lbs. (2,722 - 4,536 kg)",0.0,No Trailers,0.0,No Special Use Noted,0.0,Not Applicable,0.0,No Rollover,8.0,8 Clock Point,0.0,No or Not Reported,20421.0,Chevrolet Fullsize Blazer/Tahoe,8,8 Years,8,8 Years,1,Male,1,Male,2,Passenger of a Motor Vehicle In-Transport,,,,,0,No Apparent Injury (O),0,No Apparent Injury (O),21,"Second Seat, Left Side",21,"Second Seat, Left Side",3,Shoulder and Lap Belt Used,0,No Indication of Misuse,20,Not Applicable,7,None Used/Not Applicable,20,Not Deployed,0,Not Ejected,0,Not Ejected,8,Not Reported,0,No (Alcohol Not Involved),0,Test Not Given,0,Test Not Given,996,Test Not Given,8,Not Reported,0,Not Transported for Treatment,0,0,Occupant of a Motor Vehicle
202304641584,2,2,4,28,28,11,3,"South (MD, DE, DC, WV, VA, KY, TN, NC, SC, GA, FL, AL, MS, LA, AR, OK, TX)",1,Urban Area,9,Stratum 9 - LMY PV No Injuries in Crash,4139,141.34570405,1,January,10,10:00am-10:59am,45,45,12,Motor Vehicle In-Transport,6,Angle,0,No,2020.0,2020,467.0,Chevrolet,1852.0,Tahoe,7.0,Sport Utility Vehicle (SUV)/Multi-Purpose Vehicle (MPV),20.0,Chevrolet,15.0,"Large utility (ANSI D16.1 Utility Vehicle Categories and ""Full Size"" and ""Large"")",0.0,Not Applicable,12.0,"Class 2: 6,001 - 10,000 lbs. (2,722 - 4,536 kg)",12.0,"Class 2: 6,001 - 10,000 lbs. (2,722 - 4,536 kg)",0.0,No Trailers,0.0,No Special Use Noted,0.0,Not Applicable,0.0,No Rollover,8.0,8 Clock Point,0.0,No or Not Reported,20421.0,Chevrolet Fullsize Blazer/Tahoe,6,6 Years,6,6 Years,2,Female,2,Female,2,Passenger of a Motor Vehicle In-Transport,,,,,0,No Apparent Injury (O),0,No Apparent Injury (O),23,"Second Seat, Right Side",23,"Second Seat, Right Side",10,Child Restraint System - Forward Facing,0,No Indication of Misuse,20,Not Applicable,7,None Used/Not Applicable,20,Not Deployed,0,Not Ejected,0,Not Ejected,8,Not Reported,0,No (Alcohol Not Involved),0,Test Not Given,0,Test Not Given,996,Test Not Given,8,Not Reported,0,Not Transported for Treatment,0,0,Occupant of a Motor Vehicle
202304641664,1,0,1,12,12,12,3,"South (MD, DE, DC, WV, VA, KY, TN, NC, SC, GA, FL, AL, MS, LA, AR, OK, TX)",1,Urban Area,2,Stratum 2 - Not a MV Occupant Any Injury,4142,23.399878123,1,January,18,6:00pm-6:59pm,29,29,8,Pedestrian,0,The First Harmful Event was Not a Collision with a Motor Vehicle In-Transport,0,No,,,,,,,,,,,,,,,,,,,,,,,,,,,,,,,,,75,75 Years,75,75 Years,1,Male,1,Male,5,Pedestrian,0.0,Not Applicable,0.0,Not Applicable,1,Possible Injury (C),1,Possible Injury (C),0,Not a Motor Vehicle Occupant,0,Not a Motor Vehicle Occupant,96,Not a Motor Vehicle Occupant,8,Not a Motor Vehicle Occupant,96,Not a Motor Vehicle Occupant,8,Not a Motor Vehicle Occupant,97,Not a Motor Vehicle Occupant,8,Not Applicable,8,Not Applicable,9,Reported as Unknown,0,No (Alcohol Not Involved),0,Test Not Given,0,Test Not Given,996,Test Not Given,9,Reported as Unknown,5,EMS Ground,1,3,At Intersection - Not In Crosswalk
202304641664,1,1,1,12,12,12,3,"South (MD, DE, DC, WV, VA, KY, TN, NC, SC, GA, FL, AL, MS, LA, AR, OK, TX)",1,Urban Area,2,Stratum 2 - Not a MV Occupant Any Injury,4142,23.399878123,1,January,18,6:00pm-6:59pm,29,29,8,Pedestrian,0,The First Harmful Event was Not a Collision with a Motor Vehicle In-Transport,0,No,2004.0,2004,448.0,Toyota,2208.0,Corolla,13.0,Sedan/Saloon,49.0,Toyota,4.0,"4-door sedan, hardtop",0.0,Not Applicable,11.0,"Class 1: 6,000 lbs. or less (2,722 kg or less)",11.0,"Class 1: 6,000 lbs. or less (2,722 kg or less)",0.0,No Trailers,0.0,No Special Use Noted,0.0,Not Applicable,0.0,No Rollover,12.0,12 Clock Point,0.0,No or Not Reported,49032.0,Toyota Corolla,69,69 Years,69,69 Years,2,Female,2,Female,1,Driver of a Motor Vehicle In-Transport,,,,,0,No Apparent Injury (O),0,No Apparent Injury (O),11,"Front Seat, Left Side",11,"Front Seat, Left Side",3,Shoulder and Lap Belt Used,0,No Indication of Misuse,20,Not Applicable,7,None Used/Not Applicable,20,Not Deployed,0,Not Ejected,0,Not Ejected,0,No (Alcohol Not Involved),0,No (Alcohol Not Involved),0,Test Not Given,0,Test Not Given,996,Test Not Given,0,No (drugs not involved),0,Not Transported for Treatment,0,0,Occupant of a Motor Vehicle
202304641708,2,1,1,12,12,12,3,"South (MD, DE, DC, WV, VA, KY, TN, NC, SC, GA, FL, AL, MS, LA, AR, OK, TX)",1,Urban Area,3,Stratum 3 - Motorcycle Any Injury,4142,26.320422443,1,January,14,2:00pm-2:59pm,44,44,12,Motor Vehicle In-Transport,2,Front-to-Front,0,No,2007.0,2007,474.0,Honda,33284.0,CRF150RB,84.0,Off-road Vehicle - Dirt Bike / Off-Road,37.0,Honda,83.0,Off-road Motorcycle,0.0,Not Applicable,11.0,"Class 1: 6,000 lbs. or less (2,722 kg or less)",11.0,"Class 1: 6,000 lbs. or less (2,722 kg or less)",0.0,No Trailers,0.0,No Special Use Noted,0.0,Not Applicable,8.0,Not Applicable,12.0,12 Clock Point,0.0,No or Not Reported,37703.0,Honda 125-349 cc,18,18 Years,18,18 Years,1,Male,1,Male,1,Driver of a Motor Vehicle In-Transport,,,,,3,Suspected Serious Injury (A),3,Suspected Serious Injury (A),11,"Front Seat, Left Side",11,"Front Seat, Left Side",20,None Used/Not Applicable,7,None Used/Not Applicable,17,No Helmet,7,None Used/Not Applicable,20,Not Deployed,8,Not Applicable,8,Not Applicable,0,No (Alcohol Not Involved),0,No (Alcohol Not Involved),8,Not Reported,95,Not Reported,995,Not Reported,9,Reported as Unknown,5,EMS Ground,0,0,Occupant of a Motor Vehicle
202304641708,2,2,1,12,12,12,3,"South (MD, DE, DC, WV, VA, KY, TN, NC, SC, GA, FL, AL, MS, LA, AR, OK, TX)",1,Urban Area,3,Stratum 3 - Motorcycle Any Injury,4142,26.320422443,1,January,14,2:00pm-2:59pm,44,44,12,Motor Vehicle In-Transport,2,Front-to-Front,0,No,2009.0,2009,478.0,Nissan,2302.0,Maxima,13.0,Sedan/Saloon,35.0,Nissan/Datsun,4.0,"4-door sedan, hardtop",0.0,Not Applicable,11.0,"Class 1: 6,000 lbs. or less (2,722 kg or less)",11.0,"Class 1: 6,000 lbs. or less (2,722 kg or less)",0.0,No Trailers,0.0,No Special Use Noted,0.0,Not Applicable,0.0,No Rollover,12.0,12 Clock Point,0.0,No or Not Reported,35039.0,Nissan/Datsun 810/Maxima,22,22 Years,22,22 Years,1,Male,1,Male,1,Driver of a Motor Vehicle In-Transport,,,,,0,No Apparent Injury (O),0,No Apparent Injury (O),11,"Front Seat, Left Side",11,"Front Seat, Left Side",3,Shoulder and Lap Belt Used,0,No Indication of Misuse,20,Not Applicable,7,None Used/Not Applicable,1,Deployed- Front,0,Not Ejected,0,Not Ejected,0,No (Alcohol Not Involved),0,No (Alcohol Not Involved),8,Not Reported,95,Not Reported,995,Not Reported,0,No (drugs not involved),0,Not Transported for Treatment,0,0,Occupant of a Motor Vehicle
202304641718,2,1,1,12,12,12,3,"South (MD, DE, DC, WV, VA, KY, TN, NC, SC, GA, FL, AL, MS, LA, AR, OK, TX)",1,Urban Area,9,Stratum 9 - LMY PV No Injuries in Crash,4142,141.83585636,1,January,13,1:00pm-1:59pm,50,50,12,Motor Vehicle In-Transport,6,Angle,0,No,2019.0,2019,467.0,Chevrolet,11502.0,Blazer,7.0,Sport Utility Vehicle (SUV)/Multi-Purpose Vehicle (MPV),20.0,Chevrolet,14.0,"Compact Utility (Utility Vehicle Categories ""Small"" and ""Midsize"")",0.0,Not Applicable,12.0,"Class 2: 6,001 - 10,000 lbs. (2,722 - 4,536 kg)",12.0,"Class 2: 6,001 - 10,000 lbs. (2,722 - 4,536 kg)",0.0,No Trailers,0.0,No Special Use Noted,0.0,Not Applicable,0.0,No Rollover,4.0,4 Clock Point,0.0,No or Not Reported,20498.0,Chevrolet Other (light truck),51,51 Years,51,51 Years,2,Female,2,Female,1,Driver of a Motor Vehicle In-Transport,,,,,0,No Apparent Injury (O),0,No Apparent Injury (O),11,"Front Seat, Left Side",11,"Front Seat, Left Side",3,Shoulder and Lap Belt Used,0,No Indication of Misuse,20,Not Applicable,7,None Used/Not Applicable,20,Not Deployed,0,Not Ejected,0,Not Ejected,0,No (Alcohol Not Involved),0,No (Alcohol Not Involved),8,Not Reported,95,Not Reported,995,Not Reported,0,No (drugs not involved),0,Not Transported for Treatment,0,0,Occupant of a Motor Vehicle
202304641718,2,2,1,12,12,12,3,"South (MD, DE, DC, WV, VA, KY, TN, NC, SC, GA, FL, AL, MS, LA, AR, OK, TX)",1,Urban Area,9,Stratum 9 - LMY PV No Injuries in Crash,4142,141.83585636,1,January,13,1:00pm-1:59pm,50,50,12,Motor Vehicle In-Transport,6,Angle,0,No,2017.0,2017,441.0,Tesla,1685.0,Model S,5.0,Hatchback/Liftback/Notchback,29.0,Other Domestic Manufacturers,5.0,5-door/4-door hatchback,0.0,Not Applicable,11.0,"Class 1: 6,000 lbs. or less (2,722 kg or less)",11.0,"Class 1: 6,000 lbs. or less (2,722 kg or less)",0.0,No Trailers,0.0,No Special Use Noted,0.0,Not Applicable,0.0,No Rollover,12.0,12 Clock Point,0.0,No or Not Reported,29005.0,Other Domestic Manufacturers Tesla,67,67 Years,67,67 Years,1,Male,1,Male,1,Driver of a Motor Vehicle In-Transport,,,,,0,No Apparent Injury (O),0,No Apparent Injury (O),11,"Front Seat, Left Side",11,"Front Seat, Left Side",3,Shoulder and Lap Belt Used,0,No Indication of Misuse,20,Not Applicable,7,None Used/Not Applicable,20,Not Deployed,0,Not Ejected,0,Not Ejected,0,No (Alcohol Not Involved),0,No (Alcohol Not Involved),8,Not Reported,95,Not Reported,995,Not Reported,0,No (drugs not involved),0,Not Transported for Treatment,0,0,Occupant of a Motor Vehicle
202304641718,2,2,2,12,12,12,3,"South (MD, DE, DC, WV, VA, KY, TN, NC, SC, GA, FL, AL, MS, LA, AR, OK, TX)",1,Urban Area,9,Stratum 9 - LMY PV No Injuries in Crash,4142,141.83585636,1,January,13,1:00pm-1:59pm,50,50,12,Motor Vehicle In-Transport,6,Angle,0,No,2017.0,2017,441.0,Tesla,1685.0,Model S,5.0,Hatchback/Liftback/Notchback,29.0,Other Domestic Manufacturers,5.0,5-door/4-door hatchback,0.0,Not Applicable,11.0,"Class 1: 6,000 lbs. or less (2,722 kg or less)",11.0,"Class 1: 6,000 lbs. or less (2,722 kg or less)",0.0,No Trailers,0.0,No Special Use Noted,0.0,Not Applicable,0.0,No Rollover,12.0,12 Clock Point,0.0,No or Not Reported,29005.0,Other Domestic Manufacturers Tesla,67,67 Years,67,67 Years,2,Female,2,Female,2,Passenger of a Motor Vehicle In-Transport,,,,,0,No Apparent Injury (O),0,No Apparent Injury (O),13,"Front Seat, Right Side",13,"Front Seat, Right Side",3,Shoulder and Lap Belt Used,0,No Indication of Misuse,20,Not Applicable,7,None Used/Not Applicable,20,Not Deployed,0,Not Ejected,0,Not Ejected,8,Not Reported,0,No (Alcohol Not Involved),0,Test Not Given,0,Test Not Given,996,Test Not Given,8,Not Reported,0,Not Transported for Treatment,0,0,Occupant of a Motor Vehicle
202304641736,3,1,1,12,12,12,3,"South (MD, DE, DC, WV, VA, KY, TN, NC, SC, GA, FL, AL, MS, LA, AR, OK, TX)",1,Urban Area,10,Stratum 10 - Other,4142,222.0578669,1,January,6,6:00am-6:59am,30,30,12,Motor Vehicle In-Transport,1,Front-to-Rear,0,No,1999.0,1999,460.0,Ford,1805.0,F-250,60.0,Pickup,12.0,Ford,34.0,Light Pickup,0.0,Not Applicable,12.0,"Class 2: 6,001 - 10,000 lbs. (2,722 - 4,536 kg)",12.0,"Class 2: 6,001 - 10,000 lbs. (2,722 - 4,536 kg)",0.0,No Trailers,0.0,No Special Use Noted,0.0,Not Applicable,0.0,No Rollover,12.0,12 Clock Point,0.0,No or Not Reported,12481.0,Ford F-Series pickup,52,52 Years,52,52 Years,1,Male,1,Male,1,Driver of a Motor Vehicle In-Transport,,,,,0,No Apparent Injury (O),0,No Apparent Injury (O),11,"Front Seat, Left Side",11,"Front Seat, Left Side",3,Shoulder and Lap Belt Used,0,No Indication of Misuse,20,Not Applicable,7,None Used/Not Applicable,20,Not Deployed,0,Not Ejected,0,Not Ejected,0,No (Alcohol Not Involved),0,No (Alcohol Not Involved),8,Not Reported,95,Not Reported,995,Not Reported,0,No (drugs not involved),0,Not Transported for Treatment,0,0,Occupant of a Motor Vehicle
202304641736,3,2,1,12,12,12,3,"South (MD, DE, DC, WV, VA, KY, TN, NC, SC, GA, FL, AL, MS, LA, AR, OK, TX)",1,Urban Area,10,Stratum 10 - Other,4142,222.0578669,1,January,6,6:00am-6:59am,30,30,12,Motor Vehicle In-Transport,1,Front-to-Rear,0,No,2011.0,2011,478.0,Nissan,1907.0,Sentra,13.0,Sedan/Saloon,35.0,Nissan/Datsun,4.0,"4-door sedan, hardtop",0.0,Not Applicable,11.0,"Class 1: 6,000 lbs. or less (2,722 kg or less)",11.0,"Class 1: 6,000 lbs. or less (2,722 kg or less)",0.0,No Trailers,0.0,No Special Use Noted,0.0,Not Applicable,0.0,No Rollover,6.0,6 Clock Point,0.0,No or Not Reported,35043.0,Nissan/Datsun Sentra,51,51 Years,51,51 Years,2,Female,2,Female,1,Driver of a Motor Vehicle In-Transport,,,,,0,No Apparent Injury (O),0,No Apparent Injury (O),11,"Front Seat, Left Side",11,"Front Seat, Left Side",3,Shoulder and Lap Belt Used,0,No Indication of Misuse,20,Not Applicable,7,None Used/Not Applicable,20,Not Deployed,0,Not Ejected,0,Not Ejected,0,No (Alcohol Not Involved),0,No (Alcohol Not Involved),8,Not Reported,95,Not Reported,995,Not Reported,0,No (drugs not involved),0,Not Transported for Treatment,0,0,Occupant of a Motor Vehicle
202304641736,3,3,1,12,12,12,3,"South (MD, DE, DC, WV, VA, KY, TN, NC, SC, GA, FL, AL, MS, LA, AR, OK, TX)",1,Urban Area,10,Stratum 10 - Other,4142,222.0578669,1,January,6,6:00am-6:59am,30,30,12,Motor Vehicle In-Transport,1,Front-to-Rear,0,No,2016.0,2016,476.0,Dodge,1895.0,Charger,13.0,Sedan/Saloon,7.0,Dodge,4.0,"4-door sedan, hardtop",0.0,Not Applicable,11.0,"Class 1: 6,000 lbs. or less (2,722 kg or less)",11.0,"Class 1: 6,000 lbs. or less (2,722 kg or less)",0.0,No Trailers,5.0,Police,0.0,Not Applicable,0.0,No Rollover,12.0,12 Clock Point,0.0,No or Not Reported,7024.0,Dodge Charger,47,47 Years,47,47 Years,1,Male,1,Male,1,Driver of a Motor Vehicle In-Transport,,,,,0,No Apparent Injury (O),0,No Apparent Injury (O),11,"Front Seat, Left Side",11,"Front Seat, Left Side",3,Shoulder and Lap Belt Used,0,No Indication of Misuse,20,Not Applicable,7,None Used/Not Applicable,20,Not Deployed,0,Not Ejected,0,Not Ejected,0,No (Alcohol Not Involved),0,No (Alcohol Not Involved),8,Not Reported,95,Not Reported,995,Not Reported,0,No (drugs not involved),0,Not Transported for Treatment,0,0,Occupant of a Motor Vehicle
202304641786,2,1,1,75,75,19,3,"South (MD, DE, DC, WV, VA, KY, TN, NC, SC, GA, FL, AL, MS, LA, AR, OK, TX)",2,Rural Area,9,Stratum 9 - LMY PV No Injuries in Crash,4144,135.87719692,1,January,15,3:00pm-3:59pm,0,0,12,Motor Vehicle In-Transport,6,Angle,0,No,2019.0,2019,496.0,Ram,2050.0,Promaster City,9.0,Van,7.0,Dodge,20.0,"Minivan (Chrysler Town and Country, Caravan, Grand Caravan, Voyager, Voyager, Honda-Odyssey, ...)",0.0,Not Applicable,11.0,"Class 1: 6,000 lbs. or less (2,722 kg or less)",11.0,"Class 1: 6,000 lbs. or less (2,722 kg or less)",0.0,No Trailers,0.0,No Special Use Noted,0.0,Not Applicable,0.0,No Rollover,12.0,12 Clock Point,0.0,No or Not Reported,7444.0,Dodge Promaster City,80,80 Years,80,80 Years,2,Female,2,Female,1,Driver of a Motor Vehicle In-Transport,,,,,0,No Apparent Injury (O),0,No Apparent Injury (O),11,"Front Seat, Left Side",11,"Front Seat, Left Side",3,Shoulder and Lap Belt Used,0,No Indication of Misuse,20,Not Applicable,7,None Used/Not Applicable,1,Deployed- Front,0,Not Ejected,0,Not Ejected,0,No (Alcohol Not Involved),0,No (Alcohol Not Involved),0,Test Not Given,0,Test Not Given,996,Test Not Given,0,No (drugs not involved),0,Not Transported for Treatment,0,0,Occupant of a Motor Vehicle
202304641786,2,2,1,75,75,19,3,"South (MD, DE, DC, WV, VA, KY, TN, NC, SC, GA, FL, AL, MS, LA, AR, OK, TX)",2,Rural Area,9,Stratum 9 - LMY PV No Injuries in Crash,4144,135.87719692,1,January,15,3:00pm-3:59pm,0,0,12,Motor Vehicle In-Transport,6,Angle,0,No,2006.0,2006,473.0,Mazda,2074.0,Mazda3,13.0,Sedan/Saloon,41.0,Mazda,4.0,"4-door sedan, hardtop",0.0,Not Applicable,11.0,"Class 1: 6,000 lbs. or less (2,722 kg or less)",11.0,"Class 1: 6,000 lbs. or less (2,722 kg or less)",0.0,No Trailers,0.0,No Special Use Noted,0.0,Not Applicable,0.0,No Rollover,2.0,2 Clock Point,0.0,No or Not Reported,41051.0,Mazda Mazda3,66,66 Years,66,66 Years,2,Female,2,Female,1,Driver of a Motor Vehicle In-Transport,,,,,0,No Apparent Injury (O),0,No Apparent Injury (O),11,"Front Seat, Left Side",11,"Front Seat, Left Side",3,Shoulder and Lap Belt Used,0,No Indication of Misuse,20,Not Applicable,7,None Used/Not Applicable,1,Deployed- Front,0,Not Ejected,0,Not Ejected,0,No (Alcohol Not Involved),0,No (Alcohol Not Involved),0,Test Not Given,0,Test Not Given,996,Test Not Given,0,No (drugs not involved),0,Not Transported for Treatment,0,0,Occupant of a Motor Vehicle
202304641802,2,1,1,78,78,10,3,"South (MD, DE, DC, WV, VA, KY, TN, NC, SC, GA, FL, AL, MS, LA, AR, OK, TX)",1,Urban Area,10,Stratum 10 - Other,4146,222.24582732,1,January,18,6:00pm-6:59pm,0,0,12,Motor Vehicle In-Transport,6,Angle,0,No,2018.0,2018,460.0,Ford,17774.0,Ecosport,7.0,Sport Utility Vehicle (SUV)/Multi-Purpose Vehicle (MPV),12.0,Ford,14.0,"Compact Utility (Utility Vehicle Categories ""Small"" and ""Midsize"")",0.0,Not Applicable,11.0,"Class 1: 6,000 lbs. or less (2,722 kg or less)",11.0,"Class 1: 6,000 lbs. or less (2,722 kg or less)",0.0,No Trailers,0.0,No Special Use Noted,0.0,Not Applicable,0.0,No Rollover,12.0,12 Clock Point,0.0,No or Not Reported,12403.0,Ford EcoSport,48,48 Years,48,48 Years,2,Female,2,Female,1,Driver of a Motor Vehicle In-Transport,,,,,0,No Apparent Injury (O),0,No Apparent Injury (O),11,"Front Seat, Left Side",11,"Front Seat, Left Side",3,Shoulder and Lap Belt Used,0,No Indication of Misuse,20,Not Applicable,7,None Used/Not Applicable,20,Not Deployed,0,Not Ejected,0,Not Ejected,0,No (Alcohol Not Involved),0,No (Alcohol Not Involved),8,Not Reported,95,Not Reported,995,Not Reported,0,No (drugs not involved),0,Not Transported for Treatment,0,0,Occupant of a Motor Vehicle
202304641802,2,1,2,78,78,10,3,"South (MD, DE, DC, WV, VA, KY, TN, NC, SC, GA, FL, AL, MS, LA, AR, OK, TX)",1,Urban Area,10,Stratum 10 - Other,4146,222.24582732,1,January,18,6:00pm-6:59pm,0,0,12,Motor Vehicle In-Transport,6,Angle,0,No,2018.0,2018,460.0,Ford,17774.0,Ecosport,7.0,Sport Utility Vehicle (SUV)/Multi-Purpose Vehicle (MPV),12.0,Ford,14.0,"Compact Utility (Utility Vehicle Categories ""Small"" and ""Midsize"")",0.0,Not Applicable,11.0,"Class 1: 6,000 lbs. or less (2,722 kg or less)",11.0,"Class 1: 6,000 lbs. or less (2,722 kg or less)",0.0,No Trailers,0.0,No Special Use Noted,0.0,Not Applicable,0.0,No Rollover,12.0,12 Clock Point,0.0,No or Not Reported,12403.0,Ford EcoSport,49,49 Years,49,49 Years,1,Male,1,Male,2,Passenger of a Motor Vehicle In-Transport,,,,,0,No Apparent Injury (O),0,No Apparent Injury (O),13,"Front Seat, Right Side",13,"Front Seat, Right Side",3,Shoulder and Lap Belt Used,0,No Indication of Misuse,20,Not Applicable,7,None Used/Not Applicable,20,Not Deployed,0,Not Ejected,0,Not Ejected,8,Not Reported,0,No (Alcohol Not Involved),0,Test Not Given,0,Test Not Given,996,Test Not Given,8,Not Reported,0,Not Transported for Treatment,0,0,Occupant of a Motor Vehicle
202304641802,2,2,1,78,78,10,3,"South (MD, DE, DC, WV, VA, KY, TN, NC, SC, GA, FL, AL, MS, LA, AR, OK, TX)",1,Urban Area,10,Stratum 10 - Other,4146,222.24582732,1,January,18,6:00pm-6:59pm,0,0,12,Motor Vehicle In-Transport,6,Angle,0,No,2015.0,2015,467.0,Chevrolet,1829.0,Camaro,3.0,Coupe,20.0,Chevrolet,2.0,"2-door sedan,hardtop,coupe",0.0,Not Applicable,11.0,"Class 1: 6,000 lbs. or less (2,722 kg or less)",11.0,"Class 1: 6,000 lbs. or less (2,722 kg or less)",0.0,No Trailers,0.0,No Special Use Noted,0.0,Not Applicable,0.0,No Rollover,4.0,4 Clock Point,0.0,No or Not Reported,20009.0,Chevrolet Camaro,29,29 Years,29,29 Years,1,Male,1,Male,1,Driver of a Motor Vehicle In-Transport,,,,,0,No Apparent Injury (O),0,No Apparent Injury (O),11,"Front Seat, Left Side",11,"Front Seat, Left Side",3,Shoulder and Lap Belt Used,0,No Indication of Misuse,20,Not Applicable,7,None Used/Not Applicable,20,Not Deployed,0,Not Ejected,0,Not Ejected,0,No (Alcohol Not Involved),0,No (Alcohol Not Involved),8,Not Reported,95,Not Reported,995,Not Reported,0,No (drugs not involved),0,Not Transported for Treatment,0,0,Occupant of a Motor Vehicle
202304641845,2,1,1,78,78,10,3,"South (MD, DE, DC, WV, VA, KY, TN, NC, SC, GA, FL, AL, MS, LA, AR, OK, TX)",1,Urban Area,9,Stratum 9 - LMY PV No Injuries in Crash,4146,141.59880277,1,January,10,10:00am-10:59am,55,55,12,Motor Vehicle In-Transport,6,Angle,0,No,9999.0,Unknown,99999.0,Unknown,99999.0,Unknown,9.0,Van,99.0,Unknown Make,29.0,Unknown van type,0.0,Not Applicable,11.0,"Class 1: 6,000 lbs. or less (2,722 kg or less)",12.0,"Class 2: 6,001 - 10,000 lbs. (2,722 - 4,536 kg)",0.0,No Trailers,99.0,Reported as Unknown,0.0,Not Applicable,0.0,No Rollover,11.0,11 Clock Point,0.0,No or Not Reported,99499.0,Unknown Make Unknown (light truck),998,Not Reported,69,69 Years,8,Not Reported,2,Female,1,Driver of a Motor Vehicle In-Transport,,,,,0,No Apparent Injury (O),0,No Apparent Injury (O),11,"Front Seat, Left Side",11,"Front Seat, Left Side",3,Shoulder and Lap Belt Used,0,No Indication of Misuse,20,Not Applicable,7,None Used/Not Applicable,20,Not Deployed,0,Not Ejected,0,Not Ejected,9,Reported as Unknown,0,No (Alcohol Not Involved),8,Not Reported,95,Not Reported,995,Not Reported,9,Reported as Unknown,0,Not Transported for Treatment,0,0,Occupant of a Motor Vehicle
202304641845,2,2,1,78,78,10,3,"South (MD, DE, DC, WV, VA, KY, TN, NC, SC, GA, FL, AL, MS, LA, AR, OK, TX)",1,Urban Area,9,Stratum 9 - LMY PV No Injuries in Crash,4146,141.59880277,1,January,10,10:00am-10:59am,55,55,12,Motor Vehicle In-Transport,6,Angle,0,No,2019.0,2019,448.0,Toyota,2213.0,Highlander,7.0,Sport Utility Vehicle (SUV)/Multi-Purpose Vehicle (MPV),49.0,Toyota,14.0,"Compact Utility (Utility Vehicle Categories ""Small"" and ""Midsize"")",0.0,Not Applicable,11.0,"Class 1: 6,000 lbs. or less (2,722 kg or less)",11.0,"Class 1: 6,000 lbs. or less (2,722 kg or less)",0.0,No Trailers,0.0,No Special Use Noted,0.0,Not Applicable,0.0,No Rollover,12.0,12 Clock Point,0.0,No or Not Reported,49403.0,Toyota Highlander,43,43 Years,43,43 Years,2,Female,2,Female,1,Driver of a Motor Vehicle In-Transport,,,,,0,No Apparent Injury (O),0,No Apparent Injury (O),11,"Front Seat, Left Side",11,"Front Seat, Left Side",3,Shoulder and Lap Belt Used,0,No Indication of Misuse,20,Not Applicable,7,None Used/Not Applicable,20,Not Deployed,0,Not Ejected,0,Not Ejected,0,No (Alcohol Not Involved),0,No (Alcohol Not Involved),8,Not Reported,95,Not Reported,995,Not Reported,0,No (drugs not involved),0,Not Transported for Treatment,0,0,Occupant of a Motor Vehicle
202304641882,2,1,1,78,78,10,3,"South (MD, DE, DC, WV, VA, KY, TN, NC, SC, GA, FL, AL, MS, LA, AR, OK, TX)",1,Urban Area,6,Stratum 6 - LMY PV Minor Injury,4146,54.478812229,1,January,18,6:00pm-6:59pm,45,45,12,Motor Vehicle In-Transport,1,Front-to-Rear,0,No,2021.0,2021,472.0,GMC,1857.0,Sierra,60.0,Pickup,23.0,GMC,67.0,"Medium/heavy Pickup (GVWR greater than 10,000 lbs.)",0.0,Not Applicable,13.0,"Class 3: 10,001 - 14,000 lbs. (4,536 - 6,350 kg)",13.0,"Class 3: 10,001 - 14,000 lbs. (4,536 - 6,350 kg)",0.0,No Trailers,0.0,No Special Use Noted,0.0,Not Applicable,0.0,No Rollover,12.0,12 Clock Point,0.0,No or Not Reported,23880.0,"GMC Medium/Heavy Pickup (pickup-style only - over 10,000 lbs",60,60 Years,60,60 Years,2,Female,2,Female,1,Driver of a Motor Vehicle In-Transport,,,,,0,No Apparent Injury (O),0,No Apparent Injury (O),11,"Front Seat, Left Side",11,"Front Seat, Left Side",1,Shoulder Belt Only Used,0,No Indication of Misuse,20,Not Applicable,7,None Used/Not Applicable,20,Not Deployed,0,Not Ejected,0,Not Ejected,1,Yes (Alcohol Involved),1,Yes (Alcohol Involved),2,Test Given,11,"Breath Test, Unknown Type",186,0.186 % BAC,0,No (drugs not involved),0,Not Transported for Treatment,0,0,Occupant of a Motor Vehicle
202304641882,2,2,1,78,78,10,3,"South (MD, DE, DC, WV, VA, KY, TN, NC, SC, GA, FL, AL, MS, LA, AR, OK, TX)",1,Urban Area,6,Stratum 6 - LMY PV Minor Injury,4146,54.478812229,1,January,18,6:00pm-6:59pm,45,45,12,Motor Vehicle In-Transport,1,Front-to-Rear,0,No,2021.0,2021,449.0,Mercedes-Benz,5885.0,GLC-Class,7.0,Sport Utility Vehicle (SUV)/Multi-Purpose Vehicle (MPV),42.0,Mercedes-Benz,14.0,"Compact Utility (Utility Vehicle Categories ""Small"" and ""Midsize"")",0.0,Not Applicable,11.0,"Class 1: 6,000 lbs. or less (2,722 kg or less)",11.0,"Class 1: 6,000 lbs. or less (2,722 kg or less)",0.0,No Trailers,0.0,No Special Use Noted,0.0,Not Applicable,0.0,No Rollover,6.0,6 Clock Point,0.0,No or Not Reported,42405.0,Mercedes-Benz GLC Class,28,28 Years,28,28 Years,2,Female,2,Female,1,Driver of a Motor Vehicle In-Transport,,,,,1,Possible Injury (C),1,Possible Injury (C),11,"Front Seat, Left Side",11,"Front Seat, Left Side",3,Shoulder and Lap Belt Used,0,No Indication of Misuse,20,Not Applicable,7,None Used/Not Applicable,20,Not Deployed,0,Not Ejected,0,Not Ejected,0,No (Alcohol Not Involved),0,No (Alcohol Not Involved),8,Not Reported,95,Not Reported,995,Not Reported,0,No (drugs not involved),0,Not Transported for Treatment,0,0,Occupant of a Motor Vehicle
202304641921,1,1,1,22,22,5,1,"Northeast (PA, NJ, NY, NH, VT, RI, MA, ME, CT)",2,Rural Area,9,Stratum 9 - LMY PV No Injuries in Crash,4149,139.70227482,1,January,22,10:00pm-10:59pm,5,5,11,Live Animal,0,The First Harmful Event was Not a Collision with a Motor Vehicle In-Transport,0,No,2021.0,2021,483.0,Jeep,1943.0,Wrangler,7.0,Sport Utility Vehicle (SUV)/Multi-Purpose Vehicle (MPV),2.0,Jeep / Kaiser-Jeep / Willys- Jeep,14.0,"Compact Utility (Utility Vehicle Categories ""Small"" and ""Midsize"")",0.0,Not Applicable,11.0,"Class 1: 6,000 lbs. or less (2,722 kg or less)",11.0,"Class 1: 6,000 lbs. or less (2,722 kg or less)",0.0,No Trailers,0.0,No Special Use Noted,0.0,Not Applicable,0.0,No Rollover,12.0,12 Clock Point,0.0,No or Not Reported,2403.0,Jeep / Kaiser-Jeep / Willys- Jeep YJ series/Wrangler,57,57 Years,57,57 Years,1,Male,1,Male,1,Driver of a Motor Vehicle In-Transport,,,,,0,No Apparent Injury (O),0,No Apparent Injury (O),11,"Front Seat, Left Side",11,"Front Seat, Left Side",3,Shoulder and Lap Belt Used,0,No Indication of Misuse,20,Not Applicable,7,None Used/Not Applicable,20,Not Deployed,0,Not Ejected,0,Not Ejected,0,No (Alcohol Not Involved),0,No (Alcohol Not Involved),0,Test Not Given,0,Test Not Given,996,Test Not Given,0,No (drugs not involved),0,Not Transported for Treatment,0,0,Occupant of a Motor Vehicle
202304641925,1,1,1,77,77,9,2,"Midwest (OH, IN, IL, MI, WI, MN, ND, SD, NE, IA, MO, KS)",2,Rural Area,5,Stratum 5 - NLMY PV Serious Injury,4151,29.72205493,1,January,8,8:00am-8:59am,40,40,21,Bridge Pier or Support,0,The First Harmful Event was Not a Collision with a Motor Vehicle In-Transport,0,No,2016.0,2016,460.0,Ford,1797.0,Edge,7.0,Sport Utility Vehicle (SUV)/Multi-Purpose Vehicle (MPV),12.0,Ford,6.0,Station Wagon (excluding van and truck based),0.0,Not Applicable,11.0,"Class 1: 6,000 lbs. or less (2,722 kg or less)",11.0,"Class 1: 6,000 lbs. or less (2,722 kg or less)",0.0,No Trailers,0.0,No Special Use Noted,0.0,Not Applicable,3.0,Rollover,11.0,11 Clock Point,0.0,No or Not Reported,12024.0,"Ford Edge (For model years 2007-2018 only.  For model years 2019 on, see 12-424.)",33,33 Years,33,33 Years,2,Female,2,Female,1,Driver of a Motor Vehicle In-Transport,,,,,3,Suspected Serious Injury (A),3,Suspected Serious Injury (A),11,"Front Seat, Left Side",11,"Front Seat, Left Side",3,Shoulder and Lap Belt Used,0,No Indication of Misuse,20,Not Applicable,7,None Used/Not Applicable,8,Deployed- Combination,0,Not Ejected,0,Not Ejected,8,Not Reported,0,No (Alcohol Not Involved),0,Test Not Given,0,Test Not Given,996,Test Not Given,8,Not Reported,5,EMS Ground,0,0,Occupant of a Motor Vehicle
202304641928,1,1,1,77,77,9,2,"Midwest (OH, IN, IL, MI, WI, MN, ND, SD, NE, IA, MO, KS)",2,Rural Area,8,Stratum 8 - NLMY PV Minor Injury,4151,132.36109359,1,January,17,5:00pm-5:59pm,26,26,35,Embankment,0,The First Harmful Event was Not a Collision with a Motor Vehicle In-Transport,0,No,2018.0,2018,476.0,Dodge,1939.0,Journey,7.0,Sport Utility Vehicle (SUV)/Multi-Purpose Vehicle (MPV),7.0,Dodge,6.0,Station Wagon (excluding van and truck based),0.0,Not Applicable,11.0,"Class 1: 6,000 lbs. or less (2,722 kg or less)",11.0,"Class 1: 6,000 lbs. or less (2,722 kg or less)",0.0,No Trailers,0.0,No Special Use Noted,0.0,Not Applicable,3.0,Rollover,12.0,12 Clock Point,0.0,No or Not Reported,7027.0,"Dodge Journey (For 2009-2018 only.  For model years 2019 on, see 07-404.)",34,34 Years,34,34 Years,2,Female,2,Female,1,Driver of a Motor Vehicle In-Transport,,,,,2,Suspected Minor Injury (B),2,Suspected Minor Injury (B),11,"Front Seat, Left Side",11,"Front Seat, Left Side",3,Shoulder and Lap Belt Used,0,No Indication of Misuse,20,Not Applicable,7,None Used/Not Applicable,2,"Deployed- Side (door, seatback)",0,Not Ejected,0,Not Ejected,8,Not Reported,0,No (Alcohol Not Involved),0,Test Not Given,0,Test Not Given,996,Test Not Given,8,Not Reported,5,EMS Ground,0,0,Occupant of a Motor Vehicle
202304641929,1,1,1,77,77,9,2,"Midwest (OH, IN, IL, MI, WI, MN, ND, SD, NE, IA, MO, KS)",2,Rural Area,10,Stratum 10 - Other,4151,217.37927863,1,January,18,6:00pm-6:59pm,27,27,11,Live Animal,0,The First Harmful Event was Not a Collision with a Motor Vehicle In-Transport,0,No,2006.0,2006,478.0,Nissan,1904.0,Altima,13.0,Sedan/Saloon,35.0,Nissan/Datsun,4.0,"4-door sedan, hardtop",0.0,Not Applicable,11.0,"Class 1: 6,000 lbs. or less (2,722 kg or less)",11.0,"Class 1: 6,000 lbs. or less (2,722 kg or less)",0.0,No Trailers,0.0,No Special Use Noted,0.0,Not Applicable,0.0,No Rollover,12.0,12 Clock Point,0.0,No or Not Reported,35047.0,Nissan/Datsun Altima,15,15 Years,15,15 Years,1,Male,1,Male,1,Driver of a Motor Vehicle In-Transport,,,,,0,No Apparent Injury (O),0,No Apparent Injury (O),11,"Front Seat, Left Side",11,"Front Seat, Left Side",3,Shoulder and Lap Belt Used,0,No Indication of Misuse,20,Not Applicable,7,None Used/Not Applicable,1,Deployed- Front,7,Not Reported,0,Not Ejected,8,Not Reported,0,No (Alcohol Not Involved),0,Test Not Given,0,Test Not Given,996,Test Not Given,8,Not Reported,0,Not Transported for Treatment,0,0,Occupant of a Motor Vehicle
202304641931,2,1,1,39,39,7,2,"Midwest (OH, IN, IL, MI, WI, MN, ND, SD, NE, IA, MO, KS)",1,Urban Area,7,Stratum 7 - M/H Truck or Bus,4154,153.46384112,1,January,11,11:00am-11:59am,24,24,12,Motor Vehicle In-Transport,1,Front-to-Rear,0,No,2019.0,2019,487.0,Volvo Truck,1967.0,VNL,66.0,Truck-Tractor,51.0,Volvo,66.0,"Truck-tractor (Cab only, or with any number of trailing unit; any weight)",0.0,Not Applicable,18.0,"Class 8: 33,001 lbs. and above (14,969 kg and above)",18.0,"Class 8: 33,001 lbs. and above (14,969 kg and above)",1.0,One Trailer,0.0,No Special Use Noted,0.0,Not Applicable,0.0,No Rollover,6.0,6 Clock Point,0.0,No or Not Reported,51881.0,Volvo Medium/Heavy - CBE,34,34 Years,34,34 Years,1,Male,1,Male,1,Driver of a Motor Vehicle In-Transport,,,,,0,No Apparent Injury (O),0,No Apparent Injury (O),11,"Front Seat, Left Side",11,"Front Seat, Left Side",99,Reported as Unknown,7,None Used/Not Applicable,20,Not Applicable,7,None Used/Not Applicable,20,Not Deployed,0,Not Ejected,0,Not Ejected,0,No (Alcohol Not Involved),0,No (Alcohol Not Involved),0,Test Not Given,0,Test Not Given,996,Test Not Given,0,No (drugs not involved),0,Not Transported for Treatment,0,0,Occupant of a Motor Vehicle
202304641931,2,2,1,39,39,7,2,"Midwest (OH, IN, IL, MI, WI, MN, ND, SD, NE, IA, MO, KS)",1,Urban Area,7,Stratum 7 - M/H Truck or Bus,4154,153.46384112,1,January,11,11:00am-11:59am,24,24,12,Motor Vehicle In-Transport,1,Front-to-Rear,0,No,2019.0,2019,481.0,Mitsubishi,17617.0,ECLIPSE CROSS,7.0,Sport Utility Vehicle (SUV)/Multi-Purpose Vehicle (MPV),52.0,Mitsubishi,14.0,"Compact Utility (Utility Vehicle Categories ""Small"" and ""Midsize"")",0.0,Not Applicable,11.0,"Class 1: 6,000 lbs. or less (2,722 kg or less)",11.0,"Class 1: 6,000 lbs. or less (2,722 kg or less)",0.0,No Trailers,0.0,No Special Use Noted,0.0,Not Applicable,0.0,No Rollover,12.0,12 Clock Point,0.0,No or Not Reported,52403.0,Mitsubishi Eclipse Cross,55,55 Years,55,55 Years,1,Male,1,Male,1,Driver of a Motor Vehicle In-Transport,,,,,0,No Apparent Injury (O),0,No Apparent Injury (O),11,"Front Seat, Left Side",11,"Front Seat, Left Side",99,Reported as Unknown,7,None Used/Not Applicable,20,Not Applicable,7,None Used/Not Applicable,20,Not Deployed,0,Not Ejected,0,Not Ejected,0,No (Alcohol Not Involved),0,No (Alcohol Not Involved),0,Test Not Given,0,Test Not Given,996,Test Not Given,0,No (drugs not involved),0,Not Transported for Treatment,0,0,Occupant of a Motor Vehicle
202304641931,2,2,2,39,39,7,2,"Midwest (OH, IN, IL, MI, WI, MN, ND, SD, NE, IA, MO, KS)",1,Urban Area,7,Stratum 7 - M/H Truck or Bus,4154,153.46384112,1,January,11,11:00am-11:59am,24,24,12,Motor Vehicle In-Transport,1,Front-to-Rear,0,No,2019.0,2019,481.0,Mitsubishi,17617.0,ECLIPSE CROSS,7.0,Sport Utility Vehicle (SUV)/Multi-Purpose Vehicle (MPV),52.0,Mitsubishi,14.0,"Compact Utility (Utility Vehicle Categories ""Small"" and ""Midsize"")",0.0,Not Applicable,11.0,"Class 1: 6,000 lbs. or less (2,722 kg or less)",11.0,"Class 1: 6,000 lbs. or less (2,722 kg or less)",0.0,No Trailers,0.0,No Special Use Noted,0.0,Not Applicable,0.0,No Rollover,12.0,12 Clock Point,0.0,No or Not Reported,52403.0,Mitsubishi Eclipse Cross,34,34 Years,34,34 Years,1,Male,1,Male,2,Passenger of a Motor Vehicle In-Transport,,,,,0,No Apparent Injury (O),0,No Apparent Injury (O),13,"Front Seat, Right Side",13,"Front Seat, Right Side",99,Reported as Unknown,7,None Used/Not Applicable,20,Not Applicable,7,None Used/Not Applicable,20,Not Deployed,0,Not Ejected,0,Not Ejected,8,Not Reported,0,No (Alcohol Not Involved),0,Test Not Given,0,Test Not Given,996,Test Not Given,8,Not Reported,0,Not Transported for Treatment,0,0,Occupant of a Motor Vehicle
202304641954,2,1,1,39,39,7,2,"Midwest (OH, IN, IL, MI, WI, MN, ND, SD, NE, IA, MO, KS)",1,Urban Area,5,Stratum 5 - NLMY PV Serious Injury,4154,24.221475122,1,January,12,12:00pm-12:59pm,49,49,12,Motor Vehicle In-Transport,6,Angle,0,No,2014.0,2014,523.0,Subaru,2235.0,Impreza,15.0,Wagon,48.0,Subaru,6.0,Station Wagon (excluding van and truck based),0.0,Not Applicable,11.0,"Class 1: 6,000 lbs. or less (2,722 kg or less)",11.0,"Class 1: 6,000 lbs. or less (2,722 kg or less)",0.0,No Trailers,0.0,No Special Use Noted,0.0,Not Applicable,0.0,No Rollover,3.0,3 Clock Point,0.0,No or Not Reported,48038.0,Subaru Impreza,32,32 Years,32,32 Years,1,Male,1,Male,1,Driver of a Motor Vehicle In-Transport,,,,,2,Suspected Minor Injury (B),2,Suspected Minor Injury (B),11,"Front Seat, Left Side",11,"Front Seat, Left Side",3,Shoulder and Lap Belt Used,0,No Indication of Misuse,20,Not Applicable,7,None Used/Not Applicable,8,Deployed- Combination,0,Not Ejected,0,Not Ejected,0,No (Alcohol Not Involved),0,No (Alcohol Not Involved),0,Test Not Given,0,Test Not Given,996,Test Not Given,0,No (drugs not involved),5,EMS Ground,0,0,Occupant of a Motor Vehicle
202304641954,2,2,1,39,39,7,2,"Midwest (OH, IN, IL, MI, WI, MN, ND, SD, NE, IA, MO, KS)",1,Urban Area,5,Stratum 5 - NLMY PV Serious Injury,4154,24.221475122,1,January,12,12:00pm-12:59pm,49,49,12,Motor Vehicle In-Transport,6,Angle,0,No,2007.0,2007,472.0,GMC,1859.0,Yukon,7.0,Sport Utility Vehicle (SUV)/Multi-Purpose Vehicle (MPV),23.0,GMC,15.0,"Large utility (ANSI D16.1 Utility Vehicle Categories and ""Full Size"" and ""Large"")",0.0,Not Applicable,12.0,"Class 2: 6,001 - 10,000 lbs. (2,722 - 4,536 kg)",12.0,"Class 2: 6,001 - 10,000 lbs. (2,722 - 4,536 kg)",0.0,No Trailers,0.0,No Special Use Noted,0.0,Not Applicable,0.0,No Rollover,12.0,12 Clock Point,0.0,No or Not Reported,23421.0,GMC Fullsize Jimmy/Yukon,67,67 Years,67,67 Years,1,Male,1,Male,1,Driver of a Motor Vehicle In-Transport,,,,,2,Suspected Minor Injury (B),2,Suspected Minor Injury (B),11,"Front Seat, Left Side",11,"Front Seat, Left Side",3,Shoulder and Lap Belt Used,0,No Indication of Misuse,20,Not Applicable,7,None Used/Not Applicable,8,Deployed- Combination,0,Not Ejected,0,Not Ejected,0,No (Alcohol Not Involved),0,No (Alcohol Not Involved),0,Test Not Given,0,Test Not Given,996,Test Not Given,0,No (drugs not involved),5,EMS Ground,0,0,Occupant of a Motor Vehicle
202304641954,2,2,2,39,39,7,2,"Midwest (OH, IN, IL, MI, WI, MN, ND, SD, NE, IA, MO, KS)",1,Urban Area,5,Stratum 5 - NLMY PV Serious Injury,4154,24.221475122,1,January,12,12:00pm-12:59pm,49,49,12,Motor Vehicle In-Transport,6,Angle,0,No,2007.0,2007,472.0,GMC,1859.0,Yukon,7.0,Sport Utility Vehicle (SUV)/Multi-Purpose Vehicle (MPV),23.0,GMC,15.0,"Large utility (ANSI D16.1 Utility Vehicle Categories and ""Full Size"" and ""Large"")",0.0,Not Applicable,12.0,"Class 2: 6,001 - 10,000 lbs. (2,722 - 4,536 kg)",12.0,"Class 2: 6,001 - 10,000 lbs. (2,722 - 4,536 kg)",0.0,No Trailers,0.0,No Special Use Noted,0.0,Not Applicable,0.0,No Rollover,12.0,12 Clock Point,0.0,No or Not Reported,23421.0,GMC Fullsize Jimmy/Yukon,68,68 Years,68,68 Years,2,Female,2,Female,2,Passenger of a Motor Vehicle In-Transport,,,,,3,Suspected Serious Injury (A),3,Suspected Serious Injury (A),13,"Front Seat, Right Side",13,"Front Seat, Right Side",3,Shoulder and Lap Belt Used,0,No Indication of Misuse,20,Not Applicable,7,None Used/Not Applicable,8,Deployed- Combination,0,Not Ejected,0,Not Ejected,8,Not Reported,0,No (Alcohol Not Involved),0,Test Not Given,0,Test Not Given,996,Test Not Given,8,Not Reported,5,EMS Ground,0,0,Occupant of a Motor Vehicle
202304643195,1,1,1,49,49,21,4,"West (MT, ID, WA, OR, CA, NV, NM, AZ, UT, CO, WY, AK, HI)",1,Urban Area,8,Stratum 8 - NLMY PV Minor Injury,262,151.24846034,1,January,6,6:00am-6:59am,35,35,42,Tree (Standing Only),0,The First Harmful Event was Not a Collision with a Motor Vehicle In-Transport,0,No,2001.0,2001,474.0,Honda,1863.0,Civic,999.0,Unknown,37.0,Honda,9.0,Other or Unknown automobile type,0.0,Not Applicable,11.0,"Class 1: 6,000 lbs. or less (2,722 kg or less)",12.0,"Class 2: 6,001 - 10,000 lbs. (2,722 - 4,536 kg)",0.0,No Trailers,0.0,No Special Use Noted,0.0,Not Applicable,0.0,No Rollover,12.0,12 Clock Point,0.0,No or Not Reported,37031.0,"Honda Civic/CRX, del Sol",25,25 Years,25,25 Years,1,Male,1,Male,1,Driver of a Motor Vehicle In-Transport,,,,,1,Possible Injury (C),1,Possible Injury (C),11,"Front Seat, Left Side",11,"Front Seat, Left Side",3,Shoulder and Lap Belt Used,0,No Indication of Misuse,20,Not Applicable,7,None Used/Not Applicable,9,Deployment- Unknown Location,0,Not Ejected,0,Not Ejected,0,No (Alcohol Not Involved),0,No (Alcohol Not Involved),0,Test Not Given,0,Test Not Given,996,Test Not Given,8,Not Reported,0,Not Transported for Treatment,0,0,Occupant of a Motor Vehicle
202304643263,2,1,1,35,35,13,3,"South (MD, DE, DC, WV, VA, KY, TN, NC, SC, GA, FL, AL, MS, LA, AR, OK, TX)",1,Urban Area,10,Stratum 10 - Other,4141,222.47241975,1,January,16,4:00pm-4:59pm,32,32,12,Motor Vehicle In-Transport,1,Front-to-Rear,0,No,2015.0,2015,472.0,GMC,1859.0,Yukon,7.0,Sport Utility Vehicle (SUV)/Multi-Purpose Vehicle (MPV),23.0,GMC,15.0,"Large utility (ANSI D16.1 Utility Vehicle Categories and ""Full Size"" and ""Large"")",0.0,Not Applicable,12.0,"Class 2: 6,001 - 10,000 lbs. (2,722 - 4,536 kg)",12.0,"Class 2: 6,001 - 10,000 lbs. (2,722 - 4,536 kg)",0.0,No Trailers,0.0,No Special Use Noted,0.0,Not Applicable,0.0,No Rollover,12.0,12 Clock Point,0.0,No or Not Reported,23421.0,GMC Fullsize Jimmy/Yukon,46,46 Years,46,46 Years,2,Female,2,Female,1,Driver of a Motor Vehicle In-Transport,,,,,0,No Apparent Injury (O),0,No Apparent Injury (O),11,"Front Seat, Left Side",11,"Front Seat, Left Side",3,Shoulder and Lap Belt Used,0,No Indication of Misuse,20,Not Applicable,7,None Used/Not Applicable,20,Not Deployed,0,Not Ejected,0,Not Ejected,0,No (Alcohol Not Involved),0,No (Alcohol Not Involved),0,Test Not Given,0,Test Not Given,996,Test Not Given,0,No (drugs not involved),0,Not Transported for Treatment,0,0,Occupant of a Motor Vehicle
202304643263,2,2,1,35,35,13,3,"South (MD, DE, DC, WV, VA, KY, TN, NC, SC, GA, FL, AL, MS, LA, AR, OK, TX)",1,Urban Area,10,Stratum 10 - Other,4141,222.47241975,1,January,16,4:00pm-4:59pm,32,32,12,Motor Vehicle In-Transport,1,Front-to-Rear,0,No,2016.0,2016,478.0,Nissan,1913.0,Rogue,8.0,Crossover Utility Vehicle (CUV),35.0,Nissan/Datsun,6.0,Station Wagon (excluding van and truck based),0.0,Not Applicable,11.0,"Class 1: 6,000 lbs. or less (2,722 kg or less)",11.0,"Class 1: 6,000 lbs. or less (2,722 kg or less)",0.0,No Trailers,0.0,No Special Use Noted,0.0,Not Applicable,0.0,No Rollover,6.0,6 Clock Point,0.0,No or Not Reported,35051.0,"Nissan/Datsun Rogue (For 2008-2018 only.  For model years 2019 on, see 35-404.)",59,59 Years,59,59 Years,1,Male,1,Male,1,Driver of a Motor Vehicle In-Transport,,,,,0,No Apparent Injury (O),0,No Apparent Injury (O),11,"Front Seat, Left Side",11,"Front Seat, Left Side",3,Shoulder and Lap Belt Used,0,No Indication of Misuse,20,Not Applicable,7,None Used/Not Applicable,20,Not Deployed,0,Not Ejected,0,Not Ejected,0,No (Alcohol Not Involved),0,No (Alcohol Not Involved),0,Test Not Given,0,Test Not Given,996,Test Not Given,0,No (drugs not involved),0,Not Transported for Treatment,0,0,Occupant of a Motor Vehicle
202304643289,2,1,1,58,58,6,2,"Midwest (OH, IN, IL, MI, WI, MN, ND, SD, NE, IA, MO, KS)",1,Urban Area,10,Stratum 10 - Other,4143,213.68759167,1,January,22,10:00pm-10:59pm,24,24,12,Motor Vehicle In-Transport,6,Angle,0,No,2005.0,2005,448.0,Toyota,2208.0,Corolla,13.0,Sedan/Saloon,49.0,Toyota,4.0,"4-door sedan, hardtop",0.0,Not Applicable,11.0,"Class 1: 6,000 lbs. or less (2,722 kg or less)",11.0,"Class 1: 6,000 lbs. or less (2,722 kg or less)",0.0,No Trailers,0.0,No Special Use Noted,0.0,Not Applicable,0.0,No Rollover,12.0,12 Clock Point,0.0,No or Not Reported,49032.0,Toyota Corolla,60,60 Years,60,60 Years,1,Male,1,Male,1,Driver of a Motor Vehicle In-Transport,,,,,0,No Apparent Injury (O),0,No Apparent Injury (O),11,"Front Seat, Left Side",11,"Front Seat, Left Side",3,Shoulder and Lap Belt Used,0,No Indication of Misuse,20,Not Applicable,7,None Used/Not Applicable,20,Not Deployed,0,Not Ejected,0,Not Ejected,0,No (Alcohol Not Involved),0,No (Alcohol Not Involved),0,Test Not Given,0,Test Not Given,996,Test Not Given,0,No (drugs not involved),0,Not Transported for Treatment,0,0,Occupant of a Motor Vehicle
202304643289,2,2,1,58,58,6,2,"Midwest (OH, IN, IL, MI, WI, MN, ND, SD, NE, IA, MO, KS)",1,Urban Area,10,Stratum 10 - Other,4143,213.68759167,1,January,22,10:00pm-10:59pm,24,24,12,Motor Vehicle In-Transport,6,Angle,0,No,2004.0,2004,523.0,Subaru,2235.0,Impreza,13.0,Sedan/Saloon,48.0,Subaru,4.0,"4-door sedan, hardtop",0.0,Not Applicable,11.0,"Class 1: 6,000 lbs. or less (2,722 kg or less)",11.0,"Class 1: 6,000 lbs. or less (2,722 kg or less)",0.0,No Trailers,99.0,Reported as Unknown,9.0,Reported as Unknown,0.0,No Rollover,3.0,3 Clock Point,0.0,No or Not Reported,48038.0,Subaru Impreza,998,Not Reported,27,27 Years,8,Not Reported,1,Male,1,Driver of a Motor Vehicle In-Transport,,,,,0,No Apparent Injury (O),0,No Apparent Injury (O),11,"Front Seat, Left Side",11,"Front Seat, Left Side",99,Reported as Unknown,7,None Used/Not Applicable,20,Not Applicable,7,None Used/Not Applicable,20,Not Deployed,7,Not Reported,0,Not Ejected,9,Reported as Unknown,0,No (Alcohol Not Involved),0,Test Not Given,0,Test Not Given,996,Test Not Given,9,Reported as Unknown,0,Not Transported for Treatment,0,0,Occupant of a Motor Vehicle
202304643289,2,2,2,58,58,6,2,"Midwest (OH, IN, IL, MI, WI, MN, ND, SD, NE, IA, MO, KS)",1,Urban Area,10,Stratum 10 - Other,4143,213.68759167,1,January,22,10:00pm-10:59pm,24,24,12,Motor Vehicle In-Transport,6,Angle,0,No,2004.0,2004,523.0,Subaru,2235.0,Impreza,13.0,Sedan/Saloon,48.0,Subaru,4.0,"4-door sedan, hardtop",0.0,Not Applicable,11.0,"Class 1: 6,000 lbs. or less (2,722 kg or less)",11.0,"Class 1: 6,000 lbs. or less (2,722 kg or less)",0.0,No Trailers,99.0,Reported as Unknown,9.0,Reported as Unknown,0.0,No Rollover,3.0,3 Clock Point,0.0,No or Not Reported,48038.0,Subaru Impreza,998,Not Reported,31,31 Years,8,Not Reported,2,Female,2,Passenger of a Motor Vehicle In-Transport,,,,,0,No Apparent Injury (O),0,No Apparent Injury (O),19,"Front Seat, Unknown",13,"Front Seat, Right Side",99,Reported as Unknown,7,None Used/Not Applicable,20,Not Applicable,7,None Used/Not Applicable,20,Not Deployed,7,Not Reported,0,Not Ejected,0,No (Alcohol Not Involved),0,No (Alcohol Not Involved),0,Test Not Given,0,Test Not Given,996,Test Not Given,0,No (drugs not involved),0,Not Transported for Treatment,0,0,Occupant of a Motor Vehicle
202304643299,2,1,1,58,58,6,2,"Midwest (OH, IN, IL, MI, WI, MN, ND, SD, NE, IA, MO, KS)",1,Urban Area,8,Stratum 8 - NLMY PV Minor Injury,4143,130.03640335,1,January,19,7:00pm-7:59pm,20,20,12,Motor Vehicle In-Transport,6,Angle,0,No,2013.0,2013,475.0,Acura,1871.0,RDX,7.0,Sport Utility Vehicle (SUV)/Multi-Purpose Vehicle (MPV),54.0,Acura,14.0,"Compact Utility (Utility Vehicle Categories ""Small"" and ""Midsize"")",0.0,Not Applicable,11.0,"Class 1: 6,000 lbs. or less (2,722 kg or less)",11.0,"Class 1: 6,000 lbs. or less (2,722 kg or less)",0.0,No Trailers,0.0,No Special Use Noted,0.0,Not Applicable,0.0,No Rollover,9.0,9 Clock Point,0.0,No or Not Reported,54402.0,Acura RDX,59,59 Years,59,59 Years,1,Male,1,Male,1,Driver of a Motor Vehicle In-Transport,,,,,2,Suspected Minor Injury (B),2,Suspected Minor Injury (B),11,"Front Seat, Left Side",11,"Front Seat, Left Side",3,Shoulder and Lap Belt Used,0,No Indication of Misuse,20,Not Applicable,7,None Used/Not Applicable,2,"Deployed- Side (door, seatback)",0,Not Ejected,0,Not Ejected,0,No (Alcohol Not Involved),0,No (Alcohol Not Involved),0,Test Not Given,0,Test Not Given,996,Test Not Given,0,No (drugs not involved),0,Not Transported for Treatment,0,0,Occupant of a Motor Vehicle
202304643299,2,2,1,58,58,6,2,"Midwest (OH, IN, IL, MI, WI, MN, ND, SD, NE, IA, MO, KS)",1,Urban Area,8,Stratum 8 - NLMY PV Minor Injury,4143,130.03640335,1,January,19,7:00pm-7:59pm,20,20,12,Motor Vehicle In-Transport,6,Angle,0,No,2003.0,2003,474.0,Honda,1861.0,Accord,13.0,Sedan/Saloon,37.0,Honda,4.0,"4-door sedan, hardtop",0.0,Not Applicable,11.0,"Class 1: 6,000 lbs. or less (2,722 kg or less)",11.0,"Class 1: 6,000 lbs. or less (2,722 kg or less)",0.0,No Trailers,0.0,No Special Use Noted,0.0,Not Applicable,0.0,No Rollover,12.0,12 Clock Point,0.0,No or Not Reported,37032.0,"Honda Accord (Note: For Crosstour model years 2010 and 2011 only. For Crosstour model years 2012-2015, see vehicle model 37-405)",17,17 Years,17,17 Years,1,Male,1,Male,1,Driver of a Motor Vehicle In-Transport,,,,,0,No Apparent Injury (O),0,No Apparent Injury (O),11,"Front Seat, Left Side",11,"Front Seat, Left Side",3,Shoulder and Lap Belt Used,0,No Indication of Misuse,20,Not Applicable,7,None Used/Not Applicable,20,Not Deployed,0,Not Ejected,0,Not Ejected,0,No (Alcohol Not Involved),0,No (Alcohol Not Involved),0,Test Not Given,0,Test Not Given,996,Test Not Given,0,No (drugs not involved),0,Not Transported for Treatment,0,0,Occupant of a Motor Vehicle
202304643299,2,2,2,58,58,6,2,"Midwest (OH, IN, IL, MI, WI, MN, ND, SD, NE, IA, MO, KS)",1,Urban Area,8,Stratum 8 - NLMY PV Minor Injury,4143,130.03640335,1,January,19,7:00pm-7:59pm,20,20,12,Motor Vehicle In-Transport,6,Angle,0,No,2003.0,2003,474.0,Honda,1861.0,Accord,13.0,Sedan/Saloon,37.0,Honda,4.0,"4-door sedan, hardtop",0.0,Not Applicable,11.0,"Class 1: 6,000 lbs. or less (2,722 kg or less)",11.0,"Class 1: 6,000 lbs. or less (2,722 kg or less)",0.0,No Trailers,0.0,No Special Use Noted,0.0,Not Applicable,0.0,No Rollover,12.0,12 Clock Point,0.0,No or Not Reported,37032.0,"Honda Accord (Note: For Crosstour model years 2010 and 2011 only. For Crosstour model years 2012-2015, see vehicle model 37-405)",15,15 Years,15,15 Years,1,Male,1,Male,2,Passenger of a Motor Vehicle In-Transport,,,,,0,No Apparent Injury (O),0,No Apparent Injury (O),13,"Front Seat, Right Side",13,"Front Seat, Right Side",3,Shoulder and Lap Belt Used,0,No Indication of Misuse,20,Not Applicable,7,None Used/Not Applicable,20,Not Deployed,0,Not Ejected,0,Not Ejected,8,Not Reported,0,No (Alcohol Not Involved),0,Test Not Given,0,Test Not Given,996,Test Not Given,8,Not Reported,0,Not Transported for Treatment,0,0,Occupant of a Motor Vehicle
202304643309,2,1,1,32,32,17,3,"South (MD, DE, DC, WV, VA, KY, TN, NC, SC, GA, FL, AL, MS, LA, AR, OK, TX)",2,Rural Area,7,Stratum 7 - M/H Truck or Bus,4145,157.12432243,1,January,9,9:00am-9:59am,20,20,12,Motor Vehicle In-Transport,1,Front-to-Rear,0,No,2002.0,2002,472.0,GMC,1859.0,Yukon,7.0,Sport Utility Vehicle (SUV)/Multi-Purpose Vehicle (MPV),23.0,GMC,15.0,"Large utility (ANSI D16.1 Utility Vehicle Categories and ""Full Size"" and ""Large"")",0.0,Not Applicable,12.0,"Class 2: 6,001 - 10,000 lbs. (2,722 - 4,536 kg)",12.0,"Class 2: 6,001 - 10,000 lbs. (2,722 - 4,536 kg)",0.0,No Trailers,0.0,No Special Use Noted,0.0,Not Applicable,0.0,No Rollover,12.0,12 Clock Point,0.0,No or Not Reported,23421.0,GMC Fullsize Jimmy/Yukon,22,22 Years,22,22 Years,1,Male,1,Male,1,Driver of a Motor Vehicle In-Transport,,,,,0,No Apparent Injury (O),0,No Apparent Injury (O),11,"Front Seat, Left Side",11,"Front Seat, Left Side",3,Shoulder and Lap Belt Used,0,No Indication of Misuse,20,Not Applicable,7,None Used/Not Applicable,20,Not Deployed,0,Not Ejected,0,Not Ejected,0,No (Alcohol Not Involved),0,No (Alcohol Not Involved),0,Test Not Given,0,Test Not Given,996,Test Not Given,0,No (drugs not involved),0,Not Transported for Treatment,0,0,Occupant of a Motor Vehicle
202304643309,2,2,1,32,32,17,3,"South (MD, DE, DC, WV, VA, KY, TN, NC, SC, GA, FL, AL, MS, LA, AR, OK, TX)",2,Rural Area,7,Stratum 7 - M/H Truck or Bus,4145,157.12432243,1,January,9,9:00am-9:59am,20,20,12,Motor Vehicle In-Transport,1,Front-to-Rear,0,No,2018.0,2018,1297.0,Autocar,4669.0,Xpeditor,11.0,Truck,89.0,White/Autocar White/GMC,63.0,"Single-unit straight truck or Cab-Chassis (GVWR greater than 26,000 lbs.)",0.0,Not Applicable,18.0,"Class 8: 33,001 lbs. and above (14,969 kg and above)",18.0,"Class 8: 33,001 lbs. and above (14,969 kg and above)",0.0,No Trailers,0.0,No Special Use Noted,0.0,Not Applicable,0.0,No Rollover,6.0,6 Clock Point,0.0,No or Not Reported,89890.0,White/Autocar White/GMC Medium/Heavy - COE entry position unknown,42,42 Years,42,42 Years,1,Male,1,Male,1,Driver of a Motor Vehicle In-Transport,,,,,0,No Apparent Injury (O),0,No Apparent Injury (O),11,"Front Seat, Left Side",11,"Front Seat, Left Side",3,Shoulder and Lap Belt Used,0,No Indication of Misuse,20,Not Applicable,7,None Used/Not Applicable,20,Not Deployed,0,Not Ejected,0,Not Ejected,0,No (Alcohol Not Involved),0,No (Alcohol Not Involved),0,Test Not Given,0,Test Not Given,996,Test Not Given,0,No (drugs not involved),0,Not Transported for Treatment,0,0,Occupant of a Motor Vehicle
202304643310,2,1,1,32,32,17,3,"South (MD, DE, DC, WV, VA, KY, TN, NC, SC, GA, FL, AL, MS, LA, AR, OK, TX)",2,Rural Area,10,Stratum 10 - Other,4145,220.3414238,1,January,99,Unknown Hours,99,Unknown Minutes,12,Motor Vehicle In-Transport,6,Angle,0,No,2016.0,2016,460.0,Ford,1798.0,Escape,7.0,Sport Utility Vehicle (SUV)/Multi-Purpose Vehicle (MPV),12.0,Ford,14.0,"Compact Utility (Utility Vehicle Categories ""Small"" and ""Midsize"")",0.0,Not Applicable,11.0,"Class 1: 6,000 lbs. or less (2,722 kg or less)",11.0,"Class 1: 6,000 lbs. or less (2,722 kg or less)",0.0,No Trailers,0.0,No Special Use Noted,0.0,Not Applicable,0.0,No Rollover,12.0,12 Clock Point,0.0,No or Not Reported,12402.0,Ford Escape,32,32 Years,32,32 Years,2,Female,2,Female,1,Driver of a Motor Vehicle In-Transport,,,,,0,No Apparent Injury (O),0,No Apparent Injury (O),11,"Front Seat, Left Side",11,"Front Seat, Left Side",99,Reported as Unknown,7,None Used/Not Applicable,20,Not Applicable,7,None Used/Not Applicable,99,Reported as Deployment Unknown,0,Not Ejected,0,Not Ejected,0,No (Alcohol Not Involved),0,No (Alcohol Not Involved),0,Test Not Given,0,Test Not Given,996,Test Not Given,0,No (drugs not involved),0,Not Transported for Treatment,0,0,Occupant of a Motor Vehicle
202304643310,2,1,2,32,32,17,3,"South (MD, DE, DC, WV, VA, KY, TN, NC, SC, GA, FL, AL, MS, LA, AR, OK, TX)",2,Rural Area,10,Stratum 10 - Other,4145,220.3414238,1,January,99,Unknown Hours,99,Unknown Minutes,12,Motor Vehicle In-Transport,6,Angle,0,No,2016.0,2016,460.0,Ford,1798.0,Escape,7.0,Sport Utility Vehicle (SUV)/Multi-Purpose Vehicle (MPV),12.0,Ford,14.0,"Compact Utility (Utility Vehicle Categories ""Small"" and ""Midsize"")",0.0,Not Applicable,11.0,"Class 1: 6,000 lbs. or less (2,722 kg or less)",11.0,"Class 1: 6,000 lbs. or less (2,722 kg or less)",0.0,No Trailers,0.0,No Special Use Noted,0.0,Not Applicable,0.0,No Rollover,12.0,12 Clock Point,0.0,No or Not Reported,12402.0,Ford Escape,31,31 Years,31,31 Years,1,Male,1,Male,2,Passenger of a Motor Vehicle In-Transport,,,,,0,No Apparent Injury (O),0,No Apparent Injury (O),13,"Front Seat, Right Side",13,"Front Seat, Right Side",99,Reported as Unknown,7,None Used/Not Applicable,20,Not Applicable,7,None Used/Not Applicable,99,Reported as Deployment Unknown,0,Not Ejected,0,Not Ejected,0,No (Alcohol Not Involved),0,No (Alcohol Not Involved),0,Test Not Given,0,Test Not Given,996,Test Not Given,0,No (drugs not involved),0,Not Transported for Treatment,0,0,Occupant of a Motor Vehicle
202304643310,2,1,3,32,32,17,3,"South (MD, DE, DC, WV, VA, KY, TN, NC, SC, GA, FL, AL, MS, LA, AR, OK, TX)",2,Rural Area,10,Stratum 10 - Other,4145,220.3414238,1,January,99,Unknown Hours,99,Unknown Minutes,12,Motor Vehicle In-Transport,6,Angle,0,No,2016.0,2016,460.0,Ford,1798.0,Escape,7.0,Sport Utility Vehicle (SUV)/Multi-Purpose Vehicle (MPV),12.0,Ford,14.0,"Compact Utility (Utility Vehicle Categories ""Small"" and ""Midsize"")",0.0,Not Applicable,11.0,"Class 1: 6,000 lbs. or less (2,722 kg or less)",11.0,"Class 1: 6,000 lbs. or less (2,722 kg or less)",0.0,No Trailers,0.0,No Special Use Noted,0.0,Not Applicable,0.0,No Rollover,12.0,12 Clock Point,0.0,No or Not Reported,12402.0,Ford Escape,12,12 Years,12,12 Years,1,Male,1,Male,2,Passenger of a Motor Vehicle In-Transport,,,,,0,No Apparent Injury (O),0,No Apparent Injury (O),21,"Second Seat, Left Side",21,"Second Seat, Left Side",3,Shoulder and Lap Belt Used,0,No Indication of Misuse,20,Not Applicable,7,None Used/Not Applicable,99,Reported as Deployment Unknown,0,Not Ejected,0,Not Ejected,0,No (Alcohol Not Involved),0,No (Alcohol Not Involved),0,Test Not Given,0,Test Not Given,996,Test Not Given,0,No (drugs not involved),0,Not Transported for Treatment,0,0,Occupant of a Motor Vehicle
202304643310,2,1,4,32,32,17,3,"South (MD, DE, DC, WV, VA, KY, TN, NC, SC, GA, FL, AL, MS, LA, AR, OK, TX)",2,Rural Area,10,Stratum 10 - Other,4145,220.3414238,1,January,99,Unknown Hours,99,Unknown Minutes,12,Motor Vehicle In-Transport,6,Angle,0,No,2016.0,2016,460.0,Ford,1798.0,Escape,7.0,Sport Utility Vehicle (SUV)/Multi-Purpose Vehicle (MPV),12.0,Ford,14.0,"Compact Utility (Utility Vehicle Categories ""Small"" and ""Midsize"")",0.0,Not Applicable,11.0,"Class 1: 6,000 lbs. or less (2,722 kg or less)",11.0,"Class 1: 6,000 lbs. or less (2,722 kg or less)",0.0,No Trailers,0.0,No Special Use Noted,0.0,Not Applicable,0.0,No Rollover,12.0,12 Clock Point,0.0,No or Not Reported,12402.0,Ford Escape,2,2 Years,2,2 Years,2,Female,2,Female,2,Passenger of a Motor Vehicle In-Transport,,,,,0,No Apparent Injury (O),0,No Apparent Injury (O),22,"Second Seat, Middle",22,"Second Seat, Middle",10,Child Restraint System - Forward Facing,0,No Indication of Misuse,20,Not Applicable,7,None Used/Not Applicable,99,Reported as Deployment Unknown,0,Not Ejected,0,Not Ejected,0,No (Alcohol Not Involved),0,No (Alcohol Not Involved),0,Test Not Given,0,Test Not Given,996,Test Not Given,0,No (drugs not involved),0,Not Transported for Treatment,0,0,Occupant of a Motor Vehicle
202304643310,2,1,5,32,32,17,3,"South (MD, DE, DC, WV, VA, KY, TN, NC, SC, GA, FL, AL, MS, LA, AR, OK, TX)",2,Rural Area,10,Stratum 10 - Other,4145,220.3414238,1,January,99,Unknown Hours,99,Unknown Minutes,12,Motor Vehicle In-Transport,6,Angle,0,No,2016.0,2016,460.0,Ford,1798.0,Escape,7.0,Sport Utility Vehicle (SUV)/Multi-Purpose Vehicle (MPV),12.0,Ford,14.0,"Compact Utility (Utility Vehicle Categories ""Small"" and ""Midsize"")",0.0,Not Applicable,11.0,"Class 1: 6,000 lbs. or less (2,722 kg or less)",11.0,"Class 1: 6,000 lbs. or less (2,722 kg or less)",0.0,No Trailers,0.0,No Special Use Noted,0.0,Not Applicable,0.0,No Rollover,12.0,12 Clock Point,0.0,No or Not Reported,12402.0,Ford Escape,2,2 Years,2,2 Years,1,Male,1,Male,2,Passenger of a Motor Vehicle In-Transport,,,,,0,No Apparent Injury (O),0,No Apparent Injury (O),23,"Second Seat, Right Side",23,"Second Seat, Right Side",10,Child Restraint System - Forward Facing,0,No Indication of Misuse,20,Not Applicable,7,None Used/Not Applicable,99,Reported as Deployment Unknown,0,Not Ejected,0,Not Ejected,0,No (Alcohol Not Involved),0,No (Alcohol Not Involved),0,Test Not Given,0,Test Not Given,996,Test Not Given,0,No (drugs not involved),0,Not Transported for Treatment,0,0,Occupant of a Motor Vehicle
202304643310,2,2,1,32,32,17,3,"South (MD, DE, DC, WV, VA, KY, TN, NC, SC, GA, FL, AL, MS, LA, AR, OK, TX)",2,Rural Area,10,Stratum 10 - Other,4145,220.3414238,1,January,99,Unknown Hours,99,Unknown Minutes,12,Motor Vehicle In-Transport,6,Angle,0,No,2014.0,2014,460.0,Ford,1805.0,F-250,60.0,Pickup,12.0,Ford,34.0,Light Pickup,0.0,Not Applicable,12.0,"Class 2: 6,001 - 10,000 lbs. (2,722 - 4,536 kg)",12.0,"Class 2: 6,001 - 10,000 lbs. (2,722 - 4,536 kg)",0.0,No Trailers,0.0,No Special Use Noted,0.0,Not Applicable,0.0,No Rollover,8.0,8 Clock Point,0.0,No or Not Reported,12481.0,Ford F-Series pickup,34,34 Years,34,34 Years,1,Male,1,Male,1,Driver of a Motor Vehicle In-Transport,,,,,0,No Apparent Injury (O),0,No Apparent Injury (O),11,"Front Seat, Left Side",11,"Front Seat, Left Side",99,Reported as Unknown,7,None Used/Not Applicable,20,Not Applicable,7,None Used/Not Applicable,99,Reported as Deployment Unknown,0,Not Ejected,0,Not Ejected,0,No (Alcohol Not Involved),0,No (Alcohol Not Involved),0,Test Not Given,0,Test Not Given,996,Test Not Given,0,No (drugs not involved),0,Not Transported for Treatment,0,0,Occupant of a Motor Vehicle
202304643316,1,1,1,83,83,13,3,"South (MD, DE, DC, WV, VA, KY, TN, NC, SC, GA, FL, AL, MS, LA, AR, OK, TX)",1,Urban Area,4,Stratum 4 - LMY PV Serious Injury,4148,11.212827626,1,January,5,5:00am-5:59am,30,30,35,Embankment,0,The First Harmful Event was Not a Collision with a Motor Vehicle In-Transport,0,No,2022.0,2022,483.0,Jeep,1943.0,Wrangler,7.0,Sport Utility Vehicle (SUV)/Multi-Purpose Vehicle (MPV),2.0,Jeep / Kaiser-Jeep / Willys- Jeep,14.0,"Compact Utility (Utility Vehicle Categories ""Small"" and ""Midsize"")",0.0,Not Applicable,11.0,"Class 1: 6,000 lbs. or less (2,722 kg or less)",11.0,"Class 1: 6,000 lbs. or less (2,722 kg or less)",0.0,No Trailers,0.0,No Special Use Noted,0.0,Not Applicable,3.0,Rollover,12.0,12 Clock Point,0.0,No or Not Reported,2403.0,Jeep / Kaiser-Jeep / Willys- Jeep YJ series/Wrangler,35,35 Years,35,35 Years,2,Female,2,Female,1,Driver of a Motor Vehicle In-Transport,,,,,3,Suspected Serious Injury (A),3,Suspected Serious Injury (A),11,"Front Seat, Left Side",11,"Front Seat, Left Side",20,None Used/Not Applicable,7,None Used/Not Applicable,20,Not Applicable,7,None Used/Not Applicable,1,Deployed- Front,1,Totally Ejected,1,Totally Ejected,0,No (Alcohol Not Involved),0,No (Alcohol Not Involved),0,Test Not Given,0,Test Not Given,996,Test Not Given,0,No (drugs not involved),5,EMS Ground,0,0,Occupant of a Motor Vehicle
202304643357,2,1,1,83,83,13,3,"South (MD, DE, DC, WV, VA, KY, TN, NC, SC, GA, FL, AL, MS, LA, AR, OK, TX)",1,Urban Area,10,Stratum 10 - Other,4148,223.23894247,1,January,8,8:00am-8:59am,15,15,12,Motor Vehicle In-Transport,1,Front-to-Rear,0,No,9999.0,Unknown,467.0,Chevrolet,1850.0,Silverado,60.0,Pickup,20.0,Chevrolet,34.0,Light Pickup,0.0,Not Applicable,11.0,"Class 1: 6,000 lbs. or less (2,722 kg or less)",12.0,"Class 2: 6,001 - 10,000 lbs. (2,722 - 4,536 kg)",0.0,No Trailers,0.0,No Special Use Noted,0.0,Not Applicable,0.0,No Rollover,12.0,12 Clock Point,0.0,No or Not Reported,20481.0,"Chevrolet C, K, R, V-series pickup/Silverado",998,Not Reported,26,26 Years,9,Reported as Unknown,1,Male,1,Driver of a Motor Vehicle In-Transport,,,,,9,Unknown/Not Reported,0,No Apparent Injury (O),11,"Front Seat, Left Side",11,"Front Seat, Left Side",99,Reported as Unknown,7,None Used/Not Applicable,20,Not Applicable,7,None Used/Not Applicable,98,Not Reported,0,Not Ejected,0,Not Ejected,9,Reported as Unknown,0,No (Alcohol Not Involved),0,Test Not Given,0,Test Not Given,996,Test Not Given,9,Reported as Unknown,0,Not Transported for Treatment,0,0,Occupant of a Motor Vehicle
202304643357,2,2,1,83,83,13,3,"South (MD, DE, DC, WV, VA, KY, TN, NC, SC, GA, FL, AL, MS, LA, AR, OK, TX)",1,Urban Area,10,Stratum 10 - Other,4148,223.23894247,1,January,8,8:00am-8:59am,15,15,12,Motor Vehicle In-Transport,1,Front-to-Rear,0,No,2008.0,2008,449.0,Mercedes-Benz,2085.0,C-Class,13.0,Sedan/Saloon,42.0,Mercedes-Benz,4.0,"4-door sedan, hardtop",0.0,Not Applicable,11.0,"Class 1: 6,000 lbs. or less (2,722 kg or less)",11.0,"Class 1: 6,000 lbs. or less (2,722 kg or less)",0.0,No Trailers,0.0,No Special Use Noted,0.0,Not Applicable,0.0,No Rollover,6.0,6 Clock Point,0.0,No or Not Reported,42042.0,Mercedes-Benz C Class (94 on),23,23 Years,23,23 Years,1,Male,1,Male,1,Driver of a Motor Vehicle In-Transport,,,,,0,No Apparent Injury (O),0,No Apparent Injury (O),11,"Front Seat, Left Side",11,"Front Seat, Left Side",3,Shoulder and Lap Belt Used,0,No Indication of Misuse,20,Not Applicable,7,None Used/Not Applicable,20,Not Deployed,0,Not Ejected,0,Not Ejected,0,No (Alcohol Not Involved),0,No (Alcohol Not Involved),0,Test Not Given,0,Test Not Given,996,Test Not Given,0,No (drugs not involved),0,Not Transported for Treatment,0,0,Occupant of a Motor Vehicle
202304643359,2,1,1,83,83,13,3,"South (MD, DE, DC, WV, VA, KY, TN, NC, SC, GA, FL, AL, MS, LA, AR, OK, TX)",1,Urban Area,9,Stratum 9 - LMY PV No Injuries in Crash,4148,141.94136347,1,January,15,3:00pm-3:59pm,45,45,12,Motor Vehicle In-Transport,1,Front-to-Rear,0,No,2019.0,2019,467.0,Chevrolet,1836.0,Spark,5.0,Hatchback/Liftback/Notchback,20.0,Chevrolet,5.0,5-door/4-door hatchback,0.0,Not Applicable,11.0,"Class 1: 6,000 lbs. or less (2,722 kg or less)",11.0,"Class 1: 6,000 lbs. or less (2,722 kg or less)",0.0,No Trailers,0.0,No Special Use Noted,0.0,Not Applicable,0.0,No Rollover,12.0,12 Clock Point,0.0,No or Not Reported,20029.0,Chevrolet Spark,27,27 Years,27,27 Years,2,Female,2,Female,1,Driver of a Motor Vehicle In-Transport,,,,,0,No Apparent Injury (O),0,No Apparent Injury (O),11,"Front Seat, Left Side",11,"Front Seat, Left Side",3,Shoulder and Lap Belt Used,0,No Indication of Misuse,20,Not Applicable,7,None Used/Not Applicable,20,Not Deployed,0,Not Ejected,0,Not Ejected,0,No (Alcohol Not Involved),0,No (Alcohol Not Involved),0,Test Not Given,0,Test Not Given,996,Test Not Given,0,No (drugs not involved),0,Not Transported for Treatment,0,0,Occupant of a Motor Vehicle
202304643359,2,2,1,83,83,13,3,"South (MD, DE, DC, WV, VA, KY, TN, NC, SC, GA, FL, AL, MS, LA, AR, OK, TX)",1,Urban Area,9,Stratum 9 - LMY PV No Injuries in Crash,4148,141.94136347,1,January,15,3:00pm-3:59pm,45,45,12,Motor Vehicle In-Transport,1,Front-to-Rear,0,No,2021.0,2021,468.0,Buick,11438.0,Envision,7.0,Sport Utility Vehicle (SUV)/Multi-Purpose Vehicle (MPV),18.0,Buick / Opel,14.0,"Compact Utility (Utility Vehicle Categories ""Small"" and ""Midsize"")",0.0,Not Applicable,11.0,"Class 1: 6,000 lbs. or less (2,722 kg or less)",11.0,"Class 1: 6,000 lbs. or less (2,722 kg or less)",0.0,No Trailers,0.0,No Special Use Noted,0.0,Not Applicable,0.0,No Rollover,6.0,6 Clock Point,0.0,No or Not Reported,18405.0,Buick / Opel Envision,70,70 Years,70,70 Years,1,Male,1,Male,1,Driver of a Motor Vehicle In-Transport,,,,,0,No Apparent Injury (O),0,No Apparent Injury (O),11,"Front Seat, Left Side",11,"Front Seat, Left Side",3,Shoulder and Lap Belt Used,0,No Indication of Misuse,20,Not Applicable,7,None Used/Not Applicable,20,Not Deployed,0,Not Ejected,0,Not Ejected,0,No (Alcohol Not Involved),0,No (Alcohol Not Involved),0,Test Not Given,0,Test Not Given,996,Test Not Given,0,No (drugs not involved),0,Not Transported for Treatment,0,0,Occupant of a Motor Vehicle
202304643378,3,1,1,83,83,13,3,"South (MD, DE, DC, WV, VA, KY, TN, NC, SC, GA, FL, AL, MS, LA, AR, OK, TX)",1,Urban Area,8,Stratum 8 - NLMY PV Minor Injury,4148,134.77451173,1,January,18,6:00pm-6:59pm,30,30,12,Motor Vehicle In-Transport,1,Front-to-Rear,0,No,2016.0,2016,478.0,Nissan,1913.0,Rogue,8.0,Crossover Utility Vehicle (CUV),35.0,Nissan/Datsun,6.0,Station Wagon (excluding van and truck based),0.0,Not Applicable,11.0,"Class 1: 6,000 lbs. or less (2,722 kg or less)",11.0,"Class 1: 6,000 lbs. or less (2,722 kg or less)",0.0,No Trailers,0.0,No Special Use Noted,0.0,Not Applicable,0.0,No Rollover,12.0,12 Clock Point,0.0,No or Not Reported,35051.0,"Nissan/Datsun Rogue (For 2008-2018 only.  For model years 2019 on, see 35-404.)",22,22 Years,22,22 Years,1,Male,1,Male,1,Driver of a Motor Vehicle In-Transport,,,,,0,No Apparent Injury (O),0,No Apparent Injury (O),11,"Front Seat, Left Side",11,"Front Seat, Left Side",3,Shoulder and Lap Belt Used,0,No Indication of Misuse,20,Not Applicable,7,None Used/Not Applicable,1,Deployed- Front,0,Not Ejected,0,Not Ejected,9,Reported as Unknown,0,No (Alcohol Not Involved),0,Test Not Given,0,Test Not Given,996,Test Not Given,9,Reported as Unknown,0,Not Transported for Treatment,0,0,Occupant of a Motor Vehicle
202304643378,3,1,2,83,83,13,3,"South (MD, DE, DC, WV, VA, KY, TN, NC, SC, GA, FL, AL, MS, LA, AR, OK, TX)",1,Urban Area,8,Stratum 8 - NLMY PV Minor Injury,4148,134.77451173,1,January,18,6:00pm-6:59pm,30,30,12,Motor Vehicle In-Transport,1,Front-to-Rear,0,No,2016.0,2016,478.0,Nissan,1913.0,Rogue,8.0,Crossover Utility Vehicle (CUV),35.0,Nissan/Datsun,6.0,Station Wagon (excluding van and truck based),0.0,Not Applicable,11.0,"Class 1: 6,000 lbs. or less (2,722 kg or less)",11.0,"Class 1: 6,000 lbs. or less (2,722 kg or less)",0.0,No Trailers,0.0,No Special Use Noted,0.0,Not Applicable,0.0,No Rollover,12.0,12 Clock Point,0.0,No or Not Reported,35051.0,"Nissan/Datsun Rogue (For 2008-2018 only.  For model years 2019 on, see 35-404.)",2,2 Years,2,2 Years,1,Male,1,Male,2,Passenger of a Motor Vehicle In-Transport,,,,,0,No Apparent Injury (O),0,No Apparent Injury (O),23,"Second Seat, Right Side",23,"Second Seat, Right Side",3,Shoulder and Lap Belt Used,1,"Yes, Indication of Misuse",20,Not Applicable,7,None Used/Not Applicable,20,Not Deployed,0,Not Ejected,0,Not Ejected,9,Reported as Unknown,0,No (Alcohol Not Involved),0,Test Not Given,0,Test Not Given,996,Test Not Given,9,Reported as Unknown,0,Not Transported for Treatment,0,0,Occupant of a Motor Vehicle
202304643378,3,2,1,83,83,13,3,"South (MD, DE, DC, WV, VA, KY, TN, NC, SC, GA, FL, AL, MS, LA, AR, OK, TX)",1,Urban Area,8,Stratum 8 - NLMY PV Minor Injury,4148,134.77451173,1,January,18,6:00pm-6:59pm,30,30,12,Motor Vehicle In-Transport,1,Front-to-Rear,0,No,2012.0,2012,460.0,Ford,1780.0,Fusion,13.0,Sedan/Saloon,12.0,Ford,4.0,"4-door sedan, hardtop",0.0,Not Applicable,11.0,"Class 1: 6,000 lbs. or less (2,722 kg or less)",11.0,"Class 1: 6,000 lbs. or less (2,722 kg or less)",0.0,No Trailers,0.0,No Special Use Noted,0.0,Not Applicable,0.0,No Rollover,6.0,6 Clock Point,0.0,No or Not Reported,12023.0,Ford Fusion,28,28 Years,28,28 Years,1,Male,1,Male,1,Driver of a Motor Vehicle In-Transport,,,,,1,Possible Injury (C),1,Possible Injury (C),11,"Front Seat, Left Side",11,"Front Seat, Left Side",3,Shoulder and Lap Belt Used,0,No Indication of Misuse,20,Not Applicable,7,None Used/Not Applicable,20,Not Deployed,0,Not Ejected,0,Not Ejected,9,Reported as Unknown,0,No (Alcohol Not Involved),0,Test Not Given,0,Test Not Given,996,Test Not Given,9,Reported as Unknown,5,EMS Ground,0,0,Occupant of a Motor Vehicle
202304643378,3,3,1,83,83,13,3,"South (MD, DE, DC, WV, VA, KY, TN, NC, SC, GA, FL, AL, MS, LA, AR, OK, TX)",1,Urban Area,8,Stratum 8 - NLMY PV Minor Injury,4148,134.77451173,1,January,18,6:00pm-6:59pm,30,30,12,Motor Vehicle In-Transport,1,Front-to-Rear,0,No,2012.0,2012,474.0,Honda,1869.0,Odyssey,2.0,Minivan,37.0,Honda,20.0,"Minivan (Chrysler Town and Country, Caravan, Grand Caravan, Voyager, Voyager, Honda-Odyssey, ...)",0.0,Not Applicable,12.0,"Class 2: 6,001 - 10,000 lbs. (2,722 - 4,536 kg)",12.0,"Class 2: 6,001 - 10,000 lbs. (2,722 - 4,536 kg)",0.0,No Trailers,0.0,No Special Use Noted,0.0,Not Applicable,0.0,No Rollover,6.0,6 Clock Point,0.0,No or Not Reported,37441.0,Honda Odyssey,27,27 Years,27,27 Years,1,Male,1,Male,1,Driver of a Motor Vehicle In-Transport,,,,,0,No Apparent Injury (O),0,No Apparent Injury (O),11,"Front Seat, Left Side",11,"Front Seat, Left Side",3,Shoulder and Lap Belt Used,0,No Indication of Misuse,20,Not Applicable,7,None Used/Not Applicable,20,Not Deployed,0,Not Ejected,0,Not Ejected,9,Reported as Unknown,0,No (Alcohol Not Involved),0,Test Not Given,0,Test Not Given,996,Test Not Given,9,Reported as Unknown,0,Not Transported for Treatment,0,0,Occupant of a Motor Vehicle
202304643455,2,1,1,25,25,8,2,"Midwest (OH, IN, IL, MI, WI, MN, ND, SD, NE, IA, MO, KS)",1,Urban Area,10,Stratum 10 - Other,4150,218.84769319,1,January,10,10:00am-10:59am,35,35,12,Motor Vehicle In-Transport,1,Front-to-Rear,0,No,2016.0,2016,499.0,Kia,2769.0,Sorento,7.0,Sport Utility Vehicle (SUV)/Multi-Purpose Vehicle (MPV),63.0,KIA,14.0,"Compact Utility (Utility Vehicle Categories ""Small"" and ""Midsize"")",0.0,Not Applicable,11.0,"Class 1: 6,000 lbs. or less (2,722 kg or less)",11.0,"Class 1: 6,000 lbs. or less (2,722 kg or less)",0.0,No Trailers,0.0,No Special Use Noted,0.0,Not Applicable,0.0,No Rollover,6.0,6 Clock Point,0.0,No or Not Reported,63402.0,KIA Sorento,47,47 Years,47,47 Years,1,Male,1,Male,1,Driver of a Motor Vehicle In-Transport,,,,,0,No Apparent Injury (O),0,No Apparent Injury (O),11,"Front Seat, Left Side",11,"Front Seat, Left Side",3,Shoulder and Lap Belt Used,0,No Indication of Misuse,20,Not Applicable,7,None Used/Not Applicable,20,Not Deployed,0,Not Ejected,0,Not Ejected,8,Not Reported,0,No (Alcohol Not Involved),0,Test Not Given,0,Test Not Given,996,Test Not Given,8,Not Reported,0,Not Transported for Treatment,0,0,Occupant of a Motor Vehicle
202304643455,2,2,1,25,25,8,2,"Midwest (OH, IN, IL, MI, WI, MN, ND, SD, NE, IA, MO, KS)",1,Urban Area,10,Stratum 10 - Other,4150,218.84769319,1,January,10,10:00am-10:59am,35,35,12,Motor Vehicle In-Transport,1,Front-to-Rear,0,No,2002.0,2002,476.0,Dodge,5879.0,Stratus,13.0,Sedan/Saloon,7.0,Dodge,4.0,"4-door sedan, hardtop",0.0,Not Applicable,11.0,"Class 1: 6,000 lbs. or less (2,722 kg or less)",11.0,"Class 1: 6,000 lbs. or less (2,722 kg or less)",0.0,No Trailers,0.0,No Special Use Noted,0.0,Not Applicable,0.0,No Rollover,12.0,12 Clock Point,0.0,No or Not Reported,7043.0,Dodge Stratus,37,37 Years,37,37 Years,1,Male,1,Male,1,Driver of a Motor Vehicle In-Transport,,,,,0,No Apparent Injury (O),0,No Apparent Injury (O),11,"Front Seat, Left Side",11,"Front Seat, Left Side",3,Shoulder and Lap Belt Used,0,No Indication of Misuse,20,Not Applicable,7,None Used/Not Applicable,20,Not Deployed,0,Not Ejected,0,Not Ejected,8,Not Reported,0,No (Alcohol Not Involved),0,Test Not Given,0,Test Not Given,996,Test Not Given,8,Not Reported,0,Not Transported for Treatment,0,0,Occupant of a Motor Vehicle
202304643455,2,2,2,25,25,8,2,"Midwest (OH, IN, IL, MI, WI, MN, ND, SD, NE, IA, MO, KS)",1,Urban Area,10,Stratum 10 - Other,4150,218.84769319,1,January,10,10:00am-10:59am,35,35,12,Motor Vehicle In-Transport,1,Front-to-Rear,0,No,2002.0,2002,476.0,Dodge,5879.0,Stratus,13.0,Sedan/Saloon,7.0,Dodge,4.0,"4-door sedan, hardtop",0.0,Not Applicable,11.0,"Class 1: 6,000 lbs. or less (2,722 kg or less)",11.0,"Class 1: 6,000 lbs. or less (2,722 kg or less)",0.0,No Trailers,0.0,No Special Use Noted,0.0,Not Applicable,0.0,No Rollover,12.0,12 Clock Point,0.0,No or Not Reported,7043.0,Dodge Stratus,41,41 Years,41,41 Years,2,Female,2,Female,2,Passenger of a Motor Vehicle In-Transport,,,,,0,No Apparent Injury (O),0,No Apparent Injury (O),13,"Front Seat, Right Side",13,"Front Seat, Right Side",3,Shoulder and Lap Belt Used,0,No Indication of Misuse,20,Not Applicable,7,None Used/Not Applicable,20,Not Deployed,0,Not Ejected,0,Not Ejected,8,Not Reported,0,No (Alcohol Not Involved),0,Test Not Given,0,Test Not Given,996,Test Not Given,8,Not Reported,0,Not Transported for Treatment,0,0,Occupant of a Motor Vehicle
202304643459,1,1,1,25,25,8,2,"Midwest (OH, IN, IL, MI, WI, MN, ND, SD, NE, IA, MO, KS)",1,Urban Area,4,Stratum 4 - LMY PV Serious Injury,4150,12.921193489,1,January,13,1:00pm-1:59pm,39,39,34,Ditch,0,The First Harmful Event was Not a Collision with a Motor Vehicle In-Transport,0,No,2023.0,2023,468.0,Buick,26604.0,Encore GX,7.0,Sport Utility Vehicle (SUV)/Multi-Purpose Vehicle (MPV),18.0,Buick / Opel,14.0,"Compact Utility (Utility Vehicle Categories ""Small"" and ""Midsize"")",0.0,Not Applicable,11.0,"Class 1: 6,000 lbs. or less (2,722 kg or less)",11.0,"Class 1: 6,000 lbs. or less (2,722 kg or less)",0.0,No Trailers,0.0,No Special Use Noted,0.0,Not Applicable,0.0,No Rollover,1.0,1 Clock Point,0.0,No or Not Reported,18404.0,Buick / Opel Encore,77,77 Years,77,77 Years,2,Female,2,Female,1,Driver of a Motor Vehicle In-Transport,,,,,3,Suspected Serious Injury (A),3,Suspected Serious Injury (A),11,"Front Seat, Left Side",11,"Front Seat, Left Side",3,Shoulder and Lap Belt Used,0,No Indication of Misuse,20,Not Applicable,7,None Used/Not Applicable,8,Deployed- Combination,0,Not Ejected,0,Not Ejected,8,Not Reported,0,No (Alcohol Not Involved),0,Test Not Given,0,Test Not Given,996,Test Not Given,8,Not Reported,5,EMS Ground,0,0,Occupant of a Motor Vehicle
202304643459,1,1,2,25,25,8,2,"Midwest (OH, IN, IL, MI, WI, MN, ND, SD, NE, IA, MO, KS)",1,Urban Area,4,Stratum 4 - LMY PV Serious Injury,4150,12.921193489,1,January,13,1:00pm-1:59pm,39,39,34,Ditch,0,The First Harmful Event was Not a Collision with a Motor Vehicle In-Transport,0,No,2023.0,2023,468.0,Buick,26604.0,Encore GX,7.0,Sport Utility Vehicle (SUV)/Multi-Purpose Vehicle (MPV),18.0,Buick / Opel,14.0,"Compact Utility (Utility Vehicle Categories ""Small"" and ""Midsize"")",0.0,Not Applicable,11.0,"Class 1: 6,000 lbs. or less (2,722 kg or less)",11.0,"Class 1: 6,000 lbs. or less (2,722 kg or less)",0.0,No Trailers,0.0,No Special Use Noted,0.0,Not Applicable,0.0,No Rollover,1.0,1 Clock Point,0.0,No or Not Reported,18404.0,Buick / Opel Encore,83,83 Years,83,83 Years,1,Male,1,Male,2,Passenger of a Motor Vehicle In-Transport,,,,,2,Suspected Minor Injury (B),2,Suspected Minor Injury (B),13,"Front Seat, Right Side",13,"Front Seat, Right Side",3,Shoulder and Lap Belt Used,0,No Indication of Misuse,20,Not Applicable,7,None Used/Not Applicable,8,Deployed- Combination,0,Not Ejected,0,Not Ejected,8,Not Reported,0,No (Alcohol Not Involved),0,Test Not Given,0,Test Not Given,996,Test Not Given,8,Not Reported,5,EMS Ground,0,0,Occupant of a Motor Vehicle
202304643460,2,1,1,25,25,8,2,"Midwest (OH, IN, IL, MI, WI, MN, ND, SD, NE, IA, MO, KS)",1,Urban Area,9,Stratum 9 - LMY PV No Injuries in Crash,4150,138.4046856,1,January,16,4:00pm-4:59pm,25,25,12,Motor Vehicle In-Transport,1,Front-to-Rear,0,No,2022.0,2022,477.0,Chrysler,3628.0,Pacifica,2.0,Minivan,6.0,Chrysler,20.0,"Minivan (Chrysler Town and Country, Caravan, Grand Caravan, Voyager, Voyager, Honda-Odyssey, ...)",0.0,Not Applicable,12.0,"Class 2: 6,001 - 10,000 lbs. (2,722 - 4,536 kg)",12.0,"Class 2: 6,001 - 10,000 lbs. (2,722 - 4,536 kg)",0.0,No Trailers,0.0,No Special Use Noted,0.0,Not Applicable,0.0,No Rollover,6.0,6 Clock Point,0.0,No or Not Reported,6443.0,Chrysler Pacifica (Light Trucks),73,73 Years,73,73 Years,1,Male,1,Male,1,Driver of a Motor Vehicle In-Transport,,,,,0,No Apparent Injury (O),0,No Apparent Injury (O),11,"Front Seat, Left Side",11,"Front Seat, Left Side",3,Shoulder and Lap Belt Used,0,No Indication of Misuse,20,Not Applicable,7,None Used/Not Applicable,20,Not Deployed,0,Not Ejected,0,Not Ejected,8,Not Reported,0,No (Alcohol Not Involved),0,Test Not Given,0,Test Not Given,996,Test Not Given,8,Not Reported,0,Not Transported for Treatment,0,0,Occupant of a Motor Vehicle
202304643460,2,1,2,25,25,8,2,"Midwest (OH, IN, IL, MI, WI, MN, ND, SD, NE, IA, MO, KS)",1,Urban Area,9,Stratum 9 - LMY PV No Injuries in Crash,4150,138.4046856,1,January,16,4:00pm-4:59pm,25,25,12,Motor Vehicle In-Transport,1,Front-to-Rear,0,No,2022.0,2022,477.0,Chrysler,3628.0,Pacifica,2.0,Minivan,6.0,Chrysler,20.0,"Minivan (Chrysler Town and Country, Caravan, Grand Caravan, Voyager, Voyager, Honda-Odyssey, ...)",0.0,Not Applicable,12.0,"Class 2: 6,001 - 10,000 lbs. (2,722 - 4,536 kg)",12.0,"Class 2: 6,001 - 10,000 lbs. (2,722 - 4,536 kg)",0.0,No Trailers,0.0,No Special Use Noted,0.0,Not Applicable,0.0,No Rollover,6.0,6 Clock Point,0.0,No or Not Reported,6443.0,Chrysler Pacifica (Light Trucks),57,57 Years,57,57 Years,2,Female,2,Female,2,Passenger of a Motor Vehicle In-Transport,,,,,0,No Apparent Injury (O),0,No Apparent Injury (O),13,"Front Seat, Right Side",13,"Front Seat, Right Side",3,Shoulder and Lap Belt Used,0,No Indication of Misuse,20,Not Applicable,7,None Used/Not Applicable,20,Not Deployed,0,Not Ejected,0,Not Ejected,8,Not Reported,0,No (Alcohol Not Involved),0,Test Not Given,0,Test Not Given,996,Test Not Given,8,Not Reported,0,Not Transported for Treatment,0,0,Occupant of a Motor Vehicle
202304643460,2,2,1,25,25,8,2,"Midwest (OH, IN, IL, MI, WI, MN, ND, SD, NE, IA, MO, KS)",1,Urban Area,9,Stratum 9 - LMY PV No Injuries in Crash,4150,138.4046856,1,January,16,4:00pm-4:59pm,25,25,12,Motor Vehicle In-Transport,1,Front-to-Rear,0,No,2023.0,2023,473.0,Mazda,2369.0,CX-5,7.0,Sport Utility Vehicle (SUV)/Multi-Purpose Vehicle (MPV),41.0,Mazda,14.0,"Compact Utility (Utility Vehicle Categories ""Small"" and ""Midsize"")",0.0,Not Applicable,11.0,"Class 1: 6,000 lbs. or less (2,722 kg or less)",11.0,"Class 1: 6,000 lbs. or less (2,722 kg or less)",0.0,No Trailers,0.0,No Special Use Noted,0.0,Not Applicable,0.0,No Rollover,12.0,12 Clock Point,0.0,No or Not Reported,41403.0,Mazda CX5,36,36 Years,36,36 Years,2,Female,2,Female,1,Driver of a Motor Vehicle In-Transport,,,,,0,No Apparent Injury (O),0,No Apparent Injury (O),11,"Front Seat, Left Side",11,"Front Seat, Left Side",3,Shoulder and Lap Belt Used,0,No Indication of Misuse,20,Not Applicable,7,None Used/Not Applicable,20,Not Deployed,0,Not Ejected,0,Not Ejected,8,Not Reported,0,No (Alcohol Not Involved),0,Test Not Given,0,Test Not Given,996,Test Not Given,8,Not Reported,0,Not Transported for Treatment,0,0,Occupant of a Motor Vehicle
202304643486,2,1,1,67,67,8,2,"Midwest (OH, IN, IL, MI, WI, MN, ND, SD, NE, IA, MO, KS)",1,Urban Area,10,Stratum 10 - Other,4152,216.86508996,1,January,8,8:00am-8:59am,51,51,12,Motor Vehicle In-Transport,6,Angle,0,No,2005.0,2005,477.0,Chrysler,1936.0,Town and Country,2.0,Minivan,6.0,Chrysler,20.0,"Minivan (Chrysler Town and Country, Caravan, Grand Caravan, Voyager, Voyager, Honda-Odyssey, ...)",0.0,Not Applicable,11.0,"Class 1: 6,000 lbs. or less (2,722 kg or less)",11.0,"Class 1: 6,000 lbs. or less (2,722 kg or less)",0.0,No Trailers,0.0,No Special Use Noted,0.0,Not Applicable,0.0,No Rollover,12.0,12 Clock Point,0.0,No or Not Reported,6441.0,Chrysler Town and Country,28,28 Years,28,28 Years,2,Female,2,Female,1,Driver of a Motor Vehicle In-Transport,,,,,0,No Apparent Injury (O),0,No Apparent Injury (O),11,"Front Seat, Left Side",11,"Front Seat, Left Side",3,Shoulder and Lap Belt Used,0,No Indication of Misuse,20,Not Applicable,7,None Used/Not Applicable,20,Not Deployed,0,Not Ejected,0,Not Ejected,8,Not Reported,0,No (Alcohol Not Involved),0,Test Not Given,0,Test Not Given,996,Test Not Given,8,Not Reported,0,Not Transported for Treatment,0,0,Occupant of a Motor Vehicle
202304643486,2,2,1,67,67,8,2,"Midwest (OH, IN, IL, MI, WI, MN, ND, SD, NE, IA, MO, KS)",1,Urban Area,10,Stratum 10 - Other,4152,216.86508996,1,January,8,8:00am-8:59am,51,51,12,Motor Vehicle In-Transport,6,Angle,0,No,2009.0,2009,469.0,Cadillac,1825.0,CTS,13.0,Sedan/Saloon,19.0,Cadillac,4.0,"4-door sedan, hardtop",0.0,Not Applicable,11.0,"Class 1: 6,000 lbs. or less (2,722 kg or less)",11.0,"Class 1: 6,000 lbs. or less (2,722 kg or less)",0.0,No Trailers,0.0,No Special Use Noted,0.0,Not Applicable,0.0,No Rollover,4.0,4 Clock Point,0.0,No or Not Reported,19018.0,Cadillac CTS/CTC,65,65 Years,65,65 Years,1,Male,1,Male,1,Driver of a Motor Vehicle In-Transport,,,,,0,No Apparent Injury (O),0,No Apparent Injury (O),11,"Front Seat, Left Side",11,"Front Seat, Left Side",3,Shoulder and Lap Belt Used,0,No Indication of Misuse,20,Not Applicable,7,None Used/Not Applicable,20,Not Deployed,0,Not Ejected,0,Not Ejected,8,Not Reported,0,No (Alcohol Not Involved),0,Test Not Given,0,Test Not Given,996,Test Not Given,8,Not Reported,0,Not Transported for Treatment,0,0,Occupant of a Motor Vehicle
202304643494,2,1,1,67,67,8,2,"Midwest (OH, IN, IL, MI, WI, MN, ND, SD, NE, IA, MO, KS)",1,Urban Area,3,Stratum 3 - Motorcycle Any Injury,4152,41.25480266,1,January,17,5:00pm-5:59pm,18,18,12,Motor Vehicle In-Transport,6,Angle,0,No,2005.0,2005,448.0,Toyota,2210.0,SCION xB,7.0,Sport Utility Vehicle (SUV)/Multi-Purpose Vehicle (MPV),49.0,Toyota,6.0,Station Wagon (excluding van and truck based),0.0,Not Applicable,11.0,"Class 1: 6,000 lbs. or less (2,722 kg or less)",11.0,"Class 1: 6,000 lbs. or less (2,722 kg or less)",0.0,No Trailers,0.0,No Special Use Noted,0.0,Not Applicable,0.0,No Rollover,3.0,3 Clock Point,0.0,No or Not Reported,49049.0,Toyota Scion xB (2004-2011 only.  See Scion for 2012 on.),40,40 Years,40,40 Years,1,Male,1,Male,1,Driver of a Motor Vehicle In-Transport,,,,,1,Possible Injury (C),1,Possible Injury (C),11,"Front Seat, Left Side",11,"Front Seat, Left Side",3,Shoulder and Lap Belt Used,0,No Indication of Misuse,20,Not Applicable,7,None Used/Not Applicable,8,Deployed- Combination,0,Not Ejected,0,Not Ejected,8,Not Reported,0,No (Alcohol Not Involved),0,Test Not Given,0,Test Not Given,996,Test Not Given,8,Not Reported,0,Not Transported for Treatment,0,0,Occupant of a Motor Vehicle
202304643494,2,2,1,67,67,8,2,"Midwest (OH, IN, IL, MI, WI, MN, ND, SD, NE, IA, MO, KS)",1,Urban Area,3,Stratum 3 - Motorcycle Any Injury,4152,41.25480266,1,January,17,5:00pm-5:59pm,18,18,12,Motor Vehicle In-Transport,6,Angle,0,No,2011.0,2011,3888.0,Harley Davidson,11330.0,Nightster,94.0,Motorcycle - Custom,72.0,Harley-Davidson,80.0,Two Wheel Motorcycle (excluding motor scooters),0.0,Not Applicable,11.0,"Class 1: 6,000 lbs. or less (2,722 kg or less)",11.0,"Class 1: 6,000 lbs. or less (2,722 kg or less)",0.0,No Trailers,0.0,No Special Use Noted,0.0,Not Applicable,8.0,Not Applicable,12.0,12 Clock Point,0.0,No or Not Reported,72706.0,Harley-Davidson 750cc or greater,33,33 Years,33,33 Years,1,Male,1,Male,1,Driver of a Motor Vehicle In-Transport,,,,,4,Fatal Injury (K),4,Fatal Injury (K),11,"Front Seat, Left Side",11,"Front Seat, Left Side",20,None Used/Not Applicable,7,None Used/Not Applicable,5,DOT-Compliant Motorcycle Helmet,0,No Indication of Misuse,20,Not Deployed,8,Not Applicable,8,Not Applicable,8,Not Reported,0,No (Alcohol Not Involved),0,Test Not Given,0,Test Not Given,996,Test Not Given,8,Not Reported,5,EMS Ground,0,0,Occupant of a Motor Vehicle
202304643509,1,1,1,47,47,9,2,"Midwest (OH, IN, IL, MI, WI, MN, ND, SD, NE, IA, MO, KS)",2,Rural Area,6,Stratum 6 - LMY PV Minor Injury,4153,52.991202556,1,January,10,10:00am-10:59am,7,7,34,Ditch,0,The First Harmful Event was Not a Collision with a Motor Vehicle In-Transport,0,No,2020.0,2020,496.0,Ram,13620.0,1500,60.0,Pickup,7.0,Dodge,34.0,Light Pickup,0.0,Not Applicable,12.0,"Class 2: 6,001 - 10,000 lbs. (2,722 - 4,536 kg)",12.0,"Class 2: 6,001 - 10,000 lbs. (2,722 - 4,536 kg)",0.0,No Trailers,0.0,No Special Use Noted,0.0,Not Applicable,0.0,No Rollover,12.0,12 Clock Point,0.0,No or Not Reported,7482.0,Dodge Ram Pickup,49,49 Years,49,49 Years,1,Male,1,Male,1,Driver of a Motor Vehicle In-Transport,,,,,0,No Apparent Injury (O),0,No Apparent Injury (O),11,"Front Seat, Left Side",11,"Front Seat, Left Side",3,Shoulder and Lap Belt Used,0,No Indication of Misuse,20,Not Applicable,7,None Used/Not Applicable,20,Not Deployed,0,Not Ejected,0,Not Ejected,8,Not Reported,0,No (Alcohol Not Involved),0,Test Not Given,0,Test Not Given,996,Test Not Given,8,Not Reported,0,Not Transported for Treatment,0,0,Occupant of a Motor Vehicle
202304643509,1,1,2,47,47,9,2,"Midwest (OH, IN, IL, MI, WI, MN, ND, SD, NE, IA, MO, KS)",2,Rural Area,6,Stratum 6 - LMY PV Minor Injury,4153,52.991202556,1,January,10,10:00am-10:59am,7,7,34,Ditch,0,The First Harmful Event was Not a Collision with a Motor Vehicle In-Transport,0,No,2020.0,2020,496.0,Ram,13620.0,1500,60.0,Pickup,7.0,Dodge,34.0,Light Pickup,0.0,Not Applicable,12.0,"Class 2: 6,001 - 10,000 lbs. (2,722 - 4,536 kg)",12.0,"Class 2: 6,001 - 10,000 lbs. (2,722 - 4,536 kg)",0.0,No Trailers,0.0,No Special Use Noted,0.0,Not Applicable,0.0,No Rollover,12.0,12 Clock Point,0.0,No or Not Reported,7482.0,Dodge Ram Pickup,14,14 Years,14,14 Years,1,Male,1,Male,2,Passenger of a Motor Vehicle In-Transport,,,,,1,Possible Injury (C),1,Possible Injury (C),19,"Front Seat, Unknown",13,"Front Seat, Right Side",3,Shoulder and Lap Belt Used,0,No Indication of Misuse,20,Not Applicable,7,None Used/Not Applicable,20,Not Deployed,0,Not Ejected,0,Not Ejected,8,Not Reported,0,No (Alcohol Not Involved),0,Test Not Given,0,Test Not Given,996,Test Not Given,8,Not Reported,0,Not Transported for Treatment,0,0,Occupant of a Motor Vehicle
202304643510,2,1,1,47,47,9,2,"Midwest (OH, IN, IL, MI, WI, MN, ND, SD, NE, IA, MO, KS)",2,Rural Area,8,Stratum 8 - NLMY PV Minor Injury,4153,132.26082933,1,January,10,10:00am-10:59am,28,28,12,Motor Vehicle In-Transport,6,Angle,0,No,2016.0,2016,477.0,Chrysler,2053.0,200,13.0,Sedan/Saloon,6.0,Chrysler,4.0,"4-door sedan, hardtop",0.0,Not Applicable,11.0,"Class 1: 6,000 lbs. or less (2,722 kg or less)",11.0,"Class 1: 6,000 lbs. or less (2,722 kg or less)",0.0,No Trailers,0.0,No Special Use Noted,0.0,Not Applicable,0.0,No Rollover,3.0,3 Clock Point,0.0,No or Not Reported,6018.0,Chrysler 200,49,49 Years,49,49 Years,2,Female,2,Female,1,Driver of a Motor Vehicle In-Transport,,,,,1,Possible Injury (C),1,Possible Injury (C),11,"Front Seat, Left Side",11,"Front Seat, Left Side",98,Not Reported,7,None Used/Not Applicable,20,Not Applicable,7,None Used/Not Applicable,9,Deployment- Unknown Location,0,Not Ejected,0,Not Ejected,8,Not Reported,0,No (Alcohol Not Involved),0,Test Not Given,0,Test Not Given,996,Test Not Given,8,Not Reported,0,Not Transported for Treatment,0,0,Occupant of a Motor Vehicle
202304643510,2,2,1,47,47,9,2,"Midwest (OH, IN, IL, MI, WI, MN, ND, SD, NE, IA, MO, KS)",2,Rural Area,8,Stratum 8 - NLMY PV Minor Injury,4153,132.26082933,1,January,10,10:00am-10:59am,28,28,12,Motor Vehicle In-Transport,6,Angle,0,No,2020.0,2020,496.0,Ram,13620.0,1500,60.0,Pickup,7.0,Dodge,34.0,Light Pickup,0.0,Not Applicable,12.0,"Class 2: 6,001 - 10,000 lbs. (2,722 - 4,536 kg)",12.0,"Class 2: 6,001 - 10,000 lbs. (2,722 - 4,536 kg)",0.0,No Trailers,0.0,No Special Use Noted,0.0,Not Applicable,0.0,No Rollover,12.0,12 Clock Point,0.0,No or Not Reported,7482.0,Dodge Ram Pickup,55,55 Years,55,55 Years,1,Male,1,Male,1,Driver of a Motor Vehicle In-Transport,,,,,0,No Apparent Injury (O),0,No Apparent Injury (O),11,"Front Seat, Left Side",11,"Front Seat, Left Side",98,Not Reported,7,None Used/Not Applicable,20,Not Applicable,7,None Used/Not Applicable,20,Not Deployed,0,Not Ejected,0,Not Ejected,8,Not Reported,0,No (Alcohol Not Involved),0,Test Not Given,0,Test Not Given,996,Test Not Given,8,Not Reported,0,Not Transported for Treatment,0,0,Occupant of a Motor Vehicle
202304643513,1,1,1,47,47,9,2,"Midwest (OH, IN, IL, MI, WI, MN, ND, SD, NE, IA, MO, KS)",2,Rural Area,5,Stratum 5 - NLMY PV Serious Injury,4153,37.760238212,1,January,16,4:00pm-4:59pm,3,3,35,Embankment,0,The First Harmful Event was Not a Collision with a Motor Vehicle In-Transport,0,No,2010.0,2010,582.0,Audi,3146.0,A4,15.0,Wagon,32.0,Audi,6.0,Station Wagon (excluding van and truck based),0.0,Not Applicable,11.0,"Class 1: 6,000 lbs. or less (2,722 kg or less)",11.0,"Class 1: 6,000 lbs. or less (2,722 kg or less)",0.0,No Trailers,0.0,No Special Use Noted,0.0,Not Applicable,3.0,Rollover,12.0,12 Clock Point,0.0,No or Not Reported,32043.0,Audi A4,22,22 Years,22,22 Years,1,Male,1,Male,1,Driver of a Motor Vehicle In-Transport,,,,,3,Suspected Serious Injury (A),3,Suspected Serious Injury (A),11,"Front Seat, Left Side",11,"Front Seat, Left Side",20,None Used/Not Applicable,7,None Used/Not Applicable,20,Not Applicable,7,None Used/Not Applicable,8,Deployed- Combination,0,Not Ejected,0,Not Ejected,8,Not Reported,0,No (Alcohol Not Involved),0,Test Not Given,0,Test Not Given,996,Test Not Given,8,Not Reported,5,EMS Ground,0,0,Occupant of a Motor Vehicle
202304645763,1,0,1,51,51,10,3,"South (MD, DE, DC, WV, VA, KY, TN, NC, SC, GA, FL, AL, MS, LA, AR, OK, TX)",1,Urban Area,2,Stratum 2 - Not a MV Occupant Any Injury,1080,23.169736911,1,January,19,7:00pm-7:59pm,50,50,8,Pedestrian,0,The First Harmful Event was Not a Collision with a Motor Vehicle In-Transport,0,No,,,,,,,,,,,,,,,,,,,,,,,,,,,,,,,,,18,18 Years,18,18 Years,1,Male,1,Male,5,Pedestrian,0.0,Not Applicable,0.0,Not Applicable,3,Suspected Serious Injury (A),3,Suspected Serious Injury (A),0,Not a Motor Vehicle Occupant,0,Not a Motor Vehicle Occupant,96,Not a Motor Vehicle Occupant,8,Not a Motor Vehicle Occupant,96,Not a Motor Vehicle Occupant,8,Not a Motor Vehicle Occupant,97,Not a Motor Vehicle Occupant,8,Not Applicable,8,Not Applicable,0,No (Alcohol Not Involved),0,No (Alcohol Not Involved),0,Test Not Given,0,Test Not Given,996,Test Not Given,0,No (drugs not involved),6,Other,1,3,At Intersection - Not In Crosswalk
202304645763,1,1,1,51,51,10,3,"South (MD, DE, DC, WV, VA, KY, TN, NC, SC, GA, FL, AL, MS, LA, AR, OK, TX)",1,Urban Area,2,Stratum 2 - Not a MV Occupant Any Injury,1080,23.169736911,1,January,19,7:00pm-7:59pm,50,50,8,Pedestrian,0,The First Harmful Event was Not a Collision with a Motor Vehicle In-Transport,0,No,9999.0,Unknown,99999.0,Unknown,99999.0,Unknown,13.0,Sedan/Saloon,99.0,Unknown Make,8.0,"Sedan/Hardtop, number of doors unknown",0.0,Not Applicable,11.0,"Class 1: 6,000 lbs. or less (2,722 kg or less)",12.0,"Class 2: 6,001 - 10,000 lbs. (2,722 - 4,536 kg)",0.0,No Trailers,99.0,Reported as Unknown,9.0,Reported as Unknown,0.0,No Rollover,12.0,12 Clock Point,0.0,No or Not Reported,99399.0,Unknown Make Unknown (automobile),999,Reported as Unknown,38,38 Years,9,Reported as Unknown,2,Female,1,Driver of a Motor Vehicle In-Transport,,,,,0,No Apparent Injury (O),0,No Apparent Injury (O),11,"Front Seat, Left Side",11,"Front Seat, Left Side",99,Reported as Unknown,7,None Used/Not Applicable,20,Not Applicable,7,None Used/Not Applicable,99,Reported as Deployment Unknown,0,Not Ejected,0,Not Ejected,9,Reported as Unknown,0,No (Alcohol Not Involved),0,Test Not Given,0,Test Not Given,996,Test Not Given,9,Reported as Unknown,0,Not Transported for Treatment,0,0,Occupant of a Motor Vehicle
202304645770,3,1,1,63,63,16,3,"South (MD, DE, DC, WV, VA, KY, TN, NC, SC, GA, FL, AL, MS, LA, AR, OK, TX)",2,Rural Area,8,Stratum 8 - NLMY PV Minor Injury,4135,131.11775453,1,January,7,7:00am-7:59am,53,53,12,Motor Vehicle In-Transport,6,Angle,0,No,2010.0,2010,449.0,Mercedes-Benz,2081.0,E-Class,13.0,Sedan/Saloon,42.0,Mercedes-Benz,4.0,"4-door sedan, hardtop",0.0,Not Applicable,11.0,"Class 1: 6,000 lbs. or less (2,722 kg or less)",11.0,"Class 1: 6,000 lbs. or less (2,722 kg or less)",0.0,No Trailers,0.0,No Special Use Noted,0.0,Not Applicable,0.0,No Rollover,12.0,12 Clock Point,0.0,No or Not Reported,42048.0,Mercedes-Benz E Class (97 on),49,49 Years,49,49 Years,2,Female,2,Female,1,Driver of a Motor Vehicle In-Transport,,,,,1,Possible Injury (C),1,Possible Injury (C),11,"Front Seat, Left Side",11,"Front Seat, Left Side",3,Shoulder and Lap Belt Used,0,No Indication of Misuse,20,Not Applicable,7,None Used/Not Applicable,20,Not Deployed,0,Not Ejected,0,Not Ejected,8,Not Reported,0,No (Alcohol Not Involved),0,Test Not Given,0,Test Not Given,996,Test Not Given,8,Not Reported,3,EMS Unknown Mode,0,0,Occupant of a Motor Vehicle
202304645770,3,2,1,63,63,16,3,"South (MD, DE, DC, WV, VA, KY, TN, NC, SC, GA, FL, AL, MS, LA, AR, OK, TX)",2,Rural Area,8,Stratum 8 - NLMY PV Minor Injury,4135,131.11775453,1,January,7,7:00am-7:59am,53,53,12,Motor Vehicle In-Transport,6,Angle,0,No,2013.0,2013,478.0,Nissan,1911.0,Pathfinder,8.0,Crossover Utility Vehicle (CUV),35.0,Nissan/Datsun,14.0,"Compact Utility (Utility Vehicle Categories ""Small"" and ""Midsize"")",0.0,Not Applicable,11.0,"Class 1: 6,000 lbs. or less (2,722 kg or less)",11.0,"Class 1: 6,000 lbs. or less (2,722 kg or less)",0.0,No Trailers,0.0,No Special Use Noted,0.0,Not Applicable,0.0,No Rollover,12.0,12 Clock Point,0.0,No or Not Reported,35401.0,Nissan/Datsun Pathfinder,34,34 Years,34,34 Years,2,Female,2,Female,1,Driver of a Motor Vehicle In-Transport,,,,,0,No Apparent Injury (O),0,No Apparent Injury (O),11,"Front Seat, Left Side",11,"Front Seat, Left Side",3,Shoulder and Lap Belt Used,0,No Indication of Misuse,20,Not Applicable,7,None Used/Not Applicable,20,Not Deployed,0,Not Ejected,0,Not Ejected,8,Not Reported,0,No (Alcohol Not Involved),0,Test Not Given,0,Test Not Given,996,Test Not Given,8,Not Reported,0,Not Transported for Treatment,0,0,Occupant of a Motor Vehicle
202304645770,3,3,1,63,63,16,3,"South (MD, DE, DC, WV, VA, KY, TN, NC, SC, GA, FL, AL, MS, LA, AR, OK, TX)",2,Rural Area,8,Stratum 8 - NLMY PV Minor Injury,4135,131.11775453,1,January,7,7:00am-7:59am,53,53,12,Motor Vehicle In-Transport,6,Angle,0,No,2006.0,2006,478.0,Nissan,1915.0,Armada,7.0,Sport Utility Vehicle (SUV)/Multi-Purpose Vehicle (MPV),35.0,Nissan/Datsun,15.0,"Large utility (ANSI D16.1 Utility Vehicle Categories and ""Full Size"" and ""Large"")",0.0,Not Applicable,12.0,"Class 2: 6,001 - 10,000 lbs. (2,722 - 4,536 kg)",12.0,"Class 2: 6,001 - 10,000 lbs. (2,722 - 4,536 kg)",0.0,No Trailers,0.0,No Special Use Noted,0.0,Not Applicable,0.0,No Rollover,83.0,Right-Back Side,0.0,No or Not Reported,35421.0,Nissan/Datsun Pathfinder Armada,46,46 Years,46,46 Years,1,Male,1,Male,1,Driver of a Motor Vehicle In-Transport,,,,,0,No Apparent Injury (O),0,No Apparent Injury (O),11,"Front Seat, Left Side",11,"Front Seat, Left Side",3,Shoulder and Lap Belt Used,0,No Indication of Misuse,20,Not Applicable,7,None Used/Not Applicable,20,Not Deployed,0,Not Ejected,0,Not Ejected,8,Not Reported,1,Yes (Alcohol Involved),0,Test Not Given,0,Test Not Given,996,Test Not Given,8,Not Reported,0,Not Transported for Treatment,0,0,Occupant of a Motor Vehicle
202304645773,2,1,1,59,59,10,3,"South (MD, DE, DC, WV, VA, KY, TN, NC, SC, GA, FL, AL, MS, LA, AR, OK, TX)",1,Urban Area,8,Stratum 8 - NLMY PV Minor Injury,4137,136.09449501,1,January,14,2:00pm-2:59pm,12,12,12,Motor Vehicle In-Transport,6,Angle,0,No,2019.0,2019,474.0,Honda,1861.0,Accord,13.0,Sedan/Saloon,37.0,Honda,4.0,"4-door sedan, hardtop",0.0,Not Applicable,11.0,"Class 1: 6,000 lbs. or less (2,722 kg or less)",11.0,"Class 1: 6,000 lbs. or less (2,722 kg or less)",0.0,No Trailers,0.0,No Special Use Noted,0.0,Not Applicable,0.0,No Rollover,7.0,7 Clock Point,0.0,No or Not Reported,37032.0,"Honda Accord (Note: For Crosstour model years 2010 and 2011 only. For Crosstour model years 2012-2015, see vehicle model 37-405)",51,51 Years,51,51 Years,1,Male,1,Male,1,Driver of a Motor Vehicle In-Transport,,,,,0,No Apparent Injury (O),0,No Apparent Injury (O),11,"Front Seat, Left Side",11,"Front Seat, Left Side",3,Shoulder and Lap Belt Used,0,No Indication of Misuse,20,Not Applicable,7,None Used/Not Applicable,8,Deployed- Combination,0,Not Ejected,0,Not Ejected,0,No (Alcohol Not Involved),0,No (Alcohol Not Involved),8,Not Reported,95,Not Reported,995,Not Reported,0,No (drugs not involved),0,Not Transported for Treatment,0,0,Occupant of a Motor Vehicle
202304645773,2,1,2,59,59,10,3,"South (MD, DE, DC, WV, VA, KY, TN, NC, SC, GA, FL, AL, MS, LA, AR, OK, TX)",1,Urban Area,8,Stratum 8 - NLMY PV Minor Injury,4137,136.09449501,1,January,14,2:00pm-2:59pm,12,12,12,Motor Vehicle In-Transport,6,Angle,0,No,2019.0,2019,474.0,Honda,1861.0,Accord,13.0,Sedan/Saloon,37.0,Honda,4.0,"4-door sedan, hardtop",0.0,Not Applicable,11.0,"Class 1: 6,000 lbs. or less (2,722 kg or less)",11.0,"Class 1: 6,000 lbs. or less (2,722 kg or less)",0.0,No Trailers,0.0,No Special Use Noted,0.0,Not Applicable,0.0,No Rollover,7.0,7 Clock Point,0.0,No or Not Reported,37032.0,"Honda Accord (Note: For Crosstour model years 2010 and 2011 only. For Crosstour model years 2012-2015, see vehicle model 37-405)",35,35 Years,35,35 Years,2,Female,2,Female,2,Passenger of a Motor Vehicle In-Transport,,,,,0,No Apparent Injury (O),0,No Apparent Injury (O),13,"Front Seat, Right Side",13,"Front Seat, Right Side",3,Shoulder and Lap Belt Used,0,No Indication of Misuse,20,Not Applicable,7,None Used/Not Applicable,8,Deployed- Combination,0,Not Ejected,0,Not Ejected,8,Not Reported,0,No (Alcohol Not Involved),0,Test Not Given,0,Test Not Given,996,Test Not Given,8,Not Reported,0,Not Transported for Treatment,0,0,Occupant of a Motor Vehicle
202304645773,2,2,1,59,59,10,3,"South (MD, DE, DC, WV, VA, KY, TN, NC, SC, GA, FL, AL, MS, LA, AR, OK, TX)",1,Urban Area,8,Stratum 8 - NLMY PV Minor Injury,4137,136.09449501,1,January,14,2:00pm-2:59pm,12,12,12,Motor Vehicle In-Transport,6,Angle,0,No,2014.0,2014,467.0,Chevrolet,1835.0,Sonic,13.0,Sedan/Saloon,20.0,Chevrolet,4.0,"4-door sedan, hardtop",0.0,Not Applicable,11.0,"Class 1: 6,000 lbs. or less (2,722 kg or less)",11.0,"Class 1: 6,000 lbs. or less (2,722 kg or less)",0.0,No Trailers,0.0,No Special Use Noted,0.0,Not Applicable,0.0,No Rollover,12.0,12 Clock Point,0.0,No or Not Reported,20028.0,Chevrolet Sonic,73,73 Years,73,73 Years,2,Female,2,Female,1,Driver of a Motor Vehicle In-Transport,,,,,1,Possible Injury (C),1,Possible Injury (C),11,"Front Seat, Left Side",11,"Front Seat, Left Side",3,Shoulder and Lap Belt Used,0,No Indication of Misuse,20,Not Applicable,7,None Used/Not Applicable,20,Not Deployed,0,Not Ejected,0,Not Ejected,0,No (Alcohol Not Involved),0,No (Alcohol Not Involved),8,Not Reported,95,Not Reported,995,Not Reported,0,No (drugs not involved),0,Not Transported for Treatment,0,0,Occupant of a Motor Vehicle
202304645773,2,2,2,59,59,10,3,"South (MD, DE, DC, WV, VA, KY, TN, NC, SC, GA, FL, AL, MS, LA, AR, OK, TX)",1,Urban Area,8,Stratum 8 - NLMY PV Minor Injury,4137,136.09449501,1,January,14,2:00pm-2:59pm,12,12,12,Motor Vehicle In-Transport,6,Angle,0,No,2014.0,2014,467.0,Chevrolet,1835.0,Sonic,13.0,Sedan/Saloon,20.0,Chevrolet,4.0,"4-door sedan, hardtop",0.0,Not Applicable,11.0,"Class 1: 6,000 lbs. or less (2,722 kg or less)",11.0,"Class 1: 6,000 lbs. or less (2,722 kg or less)",0.0,No Trailers,0.0,No Special Use Noted,0.0,Not Applicable,0.0,No Rollover,12.0,12 Clock Point,0.0,No or Not Reported,20028.0,Chevrolet Sonic,63,63 Years,63,63 Years,2,Female,2,Female,2,Passenger of a Motor Vehicle In-Transport,,,,,1,Possible Injury (C),1,Possible Injury (C),13,"Front Seat, Right Side",13,"Front Seat, Right Side",3,Shoulder and Lap Belt Used,0,No Indication of Misuse,20,Not Applicable,7,None Used/Not Applicable,20,Not Deployed,0,Not Ejected,0,Not Ejected,8,Not Reported,0,No (Alcohol Not Involved),0,Test Not Given,0,Test Not Given,996,Test Not Given,8,Not Reported,0,Not Transported for Treatment,0,0,Occupant of a Motor Vehicle
202304645872,2,1,1,59,59,10,3,"South (MD, DE, DC, WV, VA, KY, TN, NC, SC, GA, FL, AL, MS, LA, AR, OK, TX)",1,Urban Area,9,Stratum 9 - LMY PV No Injuries in Crash,4137,142.15884183,1,January,12,12:00pm-12:59pm,45,45,12,Motor Vehicle In-Transport,6,Angle,0,No,2007.0,2007,478.0,Nissan,1894.0,Versa,5.0,Hatchback/Liftback/Notchback,35.0,Nissan/Datsun,5.0,5-door/4-door hatchback,0.0,Not Applicable,11.0,"Class 1: 6,000 lbs. or less (2,722 kg or less)",11.0,"Class 1: 6,000 lbs. or less (2,722 kg or less)",0.0,No Trailers,0.0,No Special Use Noted,0.0,Not Applicable,0.0,No Rollover,12.0,12 Clock Point,0.0,No or Not Reported,35050.0,Nissan/Datsun Versa,73,73 Years,73,73 Years,1,Male,1,Male,1,Driver of a Motor Vehicle In-Transport,,,,,0,No Apparent Injury (O),0,No Apparent Injury (O),11,"Front Seat, Left Side",11,"Front Seat, Left Side",3,Shoulder and Lap Belt Used,0,No Indication of Misuse,20,Not Applicable,7,None Used/Not Applicable,20,Not Deployed,0,Not Ejected,0,Not Ejected,0,No (Alcohol Not Involved),0,No (Alcohol Not Involved),8,Not Reported,95,Not Reported,995,Not Reported,0,No (drugs not involved),0,Not Transported for Treatment,0,0,Occupant of a Motor Vehicle
202304645872,2,1,2,59,59,10,3,"South (MD, DE, DC, WV, VA, KY, TN, NC, SC, GA, FL, AL, MS, LA, AR, OK, TX)",1,Urban Area,9,Stratum 9 - LMY PV No Injuries in Crash,4137,142.15884183,1,January,12,12:00pm-12:59pm,45,45,12,Motor Vehicle In-Transport,6,Angle,0,No,2007.0,2007,478.0,Nissan,1894.0,Versa,5.0,Hatchback/Liftback/Notchback,35.0,Nissan/Datsun,5.0,5-door/4-door hatchback,0.0,Not Applicable,11.0,"Class 1: 6,000 lbs. or less (2,722 kg or less)",11.0,"Class 1: 6,000 lbs. or less (2,722 kg or less)",0.0,No Trailers,0.0,No Special Use Noted,0.0,Not Applicable,0.0,No Rollover,12.0,12 Clock Point,0.0,No or Not Reported,35050.0,Nissan/Datsun Versa,66,66 Years,66,66 Years,1,Male,1,Male,2,Passenger of a Motor Vehicle In-Transport,,,,,0,No Apparent Injury (O),0,No Apparent Injury (O),13,"Front Seat, Right Side",13,"Front Seat, Right Side",3,Shoulder and Lap Belt Used,0,No Indication of Misuse,20,Not Applicable,7,None Used/Not Applicable,20,Not Deployed,0,Not Ejected,0,Not Ejected,8,Not Reported,0,No (Alcohol Not Involved),0,Test Not Given,0,Test Not Given,996,Test Not Given,8,Not Reported,0,Not Transported for Treatment,0,0,Occupant of a Motor Vehicle
202304645872,2,2,1,59,59,10,3,"South (MD, DE, DC, WV, VA, KY, TN, NC, SC, GA, FL, AL, MS, LA, AR, OK, TX)",1,Urban Area,9,Stratum 9 - LMY PV No Injuries in Crash,4137,142.15884183,1,January,12,12:00pm-12:59pm,45,45,12,Motor Vehicle In-Transport,6,Angle,0,No,2019.0,2019,467.0,Chevrolet,1853.0,Traverse,7.0,Sport Utility Vehicle (SUV)/Multi-Purpose Vehicle (MPV),20.0,Chevrolet,15.0,"Large utility (ANSI D16.1 Utility Vehicle Categories and ""Full Size"" and ""Large"")",0.0,Not Applicable,12.0,"Class 2: 6,001 - 10,000 lbs. (2,722 - 4,536 kg)",12.0,"Class 2: 6,001 - 10,000 lbs. (2,722 - 4,536 kg)",0.0,No Trailers,0.0,No Special Use Noted,0.0,Not Applicable,0.0,No Rollover,62.0,Left-Front Side,0.0,No or Not Reported,20423.0,Chevrolet Traverse (2013 on.  For 2009-2012 see model 024.),52,52 Years,52,52 Years,2,Female,2,Female,1,Driver of a Motor Vehicle In-Transport,,,,,0,No Apparent Injury (O),0,No Apparent Injury (O),11,"Front Seat, Left Side",11,"Front Seat, Left Side",3,Shoulder and Lap Belt Used,0,No Indication of Misuse,20,Not Applicable,7,None Used/Not Applicable,20,Not Deployed,0,Not Ejected,0,Not Ejected,0,No (Alcohol Not Involved),0,No (Alcohol Not Involved),8,Not Reported,95,Not Reported,995,Not Reported,0,No (drugs not involved),0,Not Transported for Treatment,0,0,Occupant of a Motor Vehicle
202304646050,2,1,1,65,65,13,3,"South (MD, DE, DC, WV, VA, KY, TN, NC, SC, GA, FL, AL, MS, LA, AR, OK, TX)",1,Urban Area,7,Stratum 7 - M/H Truck or Bus,4138,159.50253429,1,January,16,4:00pm-4:59pm,20,20,12,Motor Vehicle In-Transport,6,Angle,0,No,2012.0,2012,444.0,Land Rover,2245.0,LR4,7.0,Sport Utility Vehicle (SUV)/Multi-Purpose Vehicle (MPV),62.0,Land Rover,15.0,"Large utility (ANSI D16.1 Utility Vehicle Categories and ""Full Size"" and ""Large"")",0.0,Not Applicable,12.0,"Class 2: 6,001 - 10,000 lbs. (2,722 - 4,536 kg)",12.0,"Class 2: 6,001 - 10,000 lbs. (2,722 - 4,536 kg)",0.0,No Trailers,0.0,No Special Use Noted,0.0,Not Applicable,0.0,No Rollover,7.0,7 Clock Point,0.0,No or Not Reported,62423.0,Land Rover LR3/LR4,33,33 Years,33,33 Years,2,Female,2,Female,1,Driver of a Motor Vehicle In-Transport,,,,,0,No Apparent Injury (O),0,No Apparent Injury (O),11,"Front Seat, Left Side",11,"Front Seat, Left Side",3,Shoulder and Lap Belt Used,0,No Indication of Misuse,20,Not Applicable,7,None Used/Not Applicable,20,Not Deployed,0,Not Ejected,0,Not Ejected,8,Not Reported,0,No (Alcohol Not Involved),0,Test Not Given,0,Test Not Given,996,Test Not Given,8,Not Reported,0,Not Transported for Treatment,0,0,Occupant of a Motor Vehicle
202304646050,2,1,2,65,65,13,3,"South (MD, DE, DC, WV, VA, KY, TN, NC, SC, GA, FL, AL, MS, LA, AR, OK, TX)",1,Urban Area,7,Stratum 7 - M/H Truck or Bus,4138,159.50253429,1,January,16,4:00pm-4:59pm,20,20,12,Motor Vehicle In-Transport,6,Angle,0,No,2012.0,2012,444.0,Land Rover,2245.0,LR4,7.0,Sport Utility Vehicle (SUV)/Multi-Purpose Vehicle (MPV),62.0,Land Rover,15.0,"Large utility (ANSI D16.1 Utility Vehicle Categories and ""Full Size"" and ""Large"")",0.0,Not Applicable,12.0,"Class 2: 6,001 - 10,000 lbs. (2,722 - 4,536 kg)",12.0,"Class 2: 6,001 - 10,000 lbs. (2,722 - 4,536 kg)",0.0,No Trailers,0.0,No Special Use Noted,0.0,Not Applicable,0.0,No Rollover,7.0,7 Clock Point,0.0,No or Not Reported,62423.0,Land Rover LR3/LR4,26,26 Years,26,26 Years,1,Male,1,Male,2,Passenger of a Motor Vehicle In-Transport,,,,,0,No Apparent Injury (O),0,No Apparent Injury (O),13,"Front Seat, Right Side",13,"Front Seat, Right Side",3,Shoulder and Lap Belt Used,0,No Indication of Misuse,20,Not Applicable,7,None Used/Not Applicable,20,Not Deployed,0,Not Ejected,0,Not Ejected,8,Not Reported,0,No (Alcohol Not Involved),0,Test Not Given,0,Test Not Given,996,Test Not Given,8,Not Reported,0,Not Transported for Treatment,0,0,Occupant of a Motor Vehicle
202304646050,2,2,1,65,65,13,3,"South (MD, DE, DC, WV, VA, KY, TN, NC, SC, GA, FL, AL, MS, LA, AR, OK, TX)",1,Urban Area,7,Stratum 7 - M/H Truck or Bus,4138,159.50253429,1,January,16,4:00pm-4:59pm,20,20,12,Motor Vehicle In-Transport,6,Angle,0,No,2021.0,2021,450.0,Freightliner,2501.0,Cascadia,66.0,Truck-Tractor,82.0,Freightliner,66.0,"Truck-tractor (Cab only, or with any number of trailing unit; any weight)",0.0,Not Applicable,18.0,"Class 8: 33,001 lbs. and above (14,969 kg and above)",18.0,"Class 8: 33,001 lbs. and above (14,969 kg and above)",0.0,No Trailers,0.0,No Special Use Noted,0.0,Not Applicable,0.0,No Rollover,1.0,1 Clock Point,0.0,No or Not Reported,82881.0,Freightliner Medium/Heavy - CBE,46,46 Years,46,46 Years,1,Male,1,Male,1,Driver of a Motor Vehicle In-Transport,,,,,0,No Apparent Injury (O),0,No Apparent Injury (O),11,"Front Seat, Left Side",11,"Front Seat, Left Side",3,Shoulder and Lap Belt Used,0,No Indication of Misuse,20,Not Applicable,7,None Used/Not Applicable,20,Not Deployed,0,Not Ejected,0,Not Ejected,8,Not Reported,0,No (Alcohol Not Involved),0,Test Not Given,0,Test Not Given,996,Test Not Given,8,Not Reported,0,Not Transported for Treatment,0,0,Occupant of a Motor Vehicle
202304646074,2,1,1,28,28,11,3,"South (MD, DE, DC, WV, VA, KY, TN, NC, SC, GA, FL, AL, MS, LA, AR, OK, TX)",1,Urban Area,10,Stratum 10 - Other,4139,223.21940771,1,January,15,3:00pm-3:59pm,29,29,12,Motor Vehicle In-Transport,1,Front-to-Rear,0,No,2018.0,2018,498.0,Hyundai,2058.0,Tucson,7.0,Sport Utility Vehicle (SUV)/Multi-Purpose Vehicle (MPV),55.0,Hyundai,14.0,"Compact Utility (Utility Vehicle Categories ""Small"" and ""Midsize"")",0.0,Not Applicable,11.0,"Class 1: 6,000 lbs. or less (2,722 kg or less)",11.0,"Class 1: 6,000 lbs. or less (2,722 kg or less)",0.0,No Trailers,0.0,No Special Use Noted,0.0,Not Applicable,0.0,No Rollover,12.0,12 Clock Point,0.0,No or Not Reported,55402.0,Hyundai Tucson,66,66 Years,66,66 Years,1,Male,1,Male,1,Driver of a Motor Vehicle In-Transport,,,,,0,No Apparent Injury (O),0,No Apparent Injury (O),11,"Front Seat, Left Side",11,"Front Seat, Left Side",3,Shoulder and Lap Belt Used,0,No Indication of Misuse,20,Not Applicable,7,None Used/Not Applicable,20,Not Deployed,0,Not Ejected,0,Not Ejected,0,No (Alcohol Not Involved),0,No (Alcohol Not Involved),8,Not Reported,95,Not Reported,995,Not Reported,0,No (drugs not involved),0,Not Transported for Treatment,0,0,Occupant of a Motor Vehicle
202304646074,2,2,1,28,28,11,3,"South (MD, DE, DC, WV, VA, KY, TN, NC, SC, GA, FL, AL, MS, LA, AR, OK, TX)",1,Urban Area,10,Stratum 10 - Other,4139,223.21940771,1,January,15,3:00pm-3:59pm,29,29,12,Motor Vehicle In-Transport,1,Front-to-Rear,0,No,2016.0,2016,467.0,Chevrolet,1848.0,Express,95.0,Cargo Van,20.0,Chevrolet,21.0,"Large Van-Includes van-based buses (B150-B350, Sportsman, Royal Maxiwagon, Ram, Tradesman,...)",0.0,Not Applicable,12.0,"Class 2: 6,001 - 10,000 lbs. (2,722 - 4,536 kg)",12.0,"Class 2: 6,001 - 10,000 lbs. (2,722 - 4,536 kg)",0.0,No Trailers,0.0,No Special Use Noted,0.0,Not Applicable,0.0,No Rollover,6.0,6 Clock Point,0.0,No or Not Reported,20461.0,Chevrolet G-series van,40,40 Years,40,40 Years,1,Male,1,Male,1,Driver of a Motor Vehicle In-Transport,,,,,0,No Apparent Injury (O),0,No Apparent Injury (O),11,"Front Seat, Left Side",11,"Front Seat, Left Side",3,Shoulder and Lap Belt Used,0,No Indication of Misuse,20,Not Applicable,7,None Used/Not Applicable,20,Not Deployed,0,Not Ejected,0,Not Ejected,0,No (Alcohol Not Involved),0,No (Alcohol Not Involved),8,Not Reported,95,Not Reported,995,Not Reported,0,No (drugs not involved),0,Not Transported for Treatment,0,0,Occupant of a Motor Vehicle
202304646154,3,1,1,12,12,12,3,"South (MD, DE, DC, WV, VA, KY, TN, NC, SC, GA, FL, AL, MS, LA, AR, OK, TX)",1,Urban Area,8,Stratum 8 - NLMY PV Minor Injury,4142,135.18572704,1,January,9,9:00am-9:59am,32,32,12,Motor Vehicle In-Transport,1,Front-to-Rear,0,No,2011.0,2011,456.0,MINI,1862.0,Hardtop,5.0,Hatchback/Liftback/Notchback,69.0,Other Import,3.0,3-door/2-door hatchback,0.0,Not Applicable,11.0,"Class 1: 6,000 lbs. or less (2,722 kg or less)",11.0,"Class 1: 6,000 lbs. or less (2,722 kg or less)",0.0,No Trailers,0.0,No Special Use Noted,0.0,Not Applicable,0.0,No Rollover,12.0,12 Clock Point,0.0,No or Not Reported,69054.0,Other Import Mini-Cooper,16,16 Years,16,16 Years,2,Female,2,Female,1,Driver of a Motor Vehicle In-Transport,,,,,0,No Apparent Injury (O),0,No Apparent Injury (O),11,"Front Seat, Left Side",11,"Front Seat, Left Side",3,Shoulder and Lap Belt Used,0,No Indication of Misuse,20,Not Applicable,7,None Used/Not Applicable,20,Not Deployed,0,Not Ejected,0,Not Ejected,0,No (Alcohol Not Involved),0,No (Alcohol Not Involved),0,Test Not Given,0,Test Not Given,996,Test Not Given,0,No (drugs not involved),0,Not Transported for Treatment,0,0,Occupant of a Motor Vehicle
202304646154,3,2,1,12,12,12,3,"South (MD, DE, DC, WV, VA, KY, TN, NC, SC, GA, FL, AL, MS, LA, AR, OK, TX)",1,Urban Area,8,Stratum 8 - NLMY PV Minor Injury,4142,135.18572704,1,January,9,9:00am-9:59am,32,32,12,Motor Vehicle In-Transport,1,Front-to-Rear,0,No,2001.0,2001,476.0,Dodge,1938.0,Ram,60.0,Pickup,7.0,Dodge,34.0,Light Pickup,0.0,Not Applicable,12.0,"Class 2: 6,001 - 10,000 lbs. (2,722 - 4,536 kg)",12.0,"Class 2: 6,001 - 10,000 lbs. (2,722 - 4,536 kg)",0.0,No Trailers,0.0,No Special Use Noted,0.0,Not Applicable,0.0,No Rollover,6.0,6 Clock Point,0.0,No or Not Reported,7482.0,Dodge Ram Pickup,82,82 Years,82,82 Years,1,Male,1,Male,1,Driver of a Motor Vehicle In-Transport,,,,,2,Suspected Minor Injury (B),2,Suspected Minor Injury (B),11,"Front Seat, Left Side",11,"Front Seat, Left Side",3,Shoulder and Lap Belt Used,0,No Indication of Misuse,20,Not Applicable,7,None Used/Not Applicable,20,Not Deployed,0,Not Ejected,0,Not Ejected,0,No (Alcohol Not Involved),0,No (Alcohol Not Involved),0,Test Not Given,0,Test Not Given,996,Test Not Given,0,No (drugs not involved),0,Not Transported for Treatment,0,0,Occupant of a Motor Vehicle
202304646154,3,3,1,12,12,12,3,"South (MD, DE, DC, WV, VA, KY, TN, NC, SC, GA, FL, AL, MS, LA, AR, OK, TX)",1,Urban Area,8,Stratum 8 - NLMY PV Minor Injury,4142,135.18572704,1,January,9,9:00am-9:59am,32,32,12,Motor Vehicle In-Transport,1,Front-to-Rear,0,No,2017.0,2017,460.0,Ford,1800.0,Explorer,7.0,Sport Utility Vehicle (SUV)/Multi-Purpose Vehicle (MPV),12.0,Ford,14.0,"Compact Utility (Utility Vehicle Categories ""Small"" and ""Midsize"")",0.0,Not Applicable,12.0,"Class 2: 6,001 - 10,000 lbs. (2,722 - 4,536 kg)",12.0,"Class 2: 6,001 - 10,000 lbs. (2,722 - 4,536 kg)",0.0,No Trailers,0.0,No Special Use Noted,0.0,Not Applicable,0.0,No Rollover,6.0,6 Clock Point,0.0,No or Not Reported,12401.0,"Ford Bronco (thru 1977)/Bronco II/Explorer/Explorer Sport (Explorer for 1990-2018 only.  For model years 2019 on, see 12-425.)",17,17 Years,17,17 Years,1,Male,1,Male,1,Driver of a Motor Vehicle In-Transport,,,,,0,No Apparent Injury (O),0,No Apparent Injury (O),11,"Front Seat, Left Side",11,"Front Seat, Left Side",3,Shoulder and Lap Belt Used,0,No Indication of Misuse,20,Not Applicable,7,None Used/Not Applicable,20,Not Deployed,0,Not Ejected,0,Not Ejected,0,No (Alcohol Not Involved),0,No (Alcohol Not Involved),0,Test Not Given,0,Test Not Given,996,Test Not Given,0,No (drugs not involved),0,Not Transported for Treatment,0,0,Occupant of a Motor Vehicle
202304646161,1,2,1,12,12,12,3,"South (MD, DE, DC, WV, VA, KY, TN, NC, SC, GA, FL, AL, MS, LA, AR, OK, TX)",1,Urban Area,7,Stratum 7 - M/H Truck or Bus,4142,159.26096295,1,January,16,4:00pm-4:59pm,22,22,14,Parked Motor Vehicle,0,The First Harmful Event was Not a Collision with a Motor Vehicle In-Transport,0,No,2010.0,2010,460.0,Ford,1819.0,E-450,62.0,Incomplete - Cutaway,12.0,Ford,61.0,"Single-unit straight truck or Cab-Chassis (GVWR range 10,001 to 19,500 lbs.)",95.0,Cargo Van,14.0,"Class 4: 14,001 - 16,000 lbs. (6,350 - 7,258 kg)",14.0,"Class 4: 14,001 - 16,000 lbs. (6,350 - 7,258 kg)",0.0,No Trailers,0.0,No Special Use Noted,0.0,Not Applicable,0.0,No Rollover,13.0,Top,0.0,No or Not Reported,12870.0,Ford Medium/Heavy Van-Based Vehicle,47,47 Years,47,47 Years,1,Male,1,Male,1,Driver of a Motor Vehicle In-Transport,,,,,0,No Apparent Injury (O),0,No Apparent Injury (O),11,"Front Seat, Left Side",11,"Front Seat, Left Side",3,Shoulder and Lap Belt Used,0,No Indication of Misuse,20,Not Applicable,7,None Used/Not Applicable,20,Not Deployed,0,Not Ejected,0,Not Ejected,0,No (Alcohol Not Involved),0,No (Alcohol Not Involved),0,Test Not Given,0,Test Not Given,996,Test Not Given,0,No (drugs not involved),0,Not Transported for Treatment,0,0,Occupant of a Motor Vehicle
202304646182,1,0,1,12,12,12,3,"South (MD, DE, DC, WV, VA, KY, TN, NC, SC, GA, FL, AL, MS, LA, AR, OK, TX)",1,Urban Area,2,Stratum 2 - Not a MV Occupant Any Injury,4142,23.455463743,1,January,20,8:00pm-8:59pm,0,0,15,Non-Motorist on Personal Conveyance,0,The First Harmful Event was Not a Collision with a Motor Vehicle In-Transport,0,No,,,,,,,,,,,,,,,,,,,,,,,,,,,,,,,,,23,23 Years,23,23 Years,1,Male,1,Male,8,Person on a Personal Conveyance,7.0,Non-Self-Balancing Board (Skateboard),3.0,Unknown/Not Reported if Motorized,4,Fatal Injury (K),4,Fatal Injury (K),0,Not a Motor Vehicle Occupant,0,Not a Motor Vehicle Occupant,96,Not a Motor Vehicle Occupant,8,Not a Motor Vehicle Occupant,96,Not a Motor Vehicle Occupant,8,Not a Motor Vehicle Occupant,97,Not a Motor Vehicle Occupant,8,Not Applicable,8,Not Applicable,9,Reported as Unknown,1,Yes (Alcohol Involved),9,Reported as Unknown if Tested,99,Reported as Unknown if Tested,999,Reported as Unknown if Tested,9,Reported as Unknown,0,Not Transported for Treatment,1,11,"Not at Intersection - On Roadway, Not in Marked Crosswalk"
202304646182,1,1,1,12,12,12,3,"South (MD, DE, DC, WV, VA, KY, TN, NC, SC, GA, FL, AL, MS, LA, AR, OK, TX)",1,Urban Area,2,Stratum 2 - Not a MV Occupant Any Injury,4142,23.455463743,1,January,20,8:00pm-8:59pm,0,0,15,Non-Motorist on Personal Conveyance,0,The First Harmful Event was Not a Collision with a Motor Vehicle In-Transport,0,No,2001.0,2001,448.0,Toyota,2469.0,Camry,13.0,Sedan/Saloon,49.0,Toyota,4.0,"4-door sedan, hardtop",0.0,Not Applicable,11.0,"Class 1: 6,000 lbs. or less (2,722 kg or less)",11.0,"Class 1: 6,000 lbs. or less (2,722 kg or less)",0.0,No Trailers,0.0,No Special Use Noted,0.0,Not Applicable,0.0,No Rollover,12.0,12 Clock Point,0.0,No or Not Reported,49040.0,Toyota Camry,24,24 Years,24,24 Years,1,Male,1,Male,1,Driver of a Motor Vehicle In-Transport,,,,,0,No Apparent Injury (O),0,No Apparent Injury (O),11,"Front Seat, Left Side",11,"Front Seat, Left Side",3,Shoulder and Lap Belt Used,0,No Indication of Misuse,20,Not Applicable,7,None Used/Not Applicable,20,Not Deployed,0,Not Ejected,0,Not Ejected,0,No (Alcohol Not Involved),0,No (Alcohol Not Involved),0,Test Not Given,0,Test Not Given,996,Test Not Given,0,No (drugs not involved),0,Not Transported for Treatment,0,0,Occupant of a Motor Vehicle
202304646205,2,1,1,12,12,12,3,"South (MD, DE, DC, WV, VA, KY, TN, NC, SC, GA, FL, AL, MS, LA, AR, OK, TX)",1,Urban Area,6,Stratum 6 - LMY PV Minor Injury,4142,54.442512321,1,January,16,4:00pm-4:59pm,27,27,12,Motor Vehicle In-Transport,1,Front-to-Rear,0,No,2006.0,2006,515.0,Lexus,2214.0,RX,7.0,Sport Utility Vehicle (SUV)/Multi-Purpose Vehicle (MPV),59.0,Lexus,14.0,"Compact Utility (Utility Vehicle Categories ""Small"" and ""Midsize"")",0.0,Not Applicable,11.0,"Class 1: 6,000 lbs. or less (2,722 kg or less)",11.0,"Class 1: 6,000 lbs. or less (2,722 kg or less)",0.0,No Trailers,0.0,No Special Use Noted,0.0,Not Applicable,0.0,No Rollover,12.0,12 Clock Point,0.0,No or Not Reported,59403.0,Lexus RX330/350/400h/450h,40,40 Years,40,40 Years,1,Male,1,Male,1,Driver of a Motor Vehicle In-Transport,,,,,0,No Apparent Injury (O),0,No Apparent Injury (O),11,"Front Seat, Left Side",11,"Front Seat, Left Side",3,Shoulder and Lap Belt Used,0,No Indication of Misuse,20,Not Applicable,7,None Used/Not Applicable,1,Deployed- Front,0,Not Ejected,0,Not Ejected,0,No (Alcohol Not Involved),0,No (Alcohol Not Involved),0,Test Not Given,0,Test Not Given,996,Test Not Given,0,No (drugs not involved),0,Not Transported for Treatment,0,0,Occupant of a Motor Vehicle
202304646205,2,2,1,12,12,12,3,"South (MD, DE, DC, WV, VA, KY, TN, NC, SC, GA, FL, AL, MS, LA, AR, OK, TX)",1,Urban Area,6,Stratum 6 - LMY PV Minor Injury,4142,54.442512321,1,January,16,4:00pm-4:59pm,27,27,12,Motor Vehicle In-Transport,1,Front-to-Rear,0,No,2019.0,2019,448.0,Toyota,2217.0,RAV4,7.0,Sport Utility Vehicle (SUV)/Multi-Purpose Vehicle (MPV),49.0,Toyota,14.0,"Compact Utility (Utility Vehicle Categories ""Small"" and ""Midsize"")",0.0,Not Applicable,11.0,"Class 1: 6,000 lbs. or less (2,722 kg or less)",11.0,"Class 1: 6,000 lbs. or less (2,722 kg or less)",0.0,No Trailers,0.0,No Special Use Noted,0.0,Not Applicable,0.0,No Rollover,6.0,6 Clock Point,0.0,No or Not Reported,49402.0,Toyota RAV4 *,37,37 Years,37,37 Years,1,Male,1,Male,1,Driver of a Motor Vehicle In-Transport,,,,,2,Suspected Minor Injury (B),2,Suspected Minor Injury (B),11,"Front Seat, Left Side",11,"Front Seat, Left Side",3,Shoulder and Lap Belt Used,0,No Indication of Misuse,20,Not Applicable,7,None Used/Not Applicable,20,Not Deployed,0,Not Ejected,0,Not Ejected,0,No (Alcohol Not Involved),0,No (Alcohol Not Involved),0,Test Not Given,0,Test Not Given,996,Test Not Given,0,No (drugs not involved),5,EMS Ground,0,0,Occupant of a Motor Vehicle
202304646224,2,1,1,12,12,12,3,"South (MD, DE, DC, WV, VA, KY, TN, NC, SC, GA, FL, AL, MS, LA, AR, OK, TX)",1,Urban Area,9,Stratum 9 - LMY PV No Injuries in Crash,4142,141.83585636,1,January,9,9:00am-9:59am,55,55,12,Motor Vehicle In-Transport,7,Sideswipe - Same Direction,0,No,2019.0,2019,460.0,Ford,1799.0,Expedition,7.0,Sport Utility Vehicle (SUV)/Multi-Purpose Vehicle (MPV),12.0,Ford,15.0,"Large utility (ANSI D16.1 Utility Vehicle Categories and ""Full Size"" and ""Large"")",0.0,Not Applicable,12.0,"Class 2: 6,001 - 10,000 lbs. (2,722 - 4,536 kg)",12.0,"Class 2: 6,001 - 10,000 lbs. (2,722 - 4,536 kg)",0.0,No Trailers,0.0,No Special Use Noted,0.0,Not Applicable,0.0,No Rollover,63.0,Left-Back Side,0.0,No or Not Reported,12422.0,Ford Expedition,71,71 Years,71,71 Years,1,Male,1,Male,1,Driver of a Motor Vehicle In-Transport,,,,,0,No Apparent Injury (O),0,No Apparent Injury (O),11,"Front Seat, Left Side",11,"Front Seat, Left Side",3,Shoulder and Lap Belt Used,0,No Indication of Misuse,20,Not Applicable,7,None Used/Not Applicable,20,Not Deployed,0,Not Ejected,0,Not Ejected,0,No (Alcohol Not Involved),0,No (Alcohol Not Involved),8,Not Reported,95,Not Reported,995,Not Reported,0,No (drugs not involved),0,Not Transported for Treatment,0,0,Occupant of a Motor Vehicle
202304646224,2,2,1,12,12,12,3,"South (MD, DE, DC, WV, VA, KY, TN, NC, SC, GA, FL, AL, MS, LA, AR, OK, TX)",1,Urban Area,9,Stratum 9 - LMY PV No Injuries in Crash,4142,141.83585636,1,January,9,9:00am-9:59am,55,55,12,Motor Vehicle In-Transport,7,Sideswipe - Same Direction,0,No,2010.0,2010,467.0,Chevrolet,1848.0,Express,95.0,Cargo Van,20.0,Chevrolet,21.0,"Large Van-Includes van-based buses (B150-B350, Sportsman, Royal Maxiwagon, Ram, Tradesman,...)",0.0,Not Applicable,12.0,"Class 2: 6,001 - 10,000 lbs. (2,722 - 4,536 kg)",12.0,"Class 2: 6,001 - 10,000 lbs. (2,722 - 4,536 kg)",0.0,No Trailers,0.0,No Special Use Noted,0.0,Not Applicable,0.0,No Rollover,82.0,Right-Front Side,0.0,No or Not Reported,20461.0,Chevrolet G-series van,36,36 Years,36,36 Years,1,Male,1,Male,1,Driver of a Motor Vehicle In-Transport,,,,,0,No Apparent Injury (O),0,No Apparent Injury (O),11,"Front Seat, Left Side",11,"Front Seat, Left Side",3,Shoulder and Lap Belt Used,0,No Indication of Misuse,20,Not Applicable,7,None Used/Not Applicable,20,Not Deployed,0,Not Ejected,0,Not Ejected,0,No (Alcohol Not Involved),0,No (Alcohol Not Involved),8,Not Reported,95,Not Reported,995,Not Reported,0,No (drugs not involved),0,Not Transported for Treatment,0,0,Occupant of a Motor Vehicle
202304646225,2,1,1,12,12,12,3,"South (MD, DE, DC, WV, VA, KY, TN, NC, SC, GA, FL, AL, MS, LA, AR, OK, TX)",1,Urban Area,10,Stratum 10 - Other,4142,222.0578669,1,January,11,11:00am-11:59am,0,0,12,Motor Vehicle In-Transport,1,Front-to-Rear,0,No,2015.0,2015,498.0,Hyundai,2459.0,Sonata,13.0,Sedan/Saloon,55.0,Hyundai,4.0,"4-door sedan, hardtop",0.0,Not Applicable,11.0,"Class 1: 6,000 lbs. or less (2,722 kg or less)",11.0,"Class 1: 6,000 lbs. or less (2,722 kg or less)",0.0,No Trailers,0.0,No Special Use Noted,0.0,Not Applicable,0.0,No Rollover,12.0,12 Clock Point,0.0,No or Not Reported,55033.0,Hyundai Sonata,67,67 Years,67,67 Years,1,Male,1,Male,1,Driver of a Motor Vehicle In-Transport,,,,,0,No Apparent Injury (O),0,No Apparent Injury (O),11,"Front Seat, Left Side",11,"Front Seat, Left Side",3,Shoulder and Lap Belt Used,0,No Indication of Misuse,20,Not Applicable,7,None Used/Not Applicable,20,Not Deployed,0,Not Ejected,0,Not Ejected,0,No (Alcohol Not Involved),0,No (Alcohol Not Involved),8,Not Reported,95,Not Reported,995,Not Reported,0,No (drugs not involved),0,Not Transported for Treatment,0,0,Occupant of a Motor Vehicle
202304646225,2,2,1,12,12,12,3,"South (MD, DE, DC, WV, VA, KY, TN, NC, SC, GA, FL, AL, MS, LA, AR, OK, TX)",1,Urban Area,10,Stratum 10 - Other,4142,222.0578669,1,January,11,11:00am-11:59am,0,0,12,Motor Vehicle In-Transport,1,Front-to-Rear,0,No,2009.0,2009,460.0,Ford,1798.0,Escape,7.0,Sport Utility Vehicle (SUV)/Multi-Purpose Vehicle (MPV),12.0,Ford,14.0,"Compact Utility (Utility Vehicle Categories ""Small"" and ""Midsize"")",0.0,Not Applicable,11.0,"Class 1: 6,000 lbs. or less (2,722 kg or less)",11.0,"Class 1: 6,000 lbs. or less (2,722 kg or less)",0.0,No Trailers,0.0,No Special Use Noted,0.0,Not Applicable,0.0,No Rollover,6.0,6 Clock Point,0.0,No or Not Reported,12402.0,Ford Escape,44,44 Years,44,44 Years,1,Male,1,Male,1,Driver of a Motor Vehicle In-Transport,,,,,0,No Apparent Injury (O),0,No Apparent Injury (O),11,"Front Seat, Left Side",11,"Front Seat, Left Side",3,Shoulder and Lap Belt Used,0,No Indication of Misuse,20,Not Applicable,7,None Used/Not Applicable,20,Not Deployed,0,Not Ejected,0,Not Ejected,0,No (Alcohol Not Involved),0,No (Alcohol Not Involved),8,Not Reported,95,Not Reported,995,Not Reported,0,No (drugs not involved),0,Not Transported for Treatment,0,0,Occupant of a Motor Vehicle
202304646241,1,1,1,75,75,19,3,"South (MD, DE, DC, WV, VA, KY, TN, NC, SC, GA, FL, AL, MS, LA, AR, OK, TX)",2,Rural Area,5,Stratum 5 - NLMY PV Serious Injury,4144,25.061743809,1,January,17,5:00pm-5:59pm,58,58,52,Guardrail End,0,The First Harmful Event was Not a Collision with a Motor Vehicle In-Transport,0,No,2014.0,2014,448.0,Toyota,2467.0,Tundra,60.0,Pickup,49.0,Toyota,34.0,Light Pickup,0.0,Not Applicable,12.0,"Class 2: 6,001 - 10,000 lbs. (2,722 - 4,536 kg)",12.0,"Class 2: 6,001 - 10,000 lbs. (2,722 - 4,536 kg)",0.0,No Trailers,0.0,No Special Use Noted,0.0,Not Applicable,0.0,No Rollover,12.0,12 Clock Point,0.0,No or Not Reported,49482.0,Toyota Tundra,30,30 Years,30,30 Years,1,Male,1,Male,1,Driver of a Motor Vehicle In-Transport,,,,,3,Suspected Serious Injury (A),3,Suspected Serious Injury (A),11,"Front Seat, Left Side",11,"Front Seat, Left Side",99,Reported as Unknown,7,None Used/Not Applicable,20,Not Applicable,7,None Used/Not Applicable,8,Deployed- Combination,0,Not Ejected,0,Not Ejected,0,No (Alcohol Not Involved),0,No (Alcohol Not Involved),0,Test Not Given,0,Test Not Given,996,Test Not Given,0,No (drugs not involved),1,EMS Air,0,0,Occupant of a Motor Vehicle
202304646246,1,0,1,78,78,10,3,"South (MD, DE, DC, WV, VA, KY, TN, NC, SC, GA, FL, AL, MS, LA, AR, OK, TX)",1,Urban Area,2,Stratum 2 - Not a MV Occupant Any Injury,4146,23.300984338,1,January,20,8:00pm-8:59pm,0,0,8,Pedestrian,0,The First Harmful Event was Not a Collision with a Motor Vehicle In-Transport,0,No,,,,,,,,,,,,,,,,,,,,,,,,,,,,,,,,,28,28 Years,28,28 Years,1,Male,1,Male,5,Pedestrian,0.0,Not Applicable,0.0,Not Applicable,2,Suspected Minor Injury (B),2,Suspected Minor Injury (B),0,Not a Motor Vehicle Occupant,0,Not a Motor Vehicle Occupant,96,Not a Motor Vehicle Occupant,8,Not a Motor Vehicle Occupant,96,Not a Motor Vehicle Occupant,8,Not a Motor Vehicle Occupant,97,Not a Motor Vehicle Occupant,8,Not Applicable,8,Not Applicable,0,No (Alcohol Not Involved),0,No (Alcohol Not Involved),0,Test Not Given,0,Test Not Given,996,Test Not Given,0,No (drugs not involved),5,EMS Ground,1,1,At Intersection - In Marked Crosswalk
202304646246,1,1,1,78,78,10,3,"South (MD, DE, DC, WV, VA, KY, TN, NC, SC, GA, FL, AL, MS, LA, AR, OK, TX)",1,Urban Area,2,Stratum 2 - Not a MV Occupant Any Injury,4146,23.300984338,1,January,20,8:00pm-8:59pm,0,0,8,Pedestrian,0,The First Harmful Event was Not a Collision with a Motor Vehicle In-Transport,0,No,2015.0,2015,478.0,Nissan,1913.0,Rogue,8.0,Crossover Utility Vehicle (CUV),35.0,Nissan/Datsun,6.0,Station Wagon (excluding van and truck based),0.0,Not Applicable,11.0,"Class 1: 6,000 lbs. or less (2,722 kg or less)",11.0,"Class 1: 6,000 lbs. or less (2,722 kg or less)",0.0,No Trailers,0.0,No Special Use Noted,0.0,Not Applicable,0.0,No Rollover,12.0,12 Clock Point,0.0,No or Not Reported,35051.0,"Nissan/Datsun Rogue (For 2008-2018 only.  For model years 2019 on, see 35-404.)",68,68 Years,68,68 Years,1,Male,1,Male,1,Driver of a Motor Vehicle In-Transport,,,,,0,No Apparent Injury (O),0,No Apparent Injury (O),11,"Front Seat, Left Side",11,"Front Seat, Left Side",3,Shoulder and Lap Belt Used,0,No Indication of Misuse,20,Not Applicable,7,None Used/Not Applicable,20,Not Deployed,0,Not Ejected,0,Not Ejected,0,No (Alcohol Not Involved),0,No (Alcohol Not Involved),0,Test Not Given,0,Test Not Given,996,Test Not Given,0,No (drugs not involved),0,Not Transported for Treatment,0,0,Occupant of a Motor Vehicle
202304646246,1,1,2,78,78,10,3,"South (MD, DE, DC, WV, VA, KY, TN, NC, SC, GA, FL, AL, MS, LA, AR, OK, TX)",1,Urban Area,2,Stratum 2 - Not a MV Occupant Any Injury,4146,23.300984338,1,January,20,8:00pm-8:59pm,0,0,8,Pedestrian,0,The First Harmful Event was Not a Collision with a Motor Vehicle In-Transport,0,No,2015.0,2015,478.0,Nissan,1913.0,Rogue,8.0,Crossover Utility Vehicle (CUV),35.0,Nissan/Datsun,6.0,Station Wagon (excluding van and truck based),0.0,Not Applicable,11.0,"Class 1: 6,000 lbs. or less (2,722 kg or less)",11.0,"Class 1: 6,000 lbs. or less (2,722 kg or less)",0.0,No Trailers,0.0,No Special Use Noted,0.0,Not Applicable,0.0,No Rollover,12.0,12 Clock Point,0.0,No or Not Reported,35051.0,"Nissan/Datsun Rogue (For 2008-2018 only.  For model years 2019 on, see 35-404.)",67,67 Years,67,67 Years,2,Female,2,Female,2,Passenger of a Motor Vehicle In-Transport,,,,,0,No Apparent Injury (O),0,No Apparent Injury (O),13,"Front Seat, Right Side",13,"Front Seat, Right Side",3,Shoulder and Lap Belt Used,0,No Indication of Misuse,20,Not Applicable,7,None Used/Not Applicable,20,Not Deployed,0,Not Ejected,0,Not Ejected,8,Not Reported,0,No (Alcohol Not Involved),0,Test Not Given,0,Test Not Given,996,Test Not Given,8,Not Reported,0,Not Transported for Treatment,0,0,Occupant of a Motor Vehicle
202304646254,2,1,1,78,78,10,3,"South (MD, DE, DC, WV, VA, KY, TN, NC, SC, GA, FL, AL, MS, LA, AR, OK, TX)",1,Urban Area,8,Stratum 8 - NLMY PV Minor Injury,4146,134.67439368,1,January,18,6:00pm-6:59pm,10,10,12,Motor Vehicle In-Transport,6,Angle,0,No,2005.0,2005,460.0,Ford,1781.0,Mustang,1.0,Convertible/Cabriolet,12.0,Ford,1.0,"Convertible(excludes sun-roof,t-bar)",0.0,Not Applicable,11.0,"Class 1: 6,000 lbs. or less (2,722 kg or less)",11.0,"Class 1: 6,000 lbs. or less (2,722 kg or less)",0.0,No Trailers,0.0,No Special Use Noted,0.0,Not Applicable,0.0,No Rollover,83.0,Right-Back Side,0.0,No or Not Reported,12003.0,Ford Mustang/Mustang II,41,41 Years,41,41 Years,2,Female,2,Female,1,Driver of a Motor Vehicle In-Transport,,,,,1,Possible Injury (C),1,Possible Injury (C),11,"Front Seat, Left Side",11,"Front Seat, Left Side",3,Shoulder and Lap Belt Used,0,No Indication of Misuse,20,Not Applicable,7,None Used/Not Applicable,20,Not Deployed,0,Not Ejected,0,Not Ejected,0,No (Alcohol Not Involved),0,No (Alcohol Not Involved),8,Not Reported,95,Not Reported,995,Not Reported,0,No (drugs not involved),0,Not Transported for Treatment,0,0,Occupant of a Motor Vehicle
202304646254,2,2,1,78,78,10,3,"South (MD, DE, DC, WV, VA, KY, TN, NC, SC, GA, FL, AL, MS, LA, AR, OK, TX)",1,Urban Area,8,Stratum 8 - NLMY PV Minor Injury,4146,134.67439368,1,January,18,6:00pm-6:59pm,10,10,12,Motor Vehicle In-Transport,6,Angle,0,No,2015.0,2015,478.0,Nissan,1904.0,Altima,13.0,Sedan/Saloon,35.0,Nissan/Datsun,4.0,"4-door sedan, hardtop",0.0,Not Applicable,11.0,"Class 1: 6,000 lbs. or less (2,722 kg or less)",11.0,"Class 1: 6,000 lbs. or less (2,722 kg or less)",0.0,No Trailers,0.0,No Special Use Noted,0.0,Not Applicable,0.0,No Rollover,12.0,12 Clock Point,0.0,No or Not Reported,35047.0,Nissan/Datsun Altima,35,35 Years,35,35 Years,2,Female,2,Female,1,Driver of a Motor Vehicle In-Transport,,,,,1,Possible Injury (C),1,Possible Injury (C),11,"Front Seat, Left Side",11,"Front Seat, Left Side",3,Shoulder and Lap Belt Used,0,No Indication of Misuse,20,Not Applicable,7,None Used/Not Applicable,1,Deployed- Front,0,Not Ejected,0,Not Ejected,0,No (Alcohol Not Involved),0,No (Alcohol Not Involved),8,Not Reported,95,Not Reported,995,Not Reported,0,No (drugs not involved),0,Not Transported for Treatment,0,0,Occupant of a Motor Vehicle
202304646254,2,2,2,78,78,10,3,"South (MD, DE, DC, WV, VA, KY, TN, NC, SC, GA, FL, AL, MS, LA, AR, OK, TX)",1,Urban Area,8,Stratum 8 - NLMY PV Minor Injury,4146,134.67439368,1,January,18,6:00pm-6:59pm,10,10,12,Motor Vehicle In-Transport,6,Angle,0,No,2015.0,2015,478.0,Nissan,1904.0,Altima,13.0,Sedan/Saloon,35.0,Nissan/Datsun,4.0,"4-door sedan, hardtop",0.0,Not Applicable,11.0,"Class 1: 6,000 lbs. or less (2,722 kg or less)",11.0,"Class 1: 6,000 lbs. or less (2,722 kg or less)",0.0,No Trailers,0.0,No Special Use Noted,0.0,Not Applicable,0.0,No Rollover,12.0,12 Clock Point,0.0,No or Not Reported,35047.0,Nissan/Datsun Altima,16,16 Years,16,16 Years,1,Male,1,Male,2,Passenger of a Motor Vehicle In-Transport,,,,,0,No Apparent Injury (O),0,No Apparent Injury (O),13,"Front Seat, Right Side",13,"Front Seat, Right Side",3,Shoulder and Lap Belt Used,0,No Indication of Misuse,20,Not Applicable,7,None Used/Not Applicable,1,Deployed- Front,0,Not Ejected,0,Not Ejected,8,Not Reported,0,No (Alcohol Not Involved),0,Test Not Given,0,Test Not Given,996,Test Not Given,8,Not Reported,0,Not Transported for Treatment,0,0,Occupant of a Motor Vehicle
202304646254,2,2,3,78,78,10,3,"South (MD, DE, DC, WV, VA, KY, TN, NC, SC, GA, FL, AL, MS, LA, AR, OK, TX)",1,Urban Area,8,Stratum 8 - NLMY PV Minor Injury,4146,134.67439368,1,January,18,6:00pm-6:59pm,10,10,12,Motor Vehicle In-Transport,6,Angle,0,No,2015.0,2015,478.0,Nissan,1904.0,Altima,13.0,Sedan/Saloon,35.0,Nissan/Datsun,4.0,"4-door sedan, hardtop",0.0,Not Applicable,11.0,"Class 1: 6,000 lbs. or less (2,722 kg or less)",11.0,"Class 1: 6,000 lbs. or less (2,722 kg or less)",0.0,No Trailers,0.0,No Special Use Noted,0.0,Not Applicable,0.0,No Rollover,12.0,12 Clock Point,0.0,No or Not Reported,35047.0,Nissan/Datsun Altima,12,12 Years,12,12 Years,2,Female,2,Female,2,Passenger of a Motor Vehicle In-Transport,,,,,0,No Apparent Injury (O),0,No Apparent Injury (O),21,"Second Seat, Left Side",21,"Second Seat, Left Side",3,Shoulder and Lap Belt Used,0,No Indication of Misuse,20,Not Applicable,7,None Used/Not Applicable,98,Not Reported,0,Not Ejected,0,Not Ejected,8,Not Reported,0,No (Alcohol Not Involved),0,Test Not Given,0,Test Not Given,996,Test Not Given,8,Not Reported,0,Not Transported for Treatment,0,0,Occupant of a Motor Vehicle
202304646254,2,2,4,78,78,10,3,"South (MD, DE, DC, WV, VA, KY, TN, NC, SC, GA, FL, AL, MS, LA, AR, OK, TX)",1,Urban Area,8,Stratum 8 - NLMY PV Minor Injury,4146,134.67439368,1,January,18,6:00pm-6:59pm,10,10,12,Motor Vehicle In-Transport,6,Angle,0,No,2015.0,2015,478.0,Nissan,1904.0,Altima,13.0,Sedan/Saloon,35.0,Nissan/Datsun,4.0,"4-door sedan, hardtop",0.0,Not Applicable,11.0,"Class 1: 6,000 lbs. or less (2,722 kg or less)",11.0,"Class 1: 6,000 lbs. or less (2,722 kg or less)",0.0,No Trailers,0.0,No Special Use Noted,0.0,Not Applicable,0.0,No Rollover,12.0,12 Clock Point,0.0,No or Not Reported,35047.0,Nissan/Datsun Altima,11,11 Years,11,11 Years,2,Female,2,Female,2,Passenger of a Motor Vehicle In-Transport,,,,,0,No Apparent Injury (O),0,No Apparent Injury (O),23,"Second Seat, Right Side",23,"Second Seat, Right Side",3,Shoulder and Lap Belt Used,0,No Indication of Misuse,20,Not Applicable,7,None Used/Not Applicable,98,Not Reported,0,Not Ejected,0,Not Ejected,8,Not Reported,0,No (Alcohol Not Involved),0,Test Not Given,0,Test Not Given,996,Test Not Given,8,Not Reported,0,Not Transported for Treatment,0,0,Occupant of a Motor Vehicle
202304646294,1,0,1,78,78,10,3,"South (MD, DE, DC, WV, VA, KY, TN, NC, SC, GA, FL, AL, MS, LA, AR, OK, TX)",1,Urban Area,2,Stratum 2 - Not a MV Occupant Any Injury,4146,23.300984338,1,January,12,12:00pm-12:59pm,10,10,8,Pedestrian,0,The First Harmful Event was Not a Collision with a Motor Vehicle In-Transport,0,No,,,,,,,,,,,,,,,,,,,,,,,,,,,,,,,,,75,75 Years,75,75 Years,2,Female,2,Female,5,Pedestrian,0.0,Not Applicable,0.0,Not Applicable,1,Possible Injury (C),1,Possible Injury (C),0,Not a Motor Vehicle Occupant,0,Not a Motor Vehicle Occupant,96,Not a Motor Vehicle Occupant,8,Not a Motor Vehicle Occupant,96,Not a Motor Vehicle Occupant,8,Not a Motor Vehicle Occupant,97,Not a Motor Vehicle Occupant,8,Not Applicable,8,Not Applicable,0,No (Alcohol Not Involved),0,No (Alcohol Not Involved),0,Test Not Given,0,Test Not Given,996,Test Not Given,0,No (drugs not involved),0,Not Transported for Treatment,1,11,"Not at Intersection - On Roadway, Not in Marked Crosswalk"
202304646294,1,1,1,78,78,10,3,"South (MD, DE, DC, WV, VA, KY, TN, NC, SC, GA, FL, AL, MS, LA, AR, OK, TX)",1,Urban Area,2,Stratum 2 - Not a MV Occupant Any Injury,4146,23.300984338,1,January,12,12:00pm-12:59pm,10,10,8,Pedestrian,0,The First Harmful Event was Not a Collision with a Motor Vehicle In-Transport,0,No,2022.0,2022,448.0,Toyota,2209.0,PRIUS,5.0,Hatchback/Liftback/Notchback,49.0,Toyota,5.0,5-door/4-door hatchback,0.0,Not Applicable,11.0,"Class 1: 6,000 lbs. or less (2,722 kg or less)",11.0,"Class 1: 6,000 lbs. or less (2,722 kg or less)",0.0,No Trailers,0.0,No Special Use Noted,0.0,Not Applicable,0.0,No Rollover,12.0,12 Clock Point,0.0,No or Not Reported,49046.0,Toyota Prius *,58,58 Years,58,58 Years,1,Male,1,Male,1,Driver of a Motor Vehicle In-Transport,,,,,0,No Apparent Injury (O),0,No Apparent Injury (O),11,"Front Seat, Left Side",11,"Front Seat, Left Side",3,Shoulder and Lap Belt Used,0,No Indication of Misuse,20,Not Applicable,7,None Used/Not Applicable,20,Not Deployed,0,Not Ejected,0,Not Ejected,0,No (Alcohol Not Involved),0,No (Alcohol Not Involved),8,Not Reported,95,Not Reported,995,Not Reported,0,No (drugs not involved),0,Not Transported for Treatment,0,0,Occupant of a Motor Vehicle
202304646314,1,1,1,78,78,10,3,"South (MD, DE, DC, WV, VA, KY, TN, NC, SC, GA, FL, AL, MS, LA, AR, OK, TX)",1,Urban Area,10,Stratum 10 - Other,4146,222.24582732,1,January,6,6:00am-6:59am,0,0,34,Ditch,0,The First Harmful Event was Not a Collision with a Motor Vehicle In-Transport,0,No,2005.0,2005,474.0,Honda,1863.0,Civic,13.0,Sedan/Saloon,37.0,Honda,4.0,"4-door sedan, hardtop",0.0,Not Applicable,11.0,"Class 1: 6,000 lbs. or less (2,722 kg or less)",11.0,"Class 1: 6,000 lbs. or less (2,722 kg or less)",0.0,No Trailers,0.0,No Special Use Noted,0.0,Not Applicable,0.0,No Rollover,12.0,12 Clock Point,0.0,No or Not Reported,37031.0,"Honda Civic/CRX, del Sol",19,19 Years,19,19 Years,2,Female,2,Female,1,Driver of a Motor Vehicle In-Transport,,,,,0,No Apparent Injury (O),0,No Apparent Injury (O),11,"Front Seat, Left Side",11,"Front Seat, Left Side",3,Shoulder and Lap Belt Used,0,No Indication of Misuse,20,Not Applicable,7,None Used/Not Applicable,20,Not Deployed,0,Not Ejected,0,Not Ejected,0,No (Alcohol Not Involved),0,No (Alcohol Not Involved),8,Not Reported,95,Not Reported,995,Not Reported,0,No (drugs not involved),0,Not Transported for Treatment,0,0,Occupant of a Motor Vehicle
202304646347,2,1,1,40,40,15,3,"South (MD, DE, DC, WV, VA, KY, TN, NC, SC, GA, FL, AL, MS, LA, AR, OK, TX)",1,Urban Area,10,Stratum 10 - Other,4147,221.35366521,1,January,8,8:00am-8:59am,6,6,12,Motor Vehicle In-Transport,1,Front-to-Rear,0,No,2018.0,2018,467.0,Chevrolet,1850.0,Silverado,60.0,Pickup,20.0,Chevrolet,34.0,Light Pickup,0.0,Not Applicable,12.0,"Class 2: 6,001 - 10,000 lbs. (2,722 - 4,536 kg)",12.0,"Class 2: 6,001 - 10,000 lbs. (2,722 - 4,536 kg)",0.0,No Trailers,0.0,No Special Use Noted,0.0,Not Applicable,0.0,No Rollover,12.0,12 Clock Point,0.0,No or Not Reported,20481.0,"Chevrolet C, K, R, V-series pickup/Silverado",44,44 Years,44,44 Years,1,Male,1,Male,1,Driver of a Motor Vehicle In-Transport,,,,,0,No Apparent Injury (O),0,No Apparent Injury (O),11,"Front Seat, Left Side",11,"Front Seat, Left Side",3,Shoulder and Lap Belt Used,0,No Indication of Misuse,20,Not Applicable,7,None Used/Not Applicable,20,Not Deployed,0,Not Ejected,0,Not Ejected,0,No (Alcohol Not Involved),0,No (Alcohol Not Involved),0,Test Not Given,0,Test Not Given,996,Test Not Given,0,No (drugs not involved),0,Not Transported for Treatment,0,0,Occupant of a Motor Vehicle
202304646347,2,2,1,40,40,15,3,"South (MD, DE, DC, WV, VA, KY, TN, NC, SC, GA, FL, AL, MS, LA, AR, OK, TX)",1,Urban Area,10,Stratum 10 - Other,4147,221.35366521,1,January,8,8:00am-8:59am,6,6,12,Motor Vehicle In-Transport,1,Front-to-Rear,0,No,2018.0,2018,473.0,Mazda,2369.0,CX-5,7.0,Sport Utility Vehicle (SUV)/Multi-Purpose Vehicle (MPV),41.0,Mazda,14.0,"Compact Utility (Utility Vehicle Categories ""Small"" and ""Midsize"")",0.0,Not Applicable,11.0,"Class 1: 6,000 lbs. or less (2,722 kg or less)",11.0,"Class 1: 6,000 lbs. or less (2,722 kg or less)",0.0,No Trailers,0.0,No Special Use Noted,0.0,Not Applicable,0.0,No Rollover,6.0,6 Clock Point,0.0,No or Not Reported,41403.0,Mazda CX5,48,48 Years,48,48 Years,2,Female,2,Female,1,Driver of a Motor Vehicle In-Transport,,,,,0,No Apparent Injury (O),0,No Apparent Injury (O),11,"Front Seat, Left Side",11,"Front Seat, Left Side",3,Shoulder and Lap Belt Used,0,No Indication of Misuse,20,Not Applicable,7,None Used/Not Applicable,20,Not Deployed,0,Not Ejected,0,Not Ejected,0,No (Alcohol Not Involved),0,No (Alcohol Not Involved),0,Test Not Given,0,Test Not Given,996,Test Not Given,0,No (drugs not involved),0,Not Transported for Treatment,0,0,Occupant of a Motor Vehicle
202304646363,1,1,1,77,77,9,2,"Midwest (OH, IN, IL, MI, WI, MN, ND, SD, NE, IA, MO, KS)",2,Rural Area,10,Stratum 10 - Other,4151,217.37927863,1,January,6,6:00am-6:59am,50,50,11,Live Animal,0,The First Harmful Event was Not a Collision with a Motor Vehicle In-Transport,0,No,2011.0,2011,460.0,Ford,1801.0,F-150,60.0,Pickup,12.0,Ford,34.0,Light Pickup,0.0,Not Applicable,12.0,"Class 2: 6,001 - 10,000 lbs. (2,722 - 4,536 kg)",12.0,"Class 2: 6,001 - 10,000 lbs. (2,722 - 4,536 kg)",0.0,No Trailers,0.0,No Special Use Noted,0.0,Not Applicable,0.0,No Rollover,12.0,12 Clock Point,0.0,No or Not Reported,12481.0,Ford F-Series pickup,56,56 Years,56,56 Years,1,Male,1,Male,1,Driver of a Motor Vehicle In-Transport,,,,,0,No Apparent Injury (O),0,No Apparent Injury (O),11,"Front Seat, Left Side",11,"Front Seat, Left Side",98,Not Reported,7,None Used/Not Applicable,20,Not Applicable,7,None Used/Not Applicable,98,Not Reported,7,Not Reported,0,Not Ejected,8,Not Reported,0,No (Alcohol Not Involved),0,Test Not Given,0,Test Not Given,996,Test Not Given,8,Not Reported,0,Not Transported for Treatment,0,0,Occupant of a Motor Vehicle
202304646373,2,1,1,39,39,7,2,"Midwest (OH, IN, IL, MI, WI, MN, ND, SD, NE, IA, MO, KS)",1,Urban Area,9,Stratum 9 - LMY PV No Injuries in Crash,4154,134.35656935,1,January,9,9:00am-9:59am,42,42,12,Motor Vehicle In-Transport,6,Angle,0,No,2014.0,2014,478.0,Nissan,1907.0,Sentra,13.0,Sedan/Saloon,35.0,Nissan/Datsun,4.0,"4-door sedan, hardtop",0.0,Not Applicable,11.0,"Class 1: 6,000 lbs. or less (2,722 kg or less)",11.0,"Class 1: 6,000 lbs. or less (2,722 kg or less)",0.0,No Trailers,0.0,No Special Use Noted,0.0,Not Applicable,0.0,No Rollover,12.0,12 Clock Point,0.0,No or Not Reported,35043.0,Nissan/Datsun Sentra,21,21 Years,21,21 Years,2,Female,2,Female,1,Driver of a Motor Vehicle In-Transport,,,,,0,No Apparent Injury (O),0,No Apparent Injury (O),11,"Front Seat, Left Side",11,"Front Seat, Left Side",3,Shoulder and Lap Belt Used,0,No Indication of Misuse,20,Not Applicable,7,None Used/Not Applicable,20,Not Deployed,0,Not Ejected,0,Not Ejected,0,No (Alcohol Not Involved),0,No (Alcohol Not Involved),0,Test Not Given,0,Test Not Given,996,Test Not Given,0,No (drugs not involved),0,Not Transported for Treatment,0,0,Occupant of a Motor Vehicle
202304646373,2,2,1,39,39,7,2,"Midwest (OH, IN, IL, MI, WI, MN, ND, SD, NE, IA, MO, KS)",1,Urban Area,9,Stratum 9 - LMY PV No Injuries in Crash,4154,134.35656935,1,January,9,9:00am-9:59am,42,42,12,Motor Vehicle In-Transport,6,Angle,0,No,2023.0,2023,473.0,Mazda,2369.0,CX-5,7.0,Sport Utility Vehicle (SUV)/Multi-Purpose Vehicle (MPV),41.0,Mazda,14.0,"Compact Utility (Utility Vehicle Categories ""Small"" and ""Midsize"")",0.0,Not Applicable,11.0,"Class 1: 6,000 lbs. or less (2,722 kg or less)",11.0,"Class 1: 6,000 lbs. or less (2,722 kg or less)",0.0,No Trailers,0.0,No Special Use Noted,0.0,Not Applicable,0.0,No Rollover,3.0,3 Clock Point,0.0,No or Not Reported,41403.0,Mazda CX5,22,22 Years,22,22 Years,2,Female,2,Female,1,Driver of a Motor Vehicle In-Transport,,,,,0,No Apparent Injury (O),0,No Apparent Injury (O),11,"Front Seat, Left Side",11,"Front Seat, Left Side",3,Shoulder and Lap Belt Used,0,No Indication of Misuse,20,Not Applicable,7,None Used/Not Applicable,20,Not Deployed,0,Not Ejected,0,Not Ejected,0,No (Alcohol Not Involved),0,No (Alcohol Not Involved),0,Test Not Given,0,Test Not Given,996,Test Not Given,0,No (drugs not involved),0,Not Transported for Treatment,0,0,Occupant of a Motor Vehicle
202304646374,1,1,1,39,39,7,2,"Midwest (OH, IN, IL, MI, WI, MN, ND, SD, NE, IA, MO, KS)",1,Urban Area,10,Stratum 10 - Other,4154,210.86019124,1,January,10,10:00am-10:59am,15,15,14,Parked Motor Vehicle,0,The First Harmful Event was Not a Collision with a Motor Vehicle In-Transport,0,No,9999.0,Unknown,474.0,Honda,99999.0,Unknown,5.0,Hatchback/Liftback/Notchback,37.0,Honda,7.0,"Hatchback, number of doors unknown",0.0,Not Applicable,11.0,"Class 1: 6,000 lbs. or less (2,722 kg or less)",12.0,"Class 2: 6,001 - 10,000 lbs. (2,722 - 4,536 kg)",0.0,No Trailers,0.0,No Special Use Noted,0.0,Not Applicable,0.0,No Rollover,1.0,1 Clock Point,0.0,No or Not Reported,37399.0,Honda Unknown (automobile),998,Not Reported,40,40 Years,8,Not Reported,1,Male,1,Driver of a Motor Vehicle In-Transport,,,,,9,Unknown/Not Reported,0,No Apparent Injury (O),11,"Front Seat, Left Side",11,"Front Seat, Left Side",98,Not Reported,7,None Used/Not Applicable,20,Not Applicable,7,None Used/Not Applicable,98,Not Reported,0,Not Ejected,0,Not Ejected,8,Not Reported,0,No (Alcohol Not Involved),8,Not Reported,95,Not Reported,995,Not Reported,8,Not Reported,0,Not Transported for Treatment,0,0,Occupant of a Motor Vehicle
202304646374,1,2,1,39,39,7,2,"Midwest (OH, IN, IL, MI, WI, MN, ND, SD, NE, IA, MO, KS)",1,Urban Area,10,Stratum 10 - Other,4154,210.86019124,1,January,10,10:00am-10:59am,15,15,14,Parked Motor Vehicle,0,The First Harmful Event was Not a Collision with a Motor Vehicle In-Transport,0,No,1996.0,1996,450.0,Freightliner,2491.0,FL80,11.0,Truck,82.0,Freightliner,63.0,"Single-unit straight truck or Cab-Chassis (GVWR greater than 26,000 lbs.)",0.0,Not Applicable,18.0,"Class 8: 33,001 lbs. and above (14,969 kg and above)",18.0,"Class 8: 33,001 lbs. and above (14,969 kg and above)",0.0,No Trailers,0.0,No Special Use Noted,0.0,Not Applicable,0.0,No Rollover,10.0,10 Clock Point,0.0,No or Not Reported,82881.0,Freightliner Medium/Heavy - CBE,43,43 Years,43,43 Years,1,Male,1,Male,3,Occupant of a Motor Vehicle Not In- Transport,,,,,0,No Apparent Injury (O),0,No Apparent Injury (O),11,"Front Seat, Left Side",11,"Front Seat, Left Side",20,None Used/Not Applicable,7,None Used/Not Applicable,20,Not Applicable,7,None Used/Not Applicable,20,Not Deployed,0,Not Ejected,0,Not Ejected,0,No (Alcohol Not Involved),0,No (Alcohol Not Involved),0,Test Not Given,0,Test Not Given,996,Test Not Given,0,No (drugs not involved),0,Not Transported for Treatment,0,0,Occupant of a Motor Vehicle
202304646389,3,1,1,39,39,7,2,"Midwest (OH, IN, IL, MI, WI, MN, ND, SD, NE, IA, MO, KS)",1,Urban Area,8,Stratum 8 - NLMY PV Minor Injury,4154,128.45262486,1,January,15,3:00pm-3:59pm,22,22,12,Motor Vehicle In-Transport,6,Angle,0,No,2018.0,2018,496.0,Ram,13620.0,1500,60.0,Pickup,7.0,Dodge,34.0,Light Pickup,0.0,Not Applicable,12.0,"Class 2: 6,001 - 10,000 lbs. (2,722 - 4,536 kg)",12.0,"Class 2: 6,001 - 10,000 lbs. (2,722 - 4,536 kg)",0.0,No Trailers,5.0,Police,5.0,"Emergency Operation, Emergency Warning Equipment in Use",0.0,No Rollover,12.0,12 Clock Point,0.0,No or Not Reported,7482.0,Dodge Ram Pickup,55,55 Years,55,55 Years,1,Male,1,Male,1,Driver of a Motor Vehicle In-Transport,,,,,0,No Apparent Injury (O),0,No Apparent Injury (O),11,"Front Seat, Left Side",11,"Front Seat, Left Side",99,Reported as Unknown,7,None Used/Not Applicable,20,Not Applicable,7,None Used/Not Applicable,20,Not Deployed,0,Not Ejected,0,Not Ejected,0,No (Alcohol Not Involved),0,No (Alcohol Not Involved),0,Test Not Given,0,Test Not Given,996,Test Not Given,0,No (drugs not involved),0,Not Transported for Treatment,0,0,Occupant of a Motor Vehicle
202304646389,3,1,2,39,39,7,2,"Midwest (OH, IN, IL, MI, WI, MN, ND, SD, NE, IA, MO, KS)",1,Urban Area,8,Stratum 8 - NLMY PV Minor Injury,4154,128.45262486,1,January,15,3:00pm-3:59pm,22,22,12,Motor Vehicle In-Transport,6,Angle,0,No,2018.0,2018,496.0,Ram,13620.0,1500,60.0,Pickup,7.0,Dodge,34.0,Light Pickup,0.0,Not Applicable,12.0,"Class 2: 6,001 - 10,000 lbs. (2,722 - 4,536 kg)",12.0,"Class 2: 6,001 - 10,000 lbs. (2,722 - 4,536 kg)",0.0,No Trailers,5.0,Police,5.0,"Emergency Operation, Emergency Warning Equipment in Use",0.0,No Rollover,12.0,12 Clock Point,0.0,No or Not Reported,7482.0,Dodge Ram Pickup,45,45 Years,45,45 Years,1,Male,1,Male,2,Passenger of a Motor Vehicle In-Transport,,,,,0,No Apparent Injury (O),0,No Apparent Injury (O),23,"Second Seat, Right Side",23,"Second Seat, Right Side",99,Reported as Unknown,7,None Used/Not Applicable,20,Not Applicable,7,None Used/Not Applicable,20,Not Deployed,0,Not Ejected,0,Not Ejected,8,Not Reported,0,No (Alcohol Not Involved),0,Test Not Given,0,Test Not Given,996,Test Not Given,8,Not Reported,0,Not Transported for Treatment,0,0,Occupant of a Motor Vehicle
202304646389,3,1,3,39,39,7,2,"Midwest (OH, IN, IL, MI, WI, MN, ND, SD, NE, IA, MO, KS)",1,Urban Area,8,Stratum 8 - NLMY PV Minor Injury,4154,128.45262486,1,January,15,3:00pm-3:59pm,22,22,12,Motor Vehicle In-Transport,6,Angle,0,No,2018.0,2018,496.0,Ram,13620.0,1500,60.0,Pickup,7.0,Dodge,34.0,Light Pickup,0.0,Not Applicable,12.0,"Class 2: 6,001 - 10,000 lbs. (2,722 - 4,536 kg)",12.0,"Class 2: 6,001 - 10,000 lbs. (2,722 - 4,536 kg)",0.0,No Trailers,5.0,Police,5.0,"Emergency Operation, Emergency Warning Equipment in Use",0.0,No Rollover,12.0,12 Clock Point,0.0,No or Not Reported,7482.0,Dodge Ram Pickup,39,39 Years,39,39 Years,1,Male,1,Male,2,Passenger of a Motor Vehicle In-Transport,,,,,0,No Apparent Injury (O),0,No Apparent Injury (O),13,"Front Seat, Right Side",13,"Front Seat, Right Side",99,Reported as Unknown,7,None Used/Not Applicable,20,Not Applicable,7,None Used/Not Applicable,20,Not Deployed,0,Not Ejected,0,Not Ejected,8,Not Reported,0,No (Alcohol Not Involved),0,Test Not Given,0,Test Not Given,996,Test Not Given,8,Not Reported,0,Not Transported for Treatment,0,0,Occupant of a Motor Vehicle
202304646389,3,2,1,39,39,7,2,"Midwest (OH, IN, IL, MI, WI, MN, ND, SD, NE, IA, MO, KS)",1,Urban Area,8,Stratum 8 - NLMY PV Minor Injury,4154,128.45262486,1,January,15,3:00pm-3:59pm,22,22,12,Motor Vehicle In-Transport,6,Angle,0,No,2000.0,2000,467.0,Chevrolet,3531.0,Geo Prizm,13.0,Sedan/Saloon,20.0,Chevrolet,4.0,"4-door sedan, hardtop",0.0,Not Applicable,11.0,"Class 1: 6,000 lbs. or less (2,722 kg or less)",11.0,"Class 1: 6,000 lbs. or less (2,722 kg or less)",0.0,No Trailers,0.0,No Special Use Noted,0.0,Not Applicable,0.0,No Rollover,62.0,Left-Front Side,0.0,No or Not Reported,20032.0,Chevrolet Nova/Geo Prizm/Prism,57,57 Years,57,57 Years,1,Male,1,Male,1,Driver of a Motor Vehicle In-Transport,,,,,1,Possible Injury (C),1,Possible Injury (C),11,"Front Seat, Left Side",11,"Front Seat, Left Side",99,Reported as Unknown,7,None Used/Not Applicable,20,Not Applicable,7,None Used/Not Applicable,20,Not Deployed,0,Not Ejected,0,Not Ejected,0,No (Alcohol Not Involved),0,No (Alcohol Not Involved),0,Test Not Given,0,Test Not Given,996,Test Not Given,0,No (drugs not involved),5,EMS Ground,0,0,Occupant of a Motor Vehicle
202304646389,3,3,1,39,39,7,2,"Midwest (OH, IN, IL, MI, WI, MN, ND, SD, NE, IA, MO, KS)",1,Urban Area,8,Stratum 8 - NLMY PV Minor Injury,4154,128.45262486,1,January,15,3:00pm-3:59pm,22,22,12,Motor Vehicle In-Transport,6,Angle,0,No,2011.0,2011,523.0,Subaru,2233.0,Outback,7.0,Sport Utility Vehicle (SUV)/Multi-Purpose Vehicle (MPV),48.0,Subaru,6.0,Station Wagon (excluding van and truck based),0.0,Not Applicable,11.0,"Class 1: 6,000 lbs. or less (2,722 kg or less)",11.0,"Class 1: 6,000 lbs. or less (2,722 kg or less)",0.0,No Trailers,0.0,No Special Use Noted,0.0,Not Applicable,0.0,No Rollover,12.0,12 Clock Point,0.0,No or Not Reported,48045.0,Subaru Outback (2003 on)(see 034 for prior to 2003),20,20 Years,20,20 Years,2,Female,2,Female,1,Driver of a Motor Vehicle In-Transport,,,,,0,No Apparent Injury (O),0,No Apparent Injury (O),11,"Front Seat, Left Side",11,"Front Seat, Left Side",99,Reported as Unknown,7,None Used/Not Applicable,20,Not Applicable,7,None Used/Not Applicable,20,Not Deployed,0,Not Ejected,0,Not Ejected,0,No (Alcohol Not Involved),0,No (Alcohol Not Involved),0,Test Not Given,0,Test Not Given,996,Test Not Given,0,No (drugs not involved),0,Not Transported for Treatment,0,0,Occupant of a Motor Vehicle
202304646401,1,1,1,49,49,21,4,"West (MT, ID, WA, OR, CA, NV, NM, AZ, UT, CO, WY, AK, HI)",1,Urban Area,10,Stratum 10 - Other,4015,239.0037764,1,January,9,9:00am-9:59am,20,20,30,Utility Pole/Light Support,0,The First Harmful Event was Not a Collision with a Motor Vehicle In-Transport,0,No,2016.0,2016,515.0,Lexus,2214.0,RX,7.0,Sport Utility Vehicle (SUV)/Multi-Purpose Vehicle (MPV),59.0,Lexus,14.0,"Compact Utility (Utility Vehicle Categories ""Small"" and ""Midsize"")",0.0,Not Applicable,11.0,"Class 1: 6,000 lbs. or less (2,722 kg or less)",12.0,"Class 2: 6,001 - 10,000 lbs. (2,722 - 4,536 kg)",0.0,No Trailers,0.0,No Special Use Noted,0.0,Not Applicable,0.0,No Rollover,12.0,12 Clock Point,0.0,No or Not Reported,59403.0,Lexus RX330/350/400h/450h,30,30 Years,30,30 Years,2,Female,2,Female,1,Driver of a Motor Vehicle In-Transport,,,,,0,No Apparent Injury (O),0,No Apparent Injury (O),11,"Front Seat, Left Side",11,"Front Seat, Left Side",3,Shoulder and Lap Belt Used,0,No Indication of Misuse,20,Not Applicable,7,None Used/Not Applicable,9,Deployment- Unknown Location,0,Not Ejected,0,Not Ejected,0,No (Alcohol Not Involved),0,No (Alcohol Not Involved),0,Test Not Given,0,Test Not Given,996,Test Not Given,8,Not Reported,0,Not Transported for Treatment,0,0,Occupant of a Motor Vehicle
202304646421,2,1,1,35,35,13,3,"South (MD, DE, DC, WV, VA, KY, TN, NC, SC, GA, FL, AL, MS, LA, AR, OK, TX)",1,Urban Area,9,Stratum 9 - LMY PV No Injuries in Crash,4141,141.63889146,1,January,12,12:00pm-12:59pm,2,2,12,Motor Vehicle In-Transport,6,Angle,0,No,2008.0,2008,467.0,Chevrolet,1850.0,Silverado,60.0,Pickup,20.0,Chevrolet,34.0,Light Pickup,0.0,Not Applicable,12.0,"Class 2: 6,001 - 10,000 lbs. (2,722 - 4,536 kg)",12.0,"Class 2: 6,001 - 10,000 lbs. (2,722 - 4,536 kg)",0.0,No Trailers,0.0,No Special Use Noted,0.0,Not Applicable,0.0,No Rollover,5.0,5 Clock Point,0.0,No or Not Reported,20481.0,"Chevrolet C, K, R, V-series pickup/Silverado",35,35 Years,35,35 Years,1,Male,1,Male,1,Driver of a Motor Vehicle In-Transport,,,,,0,No Apparent Injury (O),0,No Apparent Injury (O),11,"Front Seat, Left Side",11,"Front Seat, Left Side",3,Shoulder and Lap Belt Used,0,No Indication of Misuse,20,Not Applicable,7,None Used/Not Applicable,20,Not Deployed,0,Not Ejected,0,Not Ejected,0,No (Alcohol Not Involved),0,No (Alcohol Not Involved),0,Test Not Given,0,Test Not Given,996,Test Not Given,0,No (drugs not involved),0,Not Transported for Treatment,0,0,Occupant of a Motor Vehicle
202304646421,2,2,1,35,35,13,3,"South (MD, DE, DC, WV, VA, KY, TN, NC, SC, GA, FL, AL, MS, LA, AR, OK, TX)",1,Urban Area,9,Stratum 9 - LMY PV No Injuries in Crash,4141,141.63889146,1,January,12,12:00pm-12:59pm,2,2,12,Motor Vehicle In-Transport,6,Angle,0,No,2022.0,2022,499.0,Kia,2460.0,Soul,7.0,Sport Utility Vehicle (SUV)/Multi-Purpose Vehicle (MPV),63.0,KIA,14.0,"Compact Utility (Utility Vehicle Categories ""Small"" and ""Midsize"")",0.0,Not Applicable,11.0,"Class 1: 6,000 lbs. or less (2,722 kg or less)",11.0,"Class 1: 6,000 lbs. or less (2,722 kg or less)",0.0,No Trailers,0.0,No Special Use Noted,0.0,Not Applicable,0.0,No Rollover,11.0,11 Clock Point,0.0,No or Not Reported,63498.0,KIA Other (Light Truck),22,22 Years,22,22 Years,2,Female,2,Female,1,Driver of a Motor Vehicle In-Transport,,,,,0,No Apparent Injury (O),0,No Apparent Injury (O),11,"Front Seat, Left Side",11,"Front Seat, Left Side",3,Shoulder and Lap Belt Used,0,No Indication of Misuse,20,Not Applicable,7,None Used/Not Applicable,20,Not Deployed,0,Not Ejected,0,Not Ejected,0,No (Alcohol Not Involved),0,No (Alcohol Not Involved),0,Test Not Given,0,Test Not Given,996,Test Not Given,0,No (drugs not involved),0,Not Transported for Treatment,0,0,Occupant of a Motor Vehicle
202304646462,4,1,1,58,58,6,2,"Midwest (OH, IN, IL, MI, WI, MN, ND, SD, NE, IA, MO, KS)",1,Urban Area,7,Stratum 7 - M/H Truck or Bus,4143,153.81694225,1,January,17,5:00pm-5:59pm,0,0,12,Motor Vehicle In-Transport,1,Front-to-Rear,0,No,2008.0,2008,499.0,Kia,5499.0,Spectra,13.0,Sedan/Saloon,63.0,KIA,4.0,"4-door sedan, hardtop",0.0,Not Applicable,11.0,"Class 1: 6,000 lbs. or less (2,722 kg or less)",11.0,"Class 1: 6,000 lbs. or less (2,722 kg or less)",0.0,No Trailers,0.0,No Special Use Noted,0.0,Not Applicable,0.0,No Rollover,12.0,12 Clock Point,0.0,No or Not Reported,63033.0,KIA Spectra/Spectra5,18,18 Years,18,18 Years,2,Female,2,Female,1,Driver of a Motor Vehicle In-Transport,,,,,0,No Apparent Injury (O),0,No Apparent Injury (O),11,"Front Seat, Left Side",11,"Front Seat, Left Side",3,Shoulder and Lap Belt Used,0,No Indication of Misuse,20,Not Applicable,7,None Used/Not Applicable,20,Not Deployed,0,Not Ejected,0,Not Ejected,0,No (Alcohol Not Involved),0,No (Alcohol Not Involved),0,Test Not Given,0,Test Not Given,996,Test Not Given,0,No (drugs not involved),0,Not Transported for Treatment,0,0,Occupant of a Motor Vehicle
202304646462,4,2,1,58,58,6,2,"Midwest (OH, IN, IL, MI, WI, MN, ND, SD, NE, IA, MO, KS)",1,Urban Area,7,Stratum 7 - M/H Truck or Bus,4143,153.81694225,1,January,17,5:00pm-5:59pm,0,0,12,Motor Vehicle In-Transport,1,Front-to-Rear,0,No,2010.0,2010,448.0,Toyota,2469.0,Camry,13.0,Sedan/Saloon,49.0,Toyota,4.0,"4-door sedan, hardtop",0.0,Not Applicable,11.0,"Class 1: 6,000 lbs. or less (2,722 kg or less)",11.0,"Class 1: 6,000 lbs. or less (2,722 kg or less)",0.0,No Trailers,0.0,No Special Use Noted,0.0,Not Applicable,0.0,No Rollover,6.0,6 Clock Point,0.0,No or Not Reported,49040.0,Toyota Camry,35,35 Years,35,35 Years,1,Male,1,Male,1,Driver of a Motor Vehicle In-Transport,,,,,0,No Apparent Injury (O),0,No Apparent Injury (O),11,"Front Seat, Left Side",11,"Front Seat, Left Side",20,None Used/Not Applicable,7,None Used/Not Applicable,20,Not Applicable,7,None Used/Not Applicable,20,Not Deployed,0,Not Ejected,0,Not Ejected,0,No (Alcohol Not Involved),0,No (Alcohol Not Involved),0,Test Not Given,0,Test Not Given,996,Test Not Given,0,No (drugs not involved),0,Not Transported for Treatment,0,0,Occupant of a Motor Vehicle
202304646462,4,3,1,58,58,6,2,"Midwest (OH, IN, IL, MI, WI, MN, ND, SD, NE, IA, MO, KS)",1,Urban Area,7,Stratum 7 - M/H Truck or Bus,4143,153.81694225,1,January,17,5:00pm-5:59pm,0,0,12,Motor Vehicle In-Transport,1,Front-to-Rear,0,No,2004.0,2004,448.0,Toyota,2465.0,Avalon,13.0,Sedan/Saloon,49.0,Toyota,4.0,"4-door sedan, hardtop",0.0,Not Applicable,11.0,"Class 1: 6,000 lbs. or less (2,722 kg or less)",11.0,"Class 1: 6,000 lbs. or less (2,722 kg or less)",0.0,No Trailers,0.0,No Special Use Noted,0.0,Not Applicable,0.0,No Rollover,6.0,6 Clock Point,0.0,No or Not Reported,49043.0,Toyota Avalon,60,60 Years,60,60 Years,1,Male,1,Male,1,Driver of a Motor Vehicle In-Transport,,,,,2,Suspected Minor Injury (B),2,Suspected Minor Injury (B),11,"Front Seat, Left Side",11,"Front Seat, Left Side",3,Shoulder and Lap Belt Used,0,No Indication of Misuse,20,Not Applicable,7,None Used/Not Applicable,20,Not Deployed,0,Not Ejected,0,Not Ejected,0,No (Alcohol Not Involved),0,No (Alcohol Not Involved),0,Test Not Given,0,Test Not Given,996,Test Not Given,0,No (drugs not involved),5,EMS Ground,0,0,Occupant of a Motor Vehicle
202304646462,4,4,1,58,58,6,2,"Midwest (OH, IN, IL, MI, WI, MN, ND, SD, NE, IA, MO, KS)",1,Urban Area,7,Stratum 7 - M/H Truck or Bus,4143,153.81694225,1,January,17,5:00pm-5:59pm,0,0,12,Motor Vehicle In-Transport,1,Front-to-Rear,0,No,2013.0,2013,526.0,International,2649.0,MA025,11.0,Truck,84.0,International Harvester/Navistar,62.0,"Single-unit straight truck or Cab-Chassis (GVWR range 19,501 to 26,000 lbs.)",0.0,Not Applicable,16.0,"Class 6: 19,501 - 26,000 lbs. (8,845 - 11,794 kg)",16.0,"Class 6: 19,501 - 26,000 lbs. (8,845 - 11,794 kg)",0.0,No Trailers,0.0,No Special Use Noted,0.0,Not Applicable,0.0,No Rollover,6.0,6 Clock Point,0.0,No or Not Reported,84881.0,International Harvester/Navistar Medium/Heavy - CBE,36,36 Years,36,36 Years,1,Male,1,Male,1,Driver of a Motor Vehicle In-Transport,,,,,0,No Apparent Injury (O),0,No Apparent Injury (O),11,"Front Seat, Left Side",11,"Front Seat, Left Side",3,Shoulder and Lap Belt Used,0,No Indication of Misuse,20,Not Applicable,7,None Used/Not Applicable,20,Not Deployed,0,Not Ejected,0,Not Ejected,0,No (Alcohol Not Involved),0,No (Alcohol Not Involved),0,Test Not Given,0,Test Not Given,996,Test Not Given,0,No (drugs not involved),0,Not Transported for Treatment,0,0,Occupant of a Motor Vehicle
202304646466,2,1,1,75,75,19,3,"South (MD, DE, DC, WV, VA, KY, TN, NC, SC, GA, FL, AL, MS, LA, AR, OK, TX)",2,Rural Area,10,Stratum 10 - Other,4144,213.71816658,1,January,21,9:00pm-9:59pm,33,33,24,Guardrail Face,0,The First Harmful Event was Not a Collision with a Motor Vehicle In-Transport,0,No,2015.0,2015,467.0,Chevrolet,1832.0,Cruze,13.0,Sedan/Saloon,20.0,Chevrolet,8.0,"Sedan/Hardtop, number of doors unknown",0.0,Not Applicable,11.0,"Class 1: 6,000 lbs. or less (2,722 kg or less)",11.0,"Class 1: 6,000 lbs. or less (2,722 kg or less)",0.0,No Trailers,0.0,No Special Use Noted,0.0,Not Applicable,0.0,No Rollover,12.0,12 Clock Point,0.0,No or Not Reported,20025.0,Chevrolet Cruze,31,31 Years,31,31 Years,1,Male,1,Male,1,Driver of a Motor Vehicle In-Transport,,,,,0,No Apparent Injury (O),0,No Apparent Injury (O),11,"Front Seat, Left Side",11,"Front Seat, Left Side",3,Shoulder and Lap Belt Used,0,No Indication of Misuse,20,Not Applicable,7,None Used/Not Applicable,20,Not Deployed,0,Not Ejected,0,Not Ejected,0,No (Alcohol Not Involved),0,No (Alcohol Not Involved),0,Test Not Given,0,Test Not Given,996,Test Not Given,0,No (drugs not involved),0,Not Transported for Treatment,0,0,Occupant of a Motor Vehicle
202304646466,2,2,1,75,75,19,3,"South (MD, DE, DC, WV, VA, KY, TN, NC, SC, GA, FL, AL, MS, LA, AR, OK, TX)",2,Rural Area,10,Stratum 10 - Other,4144,213.71816658,1,January,21,9:00pm-9:59pm,33,33,24,Guardrail Face,0,The First Harmful Event was Not a Collision with a Motor Vehicle In-Transport,0,No,2008.0,2008,448.0,Toyota,2467.0,Tundra,60.0,Pickup,49.0,Toyota,34.0,Light Pickup,0.0,Not Applicable,12.0,"Class 2: 6,001 - 10,000 lbs. (2,722 - 4,536 kg)",12.0,"Class 2: 6,001 - 10,000 lbs. (2,722 - 4,536 kg)",1.0,One Trailer,0.0,No Special Use Noted,0.0,Not Applicable,3.0,Rollover,2.0,2 Clock Point,0.0,No or Not Reported,49482.0,Toyota Tundra,53,53 Years,53,53 Years,1,Male,1,Male,1,Driver of a Motor Vehicle In-Transport,,,,,0,No Apparent Injury (O),0,No Apparent Injury (O),11,"Front Seat, Left Side",11,"Front Seat, Left Side",3,Shoulder and Lap Belt Used,0,No Indication of Misuse,20,Not Applicable,7,None Used/Not Applicable,2,"Deployed- Side (door, seatback)",0,Not Ejected,0,Not Ejected,0,No (Alcohol Not Involved),0,No (Alcohol Not Involved),0,Test Not Given,0,Test Not Given,996,Test Not Given,0,No (drugs not involved),0,Not Transported for Treatment,0,0,Occupant of a Motor Vehicle
202304646514,2,1,1,83,83,13,3,"South (MD, DE, DC, WV, VA, KY, TN, NC, SC, GA, FL, AL, MS, LA, AR, OK, TX)",1,Urban Area,10,Stratum 10 - Other,4148,223.23894247,1,January,13,1:00pm-1:59pm,55,55,12,Motor Vehicle In-Transport,7,Sideswipe - Same Direction,0,No,2010.0,2010,448.0,Toyota,2213.0,Highlander,7.0,Sport Utility Vehicle (SUV)/Multi-Purpose Vehicle (MPV),49.0,Toyota,14.0,"Compact Utility (Utility Vehicle Categories ""Small"" and ""Midsize"")",0.0,Not Applicable,11.0,"Class 1: 6,000 lbs. or less (2,722 kg or less)",11.0,"Class 1: 6,000 lbs. or less (2,722 kg or less)",0.0,No Trailers,0.0,No Special Use Noted,0.0,Not Applicable,0.0,No Rollover,1.0,1 Clock Point,0.0,No or Not Reported,49403.0,Toyota Highlander,78,78 Years,78,78 Years,1,Male,1,Male,1,Driver of a Motor Vehicle In-Transport,,,,,0,No Apparent Injury (O),0,No Apparent Injury (O),11,"Front Seat, Left Side",11,"Front Seat, Left Side",3,Shoulder and Lap Belt Used,0,No Indication of Misuse,20,Not Applicable,7,None Used/Not Applicable,20,Not Deployed,0,Not Ejected,0,Not Ejected,0,No (Alcohol Not Involved),0,No (Alcohol Not Involved),0,Test Not Given,0,Test Not Given,996,Test Not Given,0,No (drugs not involved),0,Not Transported for Treatment,0,0,Occupant of a Motor Vehicle
202304646514,2,2,1,83,83,13,3,"South (MD, DE, DC, WV, VA, KY, TN, NC, SC, GA, FL, AL, MS, LA, AR, OK, TX)",1,Urban Area,10,Stratum 10 - Other,4148,223.23894247,1,January,13,1:00pm-1:59pm,55,55,12,Motor Vehicle In-Transport,7,Sideswipe - Same Direction,0,No,2012.0,2012,467.0,Chevrolet,1833.0,Impala,13.0,Sedan/Saloon,20.0,Chevrolet,4.0,"4-door sedan, hardtop",0.0,Not Applicable,11.0,"Class 1: 6,000 lbs. or less (2,722 kg or less)",11.0,"Class 1: 6,000 lbs. or less (2,722 kg or less)",0.0,No Trailers,0.0,No Special Use Noted,0.0,Not Applicable,0.0,No Rollover,10.0,10 Clock Point,0.0,No or Not Reported,20002.0,"Chevrolet Impala/Caprice (For SS from 2014 on, use 20-021.)",23,23 Years,23,23 Years,1,Male,1,Male,1,Driver of a Motor Vehicle In-Transport,,,,,0,No Apparent Injury (O),0,No Apparent Injury (O),11,"Front Seat, Left Side",11,"Front Seat, Left Side",3,Shoulder and Lap Belt Used,0,No Indication of Misuse,20,Not Applicable,7,None Used/Not Applicable,20,Not Deployed,0,Not Ejected,0,Not Ejected,0,No (Alcohol Not Involved),0,No (Alcohol Not Involved),0,Test Not Given,0,Test Not Given,996,Test Not Given,0,No (drugs not involved),0,Not Transported for Treatment,0,0,Occupant of a Motor Vehicle
202304646564,2,1,1,83,83,13,3,"South (MD, DE, DC, WV, VA, KY, TN, NC, SC, GA, FL, AL, MS, LA, AR, OK, TX)",1,Urban Area,9,Stratum 9 - LMY PV No Injuries in Crash,4148,141.94136347,1,January,22,10:00pm-10:59pm,0,0,12,Motor Vehicle In-Transport,7,Sideswipe - Same Direction,0,No,2017.0,2017,498.0,Hyundai,2298.0,Veloster,3.0,Coupe,55.0,Hyundai,9.0,Other or Unknown automobile type,0.0,Not Applicable,11.0,"Class 1: 6,000 lbs. or less (2,722 kg or less)",11.0,"Class 1: 6,000 lbs. or less (2,722 kg or less)",0.0,No Trailers,0.0,No Special Use Noted,0.0,Not Applicable,0.0,No Rollover,1.0,1 Clock Point,0.0,No or Not Reported,55042.0,Hyundai Veloster,37,37 Years,37,37 Years,2,Female,2,Female,1,Driver of a Motor Vehicle In-Transport,,,,,0,No Apparent Injury (O),0,No Apparent Injury (O),11,"Front Seat, Left Side",11,"Front Seat, Left Side",3,Shoulder and Lap Belt Used,0,No Indication of Misuse,20,Not Applicable,7,None Used/Not Applicable,20,Not Deployed,0,Not Ejected,0,Not Ejected,0,No (Alcohol Not Involved),0,No (Alcohol Not Involved),0,Test Not Given,0,Test Not Given,996,Test Not Given,0,No (drugs not involved),0,Not Transported for Treatment,0,0,Occupant of a Motor Vehicle
202304646564,2,2,1,83,83,13,3,"South (MD, DE, DC, WV, VA, KY, TN, NC, SC, GA, FL, AL, MS, LA, AR, OK, TX)",1,Urban Area,9,Stratum 9 - LMY PV No Injuries in Crash,4148,141.94136347,1,January,22,10:00pm-10:59pm,0,0,12,Motor Vehicle In-Transport,7,Sideswipe - Same Direction,0,No,2019.0,2019,478.0,Nissan,1904.0,Altima,13.0,Sedan/Saloon,35.0,Nissan/Datsun,4.0,"4-door sedan, hardtop",0.0,Not Applicable,11.0,"Class 1: 6,000 lbs. or less (2,722 kg or less)",11.0,"Class 1: 6,000 lbs. or less (2,722 kg or less)",0.0,No Trailers,0.0,No Special Use Noted,0.0,Not Applicable,0.0,No Rollover,8.0,8 Clock Point,0.0,No or Not Reported,35047.0,Nissan/Datsun Altima,36,36 Years,36,36 Years,2,Female,2,Female,1,Driver of a Motor Vehicle In-Transport,,,,,0,No Apparent Injury (O),0,No Apparent Injury (O),11,"Front Seat, Left Side",11,"Front Seat, Left Side",3,Shoulder and Lap Belt Used,0,No Indication of Misuse,20,Not Applicable,7,None Used/Not Applicable,20,Not Deployed,0,Not Ejected,0,Not Ejected,0,No (Alcohol Not Involved),0,No (Alcohol Not Involved),0,Test Not Given,0,Test Not Given,996,Test Not Given,0,No (drugs not involved),0,Not Transported for Treatment,0,0,Occupant of a Motor Vehicle
202304646564,2,2,2,83,83,13,3,"South (MD, DE, DC, WV, VA, KY, TN, NC, SC, GA, FL, AL, MS, LA, AR, OK, TX)",1,Urban Area,9,Stratum 9 - LMY PV No Injuries in Crash,4148,141.94136347,1,January,22,10:00pm-10:59pm,0,0,12,Motor Vehicle In-Transport,7,Sideswipe - Same Direction,0,No,2019.0,2019,478.0,Nissan,1904.0,Altima,13.0,Sedan/Saloon,35.0,Nissan/Datsun,4.0,"4-door sedan, hardtop",0.0,Not Applicable,11.0,"Class 1: 6,000 lbs. or less (2,722 kg or less)",11.0,"Class 1: 6,000 lbs. or less (2,722 kg or less)",0.0,No Trailers,0.0,No Special Use Noted,0.0,Not Applicable,0.0,No Rollover,8.0,8 Clock Point,0.0,No or Not Reported,35047.0,Nissan/Datsun Altima,38,38 Years,38,38 Years,1,Male,1,Male,2,Passenger of a Motor Vehicle In-Transport,,,,,0,No Apparent Injury (O),0,No Apparent Injury (O),13,"Front Seat, Right Side",13,"Front Seat, Right Side",3,Shoulder and Lap Belt Used,0,No Indication of Misuse,20,Not Applicable,7,None Used/Not Applicable,20,Not Deployed,0,Not Ejected,0,Not Ejected,0,No (Alcohol Not Involved),0,No (Alcohol Not Involved),0,Test Not Given,0,Test Not Given,996,Test Not Given,0,No (drugs not involved),0,Not Transported for Treatment,0,0,Occupant of a Motor Vehicle
202304646590,2,1,1,25,25,8,2,"Midwest (OH, IN, IL, MI, WI, MN, ND, SD, NE, IA, MO, KS)",1,Urban Area,10,Stratum 10 - Other,4150,218.84769319,1,January,10,10:00am-10:59am,0,0,12,Motor Vehicle In-Transport,1,Front-to-Rear,0,No,2018.0,2018,481.0,Mitsubishi,2163.0,Outlander,7.0,Sport Utility Vehicle (SUV)/Multi-Purpose Vehicle (MPV),52.0,Mitsubishi,6.0,Station Wagon (excluding van and truck based),0.0,Not Applicable,11.0,"Class 1: 6,000 lbs. or less (2,722 kg or less)",11.0,"Class 1: 6,000 lbs. or less (2,722 kg or less)",0.0,No Trailers,0.0,No Special Use Noted,0.0,Not Applicable,0.0,No Rollover,6.0,6 Clock Point,0.0,No or Not Reported,52047.0,"Mitsubishi Outlander (For 2003-2018 only.  For model years 2019 on, see 52-404.)",43,43 Years,43,43 Years,2,Female,2,Female,1,Driver of a Motor Vehicle In-Transport,,,,,0,No Apparent Injury (O),0,No Apparent Injury (O),11,"Front Seat, Left Side",11,"Front Seat, Left Side",3,Shoulder and Lap Belt Used,0,No Indication of Misuse,20,Not Applicable,7,None Used/Not Applicable,20,Not Deployed,0,Not Ejected,0,Not Ejected,8,Not Reported,0,No (Alcohol Not Involved),0,Test Not Given,0,Test Not Given,996,Test Not Given,8,Not Reported,0,Not Transported for Treatment,0,0,Occupant of a Motor Vehicle
202304646590,2,1,2,25,25,8,2,"Midwest (OH, IN, IL, MI, WI, MN, ND, SD, NE, IA, MO, KS)",1,Urban Area,10,Stratum 10 - Other,4150,218.84769319,1,January,10,10:00am-10:59am,0,0,12,Motor Vehicle In-Transport,1,Front-to-Rear,0,No,2018.0,2018,481.0,Mitsubishi,2163.0,Outlander,7.0,Sport Utility Vehicle (SUV)/Multi-Purpose Vehicle (MPV),52.0,Mitsubishi,6.0,Station Wagon (excluding van and truck based),0.0,Not Applicable,11.0,"Class 1: 6,000 lbs. or less (2,722 kg or less)",11.0,"Class 1: 6,000 lbs. or less (2,722 kg or less)",0.0,No Trailers,0.0,No Special Use Noted,0.0,Not Applicable,0.0,No Rollover,6.0,6 Clock Point,0.0,No or Not Reported,52047.0,"Mitsubishi Outlander (For 2003-2018 only.  For model years 2019 on, see 52-404.)",44,44 Years,44,44 Years,1,Male,1,Male,2,Passenger of a Motor Vehicle In-Transport,,,,,0,No Apparent Injury (O),0,No Apparent Injury (O),13,"Front Seat, Right Side",13,"Front Seat, Right Side",3,Shoulder and Lap Belt Used,0,No Indication of Misuse,20,Not Applicable,7,None Used/Not Applicable,20,Not Deployed,0,Not Ejected,0,Not Ejected,8,Not Reported,0,No (Alcohol Not Involved),0,Test Not Given,0,Test Not Given,996,Test Not Given,8,Not Reported,0,Not Transported for Treatment,0,0,Occupant of a Motor Vehicle
202304646590,2,2,1,25,25,8,2,"Midwest (OH, IN, IL, MI, WI, MN, ND, SD, NE, IA, MO, KS)",1,Urban Area,10,Stratum 10 - Other,4150,218.84769319,1,January,10,10:00am-10:59am,0,0,12,Motor Vehicle In-Transport,1,Front-to-Rear,0,No,2016.0,2016,496.0,Ram,13620.0,1500,60.0,Pickup,7.0,Dodge,34.0,Light Pickup,0.0,Not Applicable,12.0,"Class 2: 6,001 - 10,000 lbs. (2,722 - 4,536 kg)",12.0,"Class 2: 6,001 - 10,000 lbs. (2,722 - 4,536 kg)",0.0,No Trailers,0.0,No Special Use Noted,0.0,Not Applicable,0.0,No Rollover,12.0,12 Clock Point,0.0,No or Not Reported,7482.0,Dodge Ram Pickup,50,50 Years,50,50 Years,1,Male,1,Male,1,Driver of a Motor Vehicle In-Transport,,,,,0,No Apparent Injury (O),0,No Apparent Injury (O),11,"Front Seat, Left Side",11,"Front Seat, Left Side",3,Shoulder and Lap Belt Used,0,No Indication of Misuse,20,Not Applicable,7,None Used/Not Applicable,20,Not Deployed,0,Not Ejected,0,Not Ejected,8,Not Reported,0,No (Alcohol Not Involved),0,Test Not Given,0,Test Not Given,996,Test Not Given,8,Not Reported,0,Not Transported for Treatment,0,0,Occupant of a Motor Vehicle
202304646592,1,1,1,25,25,8,2,"Midwest (OH, IN, IL, MI, WI, MN, ND, SD, NE, IA, MO, KS)",1,Urban Area,8,Stratum 8 - NLMY PV Minor Injury,4150,131.83084766,1,January,19,7:00pm-7:59pm,50,50,59,Traffic Sign Support,0,The First Harmful Event was Not a Collision with a Motor Vehicle In-Transport,0,No,2007.0,2007,536.0,Pontiac,4262.0,Grand Prix,13.0,Sedan/Saloon,22.0,Pontiac,4.0,"4-door sedan, hardtop",0.0,Not Applicable,11.0,"Class 1: 6,000 lbs. or less (2,722 kg or less)",11.0,"Class 1: 6,000 lbs. or less (2,722 kg or less)",0.0,No Trailers,0.0,No Special Use Noted,0.0,Not Applicable,0.0,No Rollover,12.0,12 Clock Point,0.0,No or Not Reported,22020.0,Pontiac Grand Prix (FWD),36,36 Years,36,36 Years,1,Male,1,Male,1,Driver of a Motor Vehicle In-Transport,,,,,2,Suspected Minor Injury (B),2,Suspected Minor Injury (B),11,"Front Seat, Left Side",11,"Front Seat, Left Side",20,None Used/Not Applicable,7,None Used/Not Applicable,20,Not Applicable,7,None Used/Not Applicable,9,Deployment- Unknown Location,0,Not Ejected,0,Not Ejected,8,Not Reported,0,No (Alcohol Not Involved),0,Test Not Given,0,Test Not Given,996,Test Not Given,1,Yes (drugs involved),5,EMS Ground,0,0,Occupant of a Motor Vehicle
202304646595,1,1,1,25,25,8,2,"Midwest (OH, IN, IL, MI, WI, MN, ND, SD, NE, IA, MO, KS)",1,Urban Area,9,Stratum 9 - LMY PV No Injuries in Crash,4150,138.4046856,1,January,8,8:00am-8:59am,7,7,24,Guardrail Face,0,The First Harmful Event was Not a Collision with a Motor Vehicle In-Transport,0,No,2019.0,2019,460.0,Ford,1797.0,Edge,7.0,Sport Utility Vehicle (SUV)/Multi-Purpose Vehicle (MPV),12.0,Ford,15.0,"Large utility (ANSI D16.1 Utility Vehicle Categories and ""Full Size"" and ""Large"")",0.0,Not Applicable,11.0,"Class 1: 6,000 lbs. or less (2,722 kg or less)",11.0,"Class 1: 6,000 lbs. or less (2,722 kg or less)",0.0,No Trailers,0.0,No Special Use Noted,0.0,Not Applicable,0.0,No Rollover,1.0,1 Clock Point,0.0,No or Not Reported,12424.0,"Ford Edge(For 2019 on.  For model years 2007-2018, see 12-024.)",23,23 Years,23,23 Years,2,Female,2,Female,1,Driver of a Motor Vehicle In-Transport,,,,,0,No Apparent Injury (O),0,No Apparent Injury (O),11,"Front Seat, Left Side",11,"Front Seat, Left Side",3,Shoulder and Lap Belt Used,0,No Indication of Misuse,20,Not Applicable,7,None Used/Not Applicable,20,Not Deployed,0,Not Ejected,0,Not Ejected,8,Not Reported,0,No (Alcohol Not Involved),0,Test Not Given,0,Test Not Given,996,Test Not Given,8,Not Reported,0,Not Transported for Treatment,0,0,Occupant of a Motor Vehicle
202304646596,1,1,1,77,77,9,2,"Midwest (OH, IN, IL, MI, WI, MN, ND, SD, NE, IA, MO, KS)",2,Rural Area,8,Stratum 8 - NLMY PV Minor Injury,4151,132.36109359,1,January,17,5:00pm-5:59pm,41,41,11,Live Animal,0,The First Harmful Event was Not a Collision with a Motor Vehicle In-Transport,0,No,2015.0,2015,460.0,Ford,1800.0,Explorer,7.0,Sport Utility Vehicle (SUV)/Multi-Purpose Vehicle (MPV),12.0,Ford,14.0,"Compact Utility (Utility Vehicle Categories ""Small"" and ""Midsize"")",0.0,Not Applicable,12.0,"Class 2: 6,001 - 10,000 lbs. (2,722 - 4,536 kg)",12.0,"Class 2: 6,001 - 10,000 lbs. (2,722 - 4,536 kg)",0.0,No Trailers,0.0,No Special Use Noted,0.0,Not Applicable,0.0,No Rollover,12.0,12 Clock Point,0.0,No or Not Reported,12401.0,"Ford Bronco (thru 1977)/Bronco II/Explorer/Explorer Sport (Explorer for 1990-2018 only.  For model years 2019 on, see 12-425.)",32,32 Years,32,32 Years,2,Female,2,Female,1,Driver of a Motor Vehicle In-Transport,,,,,1,Possible Injury (C),1,Possible Injury (C),11,"Front Seat, Left Side",11,"Front Seat, Left Side",3,Shoulder and Lap Belt Used,0,No Indication of Misuse,20,Not Applicable,7,None Used/Not Applicable,1,Deployed- Front,0,Not Ejected,0,Not Ejected,8,Not Reported,0,No (Alcohol Not Involved),0,Test Not Given,0,Test Not Given,996,Test Not Given,8,Not Reported,0,Not Transported for Treatment,0,0,Occupant of a Motor Vehicle
202304646596,1,1,2,77,77,9,2,"Midwest (OH, IN, IL, MI, WI, MN, ND, SD, NE, IA, MO, KS)",2,Rural Area,8,Stratum 8 - NLMY PV Minor Injury,4151,132.36109359,1,January,17,5:00pm-5:59pm,41,41,11,Live Animal,0,The First Harmful Event was Not a Collision with a Motor Vehicle In-Transport,0,No,2015.0,2015,460.0,Ford,1800.0,Explorer,7.0,Sport Utility Vehicle (SUV)/Multi-Purpose Vehicle (MPV),12.0,Ford,14.0,"Compact Utility (Utility Vehicle Categories ""Small"" and ""Midsize"")",0.0,Not Applicable,12.0,"Class 2: 6,001 - 10,000 lbs. (2,722 - 4,536 kg)",12.0,"Class 2: 6,001 - 10,000 lbs. (2,722 - 4,536 kg)",0.0,No Trailers,0.0,No Special Use Noted,0.0,Not Applicable,0.0,No Rollover,12.0,12 Clock Point,0.0,No or Not Reported,12401.0,"Ford Bronco (thru 1977)/Bronco II/Explorer/Explorer Sport (Explorer for 1990-2018 only.  For model years 2019 on, see 12-425.)",998,Not Reported,34,34 Years,8,Not Reported,2,Female,2,Passenger of a Motor Vehicle In-Transport,,,,,0,No Apparent Injury (O),0,No Apparent Injury (O),98,Not Reported,13,"Front Seat, Right Side",98,Not Reported,7,None Used/Not Applicable,20,Not Applicable,7,None Used/Not Applicable,98,Not Reported,7,Not Reported,0,Not Ejected,8,Not Reported,0,No (Alcohol Not Involved),0,Test Not Given,0,Test Not Given,996,Test Not Given,8,Not Reported,0,Not Transported for Treatment,0,0,Occupant of a Motor Vehicle
202304646607,1,1,1,67,67,8,2,"Midwest (OH, IN, IL, MI, WI, MN, ND, SD, NE, IA, MO, KS)",1,Urban Area,8,Stratum 8 - NLMY PV Minor Injury,4152,131.12772881,1,January,11,11:00am-11:59am,17,17,44,"Pavement Surface Irregularity (Ruts, Potholes, Grates, etc.)",0,The First Harmful Event was Not a Collision with a Motor Vehicle In-Transport,0,No,2000.0,2000,448.0,Toyota,2465.0,Avalon,13.0,Sedan/Saloon,49.0,Toyota,4.0,"4-door sedan, hardtop",0.0,Not Applicable,11.0,"Class 1: 6,000 lbs. or less (2,722 kg or less)",11.0,"Class 1: 6,000 lbs. or less (2,722 kg or less)",0.0,No Trailers,0.0,No Special Use Noted,0.0,Not Applicable,0.0,No Rollover,0.0,Non-Collision,0.0,No or Not Reported,49043.0,Toyota Avalon,25,25 Years,25,25 Years,2,Female,2,Female,1,Driver of a Motor Vehicle In-Transport,,,,,1,Possible Injury (C),1,Possible Injury (C),11,"Front Seat, Left Side",11,"Front Seat, Left Side",3,Shoulder and Lap Belt Used,0,No Indication of Misuse,20,Not Applicable,7,None Used/Not Applicable,20,Not Deployed,0,Not Ejected,0,Not Ejected,8,Not Reported,0,No (Alcohol Not Involved),0,Test Not Given,0,Test Not Given,996,Test Not Given,8,Not Reported,0,Not Transported for Treatment,0,0,Occupant of a Motor Vehicle
202304646640,2,1,1,39,39,7,2,"Midwest (OH, IN, IL, MI, WI, MN, ND, SD, NE, IA, MO, KS)",1,Urban Area,6,Stratum 6 - LMY PV Minor Injury,4154,51.955064137,1,January,15,3:00pm-3:59pm,8,8,12,Motor Vehicle In-Transport,7,Sideswipe - Same Direction,0,No,2020.0,2020,483.0,Jeep,1945.0,Cherokee,7.0,Sport Utility Vehicle (SUV)/Multi-Purpose Vehicle (MPV),2.0,Jeep / Kaiser-Jeep / Willys- Jeep,14.0,"Compact Utility (Utility Vehicle Categories ""Small"" and ""Midsize"")",0.0,Not Applicable,11.0,"Class 1: 6,000 lbs. or less (2,722 kg or less)",11.0,"Class 1: 6,000 lbs. or less (2,722 kg or less)",0.0,No Trailers,0.0,No Special Use Noted,0.0,Not Applicable,0.0,No Rollover,7.0,7 Clock Point,0.0,No or Not Reported,2404.0,Jeep / Kaiser-Jeep / Willys- Jeep Cherokee (1984-on) (For Grand Cherokee for 2014 on use 02-422.),64,64 Years,64,64 Years,1,Male,1,Male,1,Driver of a Motor Vehicle In-Transport,,,,,2,Suspected Minor Injury (B),2,Suspected Minor Injury (B),11,"Front Seat, Left Side",11,"Front Seat, Left Side",3,Shoulder and Lap Belt Used,0,No Indication of Misuse,20,Not Applicable,7,None Used/Not Applicable,20,Not Deployed,0,Not Ejected,0,Not Ejected,0,No (Alcohol Not Involved),0,No (Alcohol Not Involved),0,Test Not Given,0,Test Not Given,996,Test Not Given,0,No (drugs not involved),5,EMS Ground,0,0,Occupant of a Motor Vehicle
202304646640,2,2,1,39,39,7,2,"Midwest (OH, IN, IL, MI, WI, MN, ND, SD, NE, IA, MO, KS)",1,Urban Area,6,Stratum 6 - LMY PV Minor Injury,4154,51.955064137,1,January,15,3:00pm-3:59pm,8,8,12,Motor Vehicle In-Transport,7,Sideswipe - Same Direction,0,No,9998.0,Not Reported,99998.0,Not Reported,99998.0,Not Reported,998.0,Not Reported,97.0,Not Reported,98.0,Not Reported,0.0,Not Applicable,98.0,Not Reported,98.0,Not Reported,0.0,No Trailers,0.0,No Special Use Noted,0.0,Not Applicable,0.0,No Rollover,1.0,1 Clock Point,0.0,No or Not Reported,97997.0,Not Reported Not Reported,998,Not Reported,43,43 Years,8,Not Reported,1,Male,1,Driver of a Motor Vehicle In-Transport,,,,,9,Unknown/Not Reported,0,No Apparent Injury (O),11,"Front Seat, Left Side",11,"Front Seat, Left Side",98,Not Reported,7,None Used/Not Applicable,20,Not Applicable,7,None Used/Not Applicable,98,Not Reported,0,Not Ejected,0,Not Ejected,8,Not Reported,1,Yes (Alcohol Involved),0,Test Not Given,0,Test Not Given,996,Test Not Given,8,Not Reported,0,Not Transported for Treatment,0,0,Occupant of a Motor Vehicle
202304646787,2,1,1,59,59,10,3,"South (MD, DE, DC, WV, VA, KY, TN, NC, SC, GA, FL, AL, MS, LA, AR, OK, TX)",1,Urban Area,9,Stratum 9 - LMY PV No Injuries in Crash,4137,142.15884183,1,January,17,5:00pm-5:59pm,35,35,12,Motor Vehicle In-Transport,7,Sideswipe - Same Direction,0,No,2020.0,2020,478.0,Nissan,1907.0,Sentra,13.0,Sedan/Saloon,35.0,Nissan/Datsun,4.0,"4-door sedan, hardtop",0.0,Not Applicable,11.0,"Class 1: 6,000 lbs. or less (2,722 kg or less)",11.0,"Class 1: 6,000 lbs. or less (2,722 kg or less)",0.0,No Trailers,0.0,No Special Use Noted,0.0,Not Applicable,0.0,No Rollover,82.0,Right-Front Side,0.0,No or Not Reported,35043.0,Nissan/Datsun Sentra,69,69 Years,69,69 Years,2,Female,2,Female,1,Driver of a Motor Vehicle In-Transport,,,,,0,No Apparent Injury (O),0,No Apparent Injury (O),11,"Front Seat, Left Side",11,"Front Seat, Left Side",3,Shoulder and Lap Belt Used,0,No Indication of Misuse,20,Not Applicable,7,None Used/Not Applicable,20,Not Deployed,0,Not Ejected,0,Not Ejected,0,No (Alcohol Not Involved),0,No (Alcohol Not Involved),8,Not Reported,95,Not Reported,995,Not Reported,0,No (drugs not involved),0,Not Transported for Treatment,0,0,Occupant of a Motor Vehicle
202304646787,2,2,1,59,59,10,3,"South (MD, DE, DC, WV, VA, KY, TN, NC, SC, GA, FL, AL, MS, LA, AR, OK, TX)",1,Urban Area,9,Stratum 9 - LMY PV No Injuries in Crash,4137,142.15884183,1,January,17,5:00pm-5:59pm,35,35,12,Motor Vehicle In-Transport,7,Sideswipe - Same Direction,0,No,2018.0,2018,468.0,Buick,1842.0,Encore,7.0,Sport Utility Vehicle (SUV)/Multi-Purpose Vehicle (MPV),18.0,Buick / Opel,14.0,"Compact Utility (Utility Vehicle Categories ""Small"" and ""Midsize"")",0.0,Not Applicable,11.0,"Class 1: 6,000 lbs. or less (2,722 kg or less)",11.0,"Class 1: 6,000 lbs. or less (2,722 kg or less)",0.0,No Trailers,0.0,No Special Use Noted,0.0,Not Applicable,0.0,No Rollover,63.0,Left-Back Side,0.0,No or Not Reported,18404.0,Buick / Opel Encore,50,50 Years,50,50 Years,2,Female,2,Female,1,Driver of a Motor Vehicle In-Transport,,,,,0,No Apparent Injury (O),0,No Apparent Injury (O),11,"Front Seat, Left Side",11,"Front Seat, Left Side",3,Shoulder and Lap Belt Used,0,No Indication of Misuse,20,Not Applicable,7,None Used/Not Applicable,20,Not Deployed,0,Not Ejected,0,Not Ejected,0,No (Alcohol Not Involved),0,No (Alcohol Not Involved),8,Not Reported,95,Not Reported,995,Not Reported,0,No (drugs not involved),0,Not Transported for Treatment,0,0,Occupant of a Motor Vehicle
202304646818,2,1,1,59,59,10,3,"South (MD, DE, DC, WV, VA, KY, TN, NC, SC, GA, FL, AL, MS, LA, AR, OK, TX)",1,Urban Area,6,Stratum 6 - LMY PV Minor Injury,4137,54.478662618,1,January,15,3:00pm-3:59pm,30,30,12,Motor Vehicle In-Transport,6,Angle,0,No,9999.0,Unknown,99999.0,Unknown,99999.0,Unknown,999.0,Unknown,99.0,Unknown Make,79.0,Unknown truck type (light/medium/heavy),0.0,Not Applicable,98.0,Not Reported,98.0,Not Reported,0.0,No Trailers,99.0,Reported as Unknown,0.0,Not Applicable,0.0,No Rollover,12.0,12 Clock Point,0.0,No or Not Reported,99999.0,"Unknown Make Unknown (as to automobile, motored cycle, light truck or truck)",998,Not Reported,14,14 Years,8,Not Reported,2,Female,1,Driver of a Motor Vehicle In-Transport,,,,,9,Unknown/Not Reported,0,No Apparent Injury (O),11,"Front Seat, Left Side",11,"Front Seat, Left Side",98,Not Reported,7,None Used/Not Applicable,20,Not Applicable,7,None Used/Not Applicable,98,Not Reported,9,Reported as Unknown if Ejected,0,Not Ejected,9,Reported as Unknown,0,No (Alcohol Not Involved),8,Not Reported,95,Not Reported,995,Not Reported,9,Reported as Unknown,0,Not Transported for Treatment,0,0,Occupant of a Motor Vehicle
202304646818,2,2,1,59,59,10,3,"South (MD, DE, DC, WV, VA, KY, TN, NC, SC, GA, FL, AL, MS, LA, AR, OK, TX)",1,Urban Area,6,Stratum 6 - LMY PV Minor Injury,4137,54.478662618,1,January,15,3:00pm-3:59pm,30,30,12,Motor Vehicle In-Transport,6,Angle,0,No,2019.0,2019,467.0,Chevrolet,1832.0,Cruze,13.0,Sedan/Saloon,20.0,Chevrolet,4.0,"4-door sedan, hardtop",0.0,Not Applicable,11.0,"Class 1: 6,000 lbs. or less (2,722 kg or less)",11.0,"Class 1: 6,000 lbs. or less (2,722 kg or less)",0.0,No Trailers,0.0,No Special Use Noted,0.0,Not Applicable,0.0,No Rollover,1.0,1 Clock Point,0.0,No or Not Reported,20025.0,Chevrolet Cruze,24,24 Years,24,24 Years,2,Female,2,Female,1,Driver of a Motor Vehicle In-Transport,,,,,2,Suspected Minor Injury (B),2,Suspected Minor Injury (B),11,"Front Seat, Left Side",11,"Front Seat, Left Side",3,Shoulder and Lap Belt Used,0,No Indication of Misuse,20,Not Applicable,7,None Used/Not Applicable,20,Not Deployed,0,Not Ejected,0,Not Ejected,0,No (Alcohol Not Involved),0,No (Alcohol Not Involved),8,Not Reported,95,Not Reported,995,Not Reported,0,No (drugs not involved),0,Not Transported for Treatment,0,0,Occupant of a Motor Vehicle
202304646824,2,1,1,28,28,11,3,"South (MD, DE, DC, WV, VA, KY, TN, NC, SC, GA, FL, AL, MS, LA, AR, OK, TX)",1,Urban Area,9,Stratum 9 - LMY PV No Injuries in Crash,4139,141.34570405,1,January,19,7:00pm-7:59pm,33,33,12,Motor Vehicle In-Transport,1,Front-to-Rear,0,No,2022.0,2022,483.0,Jeep,1943.0,Wrangler,7.0,Sport Utility Vehicle (SUV)/Multi-Purpose Vehicle (MPV),2.0,Jeep / Kaiser-Jeep / Willys- Jeep,14.0,"Compact Utility (Utility Vehicle Categories ""Small"" and ""Midsize"")",0.0,Not Applicable,12.0,"Class 2: 6,001 - 10,000 lbs. (2,722 - 4,536 kg)",12.0,"Class 2: 6,001 - 10,000 lbs. (2,722 - 4,536 kg)",0.0,No Trailers,0.0,No Special Use Noted,0.0,Not Applicable,0.0,No Rollover,12.0,12 Clock Point,0.0,No or Not Reported,2403.0,Jeep / Kaiser-Jeep / Willys- Jeep YJ series/Wrangler,30,30 Years,30,30 Years,1,Male,1,Male,1,Driver of a Motor Vehicle In-Transport,,,,,0,No Apparent Injury (O),0,No Apparent Injury (O),11,"Front Seat, Left Side",11,"Front Seat, Left Side",3,Shoulder and Lap Belt Used,0,No Indication of Misuse,20,Not Applicable,7,None Used/Not Applicable,99,Reported as Deployment Unknown,0,Not Ejected,0,Not Ejected,0,No (Alcohol Not Involved),0,No (Alcohol Not Involved),8,Not Reported,95,Not Reported,995,Not Reported,0,No (drugs not involved),0,Not Transported for Treatment,0,0,Occupant of a Motor Vehicle
202304646824,2,2,1,28,28,11,3,"South (MD, DE, DC, WV, VA, KY, TN, NC, SC, GA, FL, AL, MS, LA, AR, OK, TX)",1,Urban Area,9,Stratum 9 - LMY PV No Injuries in Crash,4139,141.34570405,1,January,19,7:00pm-7:59pm,33,33,12,Motor Vehicle In-Transport,1,Front-to-Rear,0,No,2020.0,2020,448.0,Toyota,2208.0,Corolla,13.0,Sedan/Saloon,49.0,Toyota,4.0,"4-door sedan, hardtop",0.0,Not Applicable,11.0,"Class 1: 6,000 lbs. or less (2,722 kg or less)",11.0,"Class 1: 6,000 lbs. or less (2,722 kg or less)",0.0,No Trailers,0.0,No Special Use Noted,0.0,Not Applicable,0.0,No Rollover,6.0,6 Clock Point,0.0,No or Not Reported,49032.0,Toyota Corolla,25,25 Years,25,25 Years,1,Male,1,Male,1,Driver of a Motor Vehicle In-Transport,,,,,0,No Apparent Injury (O),0,No Apparent Injury (O),11,"Front Seat, Left Side",11,"Front Seat, Left Side",3,Shoulder and Lap Belt Used,0,No Indication of Misuse,20,Not Applicable,7,None Used/Not Applicable,20,Not Deployed,0,Not Ejected,0,Not Ejected,0,No (Alcohol Not Involved),0,No (Alcohol Not Involved),8,Not Reported,95,Not Reported,995,Not Reported,0,No (drugs not involved),0,Not Transported for Treatment,0,0,Occupant of a Motor Vehicle
202304646843,3,1,1,28,28,11,3,"South (MD, DE, DC, WV, VA, KY, TN, NC, SC, GA, FL, AL, MS, LA, AR, OK, TX)",1,Urban Area,6,Stratum 6 - LMY PV Minor Injury,4139,54.461391025,1,January,10,10:00am-10:59am,29,29,12,Motor Vehicle In-Transport,6,Angle,0,No,2022.0,2022,469.0,Cadillac,26603.0,CT5,13.0,Sedan/Saloon,19.0,Cadillac,4.0,"4-door sedan, hardtop",0.0,Not Applicable,11.0,"Class 1: 6,000 lbs. or less (2,722 kg or less)",11.0,"Class 1: 6,000 lbs. or less (2,722 kg or less)",0.0,No Trailers,0.0,No Special Use Noted,0.0,Not Applicable,0.0,No Rollover,12.0,12 Clock Point,0.0,No or Not Reported,19027.0,Cadillac CT5,26,26 Years,26,26 Years,2,Female,2,Female,1,Driver of a Motor Vehicle In-Transport,,,,,2,Suspected Minor Injury (B),2,Suspected Minor Injury (B),11,"Front Seat, Left Side",11,"Front Seat, Left Side",3,Shoulder and Lap Belt Used,0,No Indication of Misuse,20,Not Applicable,7,None Used/Not Applicable,1,Deployed- Front,0,Not Ejected,0,Not Ejected,0,No (Alcohol Not Involved),0,No (Alcohol Not Involved),8,Not Reported,95,Not Reported,995,Not Reported,0,No (drugs not involved),0,Not Transported for Treatment,0,0,Occupant of a Motor Vehicle
202304646843,3,2,1,28,28,11,3,"South (MD, DE, DC, WV, VA, KY, TN, NC, SC, GA, FL, AL, MS, LA, AR, OK, TX)",1,Urban Area,6,Stratum 6 - LMY PV Minor Injury,4139,54.461391025,1,January,10,10:00am-10:59am,29,29,12,Motor Vehicle In-Transport,6,Angle,0,No,2017.0,2017,498.0,Hyundai,16694.0,Santa Fe Sport,7.0,Sport Utility Vehicle (SUV)/Multi-Purpose Vehicle (MPV),55.0,Hyundai,14.0,"Compact Utility (Utility Vehicle Categories ""Small"" and ""Midsize"")",0.0,Not Applicable,11.0,"Class 1: 6,000 lbs. or less (2,722 kg or less)",11.0,"Class 1: 6,000 lbs. or less (2,722 kg or less)",0.0,No Trailers,0.0,No Special Use Noted,0.0,Not Applicable,0.0,No Rollover,1.0,1 Clock Point,0.0,No or Not Reported,55401.0,Hyundai Santa Fe,32,32 Years,32,32 Years,1,Male,1,Male,1,Driver of a Motor Vehicle In-Transport,,,,,1,Possible Injury (C),1,Possible Injury (C),11,"Front Seat, Left Side",11,"Front Seat, Left Side",3,Shoulder and Lap Belt Used,0,No Indication of Misuse,20,Not Applicable,7,None Used/Not Applicable,1,Deployed- Front,0,Not Ejected,0,Not Ejected,0,No (Alcohol Not Involved),0,No (Alcohol Not Involved),8,Not Reported,95,Not Reported,995,Not Reported,0,No (drugs not involved),0,Not Transported for Treatment,0,0,Occupant of a Motor Vehicle
202304646843,3,3,1,28,28,11,3,"South (MD, DE, DC, WV, VA, KY, TN, NC, SC, GA, FL, AL, MS, LA, AR, OK, TX)",1,Urban Area,6,Stratum 6 - LMY PV Minor Injury,4139,54.461391025,1,January,10,10:00am-10:59am,29,29,12,Motor Vehicle In-Transport,6,Angle,0,No,2014.0,2014,467.0,Chevrolet,1853.0,Traverse,7.0,Sport Utility Vehicle (SUV)/Multi-Purpose Vehicle (MPV),20.0,Chevrolet,15.0,"Large utility (ANSI D16.1 Utility Vehicle Categories and ""Full Size"" and ""Large"")",0.0,Not Applicable,12.0,"Class 2: 6,001 - 10,000 lbs. (2,722 - 4,536 kg)",12.0,"Class 2: 6,001 - 10,000 lbs. (2,722 - 4,536 kg)",0.0,No Trailers,0.0,No Special Use Noted,0.0,Not Applicable,0.0,No Rollover,12.0,12 Clock Point,0.0,No or Not Reported,20423.0,Chevrolet Traverse (2013 on.  For 2009-2012 see model 024.),46,46 Years,46,46 Years,1,Male,1,Male,1,Driver of a Motor Vehicle In-Transport,,,,,0,No Apparent Injury (O),0,No Apparent Injury (O),11,"Front Seat, Left Side",11,"Front Seat, Left Side",3,Shoulder and Lap Belt Used,0,No Indication of Misuse,20,Not Applicable,7,None Used/Not Applicable,20,Not Deployed,0,Not Ejected,0,Not Ejected,0,No (Alcohol Not Involved),0,No (Alcohol Not Involved),8,Not Reported,95,Not Reported,995,Not Reported,0,No (drugs not involved),0,Not Transported for Treatment,0,0,Occupant of a Motor Vehicle
202304646875,2,1,1,28,28,11,3,"South (MD, DE, DC, WV, VA, KY, TN, NC, SC, GA, FL, AL, MS, LA, AR, OK, TX)",1,Urban Area,8,Stratum 8 - NLMY PV Minor Injury,4139,135.09245684,1,January,14,2:00pm-2:59pm,32,32,12,Motor Vehicle In-Transport,6,Angle,0,No,2016.0,2016,476.0,Dodge,3508.0,Durango,7.0,Sport Utility Vehicle (SUV)/Multi-Purpose Vehicle (MPV),7.0,Dodge,15.0,"Large utility (ANSI D16.1 Utility Vehicle Categories and ""Full Size"" and ""Large"")",0.0,Not Applicable,12.0,"Class 2: 6,001 - 10,000 lbs. (2,722 - 4,536 kg)",12.0,"Class 2: 6,001 - 10,000 lbs. (2,722 - 4,536 kg)",0.0,No Trailers,0.0,No Special Use Noted,0.0,Not Applicable,0.0,No Rollover,12.0,12 Clock Point,0.0,No or Not Reported,7422.0,Dodge Durango (2004 on; see 402 for 1998-2003 models),41,41 Years,41,41 Years,1,Male,1,Male,1,Driver of a Motor Vehicle In-Transport,,,,,0,No Apparent Injury (O),0,No Apparent Injury (O),11,"Front Seat, Left Side",11,"Front Seat, Left Side",3,Shoulder and Lap Belt Used,0,No Indication of Misuse,20,Not Applicable,7,None Used/Not Applicable,20,Not Deployed,0,Not Ejected,0,Not Ejected,0,No (Alcohol Not Involved),0,No (Alcohol Not Involved),8,Not Reported,95,Not Reported,995,Not Reported,0,No (drugs not involved),0,Not Transported for Treatment,0,0,Occupant of a Motor Vehicle
202304646875,2,2,1,28,28,11,3,"South (MD, DE, DC, WV, VA, KY, TN, NC, SC, GA, FL, AL, MS, LA, AR, OK, TX)",1,Urban Area,8,Stratum 8 - NLMY PV Minor Injury,4139,135.09245684,1,January,14,2:00pm-2:59pm,32,32,12,Motor Vehicle In-Transport,6,Angle,0,No,2016.0,2016,498.0,Hyundai,2459.0,Sonata,13.0,Sedan/Saloon,55.0,Hyundai,4.0,"4-door sedan, hardtop",0.0,Not Applicable,11.0,"Class 1: 6,000 lbs. or less (2,722 kg or less)",11.0,"Class 1: 6,000 lbs. or less (2,722 kg or less)",0.0,No Trailers,0.0,No Special Use Noted,0.0,Not Applicable,0.0,No Rollover,11.0,11 Clock Point,0.0,No or Not Reported,55033.0,Hyundai Sonata,28,28 Years,28,28 Years,2,Female,2,Female,1,Driver of a Motor Vehicle In-Transport,,,,,2,Suspected Minor Injury (B),2,Suspected Minor Injury (B),11,"Front Seat, Left Side",11,"Front Seat, Left Side",3,Shoulder and Lap Belt Used,0,No Indication of Misuse,20,Not Applicable,7,None Used/Not Applicable,20,Not Deployed,0,Not Ejected,0,Not Ejected,0,No (Alcohol Not Involved),0,No (Alcohol Not Involved),8,Not Reported,95,Not Reported,995,Not Reported,0,No (drugs not involved),5,EMS Ground,0,0,Occupant of a Motor Vehicle
202304646924,3,1,1,12,12,12,3,"South (MD, DE, DC, WV, VA, KY, TN, NC, SC, GA, FL, AL, MS, LA, AR, OK, TX)",1,Urban Area,5,Stratum 5 - NLMY PV Serious Injury,4142,26.121574002,1,January,8,8:00am-8:59am,33,33,12,Motor Vehicle In-Transport,2,Front-to-Front,0,No,2007.0,2007,1056.0,Saturn,4781.0,Ion,13.0,Sedan/Saloon,24.0,Saturn,4.0,"4-door sedan, hardtop",0.0,Not Applicable,11.0,"Class 1: 6,000 lbs. or less (2,722 kg or less)",11.0,"Class 1: 6,000 lbs. or less (2,722 kg or less)",0.0,No Trailers,0.0,No Special Use Noted,0.0,Not Applicable,0.0,No Rollover,12.0,12 Clock Point,0.0,No or Not Reported,24007.0,Saturn Ion,19,19 Years,19,19 Years,2,Female,2,Female,1,Driver of a Motor Vehicle In-Transport,,,,,3,Suspected Serious Injury (A),3,Suspected Serious Injury (A),11,"Front Seat, Left Side",11,"Front Seat, Left Side",3,Shoulder and Lap Belt Used,0,No Indication of Misuse,20,Not Applicable,7,None Used/Not Applicable,1,Deployed- Front,0,Not Ejected,0,Not Ejected,0,No (Alcohol Not Involved),0,No (Alcohol Not Involved),0,Test Not Given,0,Test Not Given,996,Test Not Given,0,No (drugs not involved),5,EMS Ground,0,0,Occupant of a Motor Vehicle
202304646924,3,2,1,12,12,12,3,"South (MD, DE, DC, WV, VA, KY, TN, NC, SC, GA, FL, AL, MS, LA, AR, OK, TX)",1,Urban Area,5,Stratum 5 - NLMY PV Serious Injury,4142,26.121574002,1,January,8,8:00am-8:59am,33,33,12,Motor Vehicle In-Transport,2,Front-to-Front,0,No,2020.0,2020,450.0,Freightliner,2501.0,Cascadia,66.0,Truck-Tractor,82.0,Freightliner,66.0,"Truck-tractor (Cab only, or with any number of trailing unit; any weight)",0.0,Not Applicable,18.0,"Class 8: 33,001 lbs. and above (14,969 kg and above)",18.0,"Class 8: 33,001 lbs. and above (14,969 kg and above)",1.0,One Trailer,0.0,No Special Use Noted,0.0,Not Applicable,0.0,No Rollover,12.0,12 Clock Point,0.0,No or Not Reported,82881.0,Freightliner Medium/Heavy - CBE,28,28 Years,28,28 Years,1,Male,1,Male,1,Driver of a Motor Vehicle In-Transport,,,,,1,Possible Injury (C),1,Possible Injury (C),11,"Front Seat, Left Side",11,"Front Seat, Left Side",3,Shoulder and Lap Belt Used,0,No Indication of Misuse,20,Not Applicable,7,None Used/Not Applicable,20,Not Deployed,0,Not Ejected,0,Not Ejected,0,No (Alcohol Not Involved),0,No (Alcohol Not Involved),0,Test Not Given,0,Test Not Given,996,Test Not Given,0,No (drugs not involved),0,Not Transported for Treatment,0,0,Occupant of a Motor Vehicle
202304646924,3,2,2,12,12,12,3,"South (MD, DE, DC, WV, VA, KY, TN, NC, SC, GA, FL, AL, MS, LA, AR, OK, TX)",1,Urban Area,5,Stratum 5 - NLMY PV Serious Injury,4142,26.121574002,1,January,8,8:00am-8:59am,33,33,12,Motor Vehicle In-Transport,2,Front-to-Front,0,No,2020.0,2020,450.0,Freightliner,2501.0,Cascadia,66.0,Truck-Tractor,82.0,Freightliner,66.0,"Truck-tractor (Cab only, or with any number of trailing unit; any weight)",0.0,Not Applicable,18.0,"Class 8: 33,001 lbs. and above (14,969 kg and above)",18.0,"Class 8: 33,001 lbs. and above (14,969 kg and above)",1.0,One Trailer,0.0,No Special Use Noted,0.0,Not Applicable,0.0,No Rollover,12.0,12 Clock Point,0.0,No or Not Reported,82881.0,Freightliner Medium/Heavy - CBE,58,58 Years,58,58 Years,1,Male,1,Male,2,Passenger of a Motor Vehicle In-Transport,,,,,1,Possible Injury (C),1,Possible Injury (C),13,"Front Seat, Right Side",13,"Front Seat, Right Side",3,Shoulder and Lap Belt Used,0,No Indication of Misuse,20,Not Applicable,7,None Used/Not Applicable,20,Not Deployed,0,Not Ejected,0,Not Ejected,8,Not Reported,0,No (Alcohol Not Involved),0,Test Not Given,0,Test Not Given,996,Test Not Given,8,Not Reported,0,Not Transported for Treatment,0,0,Occupant of a Motor Vehicle
202304646924,3,3,1,12,12,12,3,"South (MD, DE, DC, WV, VA, KY, TN, NC, SC, GA, FL, AL, MS, LA, AR, OK, TX)",1,Urban Area,5,Stratum 5 - NLMY PV Serious Injury,4142,26.121574002,1,January,8,8:00am-8:59am,33,33,12,Motor Vehicle In-Transport,2,Front-to-Front,0,No,2014.0,2014,496.0,Ram,13622.0,3500,60.0,Pickup,7.0,Dodge,67.0,"Medium/heavy Pickup (GVWR greater than 10,000 lbs.)",0.0,Not Applicable,13.0,"Class 3: 10,001 - 14,000 lbs. (4,536 - 6,350 kg)",13.0,"Class 3: 10,001 - 14,000 lbs. (4,536 - 6,350 kg)",1.0,One Trailer,0.0,No Special Use Noted,0.0,Not Applicable,0.0,No Rollover,1.0,1 Clock Point,0.0,No or Not Reported,7880.0,"Dodge Medium/Heavy Pickup (pickup-style only - over 10,000 lbs)",60,60 Years,60,60 Years,1,Male,1,Male,1,Driver of a Motor Vehicle In-Transport,,,,,1,Possible Injury (C),1,Possible Injury (C),11,"Front Seat, Left Side",11,"Front Seat, Left Side",3,Shoulder and Lap Belt Used,0,No Indication of Misuse,20,Not Applicable,7,None Used/Not Applicable,20,Not Deployed,0,Not Ejected,0,Not Ejected,0,No (Alcohol Not Involved),0,No (Alcohol Not Involved),0,Test Not Given,0,Test Not Given,996,Test Not Given,0,No (drugs not involved),0,Not Transported for Treatment,0,0,Occupant of a Motor Vehicle
202304646962,2,1,1,12,12,12,3,"South (MD, DE, DC, WV, VA, KY, TN, NC, SC, GA, FL, AL, MS, LA, AR, OK, TX)",1,Urban Area,8,Stratum 8 - NLMY PV Minor Injury,4142,135.18572704,1,January,9,9:00am-9:59am,11,11,12,Motor Vehicle In-Transport,6,Angle,0,No,2003.0,2003,468.0,Buick,1822.0,Regal,13.0,Sedan/Saloon,18.0,Buick / Opel,4.0,"4-door sedan, hardtop",0.0,Not Applicable,11.0,"Class 1: 6,000 lbs. or less (2,722 kg or less)",11.0,"Class 1: 6,000 lbs. or less (2,722 kg or less)",0.0,No Trailers,0.0,No Special Use Noted,0.0,Not Applicable,0.0,No Rollover,12.0,12 Clock Point,0.0,No or Not Reported,18020.0,Buick / Opel Regal (FWD),44,44 Years,44,44 Years,2,Female,2,Female,1,Driver of a Motor Vehicle In-Transport,,,,,0,No Apparent Injury (O),0,No Apparent Injury (O),11,"Front Seat, Left Side",11,"Front Seat, Left Side",3,Shoulder and Lap Belt Used,0,No Indication of Misuse,20,Not Applicable,7,None Used/Not Applicable,20,Not Deployed,0,Not Ejected,0,Not Ejected,0,No (Alcohol Not Involved),0,No (Alcohol Not Involved),8,Not Reported,95,Not Reported,995,Not Reported,0,No (drugs not involved),0,Not Transported for Treatment,0,0,Occupant of a Motor Vehicle
202304646962,2,2,1,12,12,12,3,"South (MD, DE, DC, WV, VA, KY, TN, NC, SC, GA, FL, AL, MS, LA, AR, OK, TX)",1,Urban Area,8,Stratum 8 - NLMY PV Minor Injury,4142,135.18572704,1,January,9,9:00am-9:59am,11,11,12,Motor Vehicle In-Transport,6,Angle,0,No,2002.0,2002,474.0,Honda,1861.0,Accord,3.0,Coupe,37.0,Honda,2.0,"2-door sedan,hardtop,coupe",0.0,Not Applicable,11.0,"Class 1: 6,000 lbs. or less (2,722 kg or less)",11.0,"Class 1: 6,000 lbs. or less (2,722 kg or less)",0.0,No Trailers,0.0,No Special Use Noted,0.0,Not Applicable,0.0,No Rollover,8.0,8 Clock Point,0.0,No or Not Reported,37032.0,"Honda Accord (Note: For Crosstour model years 2010 and 2011 only. For Crosstour model years 2012-2015, see vehicle model 37-405)",37,37 Years,37,37 Years,1,Male,1,Male,1,Driver of a Motor Vehicle In-Transport,,,,,1,Possible Injury (C),1,Possible Injury (C),11,"Front Seat, Left Side",11,"Front Seat, Left Side",3,Shoulder and Lap Belt Used,0,No Indication of Misuse,20,Not Applicable,7,None Used/Not Applicable,20,Not Deployed,0,Not Ejected,0,Not Ejected,0,No (Alcohol Not Involved),0,No (Alcohol Not Involved),8,Not Reported,95,Not Reported,995,Not Reported,0,No (drugs not involved),0,Not Transported for Treatment,0,0,Occupant of a Motor Vehicle
202304647003,2,1,1,78,78,10,3,"South (MD, DE, DC, WV, VA, KY, TN, NC, SC, GA, FL, AL, MS, LA, AR, OK, TX)",1,Urban Area,9,Stratum 9 - LMY PV No Injuries in Crash,4146,141.59880277,1,January,7,7:00am-7:59am,40,40,12,Motor Vehicle In-Transport,1,Front-to-Rear,0,No,2015.0,2015,448.0,Toyota,2223.0,Tacoma,60.0,Pickup,49.0,Toyota,34.0,Light Pickup,0.0,Not Applicable,11.0,"Class 1: 6,000 lbs. or less (2,722 kg or less)",11.0,"Class 1: 6,000 lbs. or less (2,722 kg or less)",0.0,No Trailers,0.0,No Special Use Noted,0.0,Not Applicable,0.0,No Rollover,12.0,12 Clock Point,0.0,No or Not Reported,49472.0,Toyota Tacoma,25,25 Years,25,25 Years,1,Male,1,Male,1,Driver of a Motor Vehicle In-Transport,,,,,0,No Apparent Injury (O),0,No Apparent Injury (O),11,"Front Seat, Left Side",11,"Front Seat, Left Side",3,Shoulder and Lap Belt Used,0,No Indication of Misuse,20,Not Applicable,7,None Used/Not Applicable,8,Deployed- Combination,0,Not Ejected,0,Not Ejected,0,No (Alcohol Not Involved),0,No (Alcohol Not Involved),8,Not Reported,95,Not Reported,995,Not Reported,0,No (drugs not involved),0,Not Transported for Treatment,0,0,Occupant of a Motor Vehicle
202304647003,2,2,1,78,78,10,3,"South (MD, DE, DC, WV, VA, KY, TN, NC, SC, GA, FL, AL, MS, LA, AR, OK, TX)",1,Urban Area,9,Stratum 9 - LMY PV No Injuries in Crash,4146,141.59880277,1,January,7,7:00am-7:59am,40,40,12,Motor Vehicle In-Transport,1,Front-to-Rear,0,No,2020.0,2020,448.0,Toyota,2208.0,Corolla,13.0,Sedan/Saloon,49.0,Toyota,4.0,"4-door sedan, hardtop",0.0,Not Applicable,11.0,"Class 1: 6,000 lbs. or less (2,722 kg or less)",11.0,"Class 1: 6,000 lbs. or less (2,722 kg or less)",0.0,No Trailers,0.0,No Special Use Noted,0.0,Not Applicable,0.0,No Rollover,6.0,6 Clock Point,0.0,No or Not Reported,49032.0,Toyota Corolla,55,55 Years,55,55 Years,1,Male,1,Male,1,Driver of a Motor Vehicle In-Transport,,,,,0,No Apparent Injury (O),0,No Apparent Injury (O),11,"Front Seat, Left Side",11,"Front Seat, Left Side",3,Shoulder and Lap Belt Used,0,No Indication of Misuse,20,Not Applicable,7,None Used/Not Applicable,20,Not Deployed,0,Not Ejected,0,Not Ejected,0,No (Alcohol Not Involved),0,No (Alcohol Not Involved),8,Not Reported,95,Not Reported,995,Not Reported,0,No (drugs not involved),0,Not Transported for Treatment,0,0,Occupant of a Motor Vehicle
202304647071,1,1,1,22,22,5,1,"Northeast (PA, NJ, NY, NH, VT, RI, MA, ME, CT)",2,Rural Area,10,Stratum 10 - Other,4149,222.74751596,1,January,16,4:00pm-4:59pm,1,1,34,Ditch,0,The First Harmful Event was Not a Collision with a Motor Vehicle In-Transport,0,No,2007.0,2007,476.0,Dodge,1938.0,Ram,60.0,Pickup,7.0,Dodge,34.0,Light Pickup,0.0,Not Applicable,12.0,"Class 2: 6,001 - 10,000 lbs. (2,722 - 4,536 kg)",12.0,"Class 2: 6,001 - 10,000 lbs. (2,722 - 4,536 kg)",0.0,No Trailers,0.0,No Special Use Noted,0.0,Not Applicable,0.0,No Rollover,98.0,Not Reported,0.0,No or Not Reported,7482.0,Dodge Ram Pickup,20,20 Years,20,20 Years,1,Male,1,Male,1,Driver of a Motor Vehicle In-Transport,,,,,0,No Apparent Injury (O),0,No Apparent Injury (O),11,"Front Seat, Left Side",11,"Front Seat, Left Side",3,Shoulder and Lap Belt Used,0,No Indication of Misuse,20,Not Applicable,7,None Used/Not Applicable,20,Not Deployed,0,Not Ejected,0,Not Ejected,0,No (Alcohol Not Involved),0,No (Alcohol Not Involved),0,Test Not Given,0,Test Not Given,996,Test Not Given,0,No (drugs not involved),0,Not Transported for Treatment,0,0,Occupant of a Motor Vehicle
202304647076,1,1,1,77,77,9,2,"Midwest (OH, IN, IL, MI, WI, MN, ND, SD, NE, IA, MO, KS)",2,Rural Area,9,Stratum 9 - LMY PV No Injuries in Crash,4151,138.14428062,1,January,2,2:00am-2:59am,30,30,11,Live Animal,0,The First Harmful Event was Not a Collision with a Motor Vehicle In-Transport,0,No,2020.0,2020,460.0,Ford,1798.0,Escape,7.0,Sport Utility Vehicle (SUV)/Multi-Purpose Vehicle (MPV),12.0,Ford,14.0,"Compact Utility (Utility Vehicle Categories ""Small"" and ""Midsize"")",0.0,Not Applicable,11.0,"Class 1: 6,000 lbs. or less (2,722 kg or less)",11.0,"Class 1: 6,000 lbs. or less (2,722 kg or less)",0.0,No Trailers,0.0,No Special Use Noted,0.0,Not Applicable,0.0,No Rollover,12.0,12 Clock Point,0.0,No or Not Reported,12402.0,Ford Escape,50,50 Years,50,50 Years,2,Female,2,Female,1,Driver of a Motor Vehicle In-Transport,,,,,9,Unknown/Not Reported,0,No Apparent Injury (O),11,"Front Seat, Left Side",11,"Front Seat, Left Side",98,Not Reported,7,None Used/Not Applicable,20,Not Applicable,7,None Used/Not Applicable,98,Not Reported,7,Not Reported,0,Not Ejected,8,Not Reported,0,No (Alcohol Not Involved),0,Test Not Given,0,Test Not Given,996,Test Not Given,8,Not Reported,0,Not Transported for Treatment,0,0,Occupant of a Motor Vehicle
202304647096,1,1,1,39,39,7,2,"Midwest (OH, IN, IL, MI, WI, MN, ND, SD, NE, IA, MO, KS)",1,Urban Area,10,Stratum 10 - Other,4154,210.86019124,1,January,10,10:00am-10:59am,21,21,25,Concrete Traffic Barrier,0,The First Harmful Event was Not a Collision with a Motor Vehicle In-Transport,0,No,2017.0,2017,449.0,Mercedes-Benz,2085.0,C-Class,13.0,Sedan/Saloon,42.0,Mercedes-Benz,4.0,"4-door sedan, hardtop",0.0,Not Applicable,11.0,"Class 1: 6,000 lbs. or less (2,722 kg or less)",11.0,"Class 1: 6,000 lbs. or less (2,722 kg or less)",0.0,No Trailers,0.0,No Special Use Noted,0.0,Not Applicable,0.0,No Rollover,12.0,12 Clock Point,0.0,No or Not Reported,42042.0,Mercedes-Benz C Class (94 on),30,30 Years,30,30 Years,1,Male,1,Male,1,Driver of a Motor Vehicle In-Transport,,,,,0,No Apparent Injury (O),0,No Apparent Injury (O),11,"Front Seat, Left Side",11,"Front Seat, Left Side",3,Shoulder and Lap Belt Used,0,No Indication of Misuse,20,Not Applicable,7,None Used/Not Applicable,20,Not Deployed,0,Not Ejected,0,Not Ejected,0,No (Alcohol Not Involved),0,No (Alcohol Not Involved),0,Test Not Given,0,Test Not Given,996,Test Not Given,0,No (drugs not involved),0,Not Transported for Treatment,0,0,Occupant of a Motor Vehicle
202304647111,2,1,1,39,39,7,2,"Midwest (OH, IN, IL, MI, WI, MN, ND, SD, NE, IA, MO, KS)",1,Urban Area,9,Stratum 9 - LMY PV No Injuries in Crash,4154,134.35656935,1,January,17,5:00pm-5:59pm,17,17,12,Motor Vehicle In-Transport,1,Front-to-Rear,0,No,2017.0,2017,483.0,Jeep,1946.0,Compass,7.0,Sport Utility Vehicle (SUV)/Multi-Purpose Vehicle (MPV),2.0,Jeep / Kaiser-Jeep / Willys- Jeep,6.0,Station Wagon (excluding van and truck based),0.0,Not Applicable,11.0,"Class 1: 6,000 lbs. or less (2,722 kg or less)",11.0,"Class 1: 6,000 lbs. or less (2,722 kg or less)",0.0,No Trailers,0.0,No Special Use Noted,0.0,Not Applicable,0.0,No Rollover,12.0,12 Clock Point,0.0,No or Not Reported,2001.0,Jeep / Kaiser-Jeep / Willys- Jeep Compass,22,22 Years,22,22 Years,2,Female,2,Female,1,Driver of a Motor Vehicle In-Transport,,,,,0,No Apparent Injury (O),0,No Apparent Injury (O),11,"Front Seat, Left Side",11,"Front Seat, Left Side",3,Shoulder and Lap Belt Used,0,No Indication of Misuse,20,Not Applicable,7,None Used/Not Applicable,20,Not Deployed,0,Not Ejected,0,Not Ejected,0,No (Alcohol Not Involved),0,No (Alcohol Not Involved),0,Test Not Given,0,Test Not Given,996,Test Not Given,0,No (drugs not involved),0,Not Transported for Treatment,0,0,Occupant of a Motor Vehicle
202304647111,2,2,1,39,39,7,2,"Midwest (OH, IN, IL, MI, WI, MN, ND, SD, NE, IA, MO, KS)",1,Urban Area,9,Stratum 9 - LMY PV No Injuries in Crash,4154,134.35656935,1,January,17,5:00pm-5:59pm,17,17,12,Motor Vehicle In-Transport,1,Front-to-Rear,0,No,2020.0,2020,460.0,Ford,1800.0,Explorer,7.0,Sport Utility Vehicle (SUV)/Multi-Purpose Vehicle (MPV),12.0,Ford,15.0,"Large utility (ANSI D16.1 Utility Vehicle Categories and ""Full Size"" and ""Large"")",0.0,Not Applicable,12.0,"Class 2: 6,001 - 10,000 lbs. (2,722 - 4,536 kg)",12.0,"Class 2: 6,001 - 10,000 lbs. (2,722 - 4,536 kg)",0.0,No Trailers,5.0,Police,2.0,"Non-Emergency, Non-Transport",0.0,No Rollover,6.0,6 Clock Point,0.0,No or Not Reported,12425.0,Ford Explorer (For 2019 on.  For model years 1990-2018 see 12-401.),39,39 Years,39,39 Years,1,Male,1,Male,1,Driver of a Motor Vehicle In-Transport,,,,,0,No Apparent Injury (O),0,No Apparent Injury (O),11,"Front Seat, Left Side",11,"Front Seat, Left Side",3,Shoulder and Lap Belt Used,0,No Indication of Misuse,20,Not Applicable,7,None Used/Not Applicable,20,Not Deployed,0,Not Ejected,0,Not Ejected,0,No (Alcohol Not Involved),0,No (Alcohol Not Involved),0,Test Not Given,0,Test Not Given,996,Test Not Given,0,No (drugs not involved),0,Not Transported for Treatment,0,0,Occupant of a Motor Vehicle
202304647132,2,1,1,60,60,21,4,"West (MT, ID, WA, OR, CA, NV, NM, AZ, UT, CO, WY, AK, HI)",1,Urban Area,8,Stratum 8 - NLMY PV Minor Injury,232,155.41241244,1,January,18,6:00pm-6:59pm,21,21,12,Motor Vehicle In-Transport,6,Angle,0,No,2010.0,2010,448.0,Toyota,2469.0,Camry,999.0,Unknown,49.0,Toyota,9.0,Other or Unknown automobile type,0.0,Not Applicable,11.0,"Class 1: 6,000 lbs. or less (2,722 kg or less)",12.0,"Class 2: 6,001 - 10,000 lbs. (2,722 - 4,536 kg)",0.0,No Trailers,0.0,No Special Use Noted,0.0,Not Applicable,0.0,No Rollover,12.0,12 Clock Point,0.0,No or Not Reported,49040.0,Toyota Camry,23,23 Years,23,23 Years,1,Male,1,Male,1,Driver of a Motor Vehicle In-Transport,,,,,1,Possible Injury (C),1,Possible Injury (C),11,"Front Seat, Left Side",11,"Front Seat, Left Side",3,Shoulder and Lap Belt Used,0,No Indication of Misuse,20,Not Applicable,7,None Used/Not Applicable,20,Not Deployed,0,Not Ejected,0,Not Ejected,0,No (Alcohol Not Involved),0,No (Alcohol Not Involved),0,Test Not Given,0,Test Not Given,996,Test Not Given,8,Not Reported,0,Not Transported for Treatment,0,0,Occupant of a Motor Vehicle
202304647132,2,2,1,60,60,21,4,"West (MT, ID, WA, OR, CA, NV, NM, AZ, UT, CO, WY, AK, HI)",1,Urban Area,8,Stratum 8 - NLMY PV Minor Injury,232,155.41241244,1,January,18,6:00pm-6:59pm,21,21,12,Motor Vehicle In-Transport,6,Angle,0,No,2018.0,2018,448.0,Toyota,2217.0,RAV4,7.0,Sport Utility Vehicle (SUV)/Multi-Purpose Vehicle (MPV),49.0,Toyota,14.0,"Compact Utility (Utility Vehicle Categories ""Small"" and ""Midsize"")",0.0,Not Applicable,11.0,"Class 1: 6,000 lbs. or less (2,722 kg or less)",12.0,"Class 2: 6,001 - 10,000 lbs. (2,722 - 4,536 kg)",0.0,No Trailers,0.0,No Special Use Noted,0.0,Not Applicable,0.0,No Rollover,11.0,11 Clock Point,0.0,No or Not Reported,49402.0,Toyota RAV4 *,66,66 Years,66,66 Years,2,Female,2,Female,1,Driver of a Motor Vehicle In-Transport,,,,,0,No Apparent Injury (O),0,No Apparent Injury (O),11,"Front Seat, Left Side",11,"Front Seat, Left Side",3,Shoulder and Lap Belt Used,0,No Indication of Misuse,20,Not Applicable,7,None Used/Not Applicable,20,Not Deployed,0,Not Ejected,0,Not Ejected,0,No (Alcohol Not Involved),0,No (Alcohol Not Involved),0,Test Not Given,0,Test Not Given,996,Test Not Given,8,Not Reported,0,Not Transported for Treatment,0,0,Occupant of a Motor Vehicle
202304647135,2,1,1,10,10,21,4,"West (MT, ID, WA, OR, CA, NV, NM, AZ, UT, CO, WY, AK, HI)",1,Urban Area,6,Stratum 6 - LMY PV Minor Injury,318,65.921269697,1,January,8,8:00am-8:59am,0,0,12,Motor Vehicle In-Transport,1,Front-to-Rear,0,No,2020.0,2020,476.0,Dodge,1895.0,Charger,13.0,Sedan/Saloon,7.0,Dodge,4.0,"4-door sedan, hardtop",0.0,Not Applicable,11.0,"Class 1: 6,000 lbs. or less (2,722 kg or less)",11.0,"Class 1: 6,000 lbs. or less (2,722 kg or less)",0.0,No Trailers,5.0,Police,8.0,Not Reported,0.0,No Rollover,12.0,12 Clock Point,0.0,No or Not Reported,7024.0,Dodge Charger,26,26 Years,26,26 Years,1,Male,1,Male,1,Driver of a Motor Vehicle In-Transport,,,,,0,No Apparent Injury (O),0,No Apparent Injury (O),11,"Front Seat, Left Side",11,"Front Seat, Left Side",3,Shoulder and Lap Belt Used,0,No Indication of Misuse,20,Not Applicable,7,None Used/Not Applicable,20,Not Deployed,0,Not Ejected,0,Not Ejected,0,No (Alcohol Not Involved),0,No (Alcohol Not Involved),0,Test Not Given,0,Test Not Given,996,Test Not Given,8,Not Reported,0,Not Transported for Treatment,0,0,Occupant of a Motor Vehicle
202304647135,2,2,1,10,10,21,4,"West (MT, ID, WA, OR, CA, NV, NM, AZ, UT, CO, WY, AK, HI)",1,Urban Area,6,Stratum 6 - LMY PV Minor Injury,318,65.921269697,1,January,8,8:00am-8:59am,0,0,12,Motor Vehicle In-Transport,1,Front-to-Rear,0,No,2021.0,2021,448.0,Toyota,17213.0,C-HR,8.0,Crossover Utility Vehicle (CUV),49.0,Toyota,14.0,"Compact Utility (Utility Vehicle Categories ""Small"" and ""Midsize"")",0.0,Not Applicable,11.0,"Class 1: 6,000 lbs. or less (2,722 kg or less)",11.0,"Class 1: 6,000 lbs. or less (2,722 kg or less)",0.0,No Trailers,0.0,No Special Use Noted,0.0,Not Applicable,0.0,No Rollover,6.0,6 Clock Point,0.0,No or Not Reported,49405.0,Toyota C-HR,68,68 Years,68,68 Years,2,Female,2,Female,1,Driver of a Motor Vehicle In-Transport,,,,,2,Suspected Minor Injury (B),2,Suspected Minor Injury (B),11,"Front Seat, Left Side",11,"Front Seat, Left Side",3,Shoulder and Lap Belt Used,0,No Indication of Misuse,20,Not Applicable,7,None Used/Not Applicable,20,Not Deployed,0,Not Ejected,0,Not Ejected,0,No (Alcohol Not Involved),0,No (Alcohol Not Involved),0,Test Not Given,0,Test Not Given,996,Test Not Given,8,Not Reported,0,Not Transported for Treatment,0,0,Occupant of a Motor Vehicle
202304647135,2,2,2,10,10,21,4,"West (MT, ID, WA, OR, CA, NV, NM, AZ, UT, CO, WY, AK, HI)",1,Urban Area,6,Stratum 6 - LMY PV Minor Injury,318,65.921269697,1,January,8,8:00am-8:59am,0,0,12,Motor Vehicle In-Transport,1,Front-to-Rear,0,No,2021.0,2021,448.0,Toyota,17213.0,C-HR,8.0,Crossover Utility Vehicle (CUV),49.0,Toyota,14.0,"Compact Utility (Utility Vehicle Categories ""Small"" and ""Midsize"")",0.0,Not Applicable,11.0,"Class 1: 6,000 lbs. or less (2,722 kg or less)",11.0,"Class 1: 6,000 lbs. or less (2,722 kg or less)",0.0,No Trailers,0.0,No Special Use Noted,0.0,Not Applicable,0.0,No Rollover,6.0,6 Clock Point,0.0,No or Not Reported,49405.0,Toyota C-HR,71,71 Years,71,71 Years,1,Male,1,Male,2,Passenger of a Motor Vehicle In-Transport,,,,,0,No Apparent Injury (O),0,No Apparent Injury (O),13,"Front Seat, Right Side",13,"Front Seat, Right Side",3,Shoulder and Lap Belt Used,0,No Indication of Misuse,20,Not Applicable,7,None Used/Not Applicable,20,Not Deployed,0,Not Ejected,0,Not Ejected,8,Not Reported,0,No (Alcohol Not Involved),0,Test Not Given,0,Test Not Given,996,Test Not Given,8,Not Reported,0,Not Transported for Treatment,0,0,Occupant of a Motor Vehicle
202304647155,2,1,1,35,35,13,3,"South (MD, DE, DC, WV, VA, KY, TN, NC, SC, GA, FL, AL, MS, LA, AR, OK, TX)",1,Urban Area,10,Stratum 10 - Other,4141,222.47241975,1,January,12,12:00pm-12:59pm,45,45,12,Motor Vehicle In-Transport,6,Angle,0,No,2006.0,2006,448.0,Toyota,2210.0,SCION xB,7.0,Sport Utility Vehicle (SUV)/Multi-Purpose Vehicle (MPV),49.0,Toyota,6.0,Station Wagon (excluding van and truck based),0.0,Not Applicable,11.0,"Class 1: 6,000 lbs. or less (2,722 kg or less)",11.0,"Class 1: 6,000 lbs. or less (2,722 kg or less)",0.0,No Trailers,0.0,No Special Use Noted,0.0,Not Applicable,0.0,No Rollover,11.0,11 Clock Point,0.0,No or Not Reported,49049.0,Toyota Scion xB (2004-2011 only.  See Scion for 2012 on.),38,38 Years,38,38 Years,1,Male,1,Male,1,Driver of a Motor Vehicle In-Transport,,,,,0,No Apparent Injury (O),0,No Apparent Injury (O),11,"Front Seat, Left Side",11,"Front Seat, Left Side",3,Shoulder and Lap Belt Used,0,No Indication of Misuse,20,Not Applicable,7,None Used/Not Applicable,20,Not Deployed,0,Not Ejected,0,Not Ejected,0,No (Alcohol Not Involved),0,No (Alcohol Not Involved),0,Test Not Given,0,Test Not Given,996,Test Not Given,0,No (drugs not involved),0,Not Transported for Treatment,0,0,Occupant of a Motor Vehicle
202304647155,2,2,1,35,35,13,3,"South (MD, DE, DC, WV, VA, KY, TN, NC, SC, GA, FL, AL, MS, LA, AR, OK, TX)",1,Urban Area,10,Stratum 10 - Other,4141,222.47241975,1,January,12,12:00pm-12:59pm,45,45,12,Motor Vehicle In-Transport,6,Angle,0,No,2016.0,2016,460.0,Ford,1798.0,Escape,7.0,Sport Utility Vehicle (SUV)/Multi-Purpose Vehicle (MPV),12.0,Ford,14.0,"Compact Utility (Utility Vehicle Categories ""Small"" and ""Midsize"")",0.0,Not Applicable,11.0,"Class 1: 6,000 lbs. or less (2,722 kg or less)",11.0,"Class 1: 6,000 lbs. or less (2,722 kg or less)",0.0,No Trailers,0.0,No Special Use Noted,0.0,Not Applicable,0.0,No Rollover,12.0,12 Clock Point,0.0,No or Not Reported,12402.0,Ford Escape,75,75 Years,75,75 Years,1,Male,1,Male,1,Driver of a Motor Vehicle In-Transport,,,,,0,No Apparent Injury (O),0,No Apparent Injury (O),11,"Front Seat, Left Side",11,"Front Seat, Left Side",3,Shoulder and Lap Belt Used,0,No Indication of Misuse,20,Not Applicable,7,None Used/Not Applicable,20,Not Deployed,0,Not Ejected,0,Not Ejected,0,No (Alcohol Not Involved),0,No (Alcohol Not Involved),0,Test Not Given,0,Test Not Given,996,Test Not Given,0,No (drugs not involved),0,Not Transported for Treatment,0,0,Occupant of a Motor Vehicle
202304647155,2,2,2,35,35,13,3,"South (MD, DE, DC, WV, VA, KY, TN, NC, SC, GA, FL, AL, MS, LA, AR, OK, TX)",1,Urban Area,10,Stratum 10 - Other,4141,222.47241975,1,January,12,12:00pm-12:59pm,45,45,12,Motor Vehicle In-Transport,6,Angle,0,No,2016.0,2016,460.0,Ford,1798.0,Escape,7.0,Sport Utility Vehicle (SUV)/Multi-Purpose Vehicle (MPV),12.0,Ford,14.0,"Compact Utility (Utility Vehicle Categories ""Small"" and ""Midsize"")",0.0,Not Applicable,11.0,"Class 1: 6,000 lbs. or less (2,722 kg or less)",11.0,"Class 1: 6,000 lbs. or less (2,722 kg or less)",0.0,No Trailers,0.0,No Special Use Noted,0.0,Not Applicable,0.0,No Rollover,12.0,12 Clock Point,0.0,No or Not Reported,12402.0,Ford Escape,62,62 Years,62,62 Years,2,Female,2,Female,2,Passenger of a Motor Vehicle In-Transport,,,,,0,No Apparent Injury (O),0,No Apparent Injury (O),13,"Front Seat, Right Side",13,"Front Seat, Right Side",3,Shoulder and Lap Belt Used,0,No Indication of Misuse,20,Not Applicable,7,None Used/Not Applicable,20,Not Deployed,0,Not Ejected,0,Not Ejected,0,No (Alcohol Not Involved),0,No (Alcohol Not Involved),0,Test Not Given,0,Test Not Given,996,Test Not Given,0,No (drugs not involved),0,Not Transported for Treatment,0,0,Occupant of a Motor Vehicle
202304647155,2,2,3,35,35,13,3,"South (MD, DE, DC, WV, VA, KY, TN, NC, SC, GA, FL, AL, MS, LA, AR, OK, TX)",1,Urban Area,10,Stratum 10 - Other,4141,222.47241975,1,January,12,12:00pm-12:59pm,45,45,12,Motor Vehicle In-Transport,6,Angle,0,No,2016.0,2016,460.0,Ford,1798.0,Escape,7.0,Sport Utility Vehicle (SUV)/Multi-Purpose Vehicle (MPV),12.0,Ford,14.0,"Compact Utility (Utility Vehicle Categories ""Small"" and ""Midsize"")",0.0,Not Applicable,11.0,"Class 1: 6,000 lbs. or less (2,722 kg or less)",11.0,"Class 1: 6,000 lbs. or less (2,722 kg or less)",0.0,No Trailers,0.0,No Special Use Noted,0.0,Not Applicable,0.0,No Rollover,12.0,12 Clock Point,0.0,No or Not Reported,12402.0,Ford Escape,44,44 Years,44,44 Years,2,Female,2,Female,2,Passenger of a Motor Vehicle In-Transport,,,,,0,No Apparent Injury (O),0,No Apparent Injury (O),23,"Second Seat, Right Side",23,"Second Seat, Right Side",3,Shoulder and Lap Belt Used,0,No Indication of Misuse,20,Not Applicable,7,None Used/Not Applicable,20,Not Deployed,0,Not Ejected,0,Not Ejected,0,No (Alcohol Not Involved),0,No (Alcohol Not Involved),0,Test Not Given,0,Test Not Given,996,Test Not Given,0,No (drugs not involved),0,Not Transported for Treatment,0,0,Occupant of a Motor Vehicle
202304647159,1,1,1,35,35,13,3,"South (MD, DE, DC, WV, VA, KY, TN, NC, SC, GA, FL, AL, MS, LA, AR, OK, TX)",1,Urban Area,3,Stratum 3 - Motorcycle Any Injury,4141,26.208475541,1,January,11,11:00am-11:59am,23,23,24,Guardrail Face,0,The First Harmful Event was Not a Collision with a Motor Vehicle In-Transport,0,No,2019.0,2019,1768.0,Indian Motorcycle,11924.0,Scout Sixty,82.0,Motorcycle - Cruiser,98.0,Other Make,80.0,Two Wheel Motorcycle (excluding motor scooters),0.0,Not Applicable,11.0,"Class 1: 6,000 lbs. or less (2,722 kg or less)",11.0,"Class 1: 6,000 lbs. or less (2,722 kg or less)",0.0,No Trailers,0.0,No Special Use Noted,0.0,Not Applicable,8.0,Not Applicable,1.0,1 Clock Point,0.0,No or Not Reported,98706.0,Other Make 750cc or greater,73,73 Years,73,73 Years,2,Female,2,Female,1,Driver of a Motor Vehicle In-Transport,,,,,1,Possible Injury (C),1,Possible Injury (C),11,"Front Seat, Left Side",11,"Front Seat, Left Side",20,None Used/Not Applicable,7,None Used/Not Applicable,5,DOT-Compliant Motorcycle Helmet,0,No Indication of Misuse,20,Not Deployed,8,Not Applicable,8,Not Applicable,0,No (Alcohol Not Involved),0,No (Alcohol Not Involved),0,Test Not Given,0,Test Not Given,996,Test Not Given,0,No (drugs not involved),5,EMS Ground,0,0,Occupant of a Motor Vehicle
202304647188,1,1,1,32,32,17,3,"South (MD, DE, DC, WV, VA, KY, TN, NC, SC, GA, FL, AL, MS, LA, AR, OK, TX)",2,Rural Area,9,Stratum 9 - LMY PV No Injuries in Crash,4145,139.52294719,1,January,5,5:00am-5:59am,13,13,35,Embankment,0,The First Harmful Event was Not a Collision with a Motor Vehicle In-Transport,0,No,2021.0,2021,467.0,Chevrolet,4086.0,Colorado,60.0,Pickup,20.0,Chevrolet,34.0,Light Pickup,0.0,Not Applicable,11.0,"Class 1: 6,000 lbs. or less (2,722 kg or less)",11.0,"Class 1: 6,000 lbs. or less (2,722 kg or less)",0.0,No Trailers,0.0,No Special Use Noted,0.0,Not Applicable,0.0,No Rollover,1.0,1 Clock Point,0.0,No or Not Reported,20473.0,Chevrolet Colorado,51,51 Years,51,51 Years,1,Male,1,Male,1,Driver of a Motor Vehicle In-Transport,,,,,0,No Apparent Injury (O),0,No Apparent Injury (O),11,"Front Seat, Left Side",11,"Front Seat, Left Side",3,Shoulder and Lap Belt Used,0,No Indication of Misuse,20,Not Applicable,7,None Used/Not Applicable,20,Not Deployed,0,Not Ejected,0,Not Ejected,0,No (Alcohol Not Involved),0,No (Alcohol Not Involved),0,Test Not Given,0,Test Not Given,996,Test Not Given,0,No (drugs not involved),0,Not Transported for Treatment,0,0,Occupant of a Motor Vehicle
202304647214,1,1,1,83,83,13,3,"South (MD, DE, DC, WV, VA, KY, TN, NC, SC, GA, FL, AL, MS, LA, AR, OK, TX)",1,Urban Area,5,Stratum 5 - NLMY PV Serious Injury,4148,25.929429426,1,January,2,2:00am-2:59am,12,12,30,Utility Pole/Light Support,0,The First Harmful Event was Not a Collision with a Motor Vehicle In-Transport,0,No,2016.0,2016,498.0,Hyundai,2735.0,Elantra,13.0,Sedan/Saloon,55.0,Hyundai,4.0,"4-door sedan, hardtop",0.0,Not Applicable,11.0,"Class 1: 6,000 lbs. or less (2,722 kg or less)",11.0,"Class 1: 6,000 lbs. or less (2,722 kg or less)",0.0,No Trailers,0.0,No Special Use Noted,0.0,Not Applicable,0.0,No Rollover,3.0,3 Clock Point,0.0,No or Not Reported,55035.0,Hyundai Elantra,17,17 Years,17,17 Years,1,Male,1,Male,1,Driver of a Motor Vehicle In-Transport,,,,,3,Suspected Serious Injury (A),3,Suspected Serious Injury (A),11,"Front Seat, Left Side",11,"Front Seat, Left Side",99,Reported as Unknown,7,None Used/Not Applicable,20,Not Applicable,7,None Used/Not Applicable,8,Deployed- Combination,0,Not Ejected,0,Not Ejected,0,No (Alcohol Not Involved),0,No (Alcohol Not Involved),0,Test Not Given,0,Test Not Given,996,Test Not Given,0,No (drugs not involved),5,EMS Ground,0,0,Occupant of a Motor Vehicle
202304647214,1,1,2,83,83,13,3,"South (MD, DE, DC, WV, VA, KY, TN, NC, SC, GA, FL, AL, MS, LA, AR, OK, TX)",1,Urban Area,5,Stratum 5 - NLMY PV Serious Injury,4148,25.929429426,1,January,2,2:00am-2:59am,12,12,30,Utility Pole/Light Support,0,The First Harmful Event was Not a Collision with a Motor Vehicle In-Transport,0,No,2016.0,2016,498.0,Hyundai,2735.0,Elantra,13.0,Sedan/Saloon,55.0,Hyundai,4.0,"4-door sedan, hardtop",0.0,Not Applicable,11.0,"Class 1: 6,000 lbs. or less (2,722 kg or less)",11.0,"Class 1: 6,000 lbs. or less (2,722 kg or less)",0.0,No Trailers,0.0,No Special Use Noted,0.0,Not Applicable,0.0,No Rollover,3.0,3 Clock Point,0.0,No or Not Reported,55035.0,Hyundai Elantra,18,18 Years,18,18 Years,1,Male,1,Male,2,Passenger of a Motor Vehicle In-Transport,,,,,3,Suspected Serious Injury (A),3,Suspected Serious Injury (A),13,"Front Seat, Right Side",13,"Front Seat, Right Side",99,Reported as Unknown,7,None Used/Not Applicable,20,Not Applicable,7,None Used/Not Applicable,8,Deployed- Combination,2,Partially Ejected,2,Partially Ejected,9,Reported as Unknown,0,No (Alcohol Not Involved),0,Test Not Given,0,Test Not Given,996,Test Not Given,9,Reported as Unknown,5,EMS Ground,0,0,Occupant of a Motor Vehicle
202304647214,1,1,3,83,83,13,3,"South (MD, DE, DC, WV, VA, KY, TN, NC, SC, GA, FL, AL, MS, LA, AR, OK, TX)",1,Urban Area,5,Stratum 5 - NLMY PV Serious Injury,4148,25.929429426,1,January,2,2:00am-2:59am,12,12,30,Utility Pole/Light Support,0,The First Harmful Event was Not a Collision with a Motor Vehicle In-Transport,0,No,2016.0,2016,498.0,Hyundai,2735.0,Elantra,13.0,Sedan/Saloon,55.0,Hyundai,4.0,"4-door sedan, hardtop",0.0,Not Applicable,11.0,"Class 1: 6,000 lbs. or less (2,722 kg or less)",11.0,"Class 1: 6,000 lbs. or less (2,722 kg or less)",0.0,No Trailers,0.0,No Special Use Noted,0.0,Not Applicable,0.0,No Rollover,3.0,3 Clock Point,0.0,No or Not Reported,55035.0,Hyundai Elantra,14,14 Years,14,14 Years,1,Male,1,Male,2,Passenger of a Motor Vehicle In-Transport,,,,,1,Possible Injury (C),1,Possible Injury (C),29,"Second Seat, Unknown",21,"Second Seat, Left Side",99,Reported as Unknown,7,None Used/Not Applicable,20,Not Applicable,7,None Used/Not Applicable,8,Deployed- Combination,0,Not Ejected,0,Not Ejected,0,No (Alcohol Not Involved),0,No (Alcohol Not Involved),0,Test Not Given,0,Test Not Given,996,Test Not Given,0,No (drugs not involved),5,EMS Ground,0,0,Occupant of a Motor Vehicle
202304647253,2,1,1,83,83,13,3,"South (MD, DE, DC, WV, VA, KY, TN, NC, SC, GA, FL, AL, MS, LA, AR, OK, TX)",1,Urban Area,10,Stratum 10 - Other,4148,223.23894247,1,January,15,3:00pm-3:59pm,10,10,12,Motor Vehicle In-Transport,1,Front-to-Rear,0,No,2009.0,2009,448.0,Toyota,2469.0,Camry,13.0,Sedan/Saloon,49.0,Toyota,4.0,"4-door sedan, hardtop",0.0,Not Applicable,11.0,"Class 1: 6,000 lbs. or less (2,722 kg or less)",11.0,"Class 1: 6,000 lbs. or less (2,722 kg or less)",0.0,No Trailers,0.0,No Special Use Noted,0.0,Not Applicable,0.0,No Rollover,12.0,12 Clock Point,0.0,No or Not Reported,49040.0,Toyota Camry,24,24 Years,24,24 Years,1,Male,1,Male,1,Driver of a Motor Vehicle In-Transport,,,,,0,No Apparent Injury (O),0,No Apparent Injury (O),11,"Front Seat, Left Side",11,"Front Seat, Left Side",3,Shoulder and Lap Belt Used,0,No Indication of Misuse,20,Not Applicable,7,None Used/Not Applicable,20,Not Deployed,0,Not Ejected,0,Not Ejected,0,No (Alcohol Not Involved),0,No (Alcohol Not Involved),0,Test Not Given,0,Test Not Given,996,Test Not Given,0,No (drugs not involved),0,Not Transported for Treatment,0,0,Occupant of a Motor Vehicle
202304647253,2,2,1,83,83,13,3,"South (MD, DE, DC, WV, VA, KY, TN, NC, SC, GA, FL, AL, MS, LA, AR, OK, TX)",1,Urban Area,10,Stratum 10 - Other,4148,223.23894247,1,January,15,3:00pm-3:59pm,10,10,12,Motor Vehicle In-Transport,1,Front-to-Rear,0,No,2018.0,2018,515.0,Lexus,2214.0,RX,7.0,Sport Utility Vehicle (SUV)/Multi-Purpose Vehicle (MPV),59.0,Lexus,14.0,"Compact Utility (Utility Vehicle Categories ""Small"" and ""Midsize"")",0.0,Not Applicable,11.0,"Class 1: 6,000 lbs. or less (2,722 kg or less)",11.0,"Class 1: 6,000 lbs. or less (2,722 kg or less)",0.0,No Trailers,0.0,No Special Use Noted,0.0,Not Applicable,0.0,No Rollover,6.0,6 Clock Point,0.0,No or Not Reported,59403.0,Lexus RX330/350/400h/450h,19,19 Years,19,19 Years,1,Male,1,Male,1,Driver of a Motor Vehicle In-Transport,,,,,0,No Apparent Injury (O),0,No Apparent Injury (O),11,"Front Seat, Left Side",11,"Front Seat, Left Side",3,Shoulder and Lap Belt Used,0,No Indication of Misuse,20,Not Applicable,7,None Used/Not Applicable,20,Not Deployed,0,Not Ejected,0,Not Ejected,0,No (Alcohol Not Involved),0,No (Alcohol Not Involved),0,Test Not Given,0,Test Not Given,996,Test Not Given,0,No (drugs not involved),0,Not Transported for Treatment,0,0,Occupant of a Motor Vehicle
202304647282,2,1,1,83,83,13,3,"South (MD, DE, DC, WV, VA, KY, TN, NC, SC, GA, FL, AL, MS, LA, AR, OK, TX)",1,Urban Area,6,Stratum 6 - LMY PV Minor Injury,4148,54.752239818,1,January,18,6:00pm-6:59pm,20,20,12,Motor Vehicle In-Transport,6,Angle,0,No,2014.0,2014,467.0,Chevrolet,1832.0,Cruze,13.0,Sedan/Saloon,20.0,Chevrolet,4.0,"4-door sedan, hardtop",0.0,Not Applicable,11.0,"Class 1: 6,000 lbs. or less (2,722 kg or less)",11.0,"Class 1: 6,000 lbs. or less (2,722 kg or less)",0.0,No Trailers,0.0,No Special Use Noted,0.0,Not Applicable,0.0,No Rollover,12.0,12 Clock Point,0.0,No or Not Reported,20025.0,Chevrolet Cruze,40,40 Years,40,40 Years,1,Male,1,Male,1,Driver of a Motor Vehicle In-Transport,,,,,0,No Apparent Injury (O),0,No Apparent Injury (O),11,"Front Seat, Left Side",11,"Front Seat, Left Side",3,Shoulder and Lap Belt Used,0,No Indication of Misuse,20,Not Applicable,7,None Used/Not Applicable,20,Not Deployed,0,Not Ejected,0,Not Ejected,0,No (Alcohol Not Involved),0,No (Alcohol Not Involved),0,Test Not Given,0,Test Not Given,996,Test Not Given,0,No (drugs not involved),0,Not Transported for Treatment,0,0,Occupant of a Motor Vehicle
202304647282,2,2,1,83,83,13,3,"South (MD, DE, DC, WV, VA, KY, TN, NC, SC, GA, FL, AL, MS, LA, AR, OK, TX)",1,Urban Area,6,Stratum 6 - LMY PV Minor Injury,4148,54.752239818,1,January,18,6:00pm-6:59pm,20,20,12,Motor Vehicle In-Transport,6,Angle,0,No,2022.0,2022,474.0,Honda,1861.0,Accord,13.0,Sedan/Saloon,37.0,Honda,4.0,"4-door sedan, hardtop",0.0,Not Applicable,11.0,"Class 1: 6,000 lbs. or less (2,722 kg or less)",11.0,"Class 1: 6,000 lbs. or less (2,722 kg or less)",0.0,No Trailers,0.0,No Special Use Noted,0.0,Not Applicable,0.0,No Rollover,10.0,10 Clock Point,0.0,No or Not Reported,37032.0,"Honda Accord (Note: For Crosstour model years 2010 and 2011 only. For Crosstour model years 2012-2015, see vehicle model 37-405)",35,35 Years,35,35 Years,2,Female,2,Female,1,Driver of a Motor Vehicle In-Transport,,,,,1,Possible Injury (C),1,Possible Injury (C),11,"Front Seat, Left Side",11,"Front Seat, Left Side",3,Shoulder and Lap Belt Used,0,No Indication of Misuse,20,Not Applicable,7,None Used/Not Applicable,8,Deployed- Combination,0,Not Ejected,0,Not Ejected,0,No (Alcohol Not Involved),0,No (Alcohol Not Involved),0,Test Not Given,0,Test Not Given,996,Test Not Given,0,No (drugs not involved),5,EMS Ground,0,0,Occupant of a Motor Vehicle
202304647282,2,2,2,83,83,13,3,"South (MD, DE, DC, WV, VA, KY, TN, NC, SC, GA, FL, AL, MS, LA, AR, OK, TX)",1,Urban Area,6,Stratum 6 - LMY PV Minor Injury,4148,54.752239818,1,January,18,6:00pm-6:59pm,20,20,12,Motor Vehicle In-Transport,6,Angle,0,No,2022.0,2022,474.0,Honda,1861.0,Accord,13.0,Sedan/Saloon,37.0,Honda,4.0,"4-door sedan, hardtop",0.0,Not Applicable,11.0,"Class 1: 6,000 lbs. or less (2,722 kg or less)",11.0,"Class 1: 6,000 lbs. or less (2,722 kg or less)",0.0,No Trailers,0.0,No Special Use Noted,0.0,Not Applicable,0.0,No Rollover,10.0,10 Clock Point,0.0,No or Not Reported,37032.0,"Honda Accord (Note: For Crosstour model years 2010 and 2011 only. For Crosstour model years 2012-2015, see vehicle model 37-405)",12,12 Years,12,12 Years,1,Male,1,Male,2,Passenger of a Motor Vehicle In-Transport,,,,,0,No Apparent Injury (O),0,No Apparent Injury (O),23,"Second Seat, Right Side",23,"Second Seat, Right Side",3,Shoulder and Lap Belt Used,0,No Indication of Misuse,20,Not Applicable,7,None Used/Not Applicable,8,Deployed- Combination,0,Not Ejected,0,Not Ejected,0,No (Alcohol Not Involved),0,No (Alcohol Not Involved),0,Test Not Given,0,Test Not Given,996,Test Not Given,0,No (drugs not involved),0,Not Transported for Treatment,0,0,Occupant of a Motor Vehicle
202304647327,1,0,1,67,67,8,2,"Midwest (OH, IN, IL, MI, WI, MN, ND, SD, NE, IA, MO, KS)",1,Urban Area,2,Stratum 2 - Not a MV Occupant Any Injury,4152,37.111869717,1,January,18,6:00pm-6:59pm,45,45,8,Pedestrian,0,The First Harmful Event was Not a Collision with a Motor Vehicle In-Transport,0,No,,,,,,,,,,,,,,,,,,,,,,,,,,,,,,,,,54,54 Years,54,54 Years,1,Male,1,Male,5,Pedestrian,0.0,Not Applicable,0.0,Not Applicable,4,Fatal Injury (K),4,Fatal Injury (K),0,Not a Motor Vehicle Occupant,0,Not a Motor Vehicle Occupant,96,Not a Motor Vehicle Occupant,8,Not a Motor Vehicle Occupant,96,Not a Motor Vehicle Occupant,8,Not a Motor Vehicle Occupant,97,Not a Motor Vehicle Occupant,8,Not Applicable,8,Not Applicable,8,Not Reported,0,No (Alcohol Not Involved),8,Not Reported,95,Not Reported,995,Not Reported,8,Not Reported,5,EMS Ground,1,11,"Not at Intersection - On Roadway, Not in Marked Crosswalk"
202304647327,1,1,1,67,67,8,2,"Midwest (OH, IN, IL, MI, WI, MN, ND, SD, NE, IA, MO, KS)",1,Urban Area,2,Stratum 2 - Not a MV Occupant Any Injury,4152,37.111869717,1,January,18,6:00pm-6:59pm,45,45,8,Pedestrian,0,The First Harmful Event was Not a Collision with a Motor Vehicle In-Transport,0,No,9999.0,Unknown,99999.0,Unknown,99999.0,Unknown,999.0,Unknown,99.0,Unknown Make,99.0,Unknown body type,0.0,Not Applicable,98.0,Not Reported,98.0,Not Reported,0.0,No Trailers,0.0,No Special Use Noted,0.0,Not Applicable,0.0,No Rollover,99.0,Reported as Unknown,0.0,No or Not Reported,99999.0,"Unknown Make Unknown (as to automobile, motored cycle, light truck or truck)",998,Not Reported,38,38 Years,8,Not Reported,1,Male,1,Driver of a Motor Vehicle In-Transport,,,,,9,Unknown/Not Reported,0,No Apparent Injury (O),11,"Front Seat, Left Side",11,"Front Seat, Left Side",99,Reported as Unknown,7,None Used/Not Applicable,20,Not Applicable,7,None Used/Not Applicable,98,Not Reported,7,Not Reported,0,Not Ejected,8,Not Reported,0,No (Alcohol Not Involved),0,Test Not Given,0,Test Not Given,996,Test Not Given,8,Not Reported,0,Not Transported for Treatment,0,0,Occupant of a Motor Vehicle
202304647329,1,1,1,47,47,9,2,"Midwest (OH, IN, IL, MI, WI, MN, ND, SD, NE, IA, MO, KS)",2,Rural Area,10,Stratum 10 - Other,4153,218.1275432,1,January,18,6:00pm-6:59pm,28,28,53,Mail Box,0,The First Harmful Event was Not a Collision with a Motor Vehicle In-Transport,0,No,2014.0,2014,482.0,Volkswagen,3137.0,Jetta,13.0,Sedan/Saloon,30.0,Volkswagen,4.0,"4-door sedan, hardtop",0.0,Not Applicable,11.0,"Class 1: 6,000 lbs. or less (2,722 kg or less)",11.0,"Class 1: 6,000 lbs. or less (2,722 kg or less)",0.0,No Trailers,0.0,No Special Use Noted,0.0,Not Applicable,0.0,No Rollover,1.0,1 Clock Point,0.0,No or Not Reported,30040.0,Volkswagen Jetta/Jetta SportsWagen,19,19 Years,19,19 Years,2,Female,2,Female,1,Driver of a Motor Vehicle In-Transport,,,,,0,No Apparent Injury (O),0,No Apparent Injury (O),11,"Front Seat, Left Side",11,"Front Seat, Left Side",3,Shoulder and Lap Belt Used,0,No Indication of Misuse,20,Not Applicable,7,None Used/Not Applicable,20,Not Deployed,0,Not Ejected,0,Not Ejected,8,Not Reported,0,No (Alcohol Not Involved),0,Test Not Given,0,Test Not Given,996,Test Not Given,8,Not Reported,0,Not Transported for Treatment,0,0,Occupant of a Motor Vehicle
202304647331,1,1,1,47,47,9,2,"Midwest (OH, IN, IL, MI, WI, MN, ND, SD, NE, IA, MO, KS)",2,Rural Area,9,Stratum 9 - LMY PV No Injuries in Crash,4153,138.55644026,1,January,8,8:00am-8:59am,51,51,11,Live Animal,0,The First Harmful Event was Not a Collision with a Motor Vehicle In-Transport,0,No,2019.0,2019,474.0,Honda,1863.0,Civic,13.0,Sedan/Saloon,37.0,Honda,4.0,"4-door sedan, hardtop",0.0,Not Applicable,11.0,"Class 1: 6,000 lbs. or less (2,722 kg or less)",11.0,"Class 1: 6,000 lbs. or less (2,722 kg or less)",0.0,No Trailers,0.0,No Special Use Noted,0.0,Not Applicable,0.0,No Rollover,12.0,12 Clock Point,0.0,No or Not Reported,37031.0,"Honda Civic/CRX, del Sol",60,60 Years,60,60 Years,2,Female,2,Female,1,Driver of a Motor Vehicle In-Transport,,,,,0,No Apparent Injury (O),0,No Apparent Injury (O),11,"Front Seat, Left Side",11,"Front Seat, Left Side",3,Shoulder and Lap Belt Used,0,No Indication of Misuse,20,Not Applicable,7,None Used/Not Applicable,20,Not Deployed,0,Not Ejected,0,Not Ejected,8,Not Reported,0,No (Alcohol Not Involved),0,Test Not Given,0,Test Not Given,996,Test Not Given,8,Not Reported,0,Not Transported for Treatment,0,0,Occupant of a Motor Vehicle
202304647334,1,1,1,47,47,9,2,"Midwest (OH, IN, IL, MI, WI, MN, ND, SD, NE, IA, MO, KS)",2,Rural Area,6,Stratum 6 - LMY PV Minor Injury,4153,52.991202556,1,January,19,7:00pm-7:59pm,20,20,34,Ditch,0,The First Harmful Event was Not a Collision with a Motor Vehicle In-Transport,0,No,2020.0,2020,472.0,GMC,1858.0,Terrain,7.0,Sport Utility Vehicle (SUV)/Multi-Purpose Vehicle (MPV),23.0,GMC,14.0,"Compact Utility (Utility Vehicle Categories ""Small"" and ""Midsize"")",0.0,Not Applicable,11.0,"Class 1: 6,000 lbs. or less (2,722 kg or less)",11.0,"Class 1: 6,000 lbs. or less (2,722 kg or less)",0.0,No Trailers,0.0,No Special Use Noted,0.0,Not Applicable,0.0,No Rollover,12.0,12 Clock Point,1.0,Yes,23402.0,GMC Terrain,24,24 Years,24,24 Years,1,Male,1,Male,1,Driver of a Motor Vehicle In-Transport,,,,,2,Suspected Minor Injury (B),2,Suspected Minor Injury (B),11,"Front Seat, Left Side",11,"Front Seat, Left Side",3,Shoulder and Lap Belt Used,0,No Indication of Misuse,20,Not Applicable,7,None Used/Not Applicable,99,Reported as Deployment Unknown,0,Not Ejected,0,Not Ejected,8,Not Reported,0,No (Alcohol Not Involved),0,Test Not Given,0,Test Not Given,996,Test Not Given,8,Not Reported,5,EMS Ground,0,0,Occupant of a Motor Vehicle
202304647465,1,1,1,48,48,12,3,"South (MD, DE, DC, WV, VA, KY, TN, NC, SC, GA, FL, AL, MS, LA, AR, OK, TX)",1,Urban Area,7,Stratum 7 - M/H Truck or Bus,91,158.90507293,1,January,6,6:00am-6:59am,15,15,25,Concrete Traffic Barrier,0,The First Harmful Event was Not a Collision with a Motor Vehicle In-Transport,0,No,2013.0,2013,460.0,Ford,1806.0,F-350,70.0,Incomplete - Chassis Cab (Double Cab),12.0,Ford,61.0,"Single-unit straight truck or Cab-Chassis (GVWR range 10,001 to 19,500 lbs.)",11.0,Truck,13.0,"Class 3: 10,001 - 14,000 lbs. (4,536 - 6,350 kg)",13.0,"Class 3: 10,001 - 14,000 lbs. (4,536 - 6,350 kg)",0.0,No Trailers,0.0,No Special Use Noted,0.0,Not Applicable,0.0,No Rollover,12.0,12 Clock Point,0.0,No or Not Reported,12881.0,Ford Medium/Heavy - CBE,37,37 Years,37,37 Years,1,Male,1,Male,1,Driver of a Motor Vehicle In-Transport,,,,,0,No Apparent Injury (O),0,No Apparent Injury (O),11,"Front Seat, Left Side",11,"Front Seat, Left Side",3,Shoulder and Lap Belt Used,0,No Indication of Misuse,20,Not Applicable,7,None Used/Not Applicable,20,Not Deployed,0,Not Ejected,0,Not Ejected,0,No (Alcohol Not Involved),0,No (Alcohol Not Involved),0,Test Not Given,0,Test Not Given,996,Test Not Given,0,No (drugs not involved),0,Not Transported for Treatment,0,0,Occupant of a Motor Vehicle
202304647468,2,1,1,48,48,12,3,"South (MD, DE, DC, WV, VA, KY, TN, NC, SC, GA, FL, AL, MS, LA, AR, OK, TX)",1,Urban Area,5,Stratum 5 - NLMY PV Serious Injury,85,25.91980976,1,January,13,1:00pm-1:59pm,8,8,12,Motor Vehicle In-Transport,6,Angle,0,No,2011.0,2011,448.0,Toyota,2217.0,RAV4,7.0,Sport Utility Vehicle (SUV)/Multi-Purpose Vehicle (MPV),49.0,Toyota,14.0,"Compact Utility (Utility Vehicle Categories ""Small"" and ""Midsize"")",0.0,Not Applicable,11.0,"Class 1: 6,000 lbs. or less (2,722 kg or less)",11.0,"Class 1: 6,000 lbs. or less (2,722 kg or less)",0.0,No Trailers,0.0,No Special Use Noted,0.0,Not Applicable,0.0,No Rollover,11.0,11 Clock Point,0.0,No or Not Reported,49402.0,Toyota RAV4 *,86,86 Years,86,86 Years,2,Female,2,Female,1,Driver of a Motor Vehicle In-Transport,,,,,3,Suspected Serious Injury (A),3,Suspected Serious Injury (A),11,"Front Seat, Left Side",11,"Front Seat, Left Side",3,Shoulder and Lap Belt Used,0,No Indication of Misuse,20,Not Applicable,7,None Used/Not Applicable,1,Deployed- Front,0,Not Ejected,0,Not Ejected,0,No (Alcohol Not Involved),0,No (Alcohol Not Involved),0,Test Not Given,0,Test Not Given,996,Test Not Given,0,No (drugs not involved),5,EMS Ground,0,0,Occupant of a Motor Vehicle
202304647468,2,2,1,48,48,12,3,"South (MD, DE, DC, WV, VA, KY, TN, NC, SC, GA, FL, AL, MS, LA, AR, OK, TX)",1,Urban Area,5,Stratum 5 - NLMY PV Serious Injury,85,25.91980976,1,January,13,1:00pm-1:59pm,8,8,12,Motor Vehicle In-Transport,6,Angle,0,No,2009.0,2009,452.0,BMW,1732.0,650i,1.0,Convertible/Cabriolet,34.0,BMW,1.0,"Convertible(excludes sun-roof,t-bar)",0.0,Not Applicable,11.0,"Class 1: 6,000 lbs. or less (2,722 kg or less)",11.0,"Class 1: 6,000 lbs. or less (2,722 kg or less)",0.0,No Trailers,0.0,No Special Use Noted,0.0,Not Applicable,0.0,No Rollover,12.0,12 Clock Point,0.0,No or Not Reported,34036.0,BMW 6-series,20,20 Years,20,20 Years,1,Male,1,Male,1,Driver of a Motor Vehicle In-Transport,,,,,1,Possible Injury (C),1,Possible Injury (C),11,"Front Seat, Left Side",11,"Front Seat, Left Side",3,Shoulder and Lap Belt Used,0,No Indication of Misuse,20,Not Applicable,7,None Used/Not Applicable,1,Deployed- Front,0,Not Ejected,0,Not Ejected,0,No (Alcohol Not Involved),0,No (Alcohol Not Involved),0,Test Not Given,0,Test Not Given,996,Test Not Given,0,No (drugs not involved),6,Other,0,0,Occupant of a Motor Vehicle
202304647475,1,1,1,48,48,12,3,"South (MD, DE, DC, WV, VA, KY, TN, NC, SC, GA, FL, AL, MS, LA, AR, OK, TX)",1,Urban Area,10,Stratum 10 - Other,85,223.42002683,1,January,12,12:00pm-12:59pm,5,5,57,Cable Barrier,0,The First Harmful Event was Not a Collision with a Motor Vehicle In-Transport,0,No,2016.0,2016,467.0,Chevrolet,34069.0,Cruze Limited,13.0,Sedan/Saloon,20.0,Chevrolet,4.0,"4-door sedan, hardtop",0.0,Not Applicable,11.0,"Class 1: 6,000 lbs. or less (2,722 kg or less)",11.0,"Class 1: 6,000 lbs. or less (2,722 kg or less)",0.0,No Trailers,0.0,No Special Use Noted,0.0,Not Applicable,0.0,No Rollover,12.0,12 Clock Point,0.0,No or Not Reported,20025.0,Chevrolet Cruze,25,25 Years,25,25 Years,1,Male,1,Male,1,Driver of a Motor Vehicle In-Transport,,,,,0,No Apparent Injury (O),0,No Apparent Injury (O),11,"Front Seat, Left Side",11,"Front Seat, Left Side",3,Shoulder and Lap Belt Used,0,No Indication of Misuse,20,Not Applicable,7,None Used/Not Applicable,20,Not Deployed,0,Not Ejected,0,Not Ejected,0,No (Alcohol Not Involved),0,No (Alcohol Not Involved),0,Test Not Given,0,Test Not Given,996,Test Not Given,0,No (drugs not involved),0,Not Transported for Treatment,0,0,Occupant of a Motor Vehicle
202304647500,2,1,1,48,48,12,3,"South (MD, DE, DC, WV, VA, KY, TN, NC, SC, GA, FL, AL, MS, LA, AR, OK, TX)",1,Urban Area,10,Stratum 10 - Other,91,223.42002683,1,January,20,8:00pm-8:59pm,45,45,12,Motor Vehicle In-Transport,1,Front-to-Rear,0,No,2017.0,2017,482.0,Volkswagen,3137.0,Jetta,13.0,Sedan/Saloon,30.0,Volkswagen,4.0,"4-door sedan, hardtop",0.0,Not Applicable,11.0,"Class 1: 6,000 lbs. or less (2,722 kg or less)",11.0,"Class 1: 6,000 lbs. or less (2,722 kg or less)",0.0,No Trailers,0.0,No Special Use Noted,0.0,Not Applicable,0.0,No Rollover,12.0,12 Clock Point,0.0,No or Not Reported,30040.0,Volkswagen Jetta/Jetta SportsWagen,42,42 Years,42,42 Years,1,Male,1,Male,1,Driver of a Motor Vehicle In-Transport,,,,,0,No Apparent Injury (O),0,No Apparent Injury (O),11,"Front Seat, Left Side",11,"Front Seat, Left Side",3,Shoulder and Lap Belt Used,0,No Indication of Misuse,20,Not Applicable,7,None Used/Not Applicable,1,Deployed- Front,0,Not Ejected,0,Not Ejected,0,No (Alcohol Not Involved),0,No (Alcohol Not Involved),0,Test Not Given,0,Test Not Given,996,Test Not Given,0,No (drugs not involved),0,Not Transported for Treatment,0,0,Occupant of a Motor Vehicle
202304647500,2,2,1,48,48,12,3,"South (MD, DE, DC, WV, VA, KY, TN, NC, SC, GA, FL, AL, MS, LA, AR, OK, TX)",1,Urban Area,10,Stratum 10 - Other,91,223.42002683,1,January,20,8:00pm-8:59pm,45,45,12,Motor Vehicle In-Transport,1,Front-to-Rear,0,No,2018.0,2018,476.0,Dodge,3508.0,Durango,7.0,Sport Utility Vehicle (SUV)/Multi-Purpose Vehicle (MPV),7.0,Dodge,15.0,"Large utility (ANSI D16.1 Utility Vehicle Categories and ""Full Size"" and ""Large"")",0.0,Not Applicable,12.0,"Class 2: 6,001 - 10,000 lbs. (2,722 - 4,536 kg)",12.0,"Class 2: 6,001 - 10,000 lbs. (2,722 - 4,536 kg)",0.0,No Trailers,0.0,No Special Use Noted,0.0,Not Applicable,0.0,No Rollover,6.0,6 Clock Point,0.0,No or Not Reported,7422.0,Dodge Durango (2004 on; see 402 for 1998-2003 models),43,43 Years,43,43 Years,2,Female,2,Female,1,Driver of a Motor Vehicle In-Transport,,,,,0,No Apparent Injury (O),0,No Apparent Injury (O),11,"Front Seat, Left Side",11,"Front Seat, Left Side",3,Shoulder and Lap Belt Used,0,No Indication of Misuse,20,Not Applicable,7,None Used/Not Applicable,20,Not Deployed,0,Not Ejected,0,Not Ejected,0,No (Alcohol Not Involved),0,No (Alcohol Not Involved),0,Test Not Given,0,Test Not Given,996,Test Not Given,0,No (drugs not involved),0,Not Transported for Treatment,0,0,Occupant of a Motor Vehicle
202304647523,2,1,1,48,48,12,3,"South (MD, DE, DC, WV, VA, KY, TN, NC, SC, GA, FL, AL, MS, LA, AR, OK, TX)",1,Urban Area,9,Stratum 9 - LMY PV No Injuries in Crash,91,141.52948435,1,January,2,2:00am-2:59am,55,55,12,Motor Vehicle In-Transport,6,Angle,0,No,2019.0,2019,472.0,GMC,1858.0,Terrain,7.0,Sport Utility Vehicle (SUV)/Multi-Purpose Vehicle (MPV),23.0,GMC,14.0,"Compact Utility (Utility Vehicle Categories ""Small"" and ""Midsize"")",0.0,Not Applicable,11.0,"Class 1: 6,000 lbs. or less (2,722 kg or less)",11.0,"Class 1: 6,000 lbs. or less (2,722 kg or less)",0.0,No Trailers,0.0,No Special Use Noted,0.0,Not Applicable,0.0,No Rollover,5.0,5 Clock Point,0.0,No or Not Reported,23402.0,GMC Terrain,32,32 Years,32,32 Years,2,Female,2,Female,1,Driver of a Motor Vehicle In-Transport,,,,,0,No Apparent Injury (O),0,No Apparent Injury (O),11,"Front Seat, Left Side",11,"Front Seat, Left Side",3,Shoulder and Lap Belt Used,0,No Indication of Misuse,20,Not Applicable,7,None Used/Not Applicable,20,Not Deployed,0,Not Ejected,0,Not Ejected,0,No (Alcohol Not Involved),0,No (Alcohol Not Involved),0,Test Not Given,0,Test Not Given,996,Test Not Given,0,No (drugs not involved),0,Not Transported for Treatment,0,0,Occupant of a Motor Vehicle
202304647523,2,1,2,48,48,12,3,"South (MD, DE, DC, WV, VA, KY, TN, NC, SC, GA, FL, AL, MS, LA, AR, OK, TX)",1,Urban Area,9,Stratum 9 - LMY PV No Injuries in Crash,91,141.52948435,1,January,2,2:00am-2:59am,55,55,12,Motor Vehicle In-Transport,6,Angle,0,No,2019.0,2019,472.0,GMC,1858.0,Terrain,7.0,Sport Utility Vehicle (SUV)/Multi-Purpose Vehicle (MPV),23.0,GMC,14.0,"Compact Utility (Utility Vehicle Categories ""Small"" and ""Midsize"")",0.0,Not Applicable,11.0,"Class 1: 6,000 lbs. or less (2,722 kg or less)",11.0,"Class 1: 6,000 lbs. or less (2,722 kg or less)",0.0,No Trailers,0.0,No Special Use Noted,0.0,Not Applicable,0.0,No Rollover,5.0,5 Clock Point,0.0,No or Not Reported,23402.0,GMC Terrain,39,39 Years,39,39 Years,2,Female,2,Female,2,Passenger of a Motor Vehicle In-Transport,,,,,0,No Apparent Injury (O),0,No Apparent Injury (O),13,"Front Seat, Right Side",13,"Front Seat, Right Side",3,Shoulder and Lap Belt Used,0,No Indication of Misuse,20,Not Applicable,7,None Used/Not Applicable,20,Not Deployed,0,Not Ejected,0,Not Ejected,8,Not Reported,0,No (Alcohol Not Involved),0,Test Not Given,0,Test Not Given,996,Test Not Given,8,Not Reported,0,Not Transported for Treatment,0,0,Occupant of a Motor Vehicle
202304647523,2,2,1,48,48,12,3,"South (MD, DE, DC, WV, VA, KY, TN, NC, SC, GA, FL, AL, MS, LA, AR, OK, TX)",1,Urban Area,9,Stratum 9 - LMY PV No Injuries in Crash,91,141.52948435,1,January,2,2:00am-2:59am,55,55,12,Motor Vehicle In-Transport,6,Angle,0,No,1997.0,1997,468.0,Buick,8843.0,Century,13.0,Sedan/Saloon,18.0,Buick / Opel,4.0,"4-door sedan, hardtop",0.0,Not Applicable,11.0,"Class 1: 6,000 lbs. or less (2,722 kg or less)",11.0,"Class 1: 6,000 lbs. or less (2,722 kg or less)",0.0,No Trailers,0.0,No Special Use Noted,0.0,Not Applicable,0.0,No Rollover,12.0,12 Clock Point,0.0,No or Not Reported,18007.0,Buick / Opel Century,18,18 Years,18,18 Years,1,Male,1,Male,1,Driver of a Motor Vehicle In-Transport,,,,,0,No Apparent Injury (O),0,No Apparent Injury (O),11,"Front Seat, Left Side",11,"Front Seat, Left Side",3,Shoulder and Lap Belt Used,0,No Indication of Misuse,20,Not Applicable,7,None Used/Not Applicable,20,Not Deployed,0,Not Ejected,0,Not Ejected,0,No (Alcohol Not Involved),0,No (Alcohol Not Involved),0,Test Not Given,0,Test Not Given,996,Test Not Given,0,No (drugs not involved),0,Not Transported for Treatment,0,0,Occupant of a Motor Vehicle
202304647523,2,2,2,48,48,12,3,"South (MD, DE, DC, WV, VA, KY, TN, NC, SC, GA, FL, AL, MS, LA, AR, OK, TX)",1,Urban Area,9,Stratum 9 - LMY PV No Injuries in Crash,91,141.52948435,1,January,2,2:00am-2:59am,55,55,12,Motor Vehicle In-Transport,6,Angle,0,No,1997.0,1997,468.0,Buick,8843.0,Century,13.0,Sedan/Saloon,18.0,Buick / Opel,4.0,"4-door sedan, hardtop",0.0,Not Applicable,11.0,"Class 1: 6,000 lbs. or less (2,722 kg or less)",11.0,"Class 1: 6,000 lbs. or less (2,722 kg or less)",0.0,No Trailers,0.0,No Special Use Noted,0.0,Not Applicable,0.0,No Rollover,12.0,12 Clock Point,0.0,No or Not Reported,18007.0,Buick / Opel Century,20,20 Years,20,20 Years,1,Male,1,Male,2,Passenger of a Motor Vehicle In-Transport,,,,,0,No Apparent Injury (O),0,No Apparent Injury (O),13,"Front Seat, Right Side",13,"Front Seat, Right Side",3,Shoulder and Lap Belt Used,0,No Indication of Misuse,20,Not Applicable,7,None Used/Not Applicable,20,Not Deployed,0,Not Ejected,0,Not Ejected,8,Not Reported,0,No (Alcohol Not Involved),0,Test Not Given,0,Test Not Given,996,Test Not Given,8,Not Reported,0,Not Transported for Treatment,0,0,Occupant of a Motor Vehicle
202304647523,2,2,3,48,48,12,3,"South (MD, DE, DC, WV, VA, KY, TN, NC, SC, GA, FL, AL, MS, LA, AR, OK, TX)",1,Urban Area,9,Stratum 9 - LMY PV No Injuries in Crash,91,141.52948435,1,January,2,2:00am-2:59am,55,55,12,Motor Vehicle In-Transport,6,Angle,0,No,1997.0,1997,468.0,Buick,8843.0,Century,13.0,Sedan/Saloon,18.0,Buick / Opel,4.0,"4-door sedan, hardtop",0.0,Not Applicable,11.0,"Class 1: 6,000 lbs. or less (2,722 kg or less)",11.0,"Class 1: 6,000 lbs. or less (2,722 kg or less)",0.0,No Trailers,0.0,No Special Use Noted,0.0,Not Applicable,0.0,No Rollover,12.0,12 Clock Point,0.0,No or Not Reported,18007.0,Buick / Opel Century,19,19 Years,19,19 Years,2,Female,2,Female,2,Passenger of a Motor Vehicle In-Transport,,,,,0,No Apparent Injury (O),0,No Apparent Injury (O),23,"Second Seat, Right Side",23,"Second Seat, Right Side",3,Shoulder and Lap Belt Used,0,No Indication of Misuse,20,Not Applicable,7,None Used/Not Applicable,20,Not Deployed,0,Not Ejected,0,Not Ejected,8,Not Reported,0,No (Alcohol Not Involved),0,Test Not Given,0,Test Not Given,996,Test Not Given,8,Not Reported,0,Not Transported for Treatment,0,0,Occupant of a Motor Vehicle
202304647526,1,1,1,48,48,12,3,"South (MD, DE, DC, WV, VA, KY, TN, NC, SC, GA, FL, AL, MS, LA, AR, OK, TX)",1,Urban Area,6,Stratum 6 - LMY PV Minor Injury,91,53.070005145,1,January,9,9:00am-9:59am,40,40,1,Rollover/Overturn,0,The First Harmful Event was Not a Collision with a Motor Vehicle In-Transport,0,No,2022.0,2022,460.0,Ford,1800.0,Explorer,7.0,Sport Utility Vehicle (SUV)/Multi-Purpose Vehicle (MPV),12.0,Ford,15.0,"Large utility (ANSI D16.1 Utility Vehicle Categories and ""Full Size"" and ""Large"")",0.0,Not Applicable,12.0,"Class 2: 6,001 - 10,000 lbs. (2,722 - 4,536 kg)",12.0,"Class 2: 6,001 - 10,000 lbs. (2,722 - 4,536 kg)",0.0,No Trailers,5.0,Police,5.0,"Emergency Operation, Emergency Warning Equipment in Use",3.0,Rollover,0.0,Non-Collision,0.0,No or Not Reported,12425.0,Ford Explorer (For 2019 on.  For model years 1990-2018 see 12-401.),27,27 Years,27,27 Years,1,Male,1,Male,1,Driver of a Motor Vehicle In-Transport,,,,,2,Suspected Minor Injury (B),2,Suspected Minor Injury (B),11,"Front Seat, Left Side",11,"Front Seat, Left Side",3,Shoulder and Lap Belt Used,0,No Indication of Misuse,20,Not Applicable,7,None Used/Not Applicable,8,Deployed- Combination,0,Not Ejected,0,Not Ejected,0,No (Alcohol Not Involved),0,No (Alcohol Not Involved),0,Test Not Given,0,Test Not Given,996,Test Not Given,0,No (drugs not involved),6,Other,0,0,Occupant of a Motor Vehicle
202304647526,1,1,2,48,48,12,3,"South (MD, DE, DC, WV, VA, KY, TN, NC, SC, GA, FL, AL, MS, LA, AR, OK, TX)",1,Urban Area,6,Stratum 6 - LMY PV Minor Injury,91,53.070005145,1,January,9,9:00am-9:59am,40,40,1,Rollover/Overturn,0,The First Harmful Event was Not a Collision with a Motor Vehicle In-Transport,0,No,2022.0,2022,460.0,Ford,1800.0,Explorer,7.0,Sport Utility Vehicle (SUV)/Multi-Purpose Vehicle (MPV),12.0,Ford,15.0,"Large utility (ANSI D16.1 Utility Vehicle Categories and ""Full Size"" and ""Large"")",0.0,Not Applicable,12.0,"Class 2: 6,001 - 10,000 lbs. (2,722 - 4,536 kg)",12.0,"Class 2: 6,001 - 10,000 lbs. (2,722 - 4,536 kg)",0.0,No Trailers,5.0,Police,5.0,"Emergency Operation, Emergency Warning Equipment in Use",3.0,Rollover,0.0,Non-Collision,0.0,No or Not Reported,12425.0,Ford Explorer (For 2019 on.  For model years 1990-2018 see 12-401.),37,37 Years,37,37 Years,1,Male,1,Male,2,Passenger of a Motor Vehicle In-Transport,,,,,2,Suspected Minor Injury (B),2,Suspected Minor Injury (B),13,"Front Seat, Right Side",13,"Front Seat, Right Side",3,Shoulder and Lap Belt Used,0,No Indication of Misuse,20,Not Applicable,7,None Used/Not Applicable,8,Deployed- Combination,0,Not Ejected,0,Not Ejected,8,Not Reported,0,No (Alcohol Not Involved),0,Test Not Given,0,Test Not Given,996,Test Not Given,8,Not Reported,6,Other,0,0,Occupant of a Motor Vehicle
202304647545,2,1,1,48,48,12,3,"South (MD, DE, DC, WV, VA, KY, TN, NC, SC, GA, FL, AL, MS, LA, AR, OK, TX)",1,Urban Area,6,Stratum 6 - LMY PV Minor Injury,87,53.070005145,1,January,9,9:00am-9:59am,57,57,12,Motor Vehicle In-Transport,1,Front-to-Rear,0,No,2020.0,2020,515.0,Lexus,2214.0,RX,7.0,Sport Utility Vehicle (SUV)/Multi-Purpose Vehicle (MPV),59.0,Lexus,14.0,"Compact Utility (Utility Vehicle Categories ""Small"" and ""Midsize"")",0.0,Not Applicable,11.0,"Class 1: 6,000 lbs. or less (2,722 kg or less)",11.0,"Class 1: 6,000 lbs. or less (2,722 kg or less)",0.0,No Trailers,0.0,No Special Use Noted,0.0,Not Applicable,0.0,No Rollover,12.0,12 Clock Point,0.0,No or Not Reported,59403.0,Lexus RX330/350/400h/450h,58,58 Years,58,58 Years,1,Male,1,Male,1,Driver of a Motor Vehicle In-Transport,,,,,1,Possible Injury (C),1,Possible Injury (C),11,"Front Seat, Left Side",11,"Front Seat, Left Side",3,Shoulder and Lap Belt Used,0,No Indication of Misuse,20,Not Applicable,7,None Used/Not Applicable,20,Not Deployed,0,Not Ejected,0,Not Ejected,0,No (Alcohol Not Involved),0,No (Alcohol Not Involved),0,Test Not Given,0,Test Not Given,996,Test Not Given,0,No (drugs not involved),0,Not Transported for Treatment,0,0,Occupant of a Motor Vehicle
202304647545,2,2,1,48,48,12,3,"South (MD, DE, DC, WV, VA, KY, TN, NC, SC, GA, FL, AL, MS, LA, AR, OK, TX)",1,Urban Area,6,Stratum 6 - LMY PV Minor Injury,87,53.070005145,1,January,9,9:00am-9:59am,57,57,12,Motor Vehicle In-Transport,1,Front-to-Rear,0,No,2017.0,2017,469.0,Cadillac,1843.0,Escalade,7.0,Sport Utility Vehicle (SUV)/Multi-Purpose Vehicle (MPV),19.0,Cadillac,15.0,"Large utility (ANSI D16.1 Utility Vehicle Categories and ""Full Size"" and ""Large"")",0.0,Not Applicable,12.0,"Class 2: 6,001 - 10,000 lbs. (2,722 - 4,536 kg)",12.0,"Class 2: 6,001 - 10,000 lbs. (2,722 - 4,536 kg)",0.0,No Trailers,0.0,No Special Use Noted,0.0,Not Applicable,0.0,No Rollover,6.0,6 Clock Point,0.0,No or Not Reported,19421.0,Cadillac Escalade/ESV (from 2004 on; see 431 for 2003 only),37,37 Years,37,37 Years,1,Male,1,Male,1,Driver of a Motor Vehicle In-Transport,,,,,1,Possible Injury (C),1,Possible Injury (C),11,"Front Seat, Left Side",11,"Front Seat, Left Side",3,Shoulder and Lap Belt Used,0,No Indication of Misuse,20,Not Applicable,7,None Used/Not Applicable,20,Not Deployed,0,Not Ejected,0,Not Ejected,0,No (Alcohol Not Involved),0,No (Alcohol Not Involved),0,Test Not Given,0,Test Not Given,996,Test Not Given,0,No (drugs not involved),0,Not Transported for Treatment,0,0,Occupant of a Motor Vehicle
202304647545,2,2,2,48,48,12,3,"South (MD, DE, DC, WV, VA, KY, TN, NC, SC, GA, FL, AL, MS, LA, AR, OK, TX)",1,Urban Area,6,Stratum 6 - LMY PV Minor Injury,87,53.070005145,1,January,9,9:00am-9:59am,57,57,12,Motor Vehicle In-Transport,1,Front-to-Rear,0,No,2017.0,2017,469.0,Cadillac,1843.0,Escalade,7.0,Sport Utility Vehicle (SUV)/Multi-Purpose Vehicle (MPV),19.0,Cadillac,15.0,"Large utility (ANSI D16.1 Utility Vehicle Categories and ""Full Size"" and ""Large"")",0.0,Not Applicable,12.0,"Class 2: 6,001 - 10,000 lbs. (2,722 - 4,536 kg)",12.0,"Class 2: 6,001 - 10,000 lbs. (2,722 - 4,536 kg)",0.0,No Trailers,0.0,No Special Use Noted,0.0,Not Applicable,0.0,No Rollover,6.0,6 Clock Point,0.0,No or Not Reported,19421.0,Cadillac Escalade/ESV (from 2004 on; see 431 for 2003 only),36,36 Years,36,36 Years,2,Female,2,Female,2,Passenger of a Motor Vehicle In-Transport,,,,,1,Possible Injury (C),1,Possible Injury (C),13,"Front Seat, Right Side",13,"Front Seat, Right Side",3,Shoulder and Lap Belt Used,0,No Indication of Misuse,20,Not Applicable,7,None Used/Not Applicable,20,Not Deployed,0,Not Ejected,0,Not Ejected,8,Not Reported,0,No (Alcohol Not Involved),0,Test Not Given,0,Test Not Given,996,Test Not Given,8,Not Reported,0,Not Transported for Treatment,0,0,Occupant of a Motor Vehicle
202304647545,2,2,3,48,48,12,3,"South (MD, DE, DC, WV, VA, KY, TN, NC, SC, GA, FL, AL, MS, LA, AR, OK, TX)",1,Urban Area,6,Stratum 6 - LMY PV Minor Injury,87,53.070005145,1,January,9,9:00am-9:59am,57,57,12,Motor Vehicle In-Transport,1,Front-to-Rear,0,No,2017.0,2017,469.0,Cadillac,1843.0,Escalade,7.0,Sport Utility Vehicle (SUV)/Multi-Purpose Vehicle (MPV),19.0,Cadillac,15.0,"Large utility (ANSI D16.1 Utility Vehicle Categories and ""Full Size"" and ""Large"")",0.0,Not Applicable,12.0,"Class 2: 6,001 - 10,000 lbs. (2,722 - 4,536 kg)",12.0,"Class 2: 6,001 - 10,000 lbs. (2,722 - 4,536 kg)",0.0,No Trailers,0.0,No Special Use Noted,0.0,Not Applicable,0.0,No Rollover,6.0,6 Clock Point,0.0,No or Not Reported,19421.0,Cadillac Escalade/ESV (from 2004 on; see 431 for 2003 only),2,2 Years,2,2 Years,1,Male,1,Male,2,Passenger of a Motor Vehicle In-Transport,,,,,1,Possible Injury (C),1,Possible Injury (C),21,"Second Seat, Left Side",21,"Second Seat, Left Side",3,Shoulder and Lap Belt Used,1,"Yes, Indication of Misuse",20,Not Applicable,7,None Used/Not Applicable,20,Not Deployed,0,Not Ejected,0,Not Ejected,8,Not Reported,0,No (Alcohol Not Involved),0,Test Not Given,0,Test Not Given,996,Test Not Given,8,Not Reported,0,Not Transported for Treatment,0,0,Occupant of a Motor Vehicle
202304647545,2,2,4,48,48,12,3,"South (MD, DE, DC, WV, VA, KY, TN, NC, SC, GA, FL, AL, MS, LA, AR, OK, TX)",1,Urban Area,6,Stratum 6 - LMY PV Minor Injury,87,53.070005145,1,January,9,9:00am-9:59am,57,57,12,Motor Vehicle In-Transport,1,Front-to-Rear,0,No,2017.0,2017,469.0,Cadillac,1843.0,Escalade,7.0,Sport Utility Vehicle (SUV)/Multi-Purpose Vehicle (MPV),19.0,Cadillac,15.0,"Large utility (ANSI D16.1 Utility Vehicle Categories and ""Full Size"" and ""Large"")",0.0,Not Applicable,12.0,"Class 2: 6,001 - 10,000 lbs. (2,722 - 4,536 kg)",12.0,"Class 2: 6,001 - 10,000 lbs. (2,722 - 4,536 kg)",0.0,No Trailers,0.0,No Special Use Noted,0.0,Not Applicable,0.0,No Rollover,6.0,6 Clock Point,0.0,No or Not Reported,19421.0,Cadillac Escalade/ESV (from 2004 on; see 431 for 2003 only),13,13 Years,13,13 Years,1,Male,1,Male,2,Passenger of a Motor Vehicle In-Transport,,,,,1,Possible Injury (C),1,Possible Injury (C),22,"Second Seat, Middle",22,"Second Seat, Middle",3,Shoulder and Lap Belt Used,0,No Indication of Misuse,20,Not Applicable,7,None Used/Not Applicable,20,Not Deployed,0,Not Ejected,0,Not Ejected,8,Not Reported,0,No (Alcohol Not Involved),0,Test Not Given,0,Test Not Given,996,Test Not Given,8,Not Reported,0,Not Transported for Treatment,0,0,Occupant of a Motor Vehicle
202304647545,2,2,5,48,48,12,3,"South (MD, DE, DC, WV, VA, KY, TN, NC, SC, GA, FL, AL, MS, LA, AR, OK, TX)",1,Urban Area,6,Stratum 6 - LMY PV Minor Injury,87,53.070005145,1,January,9,9:00am-9:59am,57,57,12,Motor Vehicle In-Transport,1,Front-to-Rear,0,No,2017.0,2017,469.0,Cadillac,1843.0,Escalade,7.0,Sport Utility Vehicle (SUV)/Multi-Purpose Vehicle (MPV),19.0,Cadillac,15.0,"Large utility (ANSI D16.1 Utility Vehicle Categories and ""Full Size"" and ""Large"")",0.0,Not Applicable,12.0,"Class 2: 6,001 - 10,000 lbs. (2,722 - 4,536 kg)",12.0,"Class 2: 6,001 - 10,000 lbs. (2,722 - 4,536 kg)",0.0,No Trailers,0.0,No Special Use Noted,0.0,Not Applicable,0.0,No Rollover,6.0,6 Clock Point,0.0,No or Not Reported,19421.0,Cadillac Escalade/ESV (from 2004 on; see 431 for 2003 only),9,9 Years,9,9 Years,1,Male,1,Male,2,Passenger of a Motor Vehicle In-Transport,,,,,1,Possible Injury (C),1,Possible Injury (C),31,"Third Seat, Left Side",31,"Third Seat, Left Side",3,Shoulder and Lap Belt Used,0,No Indication of Misuse,20,Not Applicable,7,None Used/Not Applicable,20,Not Deployed,0,Not Ejected,0,Not Ejected,8,Not Reported,0,No (Alcohol Not Involved),0,Test Not Given,0,Test Not Given,996,Test Not Given,8,Not Reported,0,Not Transported for Treatment,0,0,Occupant of a Motor Vehicle
202304647548,2,1,1,48,48,12,3,"South (MD, DE, DC, WV, VA, KY, TN, NC, SC, GA, FL, AL, MS, LA, AR, OK, TX)",1,Urban Area,9,Stratum 9 - LMY PV No Injuries in Crash,87,141.52948435,1,January,16,4:00pm-4:59pm,55,55,12,Motor Vehicle In-Transport,6,Angle,0,No,2013.0,2013,467.0,Chevrolet,1852.0,Tahoe,7.0,Sport Utility Vehicle (SUV)/Multi-Purpose Vehicle (MPV),20.0,Chevrolet,15.0,"Large utility (ANSI D16.1 Utility Vehicle Categories and ""Full Size"" and ""Large"")",0.0,Not Applicable,12.0,"Class 2: 6,001 - 10,000 lbs. (2,722 - 4,536 kg)",12.0,"Class 2: 6,001 - 10,000 lbs. (2,722 - 4,536 kg)",0.0,No Trailers,0.0,No Special Use Noted,0.0,Not Applicable,0.0,No Rollover,12.0,12 Clock Point,0.0,No or Not Reported,20421.0,Chevrolet Fullsize Blazer/Tahoe,64,64 Years,64,64 Years,1,Male,1,Male,1,Driver of a Motor Vehicle In-Transport,,,,,0,No Apparent Injury (O),0,No Apparent Injury (O),11,"Front Seat, Left Side",11,"Front Seat, Left Side",3,Shoulder and Lap Belt Used,0,No Indication of Misuse,20,Not Applicable,7,None Used/Not Applicable,20,Not Deployed,0,Not Ejected,0,Not Ejected,0,No (Alcohol Not Involved),0,No (Alcohol Not Involved),0,Test Not Given,0,Test Not Given,996,Test Not Given,0,No (drugs not involved),0,Not Transported for Treatment,0,0,Occupant of a Motor Vehicle
202304647548,2,2,1,48,48,12,3,"South (MD, DE, DC, WV, VA, KY, TN, NC, SC, GA, FL, AL, MS, LA, AR, OK, TX)",1,Urban Area,9,Stratum 9 - LMY PV No Injuries in Crash,87,141.52948435,1,January,16,4:00pm-4:59pm,55,55,12,Motor Vehicle In-Transport,6,Angle,0,No,2021.0,2021,498.0,Hyundai,2057.0,Santa Fe,7.0,Sport Utility Vehicle (SUV)/Multi-Purpose Vehicle (MPV),55.0,Hyundai,14.0,"Compact Utility (Utility Vehicle Categories ""Small"" and ""Midsize"")",0.0,Not Applicable,11.0,"Class 1: 6,000 lbs. or less (2,722 kg or less)",11.0,"Class 1: 6,000 lbs. or less (2,722 kg or less)",0.0,No Trailers,0.0,No Special Use Noted,0.0,Not Applicable,0.0,No Rollover,8.0,8 Clock Point,0.0,No or Not Reported,55401.0,Hyundai Santa Fe,72,72 Years,72,72 Years,1,Male,1,Male,1,Driver of a Motor Vehicle In-Transport,,,,,0,No Apparent Injury (O),0,No Apparent Injury (O),11,"Front Seat, Left Side",11,"Front Seat, Left Side",3,Shoulder and Lap Belt Used,0,No Indication of Misuse,20,Not Applicable,7,None Used/Not Applicable,20,Not Deployed,0,Not Ejected,0,Not Ejected,0,No (Alcohol Not Involved),0,No (Alcohol Not Involved),0,Test Not Given,0,Test Not Given,996,Test Not Given,0,No (drugs not involved),0,Not Transported for Treatment,0,0,Occupant of a Motor Vehicle
202304647554,2,1,1,48,48,12,3,"South (MD, DE, DC, WV, VA, KY, TN, NC, SC, GA, FL, AL, MS, LA, AR, OK, TX)",1,Urban Area,7,Stratum 7 - M/H Truck or Bus,87,158.90507293,1,January,8,8:00am-8:59am,19,19,12,Motor Vehicle In-Transport,7,Sideswipe - Same Direction,0,No,2019.0,2019,526.0,International,20852.0,LT625,66.0,Truck-Tractor,84.0,International Harvester/Navistar,66.0,"Truck-tractor (Cab only, or with any number of trailing unit; any weight)",0.0,Not Applicable,18.0,"Class 8: 33,001 lbs. and above (14,969 kg and above)",18.0,"Class 8: 33,001 lbs. and above (14,969 kg and above)",1.0,One Trailer,0.0,No Special Use Noted,0.0,Not Applicable,0.0,No Rollover,1.0,1 Clock Point,0.0,No or Not Reported,84881.0,International Harvester/Navistar Medium/Heavy - CBE,21,21 Years,21,21 Years,1,Male,1,Male,1,Driver of a Motor Vehicle In-Transport,,,,,0,No Apparent Injury (O),0,No Apparent Injury (O),11,"Front Seat, Left Side",11,"Front Seat, Left Side",3,Shoulder and Lap Belt Used,0,No Indication of Misuse,20,Not Applicable,7,None Used/Not Applicable,20,Not Deployed,0,Not Ejected,0,Not Ejected,0,No (Alcohol Not Involved),0,No (Alcohol Not Involved),0,Test Not Given,0,Test Not Given,996,Test Not Given,0,No (drugs not involved),0,Not Transported for Treatment,0,0,Occupant of a Motor Vehicle
202304647554,2,1,2,48,48,12,3,"South (MD, DE, DC, WV, VA, KY, TN, NC, SC, GA, FL, AL, MS, LA, AR, OK, TX)",1,Urban Area,7,Stratum 7 - M/H Truck or Bus,87,158.90507293,1,January,8,8:00am-8:59am,19,19,12,Motor Vehicle In-Transport,7,Sideswipe - Same Direction,0,No,2019.0,2019,526.0,International,20852.0,LT625,66.0,Truck-Tractor,84.0,International Harvester/Navistar,66.0,"Truck-tractor (Cab only, or with any number of trailing unit; any weight)",0.0,Not Applicable,18.0,"Class 8: 33,001 lbs. and above (14,969 kg and above)",18.0,"Class 8: 33,001 lbs. and above (14,969 kg and above)",1.0,One Trailer,0.0,No Special Use Noted,0.0,Not Applicable,0.0,No Rollover,1.0,1 Clock Point,0.0,No or Not Reported,84881.0,International Harvester/Navistar Medium/Heavy - CBE,999,Reported as Unknown,35,35 Years,2,Female,2,Female,2,Passenger of a Motor Vehicle In-Transport,,,,,0,No Apparent Injury (O),0,No Apparent Injury (O),13,"Front Seat, Right Side",13,"Front Seat, Right Side",3,Shoulder and Lap Belt Used,0,No Indication of Misuse,20,Not Applicable,7,None Used/Not Applicable,20,Not Deployed,0,Not Ejected,0,Not Ejected,8,Not Reported,0,No (Alcohol Not Involved),0,Test Not Given,0,Test Not Given,996,Test Not Given,8,Not Reported,0,Not Transported for Treatment,0,0,Occupant of a Motor Vehicle
202304647554,2,2,1,48,48,12,3,"South (MD, DE, DC, WV, VA, KY, TN, NC, SC, GA, FL, AL, MS, LA, AR, OK, TX)",1,Urban Area,7,Stratum 7 - M/H Truck or Bus,87,158.90507293,1,January,8,8:00am-8:59am,19,19,12,Motor Vehicle In-Transport,7,Sideswipe - Same Direction,0,No,2014.0,2014,523.0,Subaru,2234.0,Forester,7.0,Sport Utility Vehicle (SUV)/Multi-Purpose Vehicle (MPV),48.0,Subaru,14.0,"Compact Utility (Utility Vehicle Categories ""Small"" and ""Midsize"")",0.0,Not Applicable,11.0,"Class 1: 6,000 lbs. or less (2,722 kg or less)",11.0,"Class 1: 6,000 lbs. or less (2,722 kg or less)",0.0,No Trailers,0.0,No Special Use Noted,0.0,Not Applicable,0.0,No Rollover,10.0,10 Clock Point,0.0,No or Not Reported,48401.0,Subaru Forester,36,36 Years,36,36 Years,1,Male,1,Male,1,Driver of a Motor Vehicle In-Transport,,,,,0,No Apparent Injury (O),0,No Apparent Injury (O),11,"Front Seat, Left Side",11,"Front Seat, Left Side",3,Shoulder and Lap Belt Used,0,No Indication of Misuse,20,Not Applicable,7,None Used/Not Applicable,20,Not Deployed,0,Not Ejected,0,Not Ejected,0,No (Alcohol Not Involved),0,No (Alcohol Not Involved),0,Test Not Given,0,Test Not Given,996,Test Not Given,0,No (drugs not involved),0,Not Transported for Treatment,0,0,Occupant of a Motor Vehicle
202304647560,2,1,1,48,48,12,3,"South (MD, DE, DC, WV, VA, KY, TN, NC, SC, GA, FL, AL, MS, LA, AR, OK, TX)",1,Urban Area,10,Stratum 10 - Other,87,223.42002683,1,January,11,11:00am-11:59am,21,21,12,Motor Vehicle In-Transport,6,Angle,0,No,2014.0,2014,460.0,Ford,1798.0,Escape,7.0,Sport Utility Vehicle (SUV)/Multi-Purpose Vehicle (MPV),12.0,Ford,14.0,"Compact Utility (Utility Vehicle Categories ""Small"" and ""Midsize"")",0.0,Not Applicable,11.0,"Class 1: 6,000 lbs. or less (2,722 kg or less)",11.0,"Class 1: 6,000 lbs. or less (2,722 kg or less)",0.0,No Trailers,0.0,No Special Use Noted,0.0,Not Applicable,0.0,No Rollover,12.0,12 Clock Point,0.0,No or Not Reported,12402.0,Ford Escape,57,57 Years,57,57 Years,2,Female,2,Female,1,Driver of a Motor Vehicle In-Transport,,,,,0,No Apparent Injury (O),0,No Apparent Injury (O),11,"Front Seat, Left Side",11,"Front Seat, Left Side",3,Shoulder and Lap Belt Used,0,No Indication of Misuse,20,Not Applicable,7,None Used/Not Applicable,1,Deployed- Front,0,Not Ejected,0,Not Ejected,0,No (Alcohol Not Involved),0,No (Alcohol Not Involved),0,Test Not Given,0,Test Not Given,996,Test Not Given,0,No (drugs not involved),0,Not Transported for Treatment,0,0,Occupant of a Motor Vehicle
202304647560,2,2,1,48,48,12,3,"South (MD, DE, DC, WV, VA, KY, TN, NC, SC, GA, FL, AL, MS, LA, AR, OK, TX)",1,Urban Area,10,Stratum 10 - Other,87,223.42002683,1,January,11,11:00am-11:59am,21,21,12,Motor Vehicle In-Transport,6,Angle,0,No,2016.0,2016,483.0,Jeep,1943.0,Wrangler,7.0,Sport Utility Vehicle (SUV)/Multi-Purpose Vehicle (MPV),2.0,Jeep / Kaiser-Jeep / Willys- Jeep,14.0,"Compact Utility (Utility Vehicle Categories ""Small"" and ""Midsize"")",0.0,Not Applicable,11.0,"Class 1: 6,000 lbs. or less (2,722 kg or less)",11.0,"Class 1: 6,000 lbs. or less (2,722 kg or less)",0.0,No Trailers,0.0,No Special Use Noted,0.0,Not Applicable,0.0,No Rollover,9.0,9 Clock Point,0.0,No or Not Reported,2403.0,Jeep / Kaiser-Jeep / Willys- Jeep YJ series/Wrangler,24,24 Years,24,24 Years,1,Male,1,Male,1,Driver of a Motor Vehicle In-Transport,,,,,0,No Apparent Injury (O),0,No Apparent Injury (O),11,"Front Seat, Left Side",11,"Front Seat, Left Side",3,Shoulder and Lap Belt Used,0,No Indication of Misuse,20,Not Applicable,7,None Used/Not Applicable,20,Not Deployed,0,Not Ejected,0,Not Ejected,0,No (Alcohol Not Involved),0,No (Alcohol Not Involved),0,Test Not Given,0,Test Not Given,996,Test Not Given,0,No (drugs not involved),0,Not Transported for Treatment,0,0,Occupant of a Motor Vehicle
202304647580,2,1,1,48,48,12,3,"South (MD, DE, DC, WV, VA, KY, TN, NC, SC, GA, FL, AL, MS, LA, AR, OK, TX)",1,Urban Area,10,Stratum 10 - Other,87,223.42002683,1,January,10,10:00am-10:59am,30,30,12,Motor Vehicle In-Transport,6,Angle,0,No,2017.0,2017,478.0,Nissan,1907.0,Sentra,13.0,Sedan/Saloon,35.0,Nissan/Datsun,4.0,"4-door sedan, hardtop",0.0,Not Applicable,11.0,"Class 1: 6,000 lbs. or less (2,722 kg or less)",11.0,"Class 1: 6,000 lbs. or less (2,722 kg or less)",0.0,No Trailers,0.0,No Special Use Noted,0.0,Not Applicable,0.0,No Rollover,12.0,12 Clock Point,0.0,No or Not Reported,35043.0,Nissan/Datsun Sentra,25,25 Years,25,25 Years,2,Female,2,Female,1,Driver of a Motor Vehicle In-Transport,,,,,0,No Apparent Injury (O),0,No Apparent Injury (O),11,"Front Seat, Left Side",11,"Front Seat, Left Side",99,Reported as Unknown,7,None Used/Not Applicable,20,Not Applicable,7,None Used/Not Applicable,20,Not Deployed,0,Not Ejected,0,Not Ejected,0,No (Alcohol Not Involved),0,No (Alcohol Not Involved),0,Test Not Given,0,Test Not Given,996,Test Not Given,0,No (drugs not involved),0,Not Transported for Treatment,0,0,Occupant of a Motor Vehicle
202304647580,2,2,1,48,48,12,3,"South (MD, DE, DC, WV, VA, KY, TN, NC, SC, GA, FL, AL, MS, LA, AR, OK, TX)",1,Urban Area,10,Stratum 10 - Other,87,223.42002683,1,January,10,10:00am-10:59am,30,30,12,Motor Vehicle In-Transport,6,Angle,0,No,2003.0,2003,460.0,Ford,1778.0,Crown Victoria,13.0,Sedan/Saloon,12.0,Ford,4.0,"4-door sedan, hardtop",0.0,Not Applicable,11.0,"Class 1: 6,000 lbs. or less (2,722 kg or less)",11.0,"Class 1: 6,000 lbs. or less (2,722 kg or less)",0.0,No Trailers,0.0,No Special Use Noted,0.0,Not Applicable,0.0,No Rollover,11.0,11 Clock Point,0.0,No or Not Reported,12016.0,"Ford Crown Victoria  (For 2011 on, code as vehicle model 398)",18,18 Years,18,18 Years,1,Male,1,Male,1,Driver of a Motor Vehicle In-Transport,,,,,0,No Apparent Injury (O),0,No Apparent Injury (O),11,"Front Seat, Left Side",11,"Front Seat, Left Side",99,Reported as Unknown,7,None Used/Not Applicable,20,Not Applicable,7,None Used/Not Applicable,20,Not Deployed,0,Not Ejected,0,Not Ejected,0,No (Alcohol Not Involved),0,No (Alcohol Not Involved),0,Test Not Given,0,Test Not Given,996,Test Not Given,0,No (drugs not involved),0,Not Transported for Treatment,0,0,Occupant of a Motor Vehicle
202304647585,2,1,1,48,48,12,3,"South (MD, DE, DC, WV, VA, KY, TN, NC, SC, GA, FL, AL, MS, LA, AR, OK, TX)",1,Urban Area,9,Stratum 9 - LMY PV No Injuries in Crash,87,141.52948435,1,January,16,4:00pm-4:59pm,15,15,12,Motor Vehicle In-Transport,7,Sideswipe - Same Direction,0,No,2021.0,2021,448.0,Toyota,2208.0,Corolla,13.0,Sedan/Saloon,49.0,Toyota,4.0,"4-door sedan, hardtop",0.0,Not Applicable,11.0,"Class 1: 6,000 lbs. or less (2,722 kg or less)",11.0,"Class 1: 6,000 lbs. or less (2,722 kg or less)",0.0,No Trailers,0.0,No Special Use Noted,0.0,Not Applicable,0.0,No Rollover,11.0,11 Clock Point,0.0,No or Not Reported,49032.0,Toyota Corolla,64,64 Years,64,64 Years,2,Female,2,Female,1,Driver of a Motor Vehicle In-Transport,,,,,0,No Apparent Injury (O),0,No Apparent Injury (O),11,"Front Seat, Left Side",11,"Front Seat, Left Side",3,Shoulder and Lap Belt Used,0,No Indication of Misuse,20,Not Applicable,7,None Used/Not Applicable,20,Not Deployed,0,Not Ejected,0,Not Ejected,0,No (Alcohol Not Involved),0,No (Alcohol Not Involved),0,Test Not Given,0,Test Not Given,996,Test Not Given,0,No (drugs not involved),0,Not Transported for Treatment,0,0,Occupant of a Motor Vehicle
202304647585,2,2,1,48,48,12,3,"South (MD, DE, DC, WV, VA, KY, TN, NC, SC, GA, FL, AL, MS, LA, AR, OK, TX)",1,Urban Area,9,Stratum 9 - LMY PV No Injuries in Crash,87,141.52948435,1,January,16,4:00pm-4:59pm,15,15,12,Motor Vehicle In-Transport,7,Sideswipe - Same Direction,0,No,2014.0,2014,460.0,Ford,1779.0,Focus,5.0,Hatchback/Liftback/Notchback,12.0,Ford,5.0,5-door/4-door hatchback,0.0,Not Applicable,11.0,"Class 1: 6,000 lbs. or less (2,722 kg or less)",11.0,"Class 1: 6,000 lbs. or less (2,722 kg or less)",0.0,No Trailers,0.0,No Special Use Noted,0.0,Not Applicable,0.0,No Rollover,5.0,5 Clock Point,0.0,No or Not Reported,12037.0,Ford Focus,39,39 Years,39,39 Years,1,Male,1,Male,1,Driver of a Motor Vehicle In-Transport,,,,,0,No Apparent Injury (O),0,No Apparent Injury (O),11,"Front Seat, Left Side",11,"Front Seat, Left Side",3,Shoulder and Lap Belt Used,0,No Indication of Misuse,20,Not Applicable,7,None Used/Not Applicable,20,Not Deployed,0,Not Ejected,0,Not Ejected,0,No (Alcohol Not Involved),0,No (Alcohol Not Involved),0,Test Not Given,0,Test Not Given,996,Test Not Given,0,No (drugs not involved),0,Not Transported for Treatment,0,0,Occupant of a Motor Vehicle
202304647590,1,1,1,48,48,12,3,"South (MD, DE, DC, WV, VA, KY, TN, NC, SC, GA, FL, AL, MS, LA, AR, OK, TX)",1,Urban Area,9,Stratum 9 - LMY PV No Injuries in Crash,87,141.52948435,1,January,15,3:00pm-3:59pm,17,17,18,Other Object (not fixed),0,The First Harmful Event was Not a Collision with a Motor Vehicle In-Transport,0,No,2020.0,2020,448.0,Toyota,2208.0,Corolla,13.0,Sedan/Saloon,49.0,Toyota,4.0,"4-door sedan, hardtop",0.0,Not Applicable,11.0,"Class 1: 6,000 lbs. or less (2,722 kg or less)",11.0,"Class 1: 6,000 lbs. or less (2,722 kg or less)",0.0,No Trailers,0.0,No Special Use Noted,0.0,Not Applicable,0.0,No Rollover,12.0,12 Clock Point,0.0,No or Not Reported,49032.0,Toyota Corolla,68,68 Years,68,68 Years,1,Male,1,Male,1,Driver of a Motor Vehicle In-Transport,,,,,0,No Apparent Injury (O),0,No Apparent Injury (O),11,"Front Seat, Left Side",11,"Front Seat, Left Side",3,Shoulder and Lap Belt Used,0,No Indication of Misuse,20,Not Applicable,7,None Used/Not Applicable,20,Not Deployed,0,Not Ejected,0,Not Ejected,0,No (Alcohol Not Involved),0,No (Alcohol Not Involved),0,Test Not Given,0,Test Not Given,996,Test Not Given,0,No (drugs not involved),0,Not Transported for Treatment,0,0,Occupant of a Motor Vehicle
202304647607,3,1,1,48,48,12,3,"South (MD, DE, DC, WV, VA, KY, TN, NC, SC, GA, FL, AL, MS, LA, AR, OK, TX)",1,Urban Area,8,Stratum 8 - NLMY PV Minor Injury,87,134.13956402,1,January,15,3:00pm-3:59pm,53,53,12,Motor Vehicle In-Transport,1,Front-to-Rear,0,No,2007.0,2007,460.0,Ford,1801.0,F-150,60.0,Pickup,12.0,Ford,34.0,Light Pickup,0.0,Not Applicable,12.0,"Class 2: 6,001 - 10,000 lbs. (2,722 - 4,536 kg)",12.0,"Class 2: 6,001 - 10,000 lbs. (2,722 - 4,536 kg)",0.0,No Trailers,0.0,No Special Use Noted,0.0,Not Applicable,0.0,No Rollover,12.0,12 Clock Point,0.0,No or Not Reported,12481.0,Ford F-Series pickup,19,19 Years,19,19 Years,1,Male,1,Male,1,Driver of a Motor Vehicle In-Transport,,,,,1,Possible Injury (C),1,Possible Injury (C),11,"Front Seat, Left Side",11,"Front Seat, Left Side",3,Shoulder and Lap Belt Used,0,No Indication of Misuse,20,Not Applicable,7,None Used/Not Applicable,1,Deployed- Front,0,Not Ejected,0,Not Ejected,0,No (Alcohol Not Involved),0,No (Alcohol Not Involved),0,Test Not Given,0,Test Not Given,996,Test Not Given,0,No (drugs not involved),0,Not Transported for Treatment,0,0,Occupant of a Motor Vehicle
202304647607,3,2,1,48,48,12,3,"South (MD, DE, DC, WV, VA, KY, TN, NC, SC, GA, FL, AL, MS, LA, AR, OK, TX)",1,Urban Area,8,Stratum 8 - NLMY PV Minor Injury,87,134.13956402,1,January,15,3:00pm-3:59pm,53,53,12,Motor Vehicle In-Transport,1,Front-to-Rear,0,No,2016.0,2016,498.0,Hyundai,2774.0,Genesis,13.0,Sedan/Saloon,55.0,Hyundai,4.0,"4-door sedan, hardtop",0.0,Not Applicable,11.0,"Class 1: 6,000 lbs. or less (2,722 kg or less)",11.0,"Class 1: 6,000 lbs. or less (2,722 kg or less)",0.0,No Trailers,0.0,No Special Use Noted,0.0,Not Applicable,0.0,No Rollover,12.0,12 Clock Point,0.0,No or Not Reported,55041.0,"Hyundai Genesis (For 2009-2016 only. For model years 2017 on, see 55-043, 55-044 and 55-046)",28,28 Years,28,28 Years,1,Male,1,Male,1,Driver of a Motor Vehicle In-Transport,,,,,1,Possible Injury (C),1,Possible Injury (C),11,"Front Seat, Left Side",11,"Front Seat, Left Side",3,Shoulder and Lap Belt Used,0,No Indication of Misuse,20,Not Applicable,7,None Used/Not Applicable,20,Not Deployed,0,Not Ejected,0,Not Ejected,0,No (Alcohol Not Involved),0,No (Alcohol Not Involved),0,Test Not Given,0,Test Not Given,996,Test Not Given,0,No (drugs not involved),5,EMS Ground,0,0,Occupant of a Motor Vehicle
202304647607,3,3,1,48,48,12,3,"South (MD, DE, DC, WV, VA, KY, TN, NC, SC, GA, FL, AL, MS, LA, AR, OK, TX)",1,Urban Area,8,Stratum 8 - NLMY PV Minor Injury,87,134.13956402,1,January,15,3:00pm-3:59pm,53,53,12,Motor Vehicle In-Transport,1,Front-to-Rear,0,No,2018.0,2018,474.0,Honda,1863.0,Civic,5.0,Hatchback/Liftback/Notchback,37.0,Honda,5.0,5-door/4-door hatchback,0.0,Not Applicable,11.0,"Class 1: 6,000 lbs. or less (2,722 kg or less)",11.0,"Class 1: 6,000 lbs. or less (2,722 kg or less)",0.0,No Trailers,0.0,No Special Use Noted,0.0,Not Applicable,0.0,No Rollover,6.0,6 Clock Point,0.0,No or Not Reported,37031.0,"Honda Civic/CRX, del Sol",29,29 Years,29,29 Years,1,Male,1,Male,1,Driver of a Motor Vehicle In-Transport,,,,,0,No Apparent Injury (O),0,No Apparent Injury (O),11,"Front Seat, Left Side",11,"Front Seat, Left Side",3,Shoulder and Lap Belt Used,0,No Indication of Misuse,20,Not Applicable,7,None Used/Not Applicable,20,Not Deployed,0,Not Ejected,0,Not Ejected,0,No (Alcohol Not Involved),0,No (Alcohol Not Involved),0,Test Not Given,0,Test Not Given,996,Test Not Given,0,No (drugs not involved),0,Not Transported for Treatment,0,0,Occupant of a Motor Vehicle
202304647614,2,1,1,48,48,12,3,"South (MD, DE, DC, WV, VA, KY, TN, NC, SC, GA, FL, AL, MS, LA, AR, OK, TX)",1,Urban Area,10,Stratum 10 - Other,87,223.42002683,1,January,15,3:00pm-3:59pm,5,5,12,Motor Vehicle In-Transport,1,Front-to-Rear,0,No,2010.0,2010,460.0,Ford,1799.0,Expedition,7.0,Sport Utility Vehicle (SUV)/Multi-Purpose Vehicle (MPV),12.0,Ford,15.0,"Large utility (ANSI D16.1 Utility Vehicle Categories and ""Full Size"" and ""Large"")",0.0,Not Applicable,12.0,"Class 2: 6,001 - 10,000 lbs. (2,722 - 4,536 kg)",12.0,"Class 2: 6,001 - 10,000 lbs. (2,722 - 4,536 kg)",0.0,No Trailers,0.0,No Special Use Noted,0.0,Not Applicable,0.0,No Rollover,12.0,12 Clock Point,0.0,No or Not Reported,12422.0,Ford Expedition,67,67 Years,67,67 Years,1,Male,1,Male,1,Driver of a Motor Vehicle In-Transport,,,,,0,No Apparent Injury (O),0,No Apparent Injury (O),11,"Front Seat, Left Side",11,"Front Seat, Left Side",3,Shoulder and Lap Belt Used,0,No Indication of Misuse,20,Not Applicable,7,None Used/Not Applicable,20,Not Deployed,0,Not Ejected,0,Not Ejected,0,No (Alcohol Not Involved),0,No (Alcohol Not Involved),0,Test Not Given,0,Test Not Given,996,Test Not Given,0,No (drugs not involved),0,Not Transported for Treatment,0,0,Occupant of a Motor Vehicle
202304647614,2,2,1,48,48,12,3,"South (MD, DE, DC, WV, VA, KY, TN, NC, SC, GA, FL, AL, MS, LA, AR, OK, TX)",1,Urban Area,10,Stratum 10 - Other,87,223.42002683,1,January,15,3:00pm-3:59pm,5,5,12,Motor Vehicle In-Transport,1,Front-to-Rear,0,No,2008.0,2008,460.0,Ford,1805.0,F-250,60.0,Pickup,12.0,Ford,34.0,Light Pickup,0.0,Not Applicable,12.0,"Class 2: 6,001 - 10,000 lbs. (2,722 - 4,536 kg)",12.0,"Class 2: 6,001 - 10,000 lbs. (2,722 - 4,536 kg)",0.0,No Trailers,0.0,No Special Use Noted,0.0,Not Applicable,0.0,No Rollover,6.0,6 Clock Point,0.0,No or Not Reported,12481.0,Ford F-Series pickup,77,77 Years,77,77 Years,1,Male,1,Male,1,Driver of a Motor Vehicle In-Transport,,,,,0,No Apparent Injury (O),0,No Apparent Injury (O),11,"Front Seat, Left Side",11,"Front Seat, Left Side",3,Shoulder and Lap Belt Used,0,No Indication of Misuse,20,Not Applicable,7,None Used/Not Applicable,20,Not Deployed,0,Not Ejected,0,Not Ejected,0,No (Alcohol Not Involved),0,No (Alcohol Not Involved),0,Test Not Given,0,Test Not Given,996,Test Not Given,0,No (drugs not involved),0,Not Transported for Treatment,0,0,Occupant of a Motor Vehicle
202304647614,2,2,2,48,48,12,3,"South (MD, DE, DC, WV, VA, KY, TN, NC, SC, GA, FL, AL, MS, LA, AR, OK, TX)",1,Urban Area,10,Stratum 10 - Other,87,223.42002683,1,January,15,3:00pm-3:59pm,5,5,12,Motor Vehicle In-Transport,1,Front-to-Rear,0,No,2008.0,2008,460.0,Ford,1805.0,F-250,60.0,Pickup,12.0,Ford,34.0,Light Pickup,0.0,Not Applicable,12.0,"Class 2: 6,001 - 10,000 lbs. (2,722 - 4,536 kg)",12.0,"Class 2: 6,001 - 10,000 lbs. (2,722 - 4,536 kg)",0.0,No Trailers,0.0,No Special Use Noted,0.0,Not Applicable,0.0,No Rollover,6.0,6 Clock Point,0.0,No or Not Reported,12481.0,Ford F-Series pickup,71,71 Years,71,71 Years,2,Female,2,Female,2,Passenger of a Motor Vehicle In-Transport,,,,,0,No Apparent Injury (O),0,No Apparent Injury (O),13,"Front Seat, Right Side",13,"Front Seat, Right Side",3,Shoulder and Lap Belt Used,0,No Indication of Misuse,20,Not Applicable,7,None Used/Not Applicable,20,Not Deployed,0,Not Ejected,0,Not Ejected,8,Not Reported,0,No (Alcohol Not Involved),0,Test Not Given,0,Test Not Given,996,Test Not Given,8,Not Reported,0,Not Transported for Treatment,0,0,Occupant of a Motor Vehicle
202304647633,2,1,1,48,48,12,3,"South (MD, DE, DC, WV, VA, KY, TN, NC, SC, GA, FL, AL, MS, LA, AR, OK, TX)",1,Urban Area,9,Stratum 9 - LMY PV No Injuries in Crash,87,141.52948435,1,January,14,2:00pm-2:59pm,15,15,12,Motor Vehicle In-Transport,1,Front-to-Rear,0,No,2003.0,2003,448.0,Toyota,2467.0,Tundra,60.0,Pickup,49.0,Toyota,34.0,Light Pickup,0.0,Not Applicable,12.0,"Class 2: 6,001 - 10,000 lbs. (2,722 - 4,536 kg)",12.0,"Class 2: 6,001 - 10,000 lbs. (2,722 - 4,536 kg)",1.0,One Trailer,0.0,No Special Use Noted,0.0,Not Applicable,0.0,No Rollover,12.0,12 Clock Point,0.0,No or Not Reported,49482.0,Toyota Tundra,35,35 Years,35,35 Years,1,Male,1,Male,1,Driver of a Motor Vehicle In-Transport,,,,,0,No Apparent Injury (O),0,No Apparent Injury (O),11,"Front Seat, Left Side",11,"Front Seat, Left Side",3,Shoulder and Lap Belt Used,0,No Indication of Misuse,20,Not Applicable,7,None Used/Not Applicable,20,Not Deployed,0,Not Ejected,0,Not Ejected,0,No (Alcohol Not Involved),0,No (Alcohol Not Involved),0,Test Not Given,0,Test Not Given,996,Test Not Given,0,No (drugs not involved),0,Not Transported for Treatment,0,0,Occupant of a Motor Vehicle
202304647633,2,2,1,48,48,12,3,"South (MD, DE, DC, WV, VA, KY, TN, NC, SC, GA, FL, AL, MS, LA, AR, OK, TX)",1,Urban Area,9,Stratum 9 - LMY PV No Injuries in Crash,87,141.52948435,1,January,14,2:00pm-2:59pm,15,15,12,Motor Vehicle In-Transport,1,Front-to-Rear,0,No,2019.0,2019,460.0,Ford,1805.0,F-250,60.0,Pickup,12.0,Ford,34.0,Light Pickup,0.0,Not Applicable,12.0,"Class 2: 6,001 - 10,000 lbs. (2,722 - 4,536 kg)",12.0,"Class 2: 6,001 - 10,000 lbs. (2,722 - 4,536 kg)",0.0,No Trailers,0.0,No Special Use Noted,0.0,Not Applicable,0.0,No Rollover,6.0,6 Clock Point,0.0,No or Not Reported,12481.0,Ford F-Series pickup,48,48 Years,48,48 Years,1,Male,1,Male,1,Driver of a Motor Vehicle In-Transport,,,,,0,No Apparent Injury (O),0,No Apparent Injury (O),11,"Front Seat, Left Side",11,"Front Seat, Left Side",3,Shoulder and Lap Belt Used,0,No Indication of Misuse,20,Not Applicable,7,None Used/Not Applicable,20,Not Deployed,0,Not Ejected,0,Not Ejected,0,No (Alcohol Not Involved),0,No (Alcohol Not Involved),0,Test Not Given,0,Test Not Given,996,Test Not Given,0,No (drugs not involved),0,Not Transported for Treatment,0,0,Occupant of a Motor Vehicle
202304647641,2,1,1,48,48,12,3,"South (MD, DE, DC, WV, VA, KY, TN, NC, SC, GA, FL, AL, MS, LA, AR, OK, TX)",1,Urban Area,10,Stratum 10 - Other,87,223.42002683,1,January,19,7:00pm-7:59pm,30,30,12,Motor Vehicle In-Transport,6,Angle,0,No,1999.0,1999,472.0,GMC,1856.0,Savana,95.0,Cargo Van,23.0,GMC,21.0,"Large Van-Includes van-based buses (B150-B350, Sportsman, Royal Maxiwagon, Ram, Tradesman,...)",0.0,Not Applicable,12.0,"Class 2: 6,001 - 10,000 lbs. (2,722 - 4,536 kg)",12.0,"Class 2: 6,001 - 10,000 lbs. (2,722 - 4,536 kg)",0.0,No Trailers,0.0,No Special Use Noted,0.0,Not Applicable,0.0,No Rollover,12.0,12 Clock Point,0.0,No or Not Reported,23461.0,GMC G-series van/Savana,24,24 Years,24,24 Years,1,Male,1,Male,1,Driver of a Motor Vehicle In-Transport,,,,,0,No Apparent Injury (O),0,No Apparent Injury (O),11,"Front Seat, Left Side",11,"Front Seat, Left Side",3,Shoulder and Lap Belt Used,0,No Indication of Misuse,20,Not Applicable,7,None Used/Not Applicable,1,Deployed- Front,0,Not Ejected,0,Not Ejected,0,No (Alcohol Not Involved),0,No (Alcohol Not Involved),0,Test Not Given,0,Test Not Given,996,Test Not Given,0,No (drugs not involved),0,Not Transported for Treatment,0,0,Occupant of a Motor Vehicle
202304647641,2,1,2,48,48,12,3,"South (MD, DE, DC, WV, VA, KY, TN, NC, SC, GA, FL, AL, MS, LA, AR, OK, TX)",1,Urban Area,10,Stratum 10 - Other,87,223.42002683,1,January,19,7:00pm-7:59pm,30,30,12,Motor Vehicle In-Transport,6,Angle,0,No,1999.0,1999,472.0,GMC,1856.0,Savana,95.0,Cargo Van,23.0,GMC,21.0,"Large Van-Includes van-based buses (B150-B350, Sportsman, Royal Maxiwagon, Ram, Tradesman,...)",0.0,Not Applicable,12.0,"Class 2: 6,001 - 10,000 lbs. (2,722 - 4,536 kg)",12.0,"Class 2: 6,001 - 10,000 lbs. (2,722 - 4,536 kg)",0.0,No Trailers,0.0,No Special Use Noted,0.0,Not Applicable,0.0,No Rollover,12.0,12 Clock Point,0.0,No or Not Reported,23461.0,GMC G-series van/Savana,23,23 Years,23,23 Years,2,Female,2,Female,2,Passenger of a Motor Vehicle In-Transport,,,,,0,No Apparent Injury (O),0,No Apparent Injury (O),19,"Front Seat, Unknown",13,"Front Seat, Right Side",3,Shoulder and Lap Belt Used,0,No Indication of Misuse,20,Not Applicable,7,None Used/Not Applicable,20,Not Deployed,0,Not Ejected,0,Not Ejected,8,Not Reported,0,No (Alcohol Not Involved),0,Test Not Given,0,Test Not Given,996,Test Not Given,8,Not Reported,0,Not Transported for Treatment,0,0,Occupant of a Motor Vehicle
202304647641,2,1,3,48,48,12,3,"South (MD, DE, DC, WV, VA, KY, TN, NC, SC, GA, FL, AL, MS, LA, AR, OK, TX)",1,Urban Area,10,Stratum 10 - Other,87,223.42002683,1,January,19,7:00pm-7:59pm,30,30,12,Motor Vehicle In-Transport,6,Angle,0,No,1999.0,1999,472.0,GMC,1856.0,Savana,95.0,Cargo Van,23.0,GMC,21.0,"Large Van-Includes van-based buses (B150-B350, Sportsman, Royal Maxiwagon, Ram, Tradesman,...)",0.0,Not Applicable,12.0,"Class 2: 6,001 - 10,000 lbs. (2,722 - 4,536 kg)",12.0,"Class 2: 6,001 - 10,000 lbs. (2,722 - 4,536 kg)",0.0,No Trailers,0.0,No Special Use Noted,0.0,Not Applicable,0.0,No Rollover,12.0,12 Clock Point,0.0,No or Not Reported,23461.0,GMC G-series van/Savana,27,27 Years,27,27 Years,1,Male,1,Male,2,Passenger of a Motor Vehicle In-Transport,,,,,0,No Apparent Injury (O),0,No Apparent Injury (O),13,"Front Seat, Right Side",13,"Front Seat, Right Side",3,Shoulder and Lap Belt Used,0,No Indication of Misuse,20,Not Applicable,7,None Used/Not Applicable,1,Deployed- Front,0,Not Ejected,0,Not Ejected,8,Not Reported,0,No (Alcohol Not Involved),0,Test Not Given,0,Test Not Given,996,Test Not Given,8,Not Reported,0,Not Transported for Treatment,0,0,Occupant of a Motor Vehicle
202304647641,2,2,1,48,48,12,3,"South (MD, DE, DC, WV, VA, KY, TN, NC, SC, GA, FL, AL, MS, LA, AR, OK, TX)",1,Urban Area,10,Stratum 10 - Other,87,223.42002683,1,January,19,7:00pm-7:59pm,30,30,12,Motor Vehicle In-Transport,6,Angle,0,No,2004.0,2004,467.0,Chevrolet,8883.0,Venture,9.0,Van,20.0,Chevrolet,20.0,"Minivan (Chrysler Town and Country, Caravan, Grand Caravan, Voyager, Voyager, Honda-Odyssey, ...)",0.0,Not Applicable,11.0,"Class 1: 6,000 lbs. or less (2,722 kg or less)",11.0,"Class 1: 6,000 lbs. or less (2,722 kg or less)",0.0,No Trailers,0.0,No Special Use Noted,0.0,Not Applicable,0.0,No Rollover,11.0,11 Clock Point,0.0,No or Not Reported,20443.0,Chevrolet Venture,36,36 Years,36,36 Years,1,Male,1,Male,1,Driver of a Motor Vehicle In-Transport,,,,,0,No Apparent Injury (O),0,No Apparent Injury (O),11,"Front Seat, Left Side",11,"Front Seat, Left Side",3,Shoulder and Lap Belt Used,0,No Indication of Misuse,20,Not Applicable,7,None Used/Not Applicable,20,Not Deployed,0,Not Ejected,0,Not Ejected,0,No (Alcohol Not Involved),0,No (Alcohol Not Involved),0,Test Not Given,0,Test Not Given,996,Test Not Given,0,No (drugs not involved),0,Not Transported for Treatment,0,0,Occupant of a Motor Vehicle
202304647641,2,2,2,48,48,12,3,"South (MD, DE, DC, WV, VA, KY, TN, NC, SC, GA, FL, AL, MS, LA, AR, OK, TX)",1,Urban Area,10,Stratum 10 - Other,87,223.42002683,1,January,19,7:00pm-7:59pm,30,30,12,Motor Vehicle In-Transport,6,Angle,0,No,2004.0,2004,467.0,Chevrolet,8883.0,Venture,9.0,Van,20.0,Chevrolet,20.0,"Minivan (Chrysler Town and Country, Caravan, Grand Caravan, Voyager, Voyager, Honda-Odyssey, ...)",0.0,Not Applicable,11.0,"Class 1: 6,000 lbs. or less (2,722 kg or less)",11.0,"Class 1: 6,000 lbs. or less (2,722 kg or less)",0.0,No Trailers,0.0,No Special Use Noted,0.0,Not Applicable,0.0,No Rollover,11.0,11 Clock Point,0.0,No or Not Reported,20443.0,Chevrolet Venture,19,19 Years,19,19 Years,1,Male,1,Male,2,Passenger of a Motor Vehicle In-Transport,,,,,0,No Apparent Injury (O),0,No Apparent Injury (O),13,"Front Seat, Right Side",13,"Front Seat, Right Side",3,Shoulder and Lap Belt Used,0,No Indication of Misuse,20,Not Applicable,7,None Used/Not Applicable,20,Not Deployed,0,Not Ejected,0,Not Ejected,8,Not Reported,0,No (Alcohol Not Involved),0,Test Not Given,0,Test Not Given,996,Test Not Given,8,Not Reported,0,Not Transported for Treatment,0,0,Occupant of a Motor Vehicle
202304647641,2,2,3,48,48,12,3,"South (MD, DE, DC, WV, VA, KY, TN, NC, SC, GA, FL, AL, MS, LA, AR, OK, TX)",1,Urban Area,10,Stratum 10 - Other,87,223.42002683,1,January,19,7:00pm-7:59pm,30,30,12,Motor Vehicle In-Transport,6,Angle,0,No,2004.0,2004,467.0,Chevrolet,8883.0,Venture,9.0,Van,20.0,Chevrolet,20.0,"Minivan (Chrysler Town and Country, Caravan, Grand Caravan, Voyager, Voyager, Honda-Odyssey, ...)",0.0,Not Applicable,11.0,"Class 1: 6,000 lbs. or less (2,722 kg or less)",11.0,"Class 1: 6,000 lbs. or less (2,722 kg or less)",0.0,No Trailers,0.0,No Special Use Noted,0.0,Not Applicable,0.0,No Rollover,11.0,11 Clock Point,0.0,No or Not Reported,20443.0,Chevrolet Venture,46,46 Years,46,46 Years,1,Male,1,Male,2,Passenger of a Motor Vehicle In-Transport,,,,,0,No Apparent Injury (O),0,No Apparent Injury (O),21,"Second Seat, Left Side",21,"Second Seat, Left Side",3,Shoulder and Lap Belt Used,0,No Indication of Misuse,20,Not Applicable,7,None Used/Not Applicable,20,Not Deployed,0,Not Ejected,0,Not Ejected,8,Not Reported,0,No (Alcohol Not Involved),0,Test Not Given,0,Test Not Given,996,Test Not Given,8,Not Reported,0,Not Transported for Treatment,0,0,Occupant of a Motor Vehicle
202304647654,2,1,1,48,48,12,3,"South (MD, DE, DC, WV, VA, KY, TN, NC, SC, GA, FL, AL, MS, LA, AR, OK, TX)",1,Urban Area,6,Stratum 6 - LMY PV Minor Injury,87,53.070005145,1,January,19,7:00pm-7:59pm,50,50,12,Motor Vehicle In-Transport,8,Sideswipe - Opposite Direction,0,No,2007.0,2007,523.0,Subaru,2232.0,Legacy,15.0,Wagon,48.0,Subaru,6.0,Station Wagon (excluding van and truck based),0.0,Not Applicable,11.0,"Class 1: 6,000 lbs. or less (2,722 kg or less)",11.0,"Class 1: 6,000 lbs. or less (2,722 kg or less)",0.0,No Trailers,0.0,No Special Use Noted,0.0,Not Applicable,0.0,No Rollover,11.0,11 Clock Point,0.0,No or Not Reported,48034.0,Subaru Legacy/Outback(prior to 2003 only; see 045 for 2003 on),16,16 Years,16,16 Years,2,Female,2,Female,1,Driver of a Motor Vehicle In-Transport,,,,,0,No Apparent Injury (O),0,No Apparent Injury (O),11,"Front Seat, Left Side",11,"Front Seat, Left Side",3,Shoulder and Lap Belt Used,0,No Indication of Misuse,20,Not Applicable,7,None Used/Not Applicable,1,Deployed- Front,0,Not Ejected,0,Not Ejected,0,No (Alcohol Not Involved),0,No (Alcohol Not Involved),0,Test Not Given,0,Test Not Given,996,Test Not Given,0,No (drugs not involved),0,Not Transported for Treatment,0,0,Occupant of a Motor Vehicle
202304647654,2,2,1,48,48,12,3,"South (MD, DE, DC, WV, VA, KY, TN, NC, SC, GA, FL, AL, MS, LA, AR, OK, TX)",1,Urban Area,6,Stratum 6 - LMY PV Minor Injury,87,53.070005145,1,January,19,7:00pm-7:59pm,50,50,12,Motor Vehicle In-Transport,8,Sideswipe - Opposite Direction,0,No,2021.0,2021,448.0,Toyota,2217.0,RAV4,7.0,Sport Utility Vehicle (SUV)/Multi-Purpose Vehicle (MPV),49.0,Toyota,14.0,"Compact Utility (Utility Vehicle Categories ""Small"" and ""Midsize"")",0.0,Not Applicable,11.0,"Class 1: 6,000 lbs. or less (2,722 kg or less)",11.0,"Class 1: 6,000 lbs. or less (2,722 kg or less)",0.0,No Trailers,0.0,No Special Use Noted,0.0,Not Applicable,0.0,No Rollover,11.0,11 Clock Point,0.0,No or Not Reported,49402.0,Toyota RAV4 *,33,33 Years,33,33 Years,1,Male,1,Male,1,Driver of a Motor Vehicle In-Transport,,,,,2,Suspected Minor Injury (B),2,Suspected Minor Injury (B),11,"Front Seat, Left Side",11,"Front Seat, Left Side",3,Shoulder and Lap Belt Used,0,No Indication of Misuse,20,Not Applicable,7,None Used/Not Applicable,8,Deployed- Combination,0,Not Ejected,0,Not Ejected,0,No (Alcohol Not Involved),0,No (Alcohol Not Involved),0,Test Not Given,0,Test Not Given,996,Test Not Given,0,No (drugs not involved),6,Other,0,0,Occupant of a Motor Vehicle
202304647677,1,1,1,48,48,12,3,"South (MD, DE, DC, WV, VA, KY, TN, NC, SC, GA, FL, AL, MS, LA, AR, OK, TX)",1,Urban Area,9,Stratum 9 - LMY PV No Injuries in Crash,90,141.52948435,1,January,6,6:00am-6:59am,49,49,11,Live Animal,0,The First Harmful Event was Not a Collision with a Motor Vehicle In-Transport,0,No,2022.0,2022,476.0,Dodge,1893.0,Challenger,13.0,Sedan/Saloon,7.0,Dodge,2.0,"2-door sedan,hardtop,coupe",0.0,Not Applicable,11.0,"Class 1: 6,000 lbs. or less (2,722 kg or less)",11.0,"Class 1: 6,000 lbs. or less (2,722 kg or less)",0.0,No Trailers,0.0,No Special Use Noted,0.0,Not Applicable,0.0,No Rollover,12.0,12 Clock Point,0.0,No or Not Reported,7028.0,Dodge Challenger (2008 on; for 1970-74 see model 005),51,51 Years,51,51 Years,2,Female,2,Female,1,Driver of a Motor Vehicle In-Transport,,,,,0,No Apparent Injury (O),0,No Apparent Injury (O),11,"Front Seat, Left Side",11,"Front Seat, Left Side",3,Shoulder and Lap Belt Used,0,No Indication of Misuse,20,Not Applicable,7,None Used/Not Applicable,20,Not Deployed,0,Not Ejected,0,Not Ejected,0,No (Alcohol Not Involved),0,No (Alcohol Not Involved),0,Test Not Given,0,Test Not Given,996,Test Not Given,0,No (drugs not involved),0,Not Transported for Treatment,0,0,Occupant of a Motor Vehicle
202304647680,2,1,1,48,48,12,3,"South (MD, DE, DC, WV, VA, KY, TN, NC, SC, GA, FL, AL, MS, LA, AR, OK, TX)",1,Urban Area,10,Stratum 10 - Other,90,223.42002683,1,January,16,4:00pm-4:59pm,40,40,12,Motor Vehicle In-Transport,1,Front-to-Rear,0,No,2014.0,2014,448.0,Toyota,2208.0,Corolla,13.0,Sedan/Saloon,49.0,Toyota,4.0,"4-door sedan, hardtop",0.0,Not Applicable,11.0,"Class 1: 6,000 lbs. or less (2,722 kg or less)",11.0,"Class 1: 6,000 lbs. or less (2,722 kg or less)",0.0,No Trailers,0.0,No Special Use Noted,0.0,Not Applicable,0.0,No Rollover,12.0,12 Clock Point,0.0,No or Not Reported,49032.0,Toyota Corolla,32,32 Years,32,32 Years,1,Male,1,Male,1,Driver of a Motor Vehicle In-Transport,,,,,0,No Apparent Injury (O),0,No Apparent Injury (O),11,"Front Seat, Left Side",11,"Front Seat, Left Side",3,Shoulder and Lap Belt Used,0,No Indication of Misuse,20,Not Applicable,7,None Used/Not Applicable,8,Deployed- Combination,0,Not Ejected,0,Not Ejected,0,No (Alcohol Not Involved),0,No (Alcohol Not Involved),0,Test Not Given,0,Test Not Given,996,Test Not Given,0,No (drugs not involved),0,Not Transported for Treatment,0,0,Occupant of a Motor Vehicle
202304647680,2,2,1,48,48,12,3,"South (MD, DE, DC, WV, VA, KY, TN, NC, SC, GA, FL, AL, MS, LA, AR, OK, TX)",1,Urban Area,10,Stratum 10 - Other,90,223.42002683,1,January,16,4:00pm-4:59pm,40,40,12,Motor Vehicle In-Transport,1,Front-to-Rear,0,No,2012.0,2012,498.0,Hyundai,2459.0,Sonata,13.0,Sedan/Saloon,55.0,Hyundai,4.0,"4-door sedan, hardtop",0.0,Not Applicable,11.0,"Class 1: 6,000 lbs. or less (2,722 kg or less)",11.0,"Class 1: 6,000 lbs. or less (2,722 kg or less)",0.0,No Trailers,0.0,No Special Use Noted,0.0,Not Applicable,0.0,No Rollover,6.0,6 Clock Point,0.0,No or Not Reported,55033.0,Hyundai Sonata,21,21 Years,21,21 Years,2,Female,2,Female,1,Driver of a Motor Vehicle In-Transport,,,,,0,No Apparent Injury (O),0,No Apparent Injury (O),11,"Front Seat, Left Side",11,"Front Seat, Left Side",3,Shoulder and Lap Belt Used,0,No Indication of Misuse,20,Not Applicable,7,None Used/Not Applicable,20,Not Deployed,0,Not Ejected,0,Not Ejected,0,No (Alcohol Not Involved),0,No (Alcohol Not Involved),0,Test Not Given,0,Test Not Given,996,Test Not Given,0,No (drugs not involved),0,Not Transported for Treatment,0,0,Occupant of a Motor Vehicle
202304647690,2,1,1,48,48,12,3,"South (MD, DE, DC, WV, VA, KY, TN, NC, SC, GA, FL, AL, MS, LA, AR, OK, TX)",1,Urban Area,7,Stratum 7 - M/H Truck or Bus,92,158.90507292,1,January,13,1:00pm-1:59pm,23,23,12,Motor Vehicle In-Transport,1,Front-to-Rear,0,No,2012.0,2012,474.0,Honda,1864.0,Pilot,7.0,Sport Utility Vehicle (SUV)/Multi-Purpose Vehicle (MPV),37.0,Honda,15.0,"Large utility (ANSI D16.1 Utility Vehicle Categories and ""Full Size"" and ""Large"")",0.0,Not Applicable,11.0,"Class 1: 6,000 lbs. or less (2,722 kg or less)",11.0,"Class 1: 6,000 lbs. or less (2,722 kg or less)",0.0,No Trailers,0.0,No Special Use Noted,0.0,Not Applicable,0.0,No Rollover,12.0,12 Clock Point,0.0,No or Not Reported,37421.0,Honda Pilot,999,Reported as Unknown,79,79 Years,9,Reported as Unknown,1,Male,1,Driver of a Motor Vehicle In-Transport,,,,,0,No Apparent Injury (O),0,No Apparent Injury (O),11,"Front Seat, Left Side",11,"Front Seat, Left Side",99,Reported as Unknown,7,None Used/Not Applicable,20,Not Applicable,7,None Used/Not Applicable,99,Reported as Deployment Unknown,0,Not Ejected,0,Not Ejected,9,Reported as Unknown,0,No (Alcohol Not Involved),0,Test Not Given,0,Test Not Given,996,Test Not Given,9,Reported as Unknown,0,Not Transported for Treatment,0,0,Occupant of a Motor Vehicle
202304647690,2,2,1,48,48,12,3,"South (MD, DE, DC, WV, VA, KY, TN, NC, SC, GA, FL, AL, MS, LA, AR, OK, TX)",1,Urban Area,7,Stratum 7 - M/H Truck or Bus,92,158.90507292,1,January,13,1:00pm-1:59pm,23,23,12,Motor Vehicle In-Transport,1,Front-to-Rear,0,No,2021.0,2021,450.0,Freightliner,2501.0,Cascadia,66.0,Truck-Tractor,82.0,Freightliner,66.0,"Truck-tractor (Cab only, or with any number of trailing unit; any weight)",0.0,Not Applicable,18.0,"Class 8: 33,001 lbs. and above (14,969 kg and above)",18.0,"Class 8: 33,001 lbs. and above (14,969 kg and above)",1.0,One Trailer,0.0,No Special Use Noted,0.0,Not Applicable,0.0,No Rollover,6.0,6 Clock Point,0.0,No or Not Reported,82881.0,Freightliner Medium/Heavy - CBE,58,58 Years,58,58 Years,1,Male,1,Male,1,Driver of a Motor Vehicle In-Transport,,,,,0,No Apparent Injury (O),0,No Apparent Injury (O),11,"Front Seat, Left Side",11,"Front Seat, Left Side",3,Shoulder and Lap Belt Used,0,No Indication of Misuse,20,Not Applicable,7,None Used/Not Applicable,20,Not Deployed,0,Not Ejected,0,Not Ejected,0,No (Alcohol Not Involved),0,No (Alcohol Not Involved),0,Test Not Given,0,Test Not Given,996,Test Not Given,0,No (drugs not involved),0,Not Transported for Treatment,0,0,Occupant of a Motor Vehicle
202304647706,2,1,1,70,70,16,3,"South (MD, DE, DC, WV, VA, KY, TN, NC, SC, GA, FL, AL, MS, LA, AR, OK, TX)",2,Rural Area,10,Stratum 10 - Other,46,217.74927367,1,January,2,2:00am-2:59am,5,5,12,Motor Vehicle In-Transport,1,Front-to-Rear,0,No,2005.0,2005,498.0,Hyundai,2773.0,Accent,13.0,Sedan/Saloon,55.0,Hyundai,4.0,"4-door sedan, hardtop",0.0,Not Applicable,11.0,"Class 1: 6,000 lbs. or less (2,722 kg or less)",11.0,"Class 1: 6,000 lbs. or less (2,722 kg or less)",0.0,No Trailers,0.0,No Special Use Noted,0.0,Not Applicable,0.0,No Rollover,12.0,12 Clock Point,0.0,No or Not Reported,55036.0,Hyundai Accent,31,31 Years,31,31 Years,1,Male,1,Male,1,Driver of a Motor Vehicle In-Transport,,,,,0,No Apparent Injury (O),0,No Apparent Injury (O),11,"Front Seat, Left Side",11,"Front Seat, Left Side",3,Shoulder and Lap Belt Used,0,No Indication of Misuse,20,Not Applicable,7,None Used/Not Applicable,20,Not Deployed,0,Not Ejected,0,Not Ejected,0,No (Alcohol Not Involved),0,No (Alcohol Not Involved),0,Test Not Given,0,Test Not Given,996,Test Not Given,0,No (drugs not involved),0,Not Transported for Treatment,0,0,Occupant of a Motor Vehicle
202304647706,2,2,1,70,70,16,3,"South (MD, DE, DC, WV, VA, KY, TN, NC, SC, GA, FL, AL, MS, LA, AR, OK, TX)",2,Rural Area,10,Stratum 10 - Other,46,217.74927367,1,January,2,2:00am-2:59am,5,5,12,Motor Vehicle In-Transport,1,Front-to-Rear,0,No,2017.0,2017,499.0,Kia,2462.0,Forte,13.0,Sedan/Saloon,63.0,KIA,4.0,"4-door sedan, hardtop",0.0,Not Applicable,11.0,"Class 1: 6,000 lbs. or less (2,722 kg or less)",11.0,"Class 1: 6,000 lbs. or less (2,722 kg or less)",0.0,No Trailers,0.0,No Special Use Noted,0.0,Not Applicable,0.0,No Rollover,6.0,6 Clock Point,0.0,No or Not Reported,63038.0,KIA Forte,61,61 Years,61,61 Years,2,Female,2,Female,1,Driver of a Motor Vehicle In-Transport,,,,,0,No Apparent Injury (O),0,No Apparent Injury (O),11,"Front Seat, Left Side",11,"Front Seat, Left Side",3,Shoulder and Lap Belt Used,0,No Indication of Misuse,20,Not Applicable,7,None Used/Not Applicable,20,Not Deployed,0,Not Ejected,0,Not Ejected,0,No (Alcohol Not Involved),0,No (Alcohol Not Involved),0,Test Not Given,0,Test Not Given,996,Test Not Given,0,No (drugs not involved),0,Not Transported for Treatment,0,0,Occupant of a Motor Vehicle
202304647711,2,1,1,70,70,16,3,"South (MD, DE, DC, WV, VA, KY, TN, NC, SC, GA, FL, AL, MS, LA, AR, OK, TX)",2,Rural Area,8,Stratum 8 - NLMY PV Minor Injury,138,130.17867369,1,January,11,11:00am-11:59am,44,44,12,Motor Vehicle In-Transport,2,Front-to-Front,0,No,2016.0,2016,448.0,Toyota,2217.0,RAV4,7.0,Sport Utility Vehicle (SUV)/Multi-Purpose Vehicle (MPV),49.0,Toyota,14.0,"Compact Utility (Utility Vehicle Categories ""Small"" and ""Midsize"")",0.0,Not Applicable,11.0,"Class 1: 6,000 lbs. or less (2,722 kg or less)",11.0,"Class 1: 6,000 lbs. or less (2,722 kg or less)",0.0,No Trailers,0.0,No Special Use Noted,0.0,Not Applicable,0.0,No Rollover,12.0,12 Clock Point,0.0,No or Not Reported,49402.0,Toyota RAV4 *,25,25 Years,25,25 Years,2,Female,2,Female,1,Driver of a Motor Vehicle In-Transport,,,,,1,Possible Injury (C),1,Possible Injury (C),11,"Front Seat, Left Side",11,"Front Seat, Left Side",3,Shoulder and Lap Belt Used,0,No Indication of Misuse,20,Not Applicable,7,None Used/Not Applicable,1,Deployed- Front,0,Not Ejected,0,Not Ejected,0,No (Alcohol Not Involved),0,No (Alcohol Not Involved),0,Test Not Given,0,Test Not Given,996,Test Not Given,0,No (drugs not involved),5,EMS Ground,0,0,Occupant of a Motor Vehicle
202304647711,2,2,1,70,70,16,3,"South (MD, DE, DC, WV, VA, KY, TN, NC, SC, GA, FL, AL, MS, LA, AR, OK, TX)",2,Rural Area,8,Stratum 8 - NLMY PV Minor Injury,138,130.17867369,1,January,11,11:00am-11:59am,44,44,12,Motor Vehicle In-Transport,2,Front-to-Front,0,No,2013.0,2013,460.0,Ford,1801.0,F-150,60.0,Pickup,12.0,Ford,34.0,Light Pickup,0.0,Not Applicable,12.0,"Class 2: 6,001 - 10,000 lbs. (2,722 - 4,536 kg)",12.0,"Class 2: 6,001 - 10,000 lbs. (2,722 - 4,536 kg)",1.0,One Trailer,0.0,No Special Use Noted,0.0,Not Applicable,0.0,No Rollover,12.0,12 Clock Point,0.0,No or Not Reported,12481.0,Ford F-Series pickup,77,77 Years,77,77 Years,1,Male,1,Male,1,Driver of a Motor Vehicle In-Transport,,,,,1,Possible Injury (C),1,Possible Injury (C),11,"Front Seat, Left Side",11,"Front Seat, Left Side",3,Shoulder and Lap Belt Used,0,No Indication of Misuse,20,Not Applicable,7,None Used/Not Applicable,20,Not Deployed,0,Not Ejected,0,Not Ejected,0,No (Alcohol Not Involved),0,No (Alcohol Not Involved),0,Test Not Given,0,Test Not Given,996,Test Not Given,0,No (drugs not involved),5,EMS Ground,0,0,Occupant of a Motor Vehicle
202304647713,2,1,1,70,70,16,3,"South (MD, DE, DC, WV, VA, KY, TN, NC, SC, GA, FL, AL, MS, LA, AR, OK, TX)",2,Rural Area,7,Stratum 7 - M/H Truck or Bus,138,157.45147116,1,January,14,2:00pm-2:59pm,17,17,12,Motor Vehicle In-Transport,9,Rear-to-Side,0,No,2017.0,2017,496.0,Ram,13625.0,5500,74.0,Incomplete - Chassis Cab (Number of Cab Unknown),7.0,Dodge,61.0,"Single-unit straight truck or Cab-Chassis (GVWR range 10,001 to 19,500 lbs.)",11.0,Truck,15.0,"Class 5: 16,001 - 19,500 lbs. (7,258 - 8,845 kg)",15.0,"Class 5: 16,001 - 19,500 lbs. (7,258 - 8,845 kg)",0.0,No Trailers,0.0,No Special Use Noted,0.0,Not Applicable,0.0,No Rollover,9.0,9 Clock Point,0.0,No or Not Reported,7881.0,Dodge Medium/Heavy - CBE,43,43 Years,43,43 Years,1,Male,1,Male,1,Driver of a Motor Vehicle In-Transport,,,,,0,No Apparent Injury (O),0,No Apparent Injury (O),11,"Front Seat, Left Side",11,"Front Seat, Left Side",3,Shoulder and Lap Belt Used,0,No Indication of Misuse,20,Not Applicable,7,None Used/Not Applicable,20,Not Deployed,0,Not Ejected,0,Not Ejected,0,No (Alcohol Not Involved),0,No (Alcohol Not Involved),0,Test Not Given,0,Test Not Given,996,Test Not Given,0,No (drugs not involved),0,Not Transported for Treatment,0,0,Occupant of a Motor Vehicle
202304647713,2,2,1,70,70,16,3,"South (MD, DE, DC, WV, VA, KY, TN, NC, SC, GA, FL, AL, MS, LA, AR, OK, TX)",2,Rural Area,7,Stratum 7 - M/H Truck or Bus,138,157.45147116,1,January,14,2:00pm-2:59pm,17,17,12,Motor Vehicle In-Transport,9,Rear-to-Side,0,No,2003.0,2003,472.0,GMC,1859.0,Yukon,7.0,Sport Utility Vehicle (SUV)/Multi-Purpose Vehicle (MPV),23.0,GMC,15.0,"Large utility (ANSI D16.1 Utility Vehicle Categories and ""Full Size"" and ""Large"")",0.0,Not Applicable,12.0,"Class 2: 6,001 - 10,000 lbs. (2,722 - 4,536 kg)",12.0,"Class 2: 6,001 - 10,000 lbs. (2,722 - 4,536 kg)",0.0,No Trailers,0.0,No Special Use Noted,0.0,Not Applicable,0.0,No Rollover,6.0,6 Clock Point,0.0,No or Not Reported,23421.0,GMC Fullsize Jimmy/Yukon,63,63 Years,63,63 Years,1,Male,1,Male,1,Driver of a Motor Vehicle In-Transport,,,,,0,No Apparent Injury (O),0,No Apparent Injury (O),11,"Front Seat, Left Side",11,"Front Seat, Left Side",3,Shoulder and Lap Belt Used,0,No Indication of Misuse,20,Not Applicable,7,None Used/Not Applicable,20,Not Deployed,0,Not Ejected,0,Not Ejected,0,No (Alcohol Not Involved),0,No (Alcohol Not Involved),0,Test Not Given,0,Test Not Given,996,Test Not Given,0,No (drugs not involved),0,Not Transported for Treatment,0,0,Occupant of a Motor Vehicle
202304647713,2,2,2,70,70,16,3,"South (MD, DE, DC, WV, VA, KY, TN, NC, SC, GA, FL, AL, MS, LA, AR, OK, TX)",2,Rural Area,7,Stratum 7 - M/H Truck or Bus,138,157.45147116,1,January,14,2:00pm-2:59pm,17,17,12,Motor Vehicle In-Transport,9,Rear-to-Side,0,No,2003.0,2003,472.0,GMC,1859.0,Yukon,7.0,Sport Utility Vehicle (SUV)/Multi-Purpose Vehicle (MPV),23.0,GMC,15.0,"Large utility (ANSI D16.1 Utility Vehicle Categories and ""Full Size"" and ""Large"")",0.0,Not Applicable,12.0,"Class 2: 6,001 - 10,000 lbs. (2,722 - 4,536 kg)",12.0,"Class 2: 6,001 - 10,000 lbs. (2,722 - 4,536 kg)",0.0,No Trailers,0.0,No Special Use Noted,0.0,Not Applicable,0.0,No Rollover,6.0,6 Clock Point,0.0,No or Not Reported,23421.0,GMC Fullsize Jimmy/Yukon,36,36 Years,36,36 Years,1,Male,1,Male,2,Passenger of a Motor Vehicle In-Transport,,,,,0,No Apparent Injury (O),0,No Apparent Injury (O),13,"Front Seat, Right Side",13,"Front Seat, Right Side",3,Shoulder and Lap Belt Used,0,No Indication of Misuse,20,Not Applicable,7,None Used/Not Applicable,20,Not Deployed,0,Not Ejected,0,Not Ejected,8,Not Reported,0,No (Alcohol Not Involved),0,Test Not Given,0,Test Not Given,996,Test Not Given,8,Not Reported,0,Not Transported for Treatment,0,0,Occupant of a Motor Vehicle
202304647721,2,1,1,70,70,16,3,"South (MD, DE, DC, WV, VA, KY, TN, NC, SC, GA, FL, AL, MS, LA, AR, OK, TX)",2,Rural Area,5,Stratum 5 - NLMY PV Serious Injury,46,26.785767508,1,January,15,3:00pm-3:59pm,30,30,12,Motor Vehicle In-Transport,6,Angle,0,No,2009.0,2009,478.0,Nissan,1904.0,Altima,13.0,Sedan/Saloon,35.0,Nissan/Datsun,4.0,"4-door sedan, hardtop",0.0,Not Applicable,11.0,"Class 1: 6,000 lbs. or less (2,722 kg or less)",11.0,"Class 1: 6,000 lbs. or less (2,722 kg or less)",0.0,No Trailers,0.0,No Special Use Noted,0.0,Not Applicable,0.0,No Rollover,12.0,12 Clock Point,0.0,No or Not Reported,35047.0,Nissan/Datsun Altima,35,35 Years,35,35 Years,1,Male,1,Male,1,Driver of a Motor Vehicle In-Transport,,,,,3,Suspected Serious Injury (A),3,Suspected Serious Injury (A),11,"Front Seat, Left Side",11,"Front Seat, Left Side",20,None Used/Not Applicable,7,None Used/Not Applicable,20,Not Applicable,7,None Used/Not Applicable,1,Deployed- Front,0,Not Ejected,0,Not Ejected,0,No (Alcohol Not Involved),0,No (Alcohol Not Involved),0,Test Not Given,0,Test Not Given,996,Test Not Given,0,No (drugs not involved),5,EMS Ground,0,0,Occupant of a Motor Vehicle
202304647721,2,1,2,70,70,16,3,"South (MD, DE, DC, WV, VA, KY, TN, NC, SC, GA, FL, AL, MS, LA, AR, OK, TX)",2,Rural Area,5,Stratum 5 - NLMY PV Serious Injury,46,26.785767508,1,January,15,3:00pm-3:59pm,30,30,12,Motor Vehicle In-Transport,6,Angle,0,No,2009.0,2009,478.0,Nissan,1904.0,Altima,13.0,Sedan/Saloon,35.0,Nissan/Datsun,4.0,"4-door sedan, hardtop",0.0,Not Applicable,11.0,"Class 1: 6,000 lbs. or less (2,722 kg or less)",11.0,"Class 1: 6,000 lbs. or less (2,722 kg or less)",0.0,No Trailers,0.0,No Special Use Noted,0.0,Not Applicable,0.0,No Rollover,12.0,12 Clock Point,0.0,No or Not Reported,35047.0,Nissan/Datsun Altima,999,Reported as Unknown,19,19 Years,9,Reported as Unknown,1,Male,2,Passenger of a Motor Vehicle In-Transport,,,,,0,No Apparent Injury (O),0,No Apparent Injury (O),13,"Front Seat, Right Side",13,"Front Seat, Right Side",20,None Used/Not Applicable,7,None Used/Not Applicable,20,Not Applicable,7,None Used/Not Applicable,8,Deployed- Combination,0,Not Ejected,0,Not Ejected,8,Not Reported,0,No (Alcohol Not Involved),0,Test Not Given,0,Test Not Given,996,Test Not Given,8,Not Reported,0,Not Transported for Treatment,0,0,Occupant of a Motor Vehicle
202304647721,2,2,1,70,70,16,3,"South (MD, DE, DC, WV, VA, KY, TN, NC, SC, GA, FL, AL, MS, LA, AR, OK, TX)",2,Rural Area,5,Stratum 5 - NLMY PV Serious Injury,46,26.785767508,1,January,15,3:00pm-3:59pm,30,30,12,Motor Vehicle In-Transport,6,Angle,0,No,2017.0,2017,478.0,Nissan,1904.0,Altima,13.0,Sedan/Saloon,35.0,Nissan/Datsun,4.0,"4-door sedan, hardtop",0.0,Not Applicable,11.0,"Class 1: 6,000 lbs. or less (2,722 kg or less)",11.0,"Class 1: 6,000 lbs. or less (2,722 kg or less)",0.0,No Trailers,0.0,No Special Use Noted,0.0,Not Applicable,0.0,No Rollover,8.0,8 Clock Point,0.0,No or Not Reported,35047.0,Nissan/Datsun Altima,68,68 Years,68,68 Years,2,Female,2,Female,1,Driver of a Motor Vehicle In-Transport,,,,,1,Possible Injury (C),1,Possible Injury (C),11,"Front Seat, Left Side",11,"Front Seat, Left Side",3,Shoulder and Lap Belt Used,0,No Indication of Misuse,20,Not Applicable,7,None Used/Not Applicable,20,Not Deployed,0,Not Ejected,0,Not Ejected,0,No (Alcohol Not Involved),0,No (Alcohol Not Involved),0,Test Not Given,0,Test Not Given,996,Test Not Given,0,No (drugs not involved),5,EMS Ground,0,0,Occupant of a Motor Vehicle
202304647724,2,1,1,70,70,16,3,"South (MD, DE, DC, WV, VA, KY, TN, NC, SC, GA, FL, AL, MS, LA, AR, OK, TX)",2,Rural Area,10,Stratum 10 - Other,138,217.74927367,1,January,6,6:00am-6:59am,53,53,12,Motor Vehicle In-Transport,1,Front-to-Rear,0,No,2005.0,2005,467.0,Chevrolet,1852.0,Tahoe,7.0,Sport Utility Vehicle (SUV)/Multi-Purpose Vehicle (MPV),20.0,Chevrolet,15.0,"Large utility (ANSI D16.1 Utility Vehicle Categories and ""Full Size"" and ""Large"")",0.0,Not Applicable,12.0,"Class 2: 6,001 - 10,000 lbs. (2,722 - 4,536 kg)",12.0,"Class 2: 6,001 - 10,000 lbs. (2,722 - 4,536 kg)",0.0,No Trailers,0.0,No Special Use Noted,0.0,Not Applicable,0.0,No Rollover,12.0,12 Clock Point,0.0,No or Not Reported,20421.0,Chevrolet Fullsize Blazer/Tahoe,18,18 Years,18,18 Years,1,Male,1,Male,1,Driver of a Motor Vehicle In-Transport,,,,,0,No Apparent Injury (O),0,No Apparent Injury (O),11,"Front Seat, Left Side",11,"Front Seat, Left Side",20,None Used/Not Applicable,7,None Used/Not Applicable,20,Not Applicable,7,None Used/Not Applicable,20,Not Deployed,0,Not Ejected,0,Not Ejected,0,No (Alcohol Not Involved),0,No (Alcohol Not Involved),0,Test Not Given,0,Test Not Given,996,Test Not Given,0,No (drugs not involved),0,Not Transported for Treatment,0,0,Occupant of a Motor Vehicle
202304647724,2,2,1,70,70,16,3,"South (MD, DE, DC, WV, VA, KY, TN, NC, SC, GA, FL, AL, MS, LA, AR, OK, TX)",2,Rural Area,10,Stratum 10 - Other,138,217.74927367,1,January,6,6:00am-6:59am,53,53,12,Motor Vehicle In-Transport,1,Front-to-Rear,0,No,2010.0,2010,474.0,Honda,1861.0,Accord,13.0,Sedan/Saloon,37.0,Honda,4.0,"4-door sedan, hardtop",0.0,Not Applicable,11.0,"Class 1: 6,000 lbs. or less (2,722 kg or less)",11.0,"Class 1: 6,000 lbs. or less (2,722 kg or less)",0.0,No Trailers,0.0,No Special Use Noted,0.0,Not Applicable,0.0,No Rollover,6.0,6 Clock Point,0.0,No or Not Reported,37032.0,"Honda Accord (Note: For Crosstour model years 2010 and 2011 only. For Crosstour model years 2012-2015, see vehicle model 37-405)",26,26 Years,26,26 Years,2,Female,2,Female,1,Driver of a Motor Vehicle In-Transport,,,,,0,No Apparent Injury (O),0,No Apparent Injury (O),11,"Front Seat, Left Side",11,"Front Seat, Left Side",3,Shoulder and Lap Belt Used,0,No Indication of Misuse,20,Not Applicable,7,None Used/Not Applicable,20,Not Deployed,0,Not Ejected,0,Not Ejected,0,No (Alcohol Not Involved),0,No (Alcohol Not Involved),0,Test Not Given,0,Test Not Given,996,Test Not Given,0,No (drugs not involved),0,Not Transported for Treatment,0,0,Occupant of a Motor Vehicle
202304647731,2,1,1,70,70,16,3,"South (MD, DE, DC, WV, VA, KY, TN, NC, SC, GA, FL, AL, MS, LA, AR, OK, TX)",2,Rural Area,10,Stratum 10 - Other,46,217.74927367,1,January,15,3:00pm-3:59pm,24,24,12,Motor Vehicle In-Transport,6,Angle,0,No,2003.0,2003,477.0,Chrysler,15131.0,Voyager,2.0,Minivan,6.0,Chrysler,20.0,"Minivan (Chrysler Town and Country, Caravan, Grand Caravan, Voyager, Voyager, Honda-Odyssey, ...)",0.0,Not Applicable,11.0,"Class 1: 6,000 lbs. or less (2,722 kg or less)",11.0,"Class 1: 6,000 lbs. or less (2,722 kg or less)",0.0,No Trailers,0.0,No Special Use Noted,0.0,Not Applicable,0.0,No Rollover,11.0,11 Clock Point,0.0,No or Not Reported,6442.0,Chrysler Voyager (2000 - 2003; 1984-00 see Plymouth. For 2020 on see 06-444.),66,66 Years,66,66 Years,1,Male,1,Male,1,Driver of a Motor Vehicle In-Transport,,,,,0,No Apparent Injury (O),0,No Apparent Injury (O),11,"Front Seat, Left Side",11,"Front Seat, Left Side",3,Shoulder and Lap Belt Used,0,No Indication of Misuse,20,Not Applicable,7,None Used/Not Applicable,20,Not Deployed,0,Not Ejected,0,Not Ejected,0,No (Alcohol Not Involved),0,No (Alcohol Not Involved),0,Test Not Given,0,Test Not Given,996,Test Not Given,0,No (drugs not involved),0,Not Transported for Treatment,0,0,Occupant of a Motor Vehicle
202304647731,2,2,1,70,70,16,3,"South (MD, DE, DC, WV, VA, KY, TN, NC, SC, GA, FL, AL, MS, LA, AR, OK, TX)",2,Rural Area,10,Stratum 10 - Other,46,217.74927367,1,January,15,3:00pm-3:59pm,24,24,12,Motor Vehicle In-Transport,6,Angle,0,No,2013.0,2013,467.0,Chevrolet,1834.0,Malibu,13.0,Sedan/Saloon,20.0,Chevrolet,4.0,"4-door sedan, hardtop",0.0,Not Applicable,11.0,"Class 1: 6,000 lbs. or less (2,722 kg or less)",11.0,"Class 1: 6,000 lbs. or less (2,722 kg or less)",0.0,No Trailers,0.0,No Special Use Noted,0.0,Not Applicable,0.0,No Rollover,4.0,4 Clock Point,0.0,No or Not Reported,20037.0,Chevrolet Malibu/Malibu Maxx,26,26 Years,26,26 Years,2,Female,2,Female,1,Driver of a Motor Vehicle In-Transport,,,,,0,No Apparent Injury (O),0,No Apparent Injury (O),11,"Front Seat, Left Side",11,"Front Seat, Left Side",3,Shoulder and Lap Belt Used,0,No Indication of Misuse,20,Not Applicable,7,None Used/Not Applicable,20,Not Deployed,0,Not Ejected,0,Not Ejected,0,No (Alcohol Not Involved),0,No (Alcohol Not Involved),0,Test Not Given,0,Test Not Given,996,Test Not Given,0,No (drugs not involved),0,Not Transported for Treatment,0,0,Occupant of a Motor Vehicle
202304647731,2,2,2,70,70,16,3,"South (MD, DE, DC, WV, VA, KY, TN, NC, SC, GA, FL, AL, MS, LA, AR, OK, TX)",2,Rural Area,10,Stratum 10 - Other,46,217.74927367,1,January,15,3:00pm-3:59pm,24,24,12,Motor Vehicle In-Transport,6,Angle,0,No,2013.0,2013,467.0,Chevrolet,1834.0,Malibu,13.0,Sedan/Saloon,20.0,Chevrolet,4.0,"4-door sedan, hardtop",0.0,Not Applicable,11.0,"Class 1: 6,000 lbs. or less (2,722 kg or less)",11.0,"Class 1: 6,000 lbs. or less (2,722 kg or less)",0.0,No Trailers,0.0,No Special Use Noted,0.0,Not Applicable,0.0,No Rollover,4.0,4 Clock Point,0.0,No or Not Reported,20037.0,Chevrolet Malibu/Malibu Maxx,0,Less than One Year,0,Less than One Year,1,Male,1,Male,2,Passenger of a Motor Vehicle In-Transport,,,,,0,No Apparent Injury (O),0,No Apparent Injury (O),23,"Second Seat, Right Side",23,"Second Seat, Right Side",11,Child Restraint System - Rear Facing,0,No Indication of Misuse,20,Not Applicable,7,None Used/Not Applicable,20,Not Deployed,0,Not Ejected,0,Not Ejected,8,Not Reported,0,No (Alcohol Not Involved),0,Test Not Given,0,Test Not Given,996,Test Not Given,8,Not Reported,0,Not Transported for Treatment,0,0,Occupant of a Motor Vehicle
202304647738,2,1,1,70,70,16,3,"South (MD, DE, DC, WV, VA, KY, TN, NC, SC, GA, FL, AL, MS, LA, AR, OK, TX)",2,Rural Area,9,Stratum 9 - LMY PV No Injuries in Crash,138,138.11173411,1,January,23,11:00pm-11:59pm,35,35,12,Motor Vehicle In-Transport,1,Front-to-Rear,0,No,2018.0,2018,478.0,Nissan,1904.0,Altima,13.0,Sedan/Saloon,35.0,Nissan/Datsun,4.0,"4-door sedan, hardtop",0.0,Not Applicable,11.0,"Class 1: 6,000 lbs. or less (2,722 kg or less)",11.0,"Class 1: 6,000 lbs. or less (2,722 kg or less)",0.0,No Trailers,0.0,No Special Use Noted,0.0,Not Applicable,0.0,No Rollover,12.0,12 Clock Point,0.0,No or Not Reported,35047.0,Nissan/Datsun Altima,22,22 Years,22,22 Years,1,Male,1,Male,1,Driver of a Motor Vehicle In-Transport,,,,,0,No Apparent Injury (O),0,No Apparent Injury (O),11,"Front Seat, Left Side",11,"Front Seat, Left Side",3,Shoulder and Lap Belt Used,0,No Indication of Misuse,20,Not Applicable,7,None Used/Not Applicable,20,Not Deployed,0,Not Ejected,0,Not Ejected,0,No (Alcohol Not Involved),0,No (Alcohol Not Involved),0,Test Not Given,0,Test Not Given,996,Test Not Given,0,No (drugs not involved),0,Not Transported for Treatment,0,0,Occupant of a Motor Vehicle
202304647738,2,2,1,70,70,16,3,"South (MD, DE, DC, WV, VA, KY, TN, NC, SC, GA, FL, AL, MS, LA, AR, OK, TX)",2,Rural Area,9,Stratum 9 - LMY PV No Injuries in Crash,138,138.11173411,1,January,23,11:00pm-11:59pm,35,35,12,Motor Vehicle In-Transport,1,Front-to-Rear,0,No,2021.0,2021,460.0,Ford,1801.0,F-150,60.0,Pickup,12.0,Ford,34.0,Light Pickup,0.0,Not Applicable,12.0,"Class 2: 6,001 - 10,000 lbs. (2,722 - 4,536 kg)",12.0,"Class 2: 6,001 - 10,000 lbs. (2,722 - 4,536 kg)",0.0,No Trailers,0.0,No Special Use Noted,0.0,Not Applicable,0.0,No Rollover,6.0,6 Clock Point,0.0,No or Not Reported,12481.0,Ford F-Series pickup,45,45 Years,45,45 Years,1,Male,1,Male,1,Driver of a Motor Vehicle In-Transport,,,,,0,No Apparent Injury (O),0,No Apparent Injury (O),11,"Front Seat, Left Side",11,"Front Seat, Left Side",3,Shoulder and Lap Belt Used,0,No Indication of Misuse,20,Not Applicable,7,None Used/Not Applicable,20,Not Deployed,0,Not Ejected,0,Not Ejected,0,No (Alcohol Not Involved),0,No (Alcohol Not Involved),0,Test Not Given,0,Test Not Given,996,Test Not Given,0,No (drugs not involved),0,Not Transported for Treatment,0,0,Occupant of a Motor Vehicle
202304647758,1,1,1,70,70,16,3,"South (MD, DE, DC, WV, VA, KY, TN, NC, SC, GA, FL, AL, MS, LA, AR, OK, TX)",2,Rural Area,10,Stratum 10 - Other,138,217.74927367,1,January,21,9:00pm-9:59pm,40,40,33,Curb,0,The First Harmful Event was Not a Collision with a Motor Vehicle In-Transport,0,No,2016.0,2016,474.0,Honda,1863.0,Civic,13.0,Sedan/Saloon,37.0,Honda,4.0,"4-door sedan, hardtop",0.0,Not Applicable,11.0,"Class 1: 6,000 lbs. or less (2,722 kg or less)",11.0,"Class 1: 6,000 lbs. or less (2,722 kg or less)",0.0,No Trailers,0.0,No Special Use Noted,0.0,Not Applicable,0.0,No Rollover,11.0,11 Clock Point,0.0,No or Not Reported,37031.0,"Honda Civic/CRX, del Sol",22,22 Years,22,22 Years,1,Male,1,Male,1,Driver of a Motor Vehicle In-Transport,,,,,0,No Apparent Injury (O),0,No Apparent Injury (O),11,"Front Seat, Left Side",11,"Front Seat, Left Side",3,Shoulder and Lap Belt Used,0,No Indication of Misuse,20,Not Applicable,7,None Used/Not Applicable,8,Deployed- Combination,0,Not Ejected,0,Not Ejected,0,No (Alcohol Not Involved),0,No (Alcohol Not Involved),0,Test Not Given,0,Test Not Given,996,Test Not Given,0,No (drugs not involved),0,Not Transported for Treatment,0,0,Occupant of a Motor Vehicle
202304647771,3,1,1,70,70,16,3,"South (MD, DE, DC, WV, VA, KY, TN, NC, SC, GA, FL, AL, MS, LA, AR, OK, TX)",2,Rural Area,9,Stratum 9 - LMY PV No Injuries in Crash,138,138.11173411,1,January,7,7:00am-7:59am,35,35,12,Motor Vehicle In-Transport,1,Front-to-Rear,0,No,2012.0,2012,448.0,Toyota,2208.0,Corolla,13.0,Sedan/Saloon,49.0,Toyota,4.0,"4-door sedan, hardtop",0.0,Not Applicable,11.0,"Class 1: 6,000 lbs. or less (2,722 kg or less)",11.0,"Class 1: 6,000 lbs. or less (2,722 kg or less)",0.0,No Trailers,0.0,No Special Use Noted,0.0,Not Applicable,0.0,No Rollover,12.0,12 Clock Point,0.0,No or Not Reported,49032.0,Toyota Corolla,17,17 Years,17,17 Years,2,Female,2,Female,1,Driver of a Motor Vehicle In-Transport,,,,,0,No Apparent Injury (O),0,No Apparent Injury (O),11,"Front Seat, Left Side",11,"Front Seat, Left Side",3,Shoulder and Lap Belt Used,0,No Indication of Misuse,20,Not Applicable,7,None Used/Not Applicable,8,Deployed- Combination,0,Not Ejected,0,Not Ejected,0,No (Alcohol Not Involved),0,No (Alcohol Not Involved),0,Test Not Given,0,Test Not Given,996,Test Not Given,0,No (drugs not involved),0,Not Transported for Treatment,0,0,Occupant of a Motor Vehicle
202304647771,3,1,2,70,70,16,3,"South (MD, DE, DC, WV, VA, KY, TN, NC, SC, GA, FL, AL, MS, LA, AR, OK, TX)",2,Rural Area,9,Stratum 9 - LMY PV No Injuries in Crash,138,138.11173411,1,January,7,7:00am-7:59am,35,35,12,Motor Vehicle In-Transport,1,Front-to-Rear,0,No,2012.0,2012,448.0,Toyota,2208.0,Corolla,13.0,Sedan/Saloon,49.0,Toyota,4.0,"4-door sedan, hardtop",0.0,Not Applicable,11.0,"Class 1: 6,000 lbs. or less (2,722 kg or less)",11.0,"Class 1: 6,000 lbs. or less (2,722 kg or less)",0.0,No Trailers,0.0,No Special Use Noted,0.0,Not Applicable,0.0,No Rollover,12.0,12 Clock Point,0.0,No or Not Reported,49032.0,Toyota Corolla,14,14 Years,14,14 Years,2,Female,2,Female,2,Passenger of a Motor Vehicle In-Transport,,,,,0,No Apparent Injury (O),0,No Apparent Injury (O),13,"Front Seat, Right Side",13,"Front Seat, Right Side",3,Shoulder and Lap Belt Used,0,No Indication of Misuse,20,Not Applicable,7,None Used/Not Applicable,8,Deployed- Combination,0,Not Ejected,0,Not Ejected,8,Not Reported,0,No (Alcohol Not Involved),0,Test Not Given,0,Test Not Given,996,Test Not Given,8,Not Reported,0,Not Transported for Treatment,0,0,Occupant of a Motor Vehicle
202304647771,3,2,1,70,70,16,3,"South (MD, DE, DC, WV, VA, KY, TN, NC, SC, GA, FL, AL, MS, LA, AR, OK, TX)",2,Rural Area,9,Stratum 9 - LMY PV No Injuries in Crash,138,138.11173411,1,January,7,7:00am-7:59am,35,35,12,Motor Vehicle In-Transport,1,Front-to-Rear,0,No,2011.0,2011,467.0,Chevrolet,1847.0,Equinox,7.0,Sport Utility Vehicle (SUV)/Multi-Purpose Vehicle (MPV),20.0,Chevrolet,14.0,"Compact Utility (Utility Vehicle Categories ""Small"" and ""Midsize"")",0.0,Not Applicable,11.0,"Class 1: 6,000 lbs. or less (2,722 kg or less)",11.0,"Class 1: 6,000 lbs. or less (2,722 kg or less)",0.0,No Trailers,0.0,No Special Use Noted,0.0,Not Applicable,0.0,No Rollover,6.0,6 Clock Point,0.0,No or Not Reported,20404.0,Chevrolet Equinox,66,66 Years,66,66 Years,1,Male,1,Male,1,Driver of a Motor Vehicle In-Transport,,,,,0,No Apparent Injury (O),0,No Apparent Injury (O),11,"Front Seat, Left Side",11,"Front Seat, Left Side",3,Shoulder and Lap Belt Used,0,No Indication of Misuse,20,Not Applicable,7,None Used/Not Applicable,20,Not Deployed,0,Not Ejected,0,Not Ejected,0,No (Alcohol Not Involved),0,No (Alcohol Not Involved),0,Test Not Given,0,Test Not Given,996,Test Not Given,0,No (drugs not involved),0,Not Transported for Treatment,0,0,Occupant of a Motor Vehicle
202304647771,3,3,1,70,70,16,3,"South (MD, DE, DC, WV, VA, KY, TN, NC, SC, GA, FL, AL, MS, LA, AR, OK, TX)",2,Rural Area,9,Stratum 9 - LMY PV No Injuries in Crash,138,138.11173411,1,January,7,7:00am-7:59am,35,35,12,Motor Vehicle In-Transport,1,Front-to-Rear,0,No,2021.0,2021,472.0,GMC,1859.0,Yukon,7.0,Sport Utility Vehicle (SUV)/Multi-Purpose Vehicle (MPV),23.0,GMC,15.0,"Large utility (ANSI D16.1 Utility Vehicle Categories and ""Full Size"" and ""Large"")",0.0,Not Applicable,12.0,"Class 2: 6,001 - 10,000 lbs. (2,722 - 4,536 kg)",12.0,"Class 2: 6,001 - 10,000 lbs. (2,722 - 4,536 kg)",0.0,No Trailers,0.0,No Special Use Noted,0.0,Not Applicable,0.0,No Rollover,6.0,6 Clock Point,0.0,No or Not Reported,23421.0,GMC Fullsize Jimmy/Yukon,40,40 Years,40,40 Years,2,Female,2,Female,1,Driver of a Motor Vehicle In-Transport,,,,,0,No Apparent Injury (O),0,No Apparent Injury (O),11,"Front Seat, Left Side",11,"Front Seat, Left Side",3,Shoulder and Lap Belt Used,0,No Indication of Misuse,20,Not Applicable,7,None Used/Not Applicable,20,Not Deployed,0,Not Ejected,0,Not Ejected,0,No (Alcohol Not Involved),0,No (Alcohol Not Involved),0,Test Not Given,0,Test Not Given,996,Test Not Given,0,No (drugs not involved),0,Not Transported for Treatment,0,0,Occupant of a Motor Vehicle
202304647771,3,3,2,70,70,16,3,"South (MD, DE, DC, WV, VA, KY, TN, NC, SC, GA, FL, AL, MS, LA, AR, OK, TX)",2,Rural Area,9,Stratum 9 - LMY PV No Injuries in Crash,138,138.11173411,1,January,7,7:00am-7:59am,35,35,12,Motor Vehicle In-Transport,1,Front-to-Rear,0,No,2021.0,2021,472.0,GMC,1859.0,Yukon,7.0,Sport Utility Vehicle (SUV)/Multi-Purpose Vehicle (MPV),23.0,GMC,15.0,"Large utility (ANSI D16.1 Utility Vehicle Categories and ""Full Size"" and ""Large"")",0.0,Not Applicable,12.0,"Class 2: 6,001 - 10,000 lbs. (2,722 - 4,536 kg)",12.0,"Class 2: 6,001 - 10,000 lbs. (2,722 - 4,536 kg)",0.0,No Trailers,0.0,No Special Use Noted,0.0,Not Applicable,0.0,No Rollover,6.0,6 Clock Point,0.0,No or Not Reported,23421.0,GMC Fullsize Jimmy/Yukon,15,15 Years,15,15 Years,1,Male,1,Male,2,Passenger of a Motor Vehicle In-Transport,,,,,0,No Apparent Injury (O),0,No Apparent Injury (O),13,"Front Seat, Right Side",13,"Front Seat, Right Side",3,Shoulder and Lap Belt Used,0,No Indication of Misuse,20,Not Applicable,7,None Used/Not Applicable,20,Not Deployed,0,Not Ejected,0,Not Ejected,8,Not Reported,0,No (Alcohol Not Involved),0,Test Not Given,0,Test Not Given,996,Test Not Given,8,Not Reported,0,Not Transported for Treatment,0,0,Occupant of a Motor Vehicle
202304647771,3,3,3,70,70,16,3,"South (MD, DE, DC, WV, VA, KY, TN, NC, SC, GA, FL, AL, MS, LA, AR, OK, TX)",2,Rural Area,9,Stratum 9 - LMY PV No Injuries in Crash,138,138.11173411,1,January,7,7:00am-7:59am,35,35,12,Motor Vehicle In-Transport,1,Front-to-Rear,0,No,2021.0,2021,472.0,GMC,1859.0,Yukon,7.0,Sport Utility Vehicle (SUV)/Multi-Purpose Vehicle (MPV),23.0,GMC,15.0,"Large utility (ANSI D16.1 Utility Vehicle Categories and ""Full Size"" and ""Large"")",0.0,Not Applicable,12.0,"Class 2: 6,001 - 10,000 lbs. (2,722 - 4,536 kg)",12.0,"Class 2: 6,001 - 10,000 lbs. (2,722 - 4,536 kg)",0.0,No Trailers,0.0,No Special Use Noted,0.0,Not Applicable,0.0,No Rollover,6.0,6 Clock Point,0.0,No or Not Reported,23421.0,GMC Fullsize Jimmy/Yukon,11,11 Years,11,11 Years,2,Female,2,Female,2,Passenger of a Motor Vehicle In-Transport,,,,,0,No Apparent Injury (O),0,No Apparent Injury (O),23,"Second Seat, Right Side",23,"Second Seat, Right Side",3,Shoulder and Lap Belt Used,0,No Indication of Misuse,20,Not Applicable,7,None Used/Not Applicable,20,Not Deployed,0,Not Ejected,0,Not Ejected,8,Not Reported,0,No (Alcohol Not Involved),0,Test Not Given,0,Test Not Given,996,Test Not Given,8,Not Reported,0,Not Transported for Treatment,0,0,Occupant of a Motor Vehicle
202304647772,1,1,1,70,70,16,3,"South (MD, DE, DC, WV, VA, KY, TN, NC, SC, GA, FL, AL, MS, LA, AR, OK, TX)",2,Rural Area,8,Stratum 8 - NLMY PV Minor Injury,138,130.17867369,1,January,12,12:00pm-12:59pm,13,13,14,Parked Motor Vehicle,0,The First Harmful Event was Not a Collision with a Motor Vehicle In-Transport,0,No,2006.0,2006,515.0,Lexus,2214.0,RX,7.0,Sport Utility Vehicle (SUV)/Multi-Purpose Vehicle (MPV),59.0,Lexus,14.0,"Compact Utility (Utility Vehicle Categories ""Small"" and ""Midsize"")",0.0,Not Applicable,11.0,"Class 1: 6,000 lbs. or less (2,722 kg or less)",11.0,"Class 1: 6,000 lbs. or less (2,722 kg or less)",0.0,No Trailers,0.0,No Special Use Noted,0.0,Not Applicable,0.0,No Rollover,1.0,1 Clock Point,0.0,No or Not Reported,59403.0,Lexus RX330/350/400h/450h,74,74 Years,74,74 Years,1,Male,1,Male,1,Driver of a Motor Vehicle In-Transport,,,,,2,Suspected Minor Injury (B),2,Suspected Minor Injury (B),11,"Front Seat, Left Side",11,"Front Seat, Left Side",99,Reported as Unknown,7,None Used/Not Applicable,20,Not Applicable,7,None Used/Not Applicable,1,Deployed- Front,0,Not Ejected,0,Not Ejected,0,No (Alcohol Not Involved),0,No (Alcohol Not Involved),0,Test Not Given,0,Test Not Given,996,Test Not Given,0,No (drugs not involved),5,EMS Ground,0,0,Occupant of a Motor Vehicle
202304647772,1,2,1,70,70,16,3,"South (MD, DE, DC, WV, VA, KY, TN, NC, SC, GA, FL, AL, MS, LA, AR, OK, TX)",2,Rural Area,8,Stratum 8 - NLMY PV Minor Injury,138,130.17867369,1,January,12,12:00pm-12:59pm,13,13,14,Parked Motor Vehicle,0,The First Harmful Event was Not a Collision with a Motor Vehicle In-Transport,0,No,2021.0,2021,460.0,Ford,1806.0,F-350,60.0,Pickup,12.0,Ford,67.0,"Medium/heavy Pickup (GVWR greater than 10,000 lbs.)",0.0,Not Applicable,13.0,"Class 3: 10,001 - 14,000 lbs. (4,536 - 6,350 kg)",13.0,"Class 3: 10,001 - 14,000 lbs. (4,536 - 6,350 kg)",1.0,One Trailer,0.0,No Special Use Noted,0.0,Not Applicable,0.0,No Rollover,7.0,7 Clock Point,0.0,No or Not Reported,12880.0,"Ford Medium/Heavy Pickup (pickup-style only - over 10,000 lbs)",27,27 Years,27,27 Years,1,Male,1,Male,3,Occupant of a Motor Vehicle Not In- Transport,,,,,0,No Apparent Injury (O),0,No Apparent Injury (O),11,"Front Seat, Left Side",11,"Front Seat, Left Side",99,Reported as Unknown,7,None Used/Not Applicable,20,Not Applicable,7,None Used/Not Applicable,20,Not Deployed,0,Not Ejected,0,Not Ejected,0,No (Alcohol Not Involved),0,No (Alcohol Not Involved),0,Test Not Given,0,Test Not Given,996,Test Not Given,0,No (drugs not involved),0,Not Transported for Treatment,0,0,Occupant of a Motor Vehicle
202304647774,1,1,1,70,70,16,3,"South (MD, DE, DC, WV, VA, KY, TN, NC, SC, GA, FL, AL, MS, LA, AR, OK, TX)",2,Rural Area,8,Stratum 8 - NLMY PV Minor Injury,46,130.17867369,1,January,21,9:00pm-9:59pm,8,8,34,Ditch,0,The First Harmful Event was Not a Collision with a Motor Vehicle In-Transport,0,No,2015.0,2015,474.0,Honda,1865.0,CR-V,7.0,Sport Utility Vehicle (SUV)/Multi-Purpose Vehicle (MPV),37.0,Honda,14.0,"Compact Utility (Utility Vehicle Categories ""Small"" and ""Midsize"")",0.0,Not Applicable,11.0,"Class 1: 6,000 lbs. or less (2,722 kg or less)",11.0,"Class 1: 6,000 lbs. or less (2,722 kg or less)",0.0,No Trailers,0.0,No Special Use Noted,0.0,Not Applicable,0.0,No Rollover,12.0,12 Clock Point,0.0,No or Not Reported,37402.0,Honda CR-V,61,61 Years,61,61 Years,2,Female,2,Female,1,Driver of a Motor Vehicle In-Transport,,,,,2,Suspected Minor Injury (B),2,Suspected Minor Injury (B),11,"Front Seat, Left Side",11,"Front Seat, Left Side",3,Shoulder and Lap Belt Used,0,No Indication of Misuse,20,Not Applicable,7,None Used/Not Applicable,2,"Deployed- Side (door, seatback)",0,Not Ejected,0,Not Ejected,0,No (Alcohol Not Involved),0,No (Alcohol Not Involved),0,Test Not Given,0,Test Not Given,996,Test Not Given,0,No (drugs not involved),5,EMS Ground,0,0,Occupant of a Motor Vehicle
202304647783,2,1,1,70,70,16,3,"South (MD, DE, DC, WV, VA, KY, TN, NC, SC, GA, FL, AL, MS, LA, AR, OK, TX)",2,Rural Area,10,Stratum 10 - Other,46,217.74927367,1,January,17,5:00pm-5:59pm,10,10,12,Motor Vehicle In-Transport,1,Front-to-Rear,0,No,2017.0,2017,448.0,Toyota,2223.0,Tacoma,60.0,Pickup,49.0,Toyota,34.0,Light Pickup,0.0,Not Applicable,11.0,"Class 1: 6,000 lbs. or less (2,722 kg or less)",11.0,"Class 1: 6,000 lbs. or less (2,722 kg or less)",0.0,No Trailers,0.0,No Special Use Noted,0.0,Not Applicable,0.0,No Rollover,12.0,12 Clock Point,0.0,No or Not Reported,49472.0,Toyota Tacoma,24,24 Years,24,24 Years,1,Male,1,Male,1,Driver of a Motor Vehicle In-Transport,,,,,0,No Apparent Injury (O),0,No Apparent Injury (O),11,"Front Seat, Left Side",11,"Front Seat, Left Side",3,Shoulder and Lap Belt Used,0,No Indication of Misuse,20,Not Applicable,7,None Used/Not Applicable,8,Deployed- Combination,0,Not Ejected,0,Not Ejected,0,No (Alcohol Not Involved),0,No (Alcohol Not Involved),0,Test Not Given,0,Test Not Given,996,Test Not Given,0,No (drugs not involved),0,Not Transported for Treatment,0,0,Occupant of a Motor Vehicle
202304647783,2,2,1,70,70,16,3,"South (MD, DE, DC, WV, VA, KY, TN, NC, SC, GA, FL, AL, MS, LA, AR, OK, TX)",2,Rural Area,10,Stratum 10 - Other,46,217.74927367,1,January,17,5:00pm-5:59pm,10,10,12,Motor Vehicle In-Transport,1,Front-to-Rear,0,No,2017.0,2017,482.0,Volkswagen,3137.0,Jetta,13.0,Sedan/Saloon,30.0,Volkswagen,4.0,"4-door sedan, hardtop",0.0,Not Applicable,11.0,"Class 1: 6,000 lbs. or less (2,722 kg or less)",11.0,"Class 1: 6,000 lbs. or less (2,722 kg or less)",0.0,No Trailers,0.0,No Special Use Noted,0.0,Not Applicable,0.0,No Rollover,6.0,6 Clock Point,0.0,No or Not Reported,30040.0,Volkswagen Jetta/Jetta SportsWagen,16,16 Years,16,16 Years,1,Male,1,Male,1,Driver of a Motor Vehicle In-Transport,,,,,0,No Apparent Injury (O),0,No Apparent Injury (O),11,"Front Seat, Left Side",11,"Front Seat, Left Side",3,Shoulder and Lap Belt Used,0,No Indication of Misuse,20,Not Applicable,7,None Used/Not Applicable,2,"Deployed- Side (door, seatback)",0,Not Ejected,0,Not Ejected,0,No (Alcohol Not Involved),0,No (Alcohol Not Involved),0,Test Not Given,0,Test Not Given,996,Test Not Given,0,No (drugs not involved),0,Not Transported for Treatment,0,0,Occupant of a Motor Vehicle
202304647783,2,2,2,70,70,16,3,"South (MD, DE, DC, WV, VA, KY, TN, NC, SC, GA, FL, AL, MS, LA, AR, OK, TX)",2,Rural Area,10,Stratum 10 - Other,46,217.74927367,1,January,17,5:00pm-5:59pm,10,10,12,Motor Vehicle In-Transport,1,Front-to-Rear,0,No,2017.0,2017,482.0,Volkswagen,3137.0,Jetta,13.0,Sedan/Saloon,30.0,Volkswagen,4.0,"4-door sedan, hardtop",0.0,Not Applicable,11.0,"Class 1: 6,000 lbs. or less (2,722 kg or less)",11.0,"Class 1: 6,000 lbs. or less (2,722 kg or less)",0.0,No Trailers,0.0,No Special Use Noted,0.0,Not Applicable,0.0,No Rollover,6.0,6 Clock Point,0.0,No or Not Reported,30040.0,Volkswagen Jetta/Jetta SportsWagen,8,8 Years,8,8 Years,1,Male,1,Male,2,Passenger of a Motor Vehicle In-Transport,,,,,0,No Apparent Injury (O),0,No Apparent Injury (O),13,"Front Seat, Right Side",13,"Front Seat, Right Side",3,Shoulder and Lap Belt Used,0,No Indication of Misuse,20,Not Applicable,7,None Used/Not Applicable,2,"Deployed- Side (door, seatback)",0,Not Ejected,0,Not Ejected,8,Not Reported,0,No (Alcohol Not Involved),0,Test Not Given,0,Test Not Given,996,Test Not Given,8,Not Reported,0,Not Transported for Treatment,0,0,Occupant of a Motor Vehicle
202304647790,2,1,1,70,70,16,3,"South (MD, DE, DC, WV, VA, KY, TN, NC, SC, GA, FL, AL, MS, LA, AR, OK, TX)",2,Rural Area,10,Stratum 10 - Other,138,217.74927367,1,January,14,2:00pm-2:59pm,20,20,12,Motor Vehicle In-Transport,1,Front-to-Rear,0,No,2010.0,2010,498.0,Hyundai,2459.0,Sonata,13.0,Sedan/Saloon,55.0,Hyundai,4.0,"4-door sedan, hardtop",0.0,Not Applicable,11.0,"Class 1: 6,000 lbs. or less (2,722 kg or less)",11.0,"Class 1: 6,000 lbs. or less (2,722 kg or less)",0.0,No Trailers,0.0,No Special Use Noted,0.0,Not Applicable,0.0,No Rollover,12.0,12 Clock Point,0.0,No or Not Reported,55033.0,Hyundai Sonata,18,18 Years,18,18 Years,1,Male,1,Male,1,Driver of a Motor Vehicle In-Transport,,,,,0,No Apparent Injury (O),0,No Apparent Injury (O),11,"Front Seat, Left Side",11,"Front Seat, Left Side",3,Shoulder and Lap Belt Used,0,No Indication of Misuse,20,Not Applicable,7,None Used/Not Applicable,20,Not Deployed,0,Not Ejected,0,Not Ejected,0,No (Alcohol Not Involved),0,No (Alcohol Not Involved),0,Test Not Given,0,Test Not Given,996,Test Not Given,0,No (drugs not involved),0,Not Transported for Treatment,0,0,Occupant of a Motor Vehicle
202304647790,2,2,1,70,70,16,3,"South (MD, DE, DC, WV, VA, KY, TN, NC, SC, GA, FL, AL, MS, LA, AR, OK, TX)",2,Rural Area,10,Stratum 10 - Other,138,217.74927367,1,January,14,2:00pm-2:59pm,20,20,12,Motor Vehicle In-Transport,1,Front-to-Rear,0,No,2014.0,2014,478.0,Nissan,1904.0,Altima,13.0,Sedan/Saloon,35.0,Nissan/Datsun,4.0,"4-door sedan, hardtop",0.0,Not Applicable,11.0,"Class 1: 6,000 lbs. or less (2,722 kg or less)",11.0,"Class 1: 6,000 lbs. or less (2,722 kg or less)",0.0,No Trailers,0.0,No Special Use Noted,0.0,Not Applicable,0.0,No Rollover,6.0,6 Clock Point,0.0,No or Not Reported,35047.0,Nissan/Datsun Altima,45,45 Years,45,45 Years,1,Male,1,Male,1,Driver of a Motor Vehicle In-Transport,,,,,0,No Apparent Injury (O),0,No Apparent Injury (O),11,"Front Seat, Left Side",11,"Front Seat, Left Side",3,Shoulder and Lap Belt Used,0,No Indication of Misuse,20,Not Applicable,7,None Used/Not Applicable,20,Not Deployed,0,Not Ejected,0,Not Ejected,0,No (Alcohol Not Involved),0,No (Alcohol Not Involved),0,Test Not Given,0,Test Not Given,996,Test Not Given,0,No (drugs not involved),0,Not Transported for Treatment,0,0,Occupant of a Motor Vehicle
202304647801,2,1,1,70,70,16,3,"South (MD, DE, DC, WV, VA, KY, TN, NC, SC, GA, FL, AL, MS, LA, AR, OK, TX)",2,Rural Area,6,Stratum 6 - LMY PV Minor Injury,138,52.973715032,1,January,2,2:00am-2:59am,14,14,12,Motor Vehicle In-Transport,1,Front-to-Rear,0,No,2020.0,2020,467.0,Chevrolet,1829.0,Camaro,3.0,Coupe,20.0,Chevrolet,2.0,"2-door sedan,hardtop,coupe",0.0,Not Applicable,11.0,"Class 1: 6,000 lbs. or less (2,722 kg or less)",11.0,"Class 1: 6,000 lbs. or less (2,722 kg or less)",0.0,No Trailers,0.0,No Special Use Noted,0.0,Not Applicable,0.0,No Rollover,12.0,12 Clock Point,0.0,No or Not Reported,20009.0,Chevrolet Camaro,37,37 Years,37,37 Years,1,Male,1,Male,1,Driver of a Motor Vehicle In-Transport,,,,,2,Suspected Minor Injury (B),2,Suspected Minor Injury (B),11,"Front Seat, Left Side",11,"Front Seat, Left Side",3,Shoulder and Lap Belt Used,0,No Indication of Misuse,20,Not Applicable,7,None Used/Not Applicable,8,Deployed- Combination,0,Not Ejected,0,Not Ejected,0,No (Alcohol Not Involved),0,No (Alcohol Not Involved),0,Test Not Given,0,Test Not Given,996,Test Not Given,0,No (drugs not involved),5,EMS Ground,0,0,Occupant of a Motor Vehicle
202304647801,2,1,2,70,70,16,3,"South (MD, DE, DC, WV, VA, KY, TN, NC, SC, GA, FL, AL, MS, LA, AR, OK, TX)",2,Rural Area,6,Stratum 6 - LMY PV Minor Injury,138,52.973715032,1,January,2,2:00am-2:59am,14,14,12,Motor Vehicle In-Transport,1,Front-to-Rear,0,No,2020.0,2020,467.0,Chevrolet,1829.0,Camaro,3.0,Coupe,20.0,Chevrolet,2.0,"2-door sedan,hardtop,coupe",0.0,Not Applicable,11.0,"Class 1: 6,000 lbs. or less (2,722 kg or less)",11.0,"Class 1: 6,000 lbs. or less (2,722 kg or less)",0.0,No Trailers,0.0,No Special Use Noted,0.0,Not Applicable,0.0,No Rollover,12.0,12 Clock Point,0.0,No or Not Reported,20009.0,Chevrolet Camaro,43,43 Years,43,43 Years,1,Male,1,Male,2,Passenger of a Motor Vehicle In-Transport,,,,,0,No Apparent Injury (O),0,No Apparent Injury (O),13,"Front Seat, Right Side",13,"Front Seat, Right Side",3,Shoulder and Lap Belt Used,0,No Indication of Misuse,20,Not Applicable,7,None Used/Not Applicable,8,Deployed- Combination,0,Not Ejected,0,Not Ejected,8,Not Reported,0,No (Alcohol Not Involved),0,Test Not Given,0,Test Not Given,996,Test Not Given,8,Not Reported,0,Not Transported for Treatment,0,0,Occupant of a Motor Vehicle
202304647801,2,2,1,70,70,16,3,"South (MD, DE, DC, WV, VA, KY, TN, NC, SC, GA, FL, AL, MS, LA, AR, OK, TX)",2,Rural Area,6,Stratum 6 - LMY PV Minor Injury,138,52.973715032,1,January,2,2:00am-2:59am,14,14,12,Motor Vehicle In-Transport,1,Front-to-Rear,0,No,9999.0,Unknown,476.0,Dodge,99999.0,Unknown,60.0,Pickup,7.0,Dodge,39.0,Unknown (pickup style) light conventional truck type,0.0,Not Applicable,11.0,"Class 1: 6,000 lbs. or less (2,722 kg or less)",12.0,"Class 2: 6,001 - 10,000 lbs. (2,722 - 4,536 kg)",0.0,No Trailers,99.0,Reported as Unknown,0.0,Not Applicable,0.0,No Rollover,6.0,6 Clock Point,0.0,No or Not Reported,7499.0,Dodge Unknown (light truck),999,Reported as Unknown,58,58 Years,9,Reported as Unknown,1,Male,1,Driver of a Motor Vehicle In-Transport,,,,,0,No Apparent Injury (O),0,No Apparent Injury (O),11,"Front Seat, Left Side",11,"Front Seat, Left Side",99,Reported as Unknown,7,None Used/Not Applicable,20,Not Applicable,7,None Used/Not Applicable,99,Reported as Deployment Unknown,0,Not Ejected,0,Not Ejected,9,Reported as Unknown,0,No (Alcohol Not Involved),0,Test Not Given,0,Test Not Given,996,Test Not Given,9,Reported as Unknown,0,Not Transported for Treatment,0,0,Occupant of a Motor Vehicle
202304647816,1,0,1,70,70,16,3,"South (MD, DE, DC, WV, VA, KY, TN, NC, SC, GA, FL, AL, MS, LA, AR, OK, TX)",2,Rural Area,2,Stratum 2 - Not a MV Occupant Any Injury,137,26.785767508,1,January,22,10:00pm-10:59pm,20,20,8,Pedestrian,0,The First Harmful Event was Not a Collision with a Motor Vehicle In-Transport,0,No,,,,,,,,,,,,,,,,,,,,,,,,,,,,,,,,,73,73 Years,73,73 Years,1,Male,1,Male,5,Pedestrian,0.0,Not Applicable,0.0,Not Applicable,1,Possible Injury (C),1,Possible Injury (C),0,Not a Motor Vehicle Occupant,0,Not a Motor Vehicle Occupant,96,Not a Motor Vehicle Occupant,8,Not a Motor Vehicle Occupant,96,Not a Motor Vehicle Occupant,8,Not a Motor Vehicle Occupant,97,Not a Motor Vehicle Occupant,8,Not Applicable,8,Not Applicable,0,No (Alcohol Not Involved),0,No (Alcohol Not Involved),0,Test Not Given,0,Test Not Given,996,Test Not Given,0,No (drugs not involved),5,EMS Ground,1,13,"Not at Intersection - On Roadway, Crosswalk Availability Unknown"
202304647816,1,1,1,70,70,16,3,"South (MD, DE, DC, WV, VA, KY, TN, NC, SC, GA, FL, AL, MS, LA, AR, OK, TX)",2,Rural Area,2,Stratum 2 - Not a MV Occupant Any Injury,137,26.785767508,1,January,22,10:00pm-10:59pm,20,20,8,Pedestrian,0,The First Harmful Event was Not a Collision with a Motor Vehicle In-Transport,0,No,2016.0,2016,498.0,Hyundai,2735.0,Elantra,13.0,Sedan/Saloon,55.0,Hyundai,4.0,"4-door sedan, hardtop",0.0,Not Applicable,11.0,"Class 1: 6,000 lbs. or less (2,722 kg or less)",11.0,"Class 1: 6,000 lbs. or less (2,722 kg or less)",0.0,No Trailers,0.0,No Special Use Noted,0.0,Not Applicable,0.0,No Rollover,10.0,10 Clock Point,0.0,No or Not Reported,55035.0,Hyundai Elantra,21,21 Years,21,21 Years,1,Male,1,Male,1,Driver of a Motor Vehicle In-Transport,,,,,0,No Apparent Injury (O),0,No Apparent Injury (O),11,"Front Seat, Left Side",11,"Front Seat, Left Side",3,Shoulder and Lap Belt Used,0,No Indication of Misuse,20,Not Applicable,7,None Used/Not Applicable,20,Not Deployed,0,Not Ejected,0,Not Ejected,0,No (Alcohol Not Involved),0,No (Alcohol Not Involved),0,Test Not Given,0,Test Not Given,996,Test Not Given,0,No (drugs not involved),0,Not Transported for Treatment,0,0,Occupant of a Motor Vehicle
202304647819,2,1,1,70,70,16,3,"South (MD, DE, DC, WV, VA, KY, TN, NC, SC, GA, FL, AL, MS, LA, AR, OK, TX)",2,Rural Area,10,Stratum 10 - Other,137,217.74927367,1,January,18,6:00pm-6:59pm,57,57,12,Motor Vehicle In-Transport,1,Front-to-Rear,0,No,9999.0,Unknown,99999.0,Unknown,99999.0,Unknown,13.0,Sedan/Saloon,99.0,Unknown Make,8.0,"Sedan/Hardtop, number of doors unknown",0.0,Not Applicable,11.0,"Class 1: 6,000 lbs. or less (2,722 kg or less)",12.0,"Class 2: 6,001 - 10,000 lbs. (2,722 - 4,536 kg)",0.0,No Trailers,99.0,Reported as Unknown,0.0,Not Applicable,0.0,No Rollover,12.0,12 Clock Point,0.0,No or Not Reported,99399.0,Unknown Make Unknown (automobile),998,Not Reported,52,52 Years,9,Reported as Unknown,1,Male,1,Driver of a Motor Vehicle In-Transport,,,,,0,No Apparent Injury (O),0,No Apparent Injury (O),11,"Front Seat, Left Side",11,"Front Seat, Left Side",99,Reported as Unknown,7,None Used/Not Applicable,20,Not Applicable,7,None Used/Not Applicable,99,Reported as Deployment Unknown,0,Not Ejected,0,Not Ejected,9,Reported as Unknown,0,No (Alcohol Not Involved),0,Test Not Given,0,Test Not Given,996,Test Not Given,9,Reported as Unknown,0,Not Transported for Treatment,0,0,Occupant of a Motor Vehicle
202304647819,2,2,1,70,70,16,3,"South (MD, DE, DC, WV, VA, KY, TN, NC, SC, GA, FL, AL, MS, LA, AR, OK, TX)",2,Rural Area,10,Stratum 10 - Other,137,217.74927367,1,January,18,6:00pm-6:59pm,57,57,12,Motor Vehicle In-Transport,1,Front-to-Rear,0,No,2018.0,2018,478.0,Nissan,1904.0,Altima,13.0,Sedan/Saloon,35.0,Nissan/Datsun,4.0,"4-door sedan, hardtop",0.0,Not Applicable,11.0,"Class 1: 6,000 lbs. or less (2,722 kg or less)",11.0,"Class 1: 6,000 lbs. or less (2,722 kg or less)",0.0,No Trailers,0.0,No Special Use Noted,0.0,Not Applicable,0.0,No Rollover,6.0,6 Clock Point,0.0,No or Not Reported,35047.0,Nissan/Datsun Altima,44,44 Years,44,44 Years,2,Female,2,Female,1,Driver of a Motor Vehicle In-Transport,,,,,0,No Apparent Injury (O),0,No Apparent Injury (O),11,"Front Seat, Left Side",11,"Front Seat, Left Side",3,Shoulder and Lap Belt Used,0,No Indication of Misuse,20,Not Applicable,7,None Used/Not Applicable,20,Not Deployed,0,Not Ejected,0,Not Ejected,0,No (Alcohol Not Involved),0,No (Alcohol Not Involved),0,Test Not Given,0,Test Not Given,996,Test Not Given,0,No (drugs not involved),0,Not Transported for Treatment,0,0,Occupant of a Motor Vehicle
202304647833,2,1,1,70,70,16,3,"South (MD, DE, DC, WV, VA, KY, TN, NC, SC, GA, FL, AL, MS, LA, AR, OK, TX)",2,Rural Area,9,Stratum 9 - LMY PV No Injuries in Crash,137,138.11173411,1,January,11,11:00am-11:59am,32,32,12,Motor Vehicle In-Transport,7,Sideswipe - Same Direction,0,No,2003.0,2003,475.0,Acura,2147.0,MDX,7.0,Sport Utility Vehicle (SUV)/Multi-Purpose Vehicle (MPV),54.0,Acura,15.0,"Large utility (ANSI D16.1 Utility Vehicle Categories and ""Full Size"" and ""Large"")",0.0,Not Applicable,11.0,"Class 1: 6,000 lbs. or less (2,722 kg or less)",11.0,"Class 1: 6,000 lbs. or less (2,722 kg or less)",0.0,No Trailers,0.0,No Special Use Noted,0.0,Not Applicable,0.0,No Rollover,10.0,10 Clock Point,0.0,No or Not Reported,54421.0,Acura MDX,60,60 Years,60,60 Years,1,Male,1,Male,1,Driver of a Motor Vehicle In-Transport,,,,,0,No Apparent Injury (O),0,No Apparent Injury (O),11,"Front Seat, Left Side",11,"Front Seat, Left Side",3,Shoulder and Lap Belt Used,0,No Indication of Misuse,20,Not Applicable,7,None Used/Not Applicable,20,Not Deployed,0,Not Ejected,0,Not Ejected,0,No (Alcohol Not Involved),0,No (Alcohol Not Involved),0,Test Not Given,0,Test Not Given,996,Test Not Given,0,No (drugs not involved),0,Not Transported for Treatment,0,0,Occupant of a Motor Vehicle
202304647833,2,2,1,70,70,16,3,"South (MD, DE, DC, WV, VA, KY, TN, NC, SC, GA, FL, AL, MS, LA, AR, OK, TX)",2,Rural Area,9,Stratum 9 - LMY PV No Injuries in Crash,137,138.11173411,1,January,11,11:00am-11:59am,32,32,12,Motor Vehicle In-Transport,7,Sideswipe - Same Direction,0,No,2021.0,2021,473.0,Mazda,2074.0,Mazda3,13.0,Sedan/Saloon,41.0,Mazda,4.0,"4-door sedan, hardtop",0.0,Not Applicable,11.0,"Class 1: 6,000 lbs. or less (2,722 kg or less)",11.0,"Class 1: 6,000 lbs. or less (2,722 kg or less)",0.0,No Trailers,0.0,No Special Use Noted,0.0,Not Applicable,0.0,No Rollover,2.0,2 Clock Point,0.0,No or Not Reported,41051.0,Mazda Mazda3,75,75 Years,75,75 Years,1,Male,1,Male,1,Driver of a Motor Vehicle In-Transport,,,,,0,No Apparent Injury (O),0,No Apparent Injury (O),11,"Front Seat, Left Side",11,"Front Seat, Left Side",3,Shoulder and Lap Belt Used,0,No Indication of Misuse,20,Not Applicable,7,None Used/Not Applicable,20,Not Deployed,0,Not Ejected,0,Not Ejected,0,No (Alcohol Not Involved),0,No (Alcohol Not Involved),0,Test Not Given,0,Test Not Given,996,Test Not Given,0,No (drugs not involved),0,Not Transported for Treatment,0,0,Occupant of a Motor Vehicle
202304647934,2,1,1,51,51,10,3,"South (MD, DE, DC, WV, VA, KY, TN, NC, SC, GA, FL, AL, MS, LA, AR, OK, TX)",1,Urban Area,9,Stratum 9 - LMY PV No Injuries in Crash,1078,141.1359637,1,January,14,2:00pm-2:59pm,30,30,12,Motor Vehicle In-Transport,7,Sideswipe - Same Direction,0,No,2020.0,2020,499.0,Kia,2299.0,Rio,13.0,Sedan/Saloon,63.0,KIA,4.0,"4-door sedan, hardtop",0.0,Not Applicable,11.0,"Class 1: 6,000 lbs. or less (2,722 kg or less)",11.0,"Class 1: 6,000 lbs. or less (2,722 kg or less)",0.0,No Trailers,0.0,No Special Use Noted,0.0,Not Applicable,0.0,No Rollover,10.0,10 Clock Point,0.0,No or Not Reported,63032.0,KIA Rio/Rio5,63,63 Years,63,63 Years,1,Male,1,Male,1,Driver of a Motor Vehicle In-Transport,,,,,0,No Apparent Injury (O),0,No Apparent Injury (O),11,"Front Seat, Left Side",11,"Front Seat, Left Side",3,Shoulder and Lap Belt Used,0,No Indication of Misuse,20,Not Applicable,7,None Used/Not Applicable,20,Not Deployed,0,Not Ejected,0,Not Ejected,0,No (Alcohol Not Involved),0,No (Alcohol Not Involved),0,Test Not Given,0,Test Not Given,996,Test Not Given,0,No (drugs not involved),0,Not Transported for Treatment,0,0,Occupant of a Motor Vehicle
202304647934,2,1,2,51,51,10,3,"South (MD, DE, DC, WV, VA, KY, TN, NC, SC, GA, FL, AL, MS, LA, AR, OK, TX)",1,Urban Area,9,Stratum 9 - LMY PV No Injuries in Crash,1078,141.1359637,1,January,14,2:00pm-2:59pm,30,30,12,Motor Vehicle In-Transport,7,Sideswipe - Same Direction,0,No,2020.0,2020,499.0,Kia,2299.0,Rio,13.0,Sedan/Saloon,63.0,KIA,4.0,"4-door sedan, hardtop",0.0,Not Applicable,11.0,"Class 1: 6,000 lbs. or less (2,722 kg or less)",11.0,"Class 1: 6,000 lbs. or less (2,722 kg or less)",0.0,No Trailers,0.0,No Special Use Noted,0.0,Not Applicable,0.0,No Rollover,10.0,10 Clock Point,0.0,No or Not Reported,63032.0,KIA Rio/Rio5,61,61 Years,61,61 Years,2,Female,2,Female,2,Passenger of a Motor Vehicle In-Transport,,,,,0,No Apparent Injury (O),0,No Apparent Injury (O),13,"Front Seat, Right Side",13,"Front Seat, Right Side",3,Shoulder and Lap Belt Used,0,No Indication of Misuse,20,Not Applicable,7,None Used/Not Applicable,20,Not Deployed,0,Not Ejected,0,Not Ejected,8,Not Reported,0,No (Alcohol Not Involved),0,Test Not Given,0,Test Not Given,996,Test Not Given,8,Not Reported,0,Not Transported for Treatment,0,0,Occupant of a Motor Vehicle
202304647934,2,2,1,51,51,10,3,"South (MD, DE, DC, WV, VA, KY, TN, NC, SC, GA, FL, AL, MS, LA, AR, OK, TX)",1,Urban Area,9,Stratum 9 - LMY PV No Injuries in Crash,1078,141.1359637,1,January,14,2:00pm-2:59pm,30,30,12,Motor Vehicle In-Transport,7,Sideswipe - Same Direction,0,No,2008.0,2008,467.0,Chevrolet,1850.0,Silverado,60.0,Pickup,20.0,Chevrolet,34.0,Light Pickup,0.0,Not Applicable,12.0,"Class 2: 6,001 - 10,000 lbs. (2,722 - 4,536 kg)",12.0,"Class 2: 6,001 - 10,000 lbs. (2,722 - 4,536 kg)",0.0,No Trailers,0.0,No Special Use Noted,0.0,Not Applicable,0.0,No Rollover,1.0,1 Clock Point,0.0,No or Not Reported,20481.0,"Chevrolet C, K, R, V-series pickup/Silverado",58,58 Years,58,58 Years,1,Male,1,Male,1,Driver of a Motor Vehicle In-Transport,,,,,0,No Apparent Injury (O),0,No Apparent Injury (O),11,"Front Seat, Left Side",11,"Front Seat, Left Side",3,Shoulder and Lap Belt Used,0,No Indication of Misuse,20,Not Applicable,7,None Used/Not Applicable,20,Not Deployed,0,Not Ejected,0,Not Ejected,0,No (Alcohol Not Involved),0,No (Alcohol Not Involved),0,Test Not Given,0,Test Not Given,996,Test Not Given,0,No (drugs not involved),0,Not Transported for Treatment,0,0,Occupant of a Motor Vehicle
202304647934,2,2,2,51,51,10,3,"South (MD, DE, DC, WV, VA, KY, TN, NC, SC, GA, FL, AL, MS, LA, AR, OK, TX)",1,Urban Area,9,Stratum 9 - LMY PV No Injuries in Crash,1078,141.1359637,1,January,14,2:00pm-2:59pm,30,30,12,Motor Vehicle In-Transport,7,Sideswipe - Same Direction,0,No,2008.0,2008,467.0,Chevrolet,1850.0,Silverado,60.0,Pickup,20.0,Chevrolet,34.0,Light Pickup,0.0,Not Applicable,12.0,"Class 2: 6,001 - 10,000 lbs. (2,722 - 4,536 kg)",12.0,"Class 2: 6,001 - 10,000 lbs. (2,722 - 4,536 kg)",0.0,No Trailers,0.0,No Special Use Noted,0.0,Not Applicable,0.0,No Rollover,1.0,1 Clock Point,0.0,No or Not Reported,20481.0,"Chevrolet C, K, R, V-series pickup/Silverado",58,58 Years,58,58 Years,2,Female,2,Female,2,Passenger of a Motor Vehicle In-Transport,,,,,0,No Apparent Injury (O),0,No Apparent Injury (O),13,"Front Seat, Right Side",13,"Front Seat, Right Side",3,Shoulder and Lap Belt Used,0,No Indication of Misuse,20,Not Applicable,7,None Used/Not Applicable,20,Not Deployed,0,Not Ejected,0,Not Ejected,8,Not Reported,0,No (Alcohol Not Involved),0,Test Not Given,0,Test Not Given,996,Test Not Given,8,Not Reported,0,Not Transported for Treatment,0,0,Occupant of a Motor Vehicle
202304647937,2,1,1,51,51,10,3,"South (MD, DE, DC, WV, VA, KY, TN, NC, SC, GA, FL, AL, MS, LA, AR, OK, TX)",1,Urban Area,10,Stratum 10 - Other,1079,225.61733964,1,January,14,2:00pm-2:59pm,14,14,12,Motor Vehicle In-Transport,1,Front-to-Rear,0,No,9999.0,Unknown,99999.0,Unknown,99999.0,Unknown,60.0,Pickup,99.0,Unknown Make,39.0,Unknown (pickup style) light conventional truck type,0.0,Not Applicable,11.0,"Class 1: 6,000 lbs. or less (2,722 kg or less)",12.0,"Class 2: 6,001 - 10,000 lbs. (2,722 - 4,536 kg)",0.0,No Trailers,99.0,Reported as Unknown,9.0,Reported as Unknown,0.0,No Rollover,12.0,12 Clock Point,0.0,No or Not Reported,99499.0,Unknown Make Unknown (light truck),999,Reported as Unknown,58,58 Years,9,Reported as Unknown,1,Male,1,Driver of a Motor Vehicle In-Transport,,,,,0,No Apparent Injury (O),0,No Apparent Injury (O),11,"Front Seat, Left Side",11,"Front Seat, Left Side",99,Reported as Unknown,7,None Used/Not Applicable,20,Not Applicable,7,None Used/Not Applicable,99,Reported as Deployment Unknown,0,Not Ejected,0,Not Ejected,9,Reported as Unknown,1,Yes (Alcohol Involved),0,Test Not Given,0,Test Not Given,996,Test Not Given,9,Reported as Unknown,0,Not Transported for Treatment,0,0,Occupant of a Motor Vehicle
202304647937,2,2,1,51,51,10,3,"South (MD, DE, DC, WV, VA, KY, TN, NC, SC, GA, FL, AL, MS, LA, AR, OK, TX)",1,Urban Area,10,Stratum 10 - Other,1079,225.61733964,1,January,14,2:00pm-2:59pm,14,14,12,Motor Vehicle In-Transport,1,Front-to-Rear,0,No,2013.0,2013,478.0,Nissan,1913.0,Rogue,8.0,Crossover Utility Vehicle (CUV),35.0,Nissan/Datsun,6.0,Station Wagon (excluding van and truck based),0.0,Not Applicable,11.0,"Class 1: 6,000 lbs. or less (2,722 kg or less)",11.0,"Class 1: 6,000 lbs. or less (2,722 kg or less)",0.0,No Trailers,0.0,No Special Use Noted,0.0,Not Applicable,0.0,No Rollover,6.0,6 Clock Point,0.0,No or Not Reported,35051.0,"Nissan/Datsun Rogue (For 2008-2018 only.  For model years 2019 on, see 35-404.)",23,23 Years,23,23 Years,2,Female,2,Female,1,Driver of a Motor Vehicle In-Transport,,,,,0,No Apparent Injury (O),0,No Apparent Injury (O),11,"Front Seat, Left Side",11,"Front Seat, Left Side",3,Shoulder and Lap Belt Used,0,No Indication of Misuse,20,Not Applicable,7,None Used/Not Applicable,20,Not Deployed,0,Not Ejected,0,Not Ejected,0,No (Alcohol Not Involved),0,No (Alcohol Not Involved),0,Test Not Given,0,Test Not Given,996,Test Not Given,0,No (drugs not involved),0,Not Transported for Treatment,0,0,Occupant of a Motor Vehicle
202304648019,2,1,1,59,59,10,3,"South (MD, DE, DC, WV, VA, KY, TN, NC, SC, GA, FL, AL, MS, LA, AR, OK, TX)",1,Urban Area,10,Stratum 10 - Other,4137,222.57657535,1,January,8,8:00am-8:59am,15,15,12,Motor Vehicle In-Transport,6,Angle,0,No,2004.0,2004,460.0,Ford,1818.0,E-350,62.0,Incomplete - Cutaway,12.0,Ford,21.0,"Large Van-Includes van-based buses (B150-B350, Sportsman, Royal Maxiwagon, Ram, Tradesman,...)",9.0,Van,12.0,"Class 2: 6,001 - 10,000 lbs. (2,722 - 4,536 kg)",12.0,"Class 2: 6,001 - 10,000 lbs. (2,722 - 4,536 kg)",0.0,No Trailers,0.0,No Special Use Noted,0.0,Not Applicable,0.0,No Rollover,12.0,12 Clock Point,0.0,No or Not Reported,12461.0,Ford E-Series Van/Econoline,58,58 Years,58,58 Years,1,Male,1,Male,1,Driver of a Motor Vehicle In-Transport,,,,,0,No Apparent Injury (O),0,No Apparent Injury (O),11,"Front Seat, Left Side",11,"Front Seat, Left Side",3,Shoulder and Lap Belt Used,0,No Indication of Misuse,20,Not Applicable,7,None Used/Not Applicable,20,Not Deployed,0,Not Ejected,0,Not Ejected,0,No (Alcohol Not Involved),0,No (Alcohol Not Involved),8,Not Reported,95,Not Reported,995,Not Reported,0,No (drugs not involved),0,Not Transported for Treatment,0,0,Occupant of a Motor Vehicle
202304648019,2,2,1,59,59,10,3,"South (MD, DE, DC, WV, VA, KY, TN, NC, SC, GA, FL, AL, MS, LA, AR, OK, TX)",1,Urban Area,10,Stratum 10 - Other,4137,222.57657535,1,January,8,8:00am-8:59am,15,15,12,Motor Vehicle In-Transport,6,Angle,0,No,2013.0,2013,472.0,GMC,1858.0,Terrain,7.0,Sport Utility Vehicle (SUV)/Multi-Purpose Vehicle (MPV),23.0,GMC,14.0,"Compact Utility (Utility Vehicle Categories ""Small"" and ""Midsize"")",0.0,Not Applicable,11.0,"Class 1: 6,000 lbs. or less (2,722 kg or less)",11.0,"Class 1: 6,000 lbs. or less (2,722 kg or less)",0.0,No Trailers,0.0,No Special Use Noted,0.0,Not Applicable,0.0,No Rollover,63.0,Left-Back Side,0.0,No or Not Reported,23402.0,GMC Terrain,87,87 Years,87,87 Years,1,Male,1,Male,1,Driver of a Motor Vehicle In-Transport,,,,,0,No Apparent Injury (O),0,No Apparent Injury (O),11,"Front Seat, Left Side",11,"Front Seat, Left Side",3,Shoulder and Lap Belt Used,0,No Indication of Misuse,20,Not Applicable,7,None Used/Not Applicable,20,Not Deployed,0,Not Ejected,0,Not Ejected,0,No (Alcohol Not Involved),0,No (Alcohol Not Involved),8,Not Reported,95,Not Reported,995,Not Reported,0,No (drugs not involved),0,Not Transported for Treatment,0,0,Occupant of a Motor Vehicle
202304648066,1,1,1,20,20,25,4,"West (MT, ID, WA, OR, CA, NV, NM, AZ, UT, CO, WY, AK, HI)",2,Rural Area,10,Stratum 10 - Other,4140,213.05441116,1,January,6,6:00am-6:59am,20,20,59,Traffic Sign Support,0,The First Harmful Event was Not a Collision with a Motor Vehicle In-Transport,0,No,2011.0,2011,476.0,Dodge,14832.0,Grand Caravan,2.0,Minivan,7.0,Dodge,20.0,"Minivan (Chrysler Town and Country, Caravan, Grand Caravan, Voyager, Voyager, Honda-Odyssey, ...)",0.0,Not Applicable,12.0,"Class 2: 6,001 - 10,000 lbs. (2,722 - 4,536 kg)",12.0,"Class 2: 6,001 - 10,000 lbs. (2,722 - 4,536 kg)",0.0,No Trailers,0.0,No Special Use Noted,0.0,Not Applicable,0.0,No Rollover,2.0,2 Clock Point,0.0,No or Not Reported,7442.0,Dodge Caravan/Grand Caravan,19,19 Years,19,19 Years,1,Male,1,Male,1,Driver of a Motor Vehicle In-Transport,,,,,0,No Apparent Injury (O),0,No Apparent Injury (O),11,"Front Seat, Left Side",11,"Front Seat, Left Side",3,Shoulder and Lap Belt Used,0,No Indication of Misuse,20,Not Applicable,7,None Used/Not Applicable,20,Not Deployed,0,Not Ejected,0,Not Ejected,0,No (Alcohol Not Involved),0,No (Alcohol Not Involved),0,Test Not Given,0,Test Not Given,996,Test Not Given,0,No (drugs not involved),0,Not Transported for Treatment,0,0,Occupant of a Motor Vehicle
202304648074,2,1,1,20,20,25,4,"West (MT, ID, WA, OR, CA, NV, NM, AZ, UT, CO, WY, AK, HI)",2,Rural Area,6,Stratum 6 - LMY PV Minor Injury,4140,52.300328546,1,January,13,1:00pm-1:59pm,6,6,12,Motor Vehicle In-Transport,6,Angle,0,No,2020.0,2020,498.0,Hyundai,25847.0,Palisade,7.0,Sport Utility Vehicle (SUV)/Multi-Purpose Vehicle (MPV),55.0,Hyundai,15.0,"Large utility (ANSI D16.1 Utility Vehicle Categories and ""Full Size"" and ""Large"")",0.0,Not Applicable,11.0,"Class 1: 6,000 lbs. or less (2,722 kg or less)",11.0,"Class 1: 6,000 lbs. or less (2,722 kg or less)",0.0,No Trailers,0.0,No Special Use Noted,0.0,Not Applicable,0.0,No Rollover,10.0,10 Clock Point,0.0,No or Not Reported,55422.0,Hyundai Palisade,40,40 Years,40,40 Years,1,Male,1,Male,1,Driver of a Motor Vehicle In-Transport,,,,,1,Possible Injury (C),1,Possible Injury (C),11,"Front Seat, Left Side",11,"Front Seat, Left Side",3,Shoulder and Lap Belt Used,0,No Indication of Misuse,20,Not Applicable,7,None Used/Not Applicable,2,"Deployed- Side (door, seatback)",0,Not Ejected,0,Not Ejected,0,No (Alcohol Not Involved),0,No (Alcohol Not Involved),0,Test Not Given,0,Test Not Given,996,Test Not Given,0,No (drugs not involved),0,Not Transported for Treatment,0,0,Occupant of a Motor Vehicle
202304648074,2,1,2,20,20,25,4,"West (MT, ID, WA, OR, CA, NV, NM, AZ, UT, CO, WY, AK, HI)",2,Rural Area,6,Stratum 6 - LMY PV Minor Injury,4140,52.300328546,1,January,13,1:00pm-1:59pm,6,6,12,Motor Vehicle In-Transport,6,Angle,0,No,2020.0,2020,498.0,Hyundai,25847.0,Palisade,7.0,Sport Utility Vehicle (SUV)/Multi-Purpose Vehicle (MPV),55.0,Hyundai,15.0,"Large utility (ANSI D16.1 Utility Vehicle Categories and ""Full Size"" and ""Large"")",0.0,Not Applicable,11.0,"Class 1: 6,000 lbs. or less (2,722 kg or less)",11.0,"Class 1: 6,000 lbs. or less (2,722 kg or less)",0.0,No Trailers,0.0,No Special Use Noted,0.0,Not Applicable,0.0,No Rollover,10.0,10 Clock Point,0.0,No or Not Reported,55422.0,Hyundai Palisade,37,37 Years,37,37 Years,2,Female,2,Female,2,Passenger of a Motor Vehicle In-Transport,,,,,1,Possible Injury (C),1,Possible Injury (C),13,"Front Seat, Right Side",13,"Front Seat, Right Side",3,Shoulder and Lap Belt Used,0,No Indication of Misuse,20,Not Applicable,7,None Used/Not Applicable,20,Not Deployed,0,Not Ejected,0,Not Ejected,8,Not Reported,0,No (Alcohol Not Involved),0,Test Not Given,0,Test Not Given,996,Test Not Given,8,Not Reported,0,Not Transported for Treatment,0,0,Occupant of a Motor Vehicle
202304648074,2,2,1,20,20,25,4,"West (MT, ID, WA, OR, CA, NV, NM, AZ, UT, CO, WY, AK, HI)",2,Rural Area,6,Stratum 6 - LMY PV Minor Injury,4140,52.300328546,1,January,13,1:00pm-1:59pm,6,6,12,Motor Vehicle In-Transport,6,Angle,0,No,2022.0,2022,448.0,Toyota,2208.0,Corolla,5.0,Hatchback/Liftback/Notchback,49.0,Toyota,5.0,5-door/4-door hatchback,0.0,Not Applicable,11.0,"Class 1: 6,000 lbs. or less (2,722 kg or less)",11.0,"Class 1: 6,000 lbs. or less (2,722 kg or less)",0.0,No Trailers,0.0,No Special Use Noted,0.0,Not Applicable,0.0,No Rollover,12.0,12 Clock Point,0.0,No or Not Reported,49032.0,Toyota Corolla,27,27 Years,27,27 Years,1,Male,1,Male,1,Driver of a Motor Vehicle In-Transport,,,,,1,Possible Injury (C),1,Possible Injury (C),11,"Front Seat, Left Side",11,"Front Seat, Left Side",3,Shoulder and Lap Belt Used,0,No Indication of Misuse,20,Not Applicable,7,None Used/Not Applicable,8,Deployed- Combination,0,Not Ejected,0,Not Ejected,0,No (Alcohol Not Involved),0,No (Alcohol Not Involved),0,Test Not Given,0,Test Not Given,996,Test Not Given,0,No (drugs not involved),0,Not Transported for Treatment,0,0,Occupant of a Motor Vehicle
202304648080,1,1,1,20,20,25,4,"West (MT, ID, WA, OR, CA, NV, NM, AZ, UT, CO, WY, AK, HI)",2,Rural Area,10,Stratum 10 - Other,4140,213.05441116,1,January,20,8:00pm-8:59pm,0,0,57,Cable Barrier,0,The First Harmful Event was Not a Collision with a Motor Vehicle In-Transport,0,No,2010.0,2010,476.0,Dodge,14832.0,Grand Caravan,2.0,Minivan,7.0,Dodge,20.0,"Minivan (Chrysler Town and Country, Caravan, Grand Caravan, Voyager, Voyager, Honda-Odyssey, ...)",0.0,Not Applicable,12.0,"Class 2: 6,001 - 10,000 lbs. (2,722 - 4,536 kg)",12.0,"Class 2: 6,001 - 10,000 lbs. (2,722 - 4,536 kg)",0.0,No Trailers,0.0,No Special Use Noted,0.0,Not Applicable,0.0,No Rollover,11.0,11 Clock Point,0.0,No or Not Reported,7442.0,Dodge Caravan/Grand Caravan,30,30 Years,30,30 Years,1,Male,1,Male,1,Driver of a Motor Vehicle In-Transport,,,,,0,No Apparent Injury (O),0,No Apparent Injury (O),11,"Front Seat, Left Side",11,"Front Seat, Left Side",3,Shoulder and Lap Belt Used,0,No Indication of Misuse,20,Not Applicable,7,None Used/Not Applicable,20,Not Deployed,0,Not Ejected,0,Not Ejected,8,Not Reported,0,No (Alcohol Not Involved),8,Not Reported,95,Not Reported,995,Not Reported,8,Not Reported,0,Not Transported for Treatment,0,0,Occupant of a Motor Vehicle
202304648083,2,1,1,20,20,25,4,"West (MT, ID, WA, OR, CA, NV, NM, AZ, UT, CO, WY, AK, HI)",2,Rural Area,9,Stratum 9 - LMY PV No Injuries in Crash,4140,136.40667472,1,January,19,7:00pm-7:59pm,12,12,12,Motor Vehicle In-Transport,6,Angle,0,No,2018.0,2018,483.0,Jeep,1949.0,Grand Cherokee,7.0,Sport Utility Vehicle (SUV)/Multi-Purpose Vehicle (MPV),2.0,Jeep / Kaiser-Jeep / Willys- Jeep,15.0,"Large utility (ANSI D16.1 Utility Vehicle Categories and ""Full Size"" and ""Large"")",0.0,Not Applicable,12.0,"Class 2: 6,001 - 10,000 lbs. (2,722 - 4,536 kg)",12.0,"Class 2: 6,001 - 10,000 lbs. (2,722 - 4,536 kg)",0.0,No Trailers,0.0,No Special Use Noted,0.0,Not Applicable,0.0,No Rollover,12.0,12 Clock Point,0.0,No or Not Reported,2422.0,Jeep / Kaiser-Jeep / Willys- Jeep Grand Cherokee (For 2014 on.  Use model 404 for model years prior to 2013.),44,44 Years,44,44 Years,2,Female,2,Female,1,Driver of a Motor Vehicle In-Transport,,,,,0,No Apparent Injury (O),0,No Apparent Injury (O),11,"Front Seat, Left Side",11,"Front Seat, Left Side",3,Shoulder and Lap Belt Used,0,No Indication of Misuse,20,Not Applicable,7,None Used/Not Applicable,20,Not Deployed,0,Not Ejected,0,Not Ejected,0,No (Alcohol Not Involved),0,No (Alcohol Not Involved),0,Test Not Given,0,Test Not Given,996,Test Not Given,0,No (drugs not involved),0,Not Transported for Treatment,0,0,Occupant of a Motor Vehicle
202304648083,2,2,1,20,20,25,4,"West (MT, ID, WA, OR, CA, NV, NM, AZ, UT, CO, WY, AK, HI)",2,Rural Area,9,Stratum 9 - LMY PV No Injuries in Crash,4140,136.40667472,1,January,19,7:00pm-7:59pm,12,12,12,Motor Vehicle In-Transport,6,Angle,0,No,2023.0,2023,498.0,Hyundai,2058.0,Tucson,7.0,Sport Utility Vehicle (SUV)/Multi-Purpose Vehicle (MPV),55.0,Hyundai,14.0,"Compact Utility (Utility Vehicle Categories ""Small"" and ""Midsize"")",0.0,Not Applicable,11.0,"Class 1: 6,000 lbs. or less (2,722 kg or less)",11.0,"Class 1: 6,000 lbs. or less (2,722 kg or less)",0.0,No Trailers,0.0,No Special Use Noted,0.0,Not Applicable,0.0,No Rollover,4.0,4 Clock Point,0.0,No or Not Reported,55402.0,Hyundai Tucson,39,39 Years,39,39 Years,2,Female,2,Female,1,Driver of a Motor Vehicle In-Transport,,,,,0,No Apparent Injury (O),0,No Apparent Injury (O),11,"Front Seat, Left Side",11,"Front Seat, Left Side",3,Shoulder and Lap Belt Used,0,No Indication of Misuse,20,Not Applicable,7,None Used/Not Applicable,2,"Deployed- Side (door, seatback)",0,Not Ejected,0,Not Ejected,0,No (Alcohol Not Involved),0,No (Alcohol Not Involved),0,Test Not Given,0,Test Not Given,996,Test Not Given,0,No (drugs not involved),0,Not Transported for Treatment,0,0,Occupant of a Motor Vehicle
202304648097,1,1,1,20,20,25,4,"West (MT, ID, WA, OR, CA, NV, NM, AZ, UT, CO, WY, AK, HI)",2,Rural Area,10,Stratum 10 - Other,4140,213.05441116,1,January,17,5:00pm-5:59pm,2,2,1,Rollover/Overturn,0,The First Harmful Event was Not a Collision with a Motor Vehicle In-Transport,0,No,2006.0,2006,467.0,Chevrolet,1850.0,Silverado,60.0,Pickup,20.0,Chevrolet,34.0,Light Pickup,0.0,Not Applicable,12.0,"Class 2: 6,001 - 10,000 lbs. (2,722 - 4,536 kg)",12.0,"Class 2: 6,001 - 10,000 lbs. (2,722 - 4,536 kg)",1.0,One Trailer,0.0,No Special Use Noted,0.0,Not Applicable,3.0,Rollover,0.0,Non-Collision,0.0,No or Not Reported,20481.0,"Chevrolet C, K, R, V-series pickup/Silverado",35,35 Years,35,35 Years,1,Male,1,Male,1,Driver of a Motor Vehicle In-Transport,,,,,0,No Apparent Injury (O),0,No Apparent Injury (O),11,"Front Seat, Left Side",11,"Front Seat, Left Side",3,Shoulder and Lap Belt Used,0,No Indication of Misuse,20,Not Applicable,7,None Used/Not Applicable,20,Not Deployed,0,Not Ejected,0,Not Ejected,8,Not Reported,0,No (Alcohol Not Involved),8,Not Reported,95,Not Reported,995,Not Reported,8,Not Reported,0,Not Transported for Treatment,0,0,Occupant of a Motor Vehicle
202304648101,1,1,1,20,20,25,4,"West (MT, ID, WA, OR, CA, NV, NM, AZ, UT, CO, WY, AK, HI)",2,Rural Area,8,Stratum 8 - NLMY PV Minor Injury,4140,129.93710653,1,January,8,8:00am-8:59am,53,53,35,Embankment,0,The First Harmful Event was Not a Collision with a Motor Vehicle In-Transport,0,No,2014.0,2014,482.0,Volkswagen,3134.0,Passat,13.0,Sedan/Saloon,30.0,Volkswagen,4.0,"4-door sedan, hardtop",0.0,Not Applicable,11.0,"Class 1: 6,000 lbs. or less (2,722 kg or less)",11.0,"Class 1: 6,000 lbs. or less (2,722 kg or less)",0.0,No Trailers,0.0,No Special Use Noted,0.0,Not Applicable,3.0,Rollover,5.0,5 Clock Point,0.0,No or Not Reported,30046.0,Volkswagen Passat (CC - 2008 thru 2011; see 052 for 2012 on),60,60 Years,60,60 Years,1,Male,1,Male,1,Driver of a Motor Vehicle In-Transport,,,,,1,Possible Injury (C),1,Possible Injury (C),11,"Front Seat, Left Side",11,"Front Seat, Left Side",3,Shoulder and Lap Belt Used,0,No Indication of Misuse,20,Not Applicable,7,None Used/Not Applicable,2,"Deployed- Side (door, seatback)",0,Not Ejected,0,Not Ejected,8,Not Reported,0,No (Alcohol Not Involved),8,Not Reported,95,Not Reported,995,Not Reported,8,Not Reported,0,Not Transported for Treatment,0,0,Occupant of a Motor Vehicle
202304648111,2,1,1,20,20,25,4,"West (MT, ID, WA, OR, CA, NV, NM, AZ, UT, CO, WY, AK, HI)",2,Rural Area,9,Stratum 9 - LMY PV No Injuries in Crash,4140,136.40667472,1,January,12,12:00pm-12:59pm,31,31,12,Motor Vehicle In-Transport,1,Front-to-Rear,0,No,2012.0,2012,474.0,Honda,1863.0,Civic,999.0,Unknown,37.0,Honda,9.0,Other or Unknown automobile type,0.0,Not Applicable,11.0,"Class 1: 6,000 lbs. or less (2,722 kg or less)",12.0,"Class 2: 6,001 - 10,000 lbs. (2,722 - 4,536 kg)",0.0,No Trailers,0.0,No Special Use Noted,0.0,Not Applicable,0.0,No Rollover,12.0,12 Clock Point,0.0,No or Not Reported,37031.0,"Honda Civic/CRX, del Sol",63,63 Years,63,63 Years,1,Male,1,Male,1,Driver of a Motor Vehicle In-Transport,,,,,0,No Apparent Injury (O),0,No Apparent Injury (O),11,"Front Seat, Left Side",11,"Front Seat, Left Side",3,Shoulder and Lap Belt Used,0,No Indication of Misuse,20,Not Applicable,7,None Used/Not Applicable,20,Not Deployed,0,Not Ejected,0,Not Ejected,0,No (Alcohol Not Involved),0,No (Alcohol Not Involved),0,Test Not Given,0,Test Not Given,996,Test Not Given,0,No (drugs not involved),0,Not Transported for Treatment,0,0,Occupant of a Motor Vehicle
202304648111,2,2,1,20,20,25,4,"West (MT, ID, WA, OR, CA, NV, NM, AZ, UT, CO, WY, AK, HI)",2,Rural Area,9,Stratum 9 - LMY PV No Injuries in Crash,4140,136.40667472,1,January,12,12:00pm-12:59pm,31,31,12,Motor Vehicle In-Transport,1,Front-to-Rear,0,No,2020.0,2020,467.0,Chevrolet,1850.0,Silverado,60.0,Pickup,20.0,Chevrolet,34.0,Light Pickup,0.0,Not Applicable,12.0,"Class 2: 6,001 - 10,000 lbs. (2,722 - 4,536 kg)",12.0,"Class 2: 6,001 - 10,000 lbs. (2,722 - 4,536 kg)",0.0,No Trailers,0.0,No Special Use Noted,0.0,Not Applicable,0.0,No Rollover,6.0,6 Clock Point,0.0,No or Not Reported,20481.0,"Chevrolet C, K, R, V-series pickup/Silverado",32,32 Years,32,32 Years,2,Female,2,Female,1,Driver of a Motor Vehicle In-Transport,,,,,0,No Apparent Injury (O),0,No Apparent Injury (O),11,"Front Seat, Left Side",11,"Front Seat, Left Side",3,Shoulder and Lap Belt Used,0,No Indication of Misuse,20,Not Applicable,7,None Used/Not Applicable,20,Not Deployed,0,Not Ejected,0,Not Ejected,0,No (Alcohol Not Involved),0,No (Alcohol Not Involved),0,Test Not Given,0,Test Not Given,996,Test Not Given,0,No (drugs not involved),0,Not Transported for Treatment,0,0,Occupant of a Motor Vehicle
202304648113,2,1,1,20,20,25,4,"West (MT, ID, WA, OR, CA, NV, NM, AZ, UT, CO, WY, AK, HI)",2,Rural Area,7,Stratum 7 - M/H Truck or Bus,4140,153.11569408,1,January,12,12:00pm-12:59pm,0,0,12,Motor Vehicle In-Transport,1,Front-to-Rear,0,No,1993.0,1993,448.0,Toyota,14263.0,Pick-Up,60.0,Pickup,49.0,Toyota,34.0,Light Pickup,0.0,Not Applicable,11.0,"Class 1: 6,000 lbs. or less (2,722 kg or less)",11.0,"Class 1: 6,000 lbs. or less (2,722 kg or less)",0.0,No Trailers,0.0,No Special Use Noted,0.0,Not Applicable,0.0,No Rollover,6.0,6 Clock Point,0.0,No or Not Reported,49471.0,Toyota Pickup,50,50 Years,50,50 Years,1,Male,1,Male,1,Driver of a Motor Vehicle In-Transport,,,,,0,No Apparent Injury (O),0,No Apparent Injury (O),11,"Front Seat, Left Side",11,"Front Seat, Left Side",3,Shoulder and Lap Belt Used,0,No Indication of Misuse,20,Not Applicable,7,None Used/Not Applicable,20,Not Deployed,0,Not Ejected,0,Not Ejected,0,No (Alcohol Not Involved),0,No (Alcohol Not Involved),0,Test Not Given,0,Test Not Given,996,Test Not Given,0,No (drugs not involved),0,Not Transported for Treatment,0,0,Occupant of a Motor Vehicle
202304648121,2,1,1,20,20,25,4,"West (MT, ID, WA, OR, CA, NV, NM, AZ, UT, CO, WY, AK, HI)",2,Rural Area,10,Stratum 10 - Other,4140,213.05441116,1,January,13,1:00pm-1:59pm,35,35,12,Motor Vehicle In-Transport,6,Angle,0,No,2018.0,2018,483.0,Jeep,1946.0,Compass,7.0,Sport Utility Vehicle (SUV)/Multi-Purpose Vehicle (MPV),2.0,Jeep / Kaiser-Jeep / Willys- Jeep,6.0,Station Wagon (excluding van and truck based),0.0,Not Applicable,11.0,"Class 1: 6,000 lbs. or less (2,722 kg or less)",11.0,"Class 1: 6,000 lbs. or less (2,722 kg or less)",0.0,No Trailers,0.0,No Special Use Noted,0.0,Not Applicable,0.0,No Rollover,12.0,12 Clock Point,0.0,No or Not Reported,2001.0,Jeep / Kaiser-Jeep / Willys- Jeep Compass,33,33 Years,33,33 Years,1,Male,1,Male,1,Driver of a Motor Vehicle In-Transport,,,,,0,No Apparent Injury (O),0,No Apparent Injury (O),11,"Front Seat, Left Side",11,"Front Seat, Left Side",3,Shoulder and Lap Belt Used,1,"Yes, Indication of Misuse",20,Not Applicable,7,None Used/Not Applicable,20,Not Deployed,0,Not Ejected,0,Not Ejected,0,No (Alcohol Not Involved),0,No (Alcohol Not Involved),0,Test Not Given,0,Test Not Given,996,Test Not Given,0,No (drugs not involved),0,Not Transported for Treatment,0,0,Occupant of a Motor Vehicle
202304648121,2,2,1,20,20,25,4,"West (MT, ID, WA, OR, CA, NV, NM, AZ, UT, CO, WY, AK, HI)",2,Rural Area,10,Stratum 10 - Other,4140,213.05441116,1,January,13,1:00pm-1:59pm,35,35,12,Motor Vehicle In-Transport,6,Angle,0,No,2014.0,2014,460.0,Ford,1780.0,Fusion,13.0,Sedan/Saloon,12.0,Ford,4.0,"4-door sedan, hardtop",0.0,Not Applicable,11.0,"Class 1: 6,000 lbs. or less (2,722 kg or less)",11.0,"Class 1: 6,000 lbs. or less (2,722 kg or less)",0.0,No Trailers,0.0,No Special Use Noted,0.0,Not Applicable,0.0,No Rollover,7.0,7 Clock Point,0.0,No or Not Reported,12023.0,Ford Fusion,40,40 Years,40,40 Years,2,Female,2,Female,1,Driver of a Motor Vehicle In-Transport,,,,,0,No Apparent Injury (O),0,No Apparent Injury (O),11,"Front Seat, Left Side",11,"Front Seat, Left Side",3,Shoulder and Lap Belt Used,0,No Indication of Misuse,20,Not Applicable,7,None Used/Not Applicable,20,Not Deployed,0,Not Ejected,0,Not Ejected,0,No (Alcohol Not Involved),0,No (Alcohol Not Involved),0,Test Not Given,0,Test Not Given,996,Test Not Given,0,No (drugs not involved),0,Not Transported for Treatment,0,0,Occupant of a Motor Vehicle
202304648121,2,2,2,20,20,25,4,"West (MT, ID, WA, OR, CA, NV, NM, AZ, UT, CO, WY, AK, HI)",2,Rural Area,10,Stratum 10 - Other,4140,213.05441116,1,January,13,1:00pm-1:59pm,35,35,12,Motor Vehicle In-Transport,6,Angle,0,No,2014.0,2014,460.0,Ford,1780.0,Fusion,13.0,Sedan/Saloon,12.0,Ford,4.0,"4-door sedan, hardtop",0.0,Not Applicable,11.0,"Class 1: 6,000 lbs. or less (2,722 kg or less)",11.0,"Class 1: 6,000 lbs. or less (2,722 kg or less)",0.0,No Trailers,0.0,No Special Use Noted,0.0,Not Applicable,0.0,No Rollover,7.0,7 Clock Point,0.0,No or Not Reported,12023.0,Ford Fusion,17,17 Years,17,17 Years,1,Male,1,Male,2,Passenger of a Motor Vehicle In-Transport,,,,,0,No Apparent Injury (O),0,No Apparent Injury (O),13,"Front Seat, Right Side",13,"Front Seat, Right Side",3,Shoulder and Lap Belt Used,0,No Indication of Misuse,20,Not Applicable,7,None Used/Not Applicable,20,Not Deployed,0,Not Ejected,0,Not Ejected,8,Not Reported,0,No (Alcohol Not Involved),0,Test Not Given,0,Test Not Given,996,Test Not Given,8,Not Reported,0,Not Transported for Treatment,0,0,Occupant of a Motor Vehicle
202304648121,2,2,3,20,20,25,4,"West (MT, ID, WA, OR, CA, NV, NM, AZ, UT, CO, WY, AK, HI)",2,Rural Area,10,Stratum 10 - Other,4140,213.05441116,1,January,13,1:00pm-1:59pm,35,35,12,Motor Vehicle In-Transport,6,Angle,0,No,2014.0,2014,460.0,Ford,1780.0,Fusion,13.0,Sedan/Saloon,12.0,Ford,4.0,"4-door sedan, hardtop",0.0,Not Applicable,11.0,"Class 1: 6,000 lbs. or less (2,722 kg or less)",11.0,"Class 1: 6,000 lbs. or less (2,722 kg or less)",0.0,No Trailers,0.0,No Special Use Noted,0.0,Not Applicable,0.0,No Rollover,7.0,7 Clock Point,0.0,No or Not Reported,12023.0,Ford Fusion,6,6 Years,6,6 Years,2,Female,2,Female,2,Passenger of a Motor Vehicle In-Transport,,,,,0,No Apparent Injury (O),0,No Apparent Injury (O),23,"Second Seat, Right Side",23,"Second Seat, Right Side",12,Booster Seat,0,No Indication of Misuse,20,Not Applicable,7,None Used/Not Applicable,20,Not Deployed,0,Not Ejected,0,Not Ejected,8,Not Reported,0,No (Alcohol Not Involved),0,Test Not Given,0,Test Not Given,996,Test Not Given,8,Not Reported,0,Not Transported for Treatment,0,0,Occupant of a Motor Vehicle
202304648129,1,1,1,20,20,25,4,"West (MT, ID, WA, OR, CA, NV, NM, AZ, UT, CO, WY, AK, HI)",2,Rural Area,8,Stratum 8 - NLMY PV Minor Injury,4140,129.93710653,1,January,15,3:00pm-3:59pm,17,17,48,Snow Bank,0,The First Harmful Event was Not a Collision with a Motor Vehicle In-Transport,0,No,2006.0,2006,473.0,Mazda,2078.0,Mazda6,5.0,Hatchback/Liftback/Notchback,41.0,Mazda,5.0,5-door/4-door hatchback,0.0,Not Applicable,11.0,"Class 1: 6,000 lbs. or less (2,722 kg or less)",11.0,"Class 1: 6,000 lbs. or less (2,722 kg or less)",0.0,No Trailers,0.0,No Special Use Noted,0.0,Not Applicable,3.0,Rollover,12.0,12 Clock Point,0.0,No or Not Reported,41050.0,Mazda Mazda6,18,18 Years,18,18 Years,2,Female,2,Female,1,Driver of a Motor Vehicle In-Transport,,,,,2,Suspected Minor Injury (B),2,Suspected Minor Injury (B),11,"Front Seat, Left Side",11,"Front Seat, Left Side",3,Shoulder and Lap Belt Used,0,No Indication of Misuse,20,Not Applicable,7,None Used/Not Applicable,20,Not Deployed,0,Not Ejected,0,Not Ejected,8,Not Reported,0,No (Alcohol Not Involved),8,Not Reported,95,Not Reported,995,Not Reported,8,Not Reported,5,EMS Ground,0,0,Occupant of a Motor Vehicle
202304648138,1,1,1,20,20,25,4,"West (MT, ID, WA, OR, CA, NV, NM, AZ, UT, CO, WY, AK, HI)",2,Rural Area,10,Stratum 10 - Other,4140,213.05441116,1,January,8,8:00am-8:59am,29,29,24,Guardrail Face,0,The First Harmful Event was Not a Collision with a Motor Vehicle In-Transport,0,No,2006.0,2006,476.0,Dodge,1938.0,Ram,60.0,Pickup,7.0,Dodge,34.0,Light Pickup,0.0,Not Applicable,12.0,"Class 2: 6,001 - 10,000 lbs. (2,722 - 4,536 kg)",12.0,"Class 2: 6,001 - 10,000 lbs. (2,722 - 4,536 kg)",0.0,No Trailers,0.0,No Special Use Noted,0.0,Not Applicable,0.0,No Rollover,12.0,12 Clock Point,0.0,No or Not Reported,7482.0,Dodge Ram Pickup,39,39 Years,39,39 Years,2,Female,2,Female,1,Driver of a Motor Vehicle In-Transport,,,,,0,No Apparent Injury (O),0,No Apparent Injury (O),11,"Front Seat, Left Side",11,"Front Seat, Left Side",3,Shoulder and Lap Belt Used,0,No Indication of Misuse,20,Not Applicable,7,None Used/Not Applicable,20,Not Deployed,0,Not Ejected,0,Not Ejected,8,Not Reported,0,No (Alcohol Not Involved),8,Not Reported,95,Not Reported,995,Not Reported,8,Not Reported,0,Not Transported for Treatment,0,0,Occupant of a Motor Vehicle
202304648167,2,1,1,12,12,12,3,"South (MD, DE, DC, WV, VA, KY, TN, NC, SC, GA, FL, AL, MS, LA, AR, OK, TX)",1,Urban Area,9,Stratum 9 - LMY PV No Injuries in Crash,4142,141.83585636,1,January,9,9:00am-9:59am,26,26,12,Motor Vehicle In-Transport,1,Front-to-Rear,0,No,2020.0,2020,460.0,Ford,1803.0,Ranger,60.0,Pickup,12.0,Ford,34.0,Light Pickup,0.0,Not Applicable,12.0,"Class 2: 6,001 - 10,000 lbs. (2,722 - 4,536 kg)",12.0,"Class 2: 6,001 - 10,000 lbs. (2,722 - 4,536 kg)",0.0,No Trailers,0.0,No Special Use Noted,0.0,Not Applicable,0.0,No Rollover,12.0,12 Clock Point,0.0,No or Not Reported,12471.0,Ford Ranger,998,Not Reported,43,43 Years,8,Not Reported,1,Male,1,Driver of a Motor Vehicle In-Transport,,,,,9,Unknown/Not Reported,0,No Apparent Injury (O),11,"Front Seat, Left Side",11,"Front Seat, Left Side",98,Not Reported,7,None Used/Not Applicable,20,Not Applicable,7,None Used/Not Applicable,98,Not Reported,9,Reported as Unknown if Ejected,0,Not Ejected,9,Reported as Unknown,0,No (Alcohol Not Involved),0,Test Not Given,0,Test Not Given,996,Test Not Given,9,Reported as Unknown,0,Not Transported for Treatment,0,0,Occupant of a Motor Vehicle
202304648167,2,2,1,12,12,12,3,"South (MD, DE, DC, WV, VA, KY, TN, NC, SC, GA, FL, AL, MS, LA, AR, OK, TX)",1,Urban Area,9,Stratum 9 - LMY PV No Injuries in Crash,4142,141.83585636,1,January,9,9:00am-9:59am,26,26,12,Motor Vehicle In-Transport,1,Front-to-Rear,0,No,2016.0,2016,472.0,GMC,1859.0,Yukon,7.0,Sport Utility Vehicle (SUV)/Multi-Purpose Vehicle (MPV),23.0,GMC,15.0,"Large utility (ANSI D16.1 Utility Vehicle Categories and ""Full Size"" and ""Large"")",0.0,Not Applicable,12.0,"Class 2: 6,001 - 10,000 lbs. (2,722 - 4,536 kg)",12.0,"Class 2: 6,001 - 10,000 lbs. (2,722 - 4,536 kg)",0.0,No Trailers,0.0,No Special Use Noted,0.0,Not Applicable,0.0,No Rollover,6.0,6 Clock Point,0.0,No or Not Reported,23421.0,GMC Fullsize Jimmy/Yukon,45,45 Years,45,45 Years,2,Female,2,Female,1,Driver of a Motor Vehicle In-Transport,,,,,1,Possible Injury (C),1,Possible Injury (C),11,"Front Seat, Left Side",11,"Front Seat, Left Side",3,Shoulder and Lap Belt Used,0,No Indication of Misuse,20,Not Applicable,7,None Used/Not Applicable,20,Not Deployed,0,Not Ejected,0,Not Ejected,0,No (Alcohol Not Involved),0,No (Alcohol Not Involved),8,Not Reported,95,Not Reported,995,Not Reported,0,No (drugs not involved),0,Not Transported for Treatment,0,0,Occupant of a Motor Vehicle
202304648234,3,1,1,78,78,10,3,"South (MD, DE, DC, WV, VA, KY, TN, NC, SC, GA, FL, AL, MS, LA, AR, OK, TX)",1,Urban Area,7,Stratum 7 - M/H Truck or Bus,4146,159.73638376,1,January,8,8:00am-8:59am,45,45,12,Motor Vehicle In-Transport,1,Front-to-Rear,0,No,2001.0,2001,460.0,Ford,1806.0,F-350,74.0,Incomplete - Chassis Cab (Number of Cab Unknown),12.0,Ford,61.0,"Single-unit straight truck or Cab-Chassis (GVWR range 10,001 to 19,500 lbs.)",60.0,Pickup,13.0,"Class 3: 10,001 - 14,000 lbs. (4,536 - 6,350 kg)",13.0,"Class 3: 10,001 - 14,000 lbs. (4,536 - 6,350 kg)",1.0,One Trailer,0.0,No Special Use Noted,0.0,Not Applicable,0.0,No Rollover,12.0,12 Clock Point,0.0,No or Not Reported,12881.0,Ford Medium/Heavy - CBE,33,33 Years,33,33 Years,1,Male,1,Male,1,Driver of a Motor Vehicle In-Transport,,,,,0,No Apparent Injury (O),0,No Apparent Injury (O),11,"Front Seat, Left Side",11,"Front Seat, Left Side",3,Shoulder and Lap Belt Used,0,No Indication of Misuse,20,Not Applicable,7,None Used/Not Applicable,20,Not Deployed,0,Not Ejected,0,Not Ejected,0,No (Alcohol Not Involved),0,No (Alcohol Not Involved),8,Not Reported,95,Not Reported,995,Not Reported,0,No (drugs not involved),0,Not Transported for Treatment,0,0,Occupant of a Motor Vehicle
202304648234,3,2,1,78,78,10,3,"South (MD, DE, DC, WV, VA, KY, TN, NC, SC, GA, FL, AL, MS, LA, AR, OK, TX)",1,Urban Area,7,Stratum 7 - M/H Truck or Bus,4146,159.73638376,1,January,8,8:00am-8:59am,45,45,12,Motor Vehicle In-Transport,1,Front-to-Rear,0,No,2014.0,2014,467.0,Chevrolet,1853.0,Traverse,7.0,Sport Utility Vehicle (SUV)/Multi-Purpose Vehicle (MPV),20.0,Chevrolet,15.0,"Large utility (ANSI D16.1 Utility Vehicle Categories and ""Full Size"" and ""Large"")",0.0,Not Applicable,12.0,"Class 2: 6,001 - 10,000 lbs. (2,722 - 4,536 kg)",12.0,"Class 2: 6,001 - 10,000 lbs. (2,722 - 4,536 kg)",0.0,No Trailers,0.0,No Special Use Noted,0.0,Not Applicable,0.0,No Rollover,6.0,6 Clock Point,0.0,No or Not Reported,20423.0,Chevrolet Traverse (2013 on.  For 2009-2012 see model 024.),36,36 Years,36,36 Years,8,Not Reported,1,Male,1,Driver of a Motor Vehicle In-Transport,,,,,1,Possible Injury (C),1,Possible Injury (C),11,"Front Seat, Left Side",11,"Front Seat, Left Side",3,Shoulder and Lap Belt Used,0,No Indication of Misuse,20,Not Applicable,7,None Used/Not Applicable,20,Not Deployed,0,Not Ejected,0,Not Ejected,0,No (Alcohol Not Involved),0,No (Alcohol Not Involved),8,Not Reported,95,Not Reported,995,Not Reported,0,No (drugs not involved),5,EMS Ground,0,0,Occupant of a Motor Vehicle
202304648234,3,3,1,78,78,10,3,"South (MD, DE, DC, WV, VA, KY, TN, NC, SC, GA, FL, AL, MS, LA, AR, OK, TX)",1,Urban Area,7,Stratum 7 - M/H Truck or Bus,4146,159.73638376,1,January,8,8:00am-8:59am,45,45,12,Motor Vehicle In-Transport,1,Front-to-Rear,0,No,2021.0,2021,448.0,Toyota,2469.0,Camry,13.0,Sedan/Saloon,49.0,Toyota,4.0,"4-door sedan, hardtop",0.0,Not Applicable,11.0,"Class 1: 6,000 lbs. or less (2,722 kg or less)",11.0,"Class 1: 6,000 lbs. or less (2,722 kg or less)",0.0,No Trailers,0.0,No Special Use Noted,0.0,Not Applicable,0.0,No Rollover,6.0,6 Clock Point,0.0,No or Not Reported,49040.0,Toyota Camry,46,46 Years,46,46 Years,2,Female,2,Female,1,Driver of a Motor Vehicle In-Transport,,,,,0,No Apparent Injury (O),0,No Apparent Injury (O),11,"Front Seat, Left Side",11,"Front Seat, Left Side",3,Shoulder and Lap Belt Used,0,No Indication of Misuse,20,Not Applicable,7,None Used/Not Applicable,20,Not Deployed,0,Not Ejected,0,Not Ejected,0,No (Alcohol Not Involved),0,No (Alcohol Not Involved),8,Not Reported,95,Not Reported,995,Not Reported,0,No (drugs not involved),0,Not Transported for Treatment,0,0,Occupant of a Motor Vehicle
202304648255,2,1,1,78,78,10,3,"South (MD, DE, DC, WV, VA, KY, TN, NC, SC, GA, FL, AL, MS, LA, AR, OK, TX)",1,Urban Area,9,Stratum 9 - LMY PV No Injuries in Crash,4146,141.59880277,1,January,16,4:00pm-4:59pm,56,56,12,Motor Vehicle In-Transport,7,Sideswipe - Same Direction,0,No,2020.0,2020,448.0,Toyota,2208.0,Corolla,13.0,Sedan/Saloon,49.0,Toyota,4.0,"4-door sedan, hardtop",0.0,Not Applicable,11.0,"Class 1: 6,000 lbs. or less (2,722 kg or less)",11.0,"Class 1: 6,000 lbs. or less (2,722 kg or less)",0.0,No Trailers,0.0,No Special Use Noted,0.0,Not Applicable,0.0,No Rollover,3.0,3 Clock Point,0.0,No or Not Reported,49032.0,Toyota Corolla,31,31 Years,31,31 Years,1,Male,1,Male,1,Driver of a Motor Vehicle In-Transport,,,,,0,No Apparent Injury (O),0,No Apparent Injury (O),11,"Front Seat, Left Side",11,"Front Seat, Left Side",3,Shoulder and Lap Belt Used,0,No Indication of Misuse,20,Not Applicable,7,None Used/Not Applicable,20,Not Deployed,0,Not Ejected,0,Not Ejected,0,No (Alcohol Not Involved),0,No (Alcohol Not Involved),8,Not Reported,95,Not Reported,995,Not Reported,0,No (drugs not involved),0,Not Transported for Treatment,0,0,Occupant of a Motor Vehicle
202304648255,2,2,1,78,78,10,3,"South (MD, DE, DC, WV, VA, KY, TN, NC, SC, GA, FL, AL, MS, LA, AR, OK, TX)",1,Urban Area,9,Stratum 9 - LMY PV No Injuries in Crash,4146,141.59880277,1,January,16,4:00pm-4:59pm,56,56,12,Motor Vehicle In-Transport,7,Sideswipe - Same Direction,0,No,2010.0,2010,448.0,Toyota,2209.0,PRIUS,5.0,Hatchback/Liftback/Notchback,49.0,Toyota,5.0,5-door/4-door hatchback,0.0,Not Applicable,11.0,"Class 1: 6,000 lbs. or less (2,722 kg or less)",11.0,"Class 1: 6,000 lbs. or less (2,722 kg or less)",0.0,No Trailers,0.0,No Special Use Noted,0.0,Not Applicable,0.0,No Rollover,9.0,9 Clock Point,0.0,No or Not Reported,49046.0,Toyota Prius *,62,62 Years,62,62 Years,1,Male,1,Male,1,Driver of a Motor Vehicle In-Transport,,,,,0,No Apparent Injury (O),0,No Apparent Injury (O),11,"Front Seat, Left Side",11,"Front Seat, Left Side",3,Shoulder and Lap Belt Used,0,No Indication of Misuse,20,Not Applicable,7,None Used/Not Applicable,20,Not Deployed,0,Not Ejected,0,Not Ejected,0,No (Alcohol Not Involved),0,No (Alcohol Not Involved),8,Not Reported,95,Not Reported,995,Not Reported,0,No (drugs not involved),0,Not Transported for Treatment,0,0,Occupant of a Motor Vehicle
202304648273,2,1,1,77,77,9,2,"Midwest (OH, IN, IL, MI, WI, MN, ND, SD, NE, IA, MO, KS)",2,Rural Area,10,Stratum 10 - Other,4151,217.37927863,1,January,19,7:00pm-7:59pm,59,59,12,Motor Vehicle In-Transport,1,Front-to-Rear,0,No,2003.0,2003,467.0,Chevrolet,1850.0,Silverado,60.0,Pickup,20.0,Chevrolet,34.0,Light Pickup,0.0,Not Applicable,12.0,"Class 2: 6,001 - 10,000 lbs. (2,722 - 4,536 kg)",12.0,"Class 2: 6,001 - 10,000 lbs. (2,722 - 4,536 kg)",0.0,No Trailers,0.0,No Special Use Noted,0.0,Not Applicable,0.0,No Rollover,12.0,12 Clock Point,0.0,No or Not Reported,20481.0,"Chevrolet C, K, R, V-series pickup/Silverado",46,46 Years,46,46 Years,1,Male,1,Male,1,Driver of a Motor Vehicle In-Transport,,,,,0,No Apparent Injury (O),0,No Apparent Injury (O),11,"Front Seat, Left Side",11,"Front Seat, Left Side",99,Reported as Unknown,7,None Used/Not Applicable,20,Not Applicable,7,None Used/Not Applicable,20,Not Deployed,0,Not Ejected,0,Not Ejected,8,Not Reported,0,No (Alcohol Not Involved),0,Test Not Given,0,Test Not Given,996,Test Not Given,8,Not Reported,0,Not Transported for Treatment,0,0,Occupant of a Motor Vehicle
202304648273,2,1,2,77,77,9,2,"Midwest (OH, IN, IL, MI, WI, MN, ND, SD, NE, IA, MO, KS)",2,Rural Area,10,Stratum 10 - Other,4151,217.37927863,1,January,19,7:00pm-7:59pm,59,59,12,Motor Vehicle In-Transport,1,Front-to-Rear,0,No,2003.0,2003,467.0,Chevrolet,1850.0,Silverado,60.0,Pickup,20.0,Chevrolet,34.0,Light Pickup,0.0,Not Applicable,12.0,"Class 2: 6,001 - 10,000 lbs. (2,722 - 4,536 kg)",12.0,"Class 2: 6,001 - 10,000 lbs. (2,722 - 4,536 kg)",0.0,No Trailers,0.0,No Special Use Noted,0.0,Not Applicable,0.0,No Rollover,12.0,12 Clock Point,0.0,No or Not Reported,20481.0,"Chevrolet C, K, R, V-series pickup/Silverado",998,Not Reported,31,31 Years,8,Not Reported,1,Male,2,Passenger of a Motor Vehicle In-Transport,,,,,0,No Apparent Injury (O),0,No Apparent Injury (O),98,Not Reported,13,"Front Seat, Right Side",98,Not Reported,7,None Used/Not Applicable,20,Not Applicable,7,None Used/Not Applicable,98,Not Reported,7,Not Reported,0,Not Ejected,8,Not Reported,0,No (Alcohol Not Involved),0,Test Not Given,0,Test Not Given,996,Test Not Given,8,Not Reported,0,Not Transported for Treatment,0,0,Occupant of a Motor Vehicle
202304648273,2,2,1,77,77,9,2,"Midwest (OH, IN, IL, MI, WI, MN, ND, SD, NE, IA, MO, KS)",2,Rural Area,10,Stratum 10 - Other,4151,217.37927863,1,January,19,7:00pm-7:59pm,59,59,12,Motor Vehicle In-Transport,1,Front-to-Rear,0,No,2007.0,2007,464.0,Lincoln,2808.0,Mark LT,60.0,Pickup,13.0,Lincoln,34.0,Light Pickup,0.0,Not Applicable,12.0,"Class 2: 6,001 - 10,000 lbs. (2,722 - 4,536 kg)",12.0,"Class 2: 6,001 - 10,000 lbs. (2,722 - 4,536 kg)",0.0,No Trailers,0.0,No Special Use Noted,0.0,Not Applicable,0.0,No Rollover,6.0,6 Clock Point,0.0,No or Not Reported,13482.0,Lincoln Mark LT,59,59 Years,59,59 Years,1,Male,1,Male,1,Driver of a Motor Vehicle In-Transport,,,,,0,No Apparent Injury (O),0,No Apparent Injury (O),11,"Front Seat, Left Side",11,"Front Seat, Left Side",99,Reported as Unknown,7,None Used/Not Applicable,20,Not Applicable,7,None Used/Not Applicable,20,Not Deployed,0,Not Ejected,0,Not Ejected,8,Not Reported,0,No (Alcohol Not Involved),0,Test Not Given,0,Test Not Given,996,Test Not Given,8,Not Reported,0,Not Transported for Treatment,0,0,Occupant of a Motor Vehicle
202304648282,2,1,1,39,39,7,2,"Midwest (OH, IN, IL, MI, WI, MN, ND, SD, NE, IA, MO, KS)",1,Urban Area,7,Stratum 7 - M/H Truck or Bus,4154,153.46384112,1,January,12,12:00pm-12:59pm,44,44,12,Motor Vehicle In-Transport,7,Sideswipe - Same Direction,0,No,1998.0,1998,450.0,Freightliner,9805.0,High COE,66.0,Truck-Tractor,82.0,Freightliner,66.0,"Truck-tractor (Cab only, or with any number of trailing unit; any weight)",0.0,Not Applicable,18.0,"Class 8: 33,001 lbs. and above (14,969 kg and above)",18.0,"Class 8: 33,001 lbs. and above (14,969 kg and above)",1.0,One Trailer,0.0,No Special Use Noted,0.0,Not Applicable,0.0,No Rollover,1.0,1 Clock Point,0.0,No or Not Reported,82883.0,Freightliner Medium/Heavy - COE high entry,29,29 Years,29,29 Years,1,Male,1,Male,1,Driver of a Motor Vehicle In-Transport,,,,,0,No Apparent Injury (O),0,No Apparent Injury (O),11,"Front Seat, Left Side",11,"Front Seat, Left Side",3,Shoulder and Lap Belt Used,0,No Indication of Misuse,20,Not Applicable,7,None Used/Not Applicable,20,Not Deployed,0,Not Ejected,0,Not Ejected,0,No (Alcohol Not Involved),0,No (Alcohol Not Involved),0,Test Not Given,0,Test Not Given,996,Test Not Given,0,No (drugs not involved),0,Not Transported for Treatment,0,0,Occupant of a Motor Vehicle
202304648282,2,2,1,39,39,7,2,"Midwest (OH, IN, IL, MI, WI, MN, ND, SD, NE, IA, MO, KS)",1,Urban Area,7,Stratum 7 - M/H Truck or Bus,4154,153.46384112,1,January,12,12:00pm-12:59pm,44,44,12,Motor Vehicle In-Transport,7,Sideswipe - Same Direction,0,No,2010.0,2010,478.0,Nissan,1904.0,Altima,3.0,Coupe,35.0,Nissan/Datsun,2.0,"2-door sedan,hardtop,coupe",0.0,Not Applicable,11.0,"Class 1: 6,000 lbs. or less (2,722 kg or less)",11.0,"Class 1: 6,000 lbs. or less (2,722 kg or less)",0.0,No Trailers,0.0,No Special Use Noted,0.0,Not Applicable,0.0,No Rollover,9.0,9 Clock Point,0.0,No or Not Reported,35047.0,Nissan/Datsun Altima,25,25 Years,25,25 Years,1,Male,1,Male,1,Driver of a Motor Vehicle In-Transport,,,,,0,No Apparent Injury (O),0,No Apparent Injury (O),11,"Front Seat, Left Side",11,"Front Seat, Left Side",3,Shoulder and Lap Belt Used,0,No Indication of Misuse,20,Not Applicable,7,None Used/Not Applicable,20,Not Deployed,0,Not Ejected,0,Not Ejected,0,No (Alcohol Not Involved),0,No (Alcohol Not Involved),0,Test Not Given,0,Test Not Given,996,Test Not Given,0,No (drugs not involved),0,Not Transported for Treatment,0,0,Occupant of a Motor Vehicle
202304648534,1,1,1,20,20,25,4,"West (MT, ID, WA, OR, CA, NV, NM, AZ, UT, CO, WY, AK, HI)",2,Rural Area,5,Stratum 5 - NLMY PV Serious Injury,4140,25.79271396,1,January,16,4:00pm-4:59pm,18,18,34,Ditch,0,The First Harmful Event was Not a Collision with a Motor Vehicle In-Transport,0,No,1998.0,1998,472.0,GMC,1859.0,Yukon,7.0,Sport Utility Vehicle (SUV)/Multi-Purpose Vehicle (MPV),23.0,GMC,15.0,"Large utility (ANSI D16.1 Utility Vehicle Categories and ""Full Size"" and ""Large"")",0.0,Not Applicable,12.0,"Class 2: 6,001 - 10,000 lbs. (2,722 - 4,536 kg)",12.0,"Class 2: 6,001 - 10,000 lbs. (2,722 - 4,536 kg)",0.0,No Trailers,0.0,No Special Use Noted,0.0,Not Applicable,3.0,Rollover,12.0,12 Clock Point,0.0,No or Not Reported,23421.0,GMC Fullsize Jimmy/Yukon,15,15 Years,15,15 Years,2,Female,2,Female,1,Driver of a Motor Vehicle In-Transport,,,,,3,Suspected Serious Injury (A),3,Suspected Serious Injury (A),11,"Front Seat, Left Side",11,"Front Seat, Left Side",3,Shoulder and Lap Belt Used,0,No Indication of Misuse,20,Not Applicable,7,None Used/Not Applicable,20,Not Deployed,0,Not Ejected,0,Not Ejected,0,No (Alcohol Not Involved),0,No (Alcohol Not Involved),0,Test Not Given,0,Test Not Given,996,Test Not Given,0,No (drugs not involved),1,EMS Air,0,0,Occupant of a Motor Vehicle
202304648539,2,1,1,20,20,25,4,"West (MT, ID, WA, OR, CA, NV, NM, AZ, UT, CO, WY, AK, HI)",2,Rural Area,8,Stratum 8 - NLMY PV Minor Injury,4140,129.93710653,1,January,14,2:00pm-2:59pm,5,5,12,Motor Vehicle In-Transport,6,Angle,0,No,2013.0,2013,523.0,Subaru,2236.0,XV CrossTrek,7.0,Sport Utility Vehicle (SUV)/Multi-Purpose Vehicle (MPV),48.0,Subaru,14.0,"Compact Utility (Utility Vehicle Categories ""Small"" and ""Midsize"")",0.0,Not Applicable,11.0,"Class 1: 6,000 lbs. or less (2,722 kg or less)",11.0,"Class 1: 6,000 lbs. or less (2,722 kg or less)",0.0,No Trailers,0.0,No Special Use Noted,0.0,Not Applicable,0.0,No Rollover,9.0,9 Clock Point,0.0,No or Not Reported,48403.0,Subaru XV Crosstrek,19,19 Years,19,19 Years,1,Male,1,Male,1,Driver of a Motor Vehicle In-Transport,,,,,0,No Apparent Injury (O),0,No Apparent Injury (O),11,"Front Seat, Left Side",11,"Front Seat, Left Side",3,Shoulder and Lap Belt Used,0,No Indication of Misuse,20,Not Applicable,7,None Used/Not Applicable,2,"Deployed- Side (door, seatback)",0,Not Ejected,0,Not Ejected,0,No (Alcohol Not Involved),0,No (Alcohol Not Involved),0,Test Not Given,0,Test Not Given,996,Test Not Given,0,No (drugs not involved),0,Not Transported for Treatment,0,0,Occupant of a Motor Vehicle
202304648539,2,1,2,20,20,25,4,"West (MT, ID, WA, OR, CA, NV, NM, AZ, UT, CO, WY, AK, HI)",2,Rural Area,8,Stratum 8 - NLMY PV Minor Injury,4140,129.93710653,1,January,14,2:00pm-2:59pm,5,5,12,Motor Vehicle In-Transport,6,Angle,0,No,2013.0,2013,523.0,Subaru,2236.0,XV CrossTrek,7.0,Sport Utility Vehicle (SUV)/Multi-Purpose Vehicle (MPV),48.0,Subaru,14.0,"Compact Utility (Utility Vehicle Categories ""Small"" and ""Midsize"")",0.0,Not Applicable,11.0,"Class 1: 6,000 lbs. or less (2,722 kg or less)",11.0,"Class 1: 6,000 lbs. or less (2,722 kg or less)",0.0,No Trailers,0.0,No Special Use Noted,0.0,Not Applicable,0.0,No Rollover,9.0,9 Clock Point,0.0,No or Not Reported,48403.0,Subaru XV Crosstrek,19,19 Years,19,19 Years,2,Female,2,Female,2,Passenger of a Motor Vehicle In-Transport,,,,,0,No Apparent Injury (O),0,No Apparent Injury (O),13,"Front Seat, Right Side",13,"Front Seat, Right Side",3,Shoulder and Lap Belt Used,0,No Indication of Misuse,20,Not Applicable,7,None Used/Not Applicable,20,Not Deployed,0,Not Ejected,0,Not Ejected,8,Not Reported,0,No (Alcohol Not Involved),0,Test Not Given,0,Test Not Given,996,Test Not Given,8,Not Reported,0,Not Transported for Treatment,0,0,Occupant of a Motor Vehicle
202304648539,2,2,1,20,20,25,4,"West (MT, ID, WA, OR, CA, NV, NM, AZ, UT, CO, WY, AK, HI)",2,Rural Area,8,Stratum 8 - NLMY PV Minor Injury,4140,129.93710653,1,January,14,2:00pm-2:59pm,5,5,12,Motor Vehicle In-Transport,6,Angle,0,No,2009.0,2009,460.0,Ford,1798.0,Escape,7.0,Sport Utility Vehicle (SUV)/Multi-Purpose Vehicle (MPV),12.0,Ford,14.0,"Compact Utility (Utility Vehicle Categories ""Small"" and ""Midsize"")",0.0,Not Applicable,11.0,"Class 1: 6,000 lbs. or less (2,722 kg or less)",11.0,"Class 1: 6,000 lbs. or less (2,722 kg or less)",0.0,No Trailers,0.0,No Special Use Noted,0.0,Not Applicable,0.0,No Rollover,12.0,12 Clock Point,0.0,No or Not Reported,12402.0,Ford Escape,42,42 Years,42,42 Years,2,Female,2,Female,1,Driver of a Motor Vehicle In-Transport,,,,,2,Suspected Minor Injury (B),2,Suspected Minor Injury (B),11,"Front Seat, Left Side",11,"Front Seat, Left Side",3,Shoulder and Lap Belt Used,0,No Indication of Misuse,20,Not Applicable,7,None Used/Not Applicable,1,Deployed- Front,0,Not Ejected,0,Not Ejected,0,No (Alcohol Not Involved),0,No (Alcohol Not Involved),0,Test Not Given,0,Test Not Given,996,Test Not Given,0,No (drugs not involved),0,Not Transported for Treatment,0,0,Occupant of a Motor Vehicle
202304648539,2,2,2,20,20,25,4,"West (MT, ID, WA, OR, CA, NV, NM, AZ, UT, CO, WY, AK, HI)",2,Rural Area,8,Stratum 8 - NLMY PV Minor Injury,4140,129.93710653,1,January,14,2:00pm-2:59pm,5,5,12,Motor Vehicle In-Transport,6,Angle,0,No,2009.0,2009,460.0,Ford,1798.0,Escape,7.0,Sport Utility Vehicle (SUV)/Multi-Purpose Vehicle (MPV),12.0,Ford,14.0,"Compact Utility (Utility Vehicle Categories ""Small"" and ""Midsize"")",0.0,Not Applicable,11.0,"Class 1: 6,000 lbs. or less (2,722 kg or less)",11.0,"Class 1: 6,000 lbs. or less (2,722 kg or less)",0.0,No Trailers,0.0,No Special Use Noted,0.0,Not Applicable,0.0,No Rollover,12.0,12 Clock Point,0.0,No or Not Reported,12402.0,Ford Escape,8,8 Years,8,8 Years,2,Female,2,Female,2,Passenger of a Motor Vehicle In-Transport,,,,,0,No Apparent Injury (O),0,No Apparent Injury (O),23,"Second Seat, Right Side",23,"Second Seat, Right Side",3,Shoulder and Lap Belt Used,0,No Indication of Misuse,20,Not Applicable,7,None Used/Not Applicable,20,Not Deployed,0,Not Ejected,0,Not Ejected,8,Not Reported,0,No (Alcohol Not Involved),0,Test Not Given,0,Test Not Given,996,Test Not Given,8,Not Reported,0,Not Transported for Treatment,0,0,Occupant of a Motor Vehicle
202304648540,2,1,1,20,20,25,4,"West (MT, ID, WA, OR, CA, NV, NM, AZ, UT, CO, WY, AK, HI)",2,Rural Area,10,Stratum 10 - Other,4140,213.05441116,1,January,16,4:00pm-4:59pm,47,47,12,Motor Vehicle In-Transport,1,Front-to-Rear,0,No,2000.0,2000,460.0,Ford,1800.0,Explorer,7.0,Sport Utility Vehicle (SUV)/Multi-Purpose Vehicle (MPV),12.0,Ford,14.0,"Compact Utility (Utility Vehicle Categories ""Small"" and ""Midsize"")",0.0,Not Applicable,11.0,"Class 1: 6,000 lbs. or less (2,722 kg or less)",11.0,"Class 1: 6,000 lbs. or less (2,722 kg or less)",0.0,No Trailers,0.0,No Special Use Noted,0.0,Not Applicable,0.0,No Rollover,12.0,12 Clock Point,0.0,No or Not Reported,12401.0,"Ford Bronco (thru 1977)/Bronco II/Explorer/Explorer Sport (Explorer for 1990-2018 only.  For model years 2019 on, see 12-425.)",50,50 Years,50,50 Years,2,Female,2,Female,1,Driver of a Motor Vehicle In-Transport,,,,,0,No Apparent Injury (O),0,No Apparent Injury (O),11,"Front Seat, Left Side",11,"Front Seat, Left Side",3,Shoulder and Lap Belt Used,0,No Indication of Misuse,20,Not Applicable,7,None Used/Not Applicable,20,Not Deployed,0,Not Ejected,0,Not Ejected,0,No (Alcohol Not Involved),0,No (Alcohol Not Involved),0,Test Not Given,0,Test Not Given,996,Test Not Given,0,No (drugs not involved),0,Not Transported for Treatment,0,0,Occupant of a Motor Vehicle
202304648540,2,1,2,20,20,25,4,"West (MT, ID, WA, OR, CA, NV, NM, AZ, UT, CO, WY, AK, HI)",2,Rural Area,10,Stratum 10 - Other,4140,213.05441116,1,January,16,4:00pm-4:59pm,47,47,12,Motor Vehicle In-Transport,1,Front-to-Rear,0,No,2000.0,2000,460.0,Ford,1800.0,Explorer,7.0,Sport Utility Vehicle (SUV)/Multi-Purpose Vehicle (MPV),12.0,Ford,14.0,"Compact Utility (Utility Vehicle Categories ""Small"" and ""Midsize"")",0.0,Not Applicable,11.0,"Class 1: 6,000 lbs. or less (2,722 kg or less)",11.0,"Class 1: 6,000 lbs. or less (2,722 kg or less)",0.0,No Trailers,0.0,No Special Use Noted,0.0,Not Applicable,0.0,No Rollover,12.0,12 Clock Point,0.0,No or Not Reported,12401.0,"Ford Bronco (thru 1977)/Bronco II/Explorer/Explorer Sport (Explorer for 1990-2018 only.  For model years 2019 on, see 12-425.)",45,45 Years,45,45 Years,1,Male,1,Male,2,Passenger of a Motor Vehicle In-Transport,,,,,0,No Apparent Injury (O),0,No Apparent Injury (O),13,"Front Seat, Right Side",13,"Front Seat, Right Side",3,Shoulder and Lap Belt Used,0,No Indication of Misuse,20,Not Applicable,7,None Used/Not Applicable,20,Not Deployed,0,Not Ejected,0,Not Ejected,8,Not Reported,0,No (Alcohol Not Involved),0,Test Not Given,0,Test Not Given,996,Test Not Given,8,Not Reported,0,Not Transported for Treatment,0,0,Occupant of a Motor Vehicle
202304648540,2,2,1,20,20,25,4,"West (MT, ID, WA, OR, CA, NV, NM, AZ, UT, CO, WY, AK, HI)",2,Rural Area,10,Stratum 10 - Other,4140,213.05441116,1,January,16,4:00pm-4:59pm,47,47,12,Motor Vehicle In-Transport,1,Front-to-Rear,0,No,2007.0,2007,482.0,Volkswagen,4167.0,Eos,1.0,Convertible/Cabriolet,30.0,Volkswagen,1.0,"Convertible(excludes sun-roof,t-bar)",0.0,Not Applicable,11.0,"Class 1: 6,000 lbs. or less (2,722 kg or less)",11.0,"Class 1: 6,000 lbs. or less (2,722 kg or less)",0.0,No Trailers,0.0,No Special Use Noted,0.0,Not Applicable,0.0,No Rollover,6.0,6 Clock Point,0.0,No or Not Reported,30051.0,Volkswagen Eos,17,17 Years,17,17 Years,2,Female,2,Female,1,Driver of a Motor Vehicle In-Transport,,,,,0,No Apparent Injury (O),0,No Apparent Injury (O),11,"Front Seat, Left Side",11,"Front Seat, Left Side",3,Shoulder and Lap Belt Used,0,No Indication of Misuse,20,Not Applicable,7,None Used/Not Applicable,20,Not Deployed,0,Not Ejected,0,Not Ejected,0,No (Alcohol Not Involved),0,No (Alcohol Not Involved),0,Test Not Given,0,Test Not Given,996,Test Not Given,0,No (drugs not involved),0,Not Transported for Treatment,0,0,Occupant of a Motor Vehicle
202304648540,2,2,2,20,20,25,4,"West (MT, ID, WA, OR, CA, NV, NM, AZ, UT, CO, WY, AK, HI)",2,Rural Area,10,Stratum 10 - Other,4140,213.05441116,1,January,16,4:00pm-4:59pm,47,47,12,Motor Vehicle In-Transport,1,Front-to-Rear,0,No,2007.0,2007,482.0,Volkswagen,4167.0,Eos,1.0,Convertible/Cabriolet,30.0,Volkswagen,1.0,"Convertible(excludes sun-roof,t-bar)",0.0,Not Applicable,11.0,"Class 1: 6,000 lbs. or less (2,722 kg or less)",11.0,"Class 1: 6,000 lbs. or less (2,722 kg or less)",0.0,No Trailers,0.0,No Special Use Noted,0.0,Not Applicable,0.0,No Rollover,6.0,6 Clock Point,0.0,No or Not Reported,30051.0,Volkswagen Eos,18,18 Years,18,18 Years,2,Female,2,Female,2,Passenger of a Motor Vehicle In-Transport,,,,,0,No Apparent Injury (O),0,No Apparent Injury (O),13,"Front Seat, Right Side",13,"Front Seat, Right Side",3,Shoulder and Lap Belt Used,0,No Indication of Misuse,20,Not Applicable,7,None Used/Not Applicable,20,Not Deployed,0,Not Ejected,0,Not Ejected,8,Not Reported,0,No (Alcohol Not Involved),0,Test Not Given,0,Test Not Given,996,Test Not Given,8,Not Reported,0,Not Transported for Treatment,0,0,Occupant of a Motor Vehicle
202304648565,1,1,1,35,35,13,3,"South (MD, DE, DC, WV, VA, KY, TN, NC, SC, GA, FL, AL, MS, LA, AR, OK, TX)",1,Urban Area,8,Stratum 8 - NLMY PV Minor Injury,4141,134.51815149,1,January,10,10:00am-10:59am,10,10,35,Embankment,0,The First Harmful Event was Not a Collision with a Motor Vehicle In-Transport,0,No,1994.0,1994,460.0,Ford,1803.0,Ranger,60.0,Pickup,12.0,Ford,34.0,Light Pickup,0.0,Not Applicable,11.0,"Class 1: 6,000 lbs. or less (2,722 kg or less)",11.0,"Class 1: 6,000 lbs. or less (2,722 kg or less)",0.0,No Trailers,0.0,No Special Use Noted,0.0,Not Applicable,0.0,No Rollover,12.0,12 Clock Point,0.0,No or Not Reported,12471.0,Ford Ranger,79,79 Years,79,79 Years,1,Male,1,Male,1,Driver of a Motor Vehicle In-Transport,,,,,2,Suspected Minor Injury (B),2,Suspected Minor Injury (B),11,"Front Seat, Left Side",11,"Front Seat, Left Side",20,None Used/Not Applicable,7,None Used/Not Applicable,20,Not Applicable,7,None Used/Not Applicable,20,Not Deployed,0,Not Ejected,0,Not Ejected,0,No (Alcohol Not Involved),0,No (Alcohol Not Involved),0,Test Not Given,0,Test Not Given,996,Test Not Given,0,No (drugs not involved),5,EMS Ground,0,0,Occupant of a Motor Vehicle
202304648576,2,1,1,35,35,13,3,"South (MD, DE, DC, WV, VA, KY, TN, NC, SC, GA, FL, AL, MS, LA, AR, OK, TX)",1,Urban Area,7,Stratum 7 - M/H Truck or Bus,4141,160.1814718,1,January,15,3:00pm-3:59pm,49,49,59,Traffic Sign Support,0,The First Harmful Event was Not a Collision with a Motor Vehicle In-Transport,0,No,2004.0,2004,460.0,Ford,1799.0,Expedition,7.0,Sport Utility Vehicle (SUV)/Multi-Purpose Vehicle (MPV),12.0,Ford,15.0,"Large utility (ANSI D16.1 Utility Vehicle Categories and ""Full Size"" and ""Large"")",0.0,Not Applicable,12.0,"Class 2: 6,001 - 10,000 lbs. (2,722 - 4,536 kg)",12.0,"Class 2: 6,001 - 10,000 lbs. (2,722 - 4,536 kg)",0.0,No Trailers,0.0,No Special Use Noted,0.0,Not Applicable,0.0,No Rollover,12.0,12 Clock Point,0.0,No or Not Reported,12422.0,Ford Expedition,27,27 Years,27,27 Years,1,Male,1,Male,1,Driver of a Motor Vehicle In-Transport,,,,,2,Suspected Minor Injury (B),2,Suspected Minor Injury (B),11,"Front Seat, Left Side",11,"Front Seat, Left Side",3,Shoulder and Lap Belt Used,0,No Indication of Misuse,20,Not Applicable,7,None Used/Not Applicable,1,Deployed- Front,0,Not Ejected,0,Not Ejected,0,No (Alcohol Not Involved),0,No (Alcohol Not Involved),0,Test Not Given,0,Test Not Given,996,Test Not Given,0,No (drugs not involved),0,Not Transported for Treatment,0,0,Occupant of a Motor Vehicle
202304648576,2,1,2,35,35,13,3,"South (MD, DE, DC, WV, VA, KY, TN, NC, SC, GA, FL, AL, MS, LA, AR, OK, TX)",1,Urban Area,7,Stratum 7 - M/H Truck or Bus,4141,160.1814718,1,January,15,3:00pm-3:59pm,49,49,59,Traffic Sign Support,0,The First Harmful Event was Not a Collision with a Motor Vehicle In-Transport,0,No,2004.0,2004,460.0,Ford,1799.0,Expedition,7.0,Sport Utility Vehicle (SUV)/Multi-Purpose Vehicle (MPV),12.0,Ford,15.0,"Large utility (ANSI D16.1 Utility Vehicle Categories and ""Full Size"" and ""Large"")",0.0,Not Applicable,12.0,"Class 2: 6,001 - 10,000 lbs. (2,722 - 4,536 kg)",12.0,"Class 2: 6,001 - 10,000 lbs. (2,722 - 4,536 kg)",0.0,No Trailers,0.0,No Special Use Noted,0.0,Not Applicable,0.0,No Rollover,12.0,12 Clock Point,0.0,No or Not Reported,12422.0,Ford Expedition,36,36 Years,36,36 Years,2,Female,2,Female,2,Passenger of a Motor Vehicle In-Transport,,,,,2,Suspected Minor Injury (B),2,Suspected Minor Injury (B),13,"Front Seat, Right Side",13,"Front Seat, Right Side",20,None Used/Not Applicable,7,None Used/Not Applicable,20,Not Applicable,7,None Used/Not Applicable,1,Deployed- Front,0,Not Ejected,0,Not Ejected,0,No (Alcohol Not Involved),0,No (Alcohol Not Involved),0,Test Not Given,0,Test Not Given,996,Test Not Given,0,No (drugs not involved),0,Not Transported for Treatment,0,0,Occupant of a Motor Vehicle
202304648576,2,2,1,35,35,13,3,"South (MD, DE, DC, WV, VA, KY, TN, NC, SC, GA, FL, AL, MS, LA, AR, OK, TX)",1,Urban Area,7,Stratum 7 - M/H Truck or Bus,4141,160.1814718,1,January,15,3:00pm-3:59pm,49,49,59,Traffic Sign Support,0,The First Harmful Event was Not a Collision with a Motor Vehicle In-Transport,0,No,2020.0,2020,490.0,Mack,20842.0,Anthem,66.0,Truck-Tractor,86.0,Mack,66.0,"Truck-tractor (Cab only, or with any number of trailing unit; any weight)",0.0,Not Applicable,18.0,"Class 8: 33,001 lbs. and above (14,969 kg and above)",18.0,"Class 8: 33,001 lbs. and above (14,969 kg and above)",1.0,One Trailer,0.0,No Special Use Noted,0.0,Not Applicable,0.0,No Rollover,8.0,8 Clock Point,0.0,No or Not Reported,86881.0,Mack Medium/Heavy - CBE,52,52 Years,52,52 Years,1,Male,1,Male,1,Driver of a Motor Vehicle In-Transport,,,,,0,No Apparent Injury (O),0,No Apparent Injury (O),11,"Front Seat, Left Side",11,"Front Seat, Left Side",3,Shoulder and Lap Belt Used,0,No Indication of Misuse,20,Not Applicable,7,None Used/Not Applicable,20,Not Deployed,0,Not Ejected,0,Not Ejected,0,No (Alcohol Not Involved),0,No (Alcohol Not Involved),0,Test Not Given,0,Test Not Given,996,Test Not Given,0,No (drugs not involved),0,Not Transported for Treatment,0,0,Occupant of a Motor Vehicle
202304648581,1,1,1,35,35,13,3,"South (MD, DE, DC, WV, VA, KY, TN, NC, SC, GA, FL, AL, MS, LA, AR, OK, TX)",1,Urban Area,10,Stratum 10 - Other,4141,222.47241975,1,January,14,2:00pm-2:59pm,18,18,34,Ditch,0,The First Harmful Event was Not a Collision with a Motor Vehicle In-Transport,0,No,2000.0,2000,460.0,Ford,1805.0,F-250,60.0,Pickup,12.0,Ford,34.0,Light Pickup,0.0,Not Applicable,12.0,"Class 2: 6,001 - 10,000 lbs. (2,722 - 4,536 kg)",12.0,"Class 2: 6,001 - 10,000 lbs. (2,722 - 4,536 kg)",0.0,No Trailers,0.0,No Special Use Noted,0.0,Not Applicable,0.0,No Rollover,2.0,2 Clock Point,0.0,No or Not Reported,12481.0,Ford F-Series pickup,16,16 Years,16,16 Years,1,Male,1,Male,1,Driver of a Motor Vehicle In-Transport,,,,,0,No Apparent Injury (O),0,No Apparent Injury (O),11,"Front Seat, Left Side",11,"Front Seat, Left Side",1,Shoulder Belt Only Used,0,No Indication of Misuse,20,Not Applicable,7,None Used/Not Applicable,20,Not Deployed,0,Not Ejected,0,Not Ejected,0,No (Alcohol Not Involved),0,No (Alcohol Not Involved),0,Test Not Given,0,Test Not Given,996,Test Not Given,0,No (drugs not involved),0,Not Transported for Treatment,0,0,Occupant of a Motor Vehicle
202304648584,2,1,1,35,35,13,3,"South (MD, DE, DC, WV, VA, KY, TN, NC, SC, GA, FL, AL, MS, LA, AR, OK, TX)",1,Urban Area,9,Stratum 9 - LMY PV No Injuries in Crash,4141,141.63889146,1,January,17,5:00pm-5:59pm,16,16,12,Motor Vehicle In-Transport,6,Angle,0,No,2015.0,2015,478.0,Nissan,1914.0,Murano,8.0,Crossover Utility Vehicle (CUV),35.0,Nissan/Datsun,6.0,Station Wagon (excluding van and truck based),0.0,Not Applicable,11.0,"Class 1: 6,000 lbs. or less (2,722 kg or less)",11.0,"Class 1: 6,000 lbs. or less (2,722 kg or less)",0.0,No Trailers,0.0,No Special Use Noted,0.0,Not Applicable,0.0,No Rollover,8.0,8 Clock Point,0.0,No or Not Reported,35049.0,"Nissan/Datsun Murano (For 2003-2018 only.  For model years 2019 on, see 35-422.)",64,64 Years,64,64 Years,1,Male,1,Male,1,Driver of a Motor Vehicle In-Transport,,,,,0,No Apparent Injury (O),0,No Apparent Injury (O),11,"Front Seat, Left Side",11,"Front Seat, Left Side",3,Shoulder and Lap Belt Used,0,No Indication of Misuse,20,Not Applicable,7,None Used/Not Applicable,20,Not Deployed,0,Not Ejected,0,Not Ejected,0,No (Alcohol Not Involved),0,No (Alcohol Not Involved),0,Test Not Given,0,Test Not Given,996,Test Not Given,0,No (drugs not involved),0,Not Transported for Treatment,0,0,Occupant of a Motor Vehicle
202304648584,2,2,1,35,35,13,3,"South (MD, DE, DC, WV, VA, KY, TN, NC, SC, GA, FL, AL, MS, LA, AR, OK, TX)",1,Urban Area,9,Stratum 9 - LMY PV No Injuries in Crash,4141,141.63889146,1,January,17,5:00pm-5:59pm,16,16,12,Motor Vehicle In-Transport,6,Angle,0,No,2021.0,2021,448.0,Toyota,2217.0,RAV4,7.0,Sport Utility Vehicle (SUV)/Multi-Purpose Vehicle (MPV),49.0,Toyota,14.0,"Compact Utility (Utility Vehicle Categories ""Small"" and ""Midsize"")",0.0,Not Applicable,11.0,"Class 1: 6,000 lbs. or less (2,722 kg or less)",11.0,"Class 1: 6,000 lbs. or less (2,722 kg or less)",0.0,No Trailers,0.0,No Special Use Noted,0.0,Not Applicable,0.0,No Rollover,1.0,1 Clock Point,0.0,No or Not Reported,49402.0,Toyota RAV4 *,25,25 Years,25,25 Years,2,Female,2,Female,1,Driver of a Motor Vehicle In-Transport,,,,,0,No Apparent Injury (O),0,No Apparent Injury (O),11,"Front Seat, Left Side",11,"Front Seat, Left Side",3,Shoulder and Lap Belt Used,0,No Indication of Misuse,20,Not Applicable,7,None Used/Not Applicable,20,Not Deployed,0,Not Ejected,0,Not Ejected,0,No (Alcohol Not Involved),0,No (Alcohol Not Involved),0,Test Not Given,0,Test Not Given,996,Test Not Given,0,No (drugs not involved),0,Not Transported for Treatment,0,0,Occupant of a Motor Vehicle
202304648592,2,1,1,32,32,17,3,"South (MD, DE, DC, WV, VA, KY, TN, NC, SC, GA, FL, AL, MS, LA, AR, OK, TX)",2,Rural Area,10,Stratum 10 - Other,4145,220.3414238,1,January,15,3:00pm-3:59pm,45,45,12,Motor Vehicle In-Transport,8,Sideswipe - Opposite Direction,0,No,9999.0,Unknown,99999.0,Unknown,99999.0,Unknown,999.0,Unknown,99.0,Unknown Make,99.0,Unknown body type,0.0,Not Applicable,98.0,Not Reported,98.0,Not Reported,0.0,No Trailers,0.0,No Special Use Noted,0.0,Not Applicable,0.0,No Rollover,11.0,11 Clock Point,0.0,No or Not Reported,99999.0,"Unknown Make Unknown (as to automobile, motored cycle, light truck or truck)",998,Not Reported,18,18 Years,9,Reported as Unknown,2,Female,1,Driver of a Motor Vehicle In-Transport,,,,,0,No Apparent Injury (O),0,No Apparent Injury (O),11,"Front Seat, Left Side",11,"Front Seat, Left Side",99,Reported as Unknown,7,None Used/Not Applicable,20,Not Applicable,7,None Used/Not Applicable,99,Reported as Deployment Unknown,0,Not Ejected,0,Not Ejected,9,Reported as Unknown,0,No (Alcohol Not Involved),0,Test Not Given,0,Test Not Given,996,Test Not Given,9,Reported as Unknown,0,Not Transported for Treatment,0,0,Occupant of a Motor Vehicle
202304648592,2,2,1,32,32,17,3,"South (MD, DE, DC, WV, VA, KY, TN, NC, SC, GA, FL, AL, MS, LA, AR, OK, TX)",2,Rural Area,10,Stratum 10 - Other,4145,220.3414238,1,January,15,3:00pm-3:59pm,45,45,12,Motor Vehicle In-Transport,8,Sideswipe - Opposite Direction,0,No,2017.0,2017,474.0,Honda,1861.0,Accord,13.0,Sedan/Saloon,37.0,Honda,4.0,"4-door sedan, hardtop",0.0,Not Applicable,11.0,"Class 1: 6,000 lbs. or less (2,722 kg or less)",11.0,"Class 1: 6,000 lbs. or less (2,722 kg or less)",0.0,No Trailers,0.0,No Special Use Noted,0.0,Not Applicable,0.0,No Rollover,11.0,11 Clock Point,0.0,No or Not Reported,37032.0,"Honda Accord (Note: For Crosstour model years 2010 and 2011 only. For Crosstour model years 2012-2015, see vehicle model 37-405)",36,36 Years,36,36 Years,1,Male,1,Male,1,Driver of a Motor Vehicle In-Transport,,,,,0,No Apparent Injury (O),0,No Apparent Injury (O),11,"Front Seat, Left Side",11,"Front Seat, Left Side",3,Shoulder and Lap Belt Used,0,No Indication of Misuse,20,Not Applicable,7,None Used/Not Applicable,20,Not Deployed,0,Not Ejected,0,Not Ejected,0,No (Alcohol Not Involved),0,No (Alcohol Not Involved),0,Test Not Given,0,Test Not Given,996,Test Not Given,0,No (drugs not involved),0,Not Transported for Treatment,0,0,Occupant of a Motor Vehicle
202304648592,2,2,2,32,32,17,3,"South (MD, DE, DC, WV, VA, KY, TN, NC, SC, GA, FL, AL, MS, LA, AR, OK, TX)",2,Rural Area,10,Stratum 10 - Other,4145,220.3414238,1,January,15,3:00pm-3:59pm,45,45,12,Motor Vehicle In-Transport,8,Sideswipe - Opposite Direction,0,No,2017.0,2017,474.0,Honda,1861.0,Accord,13.0,Sedan/Saloon,37.0,Honda,4.0,"4-door sedan, hardtop",0.0,Not Applicable,11.0,"Class 1: 6,000 lbs. or less (2,722 kg or less)",11.0,"Class 1: 6,000 lbs. or less (2,722 kg or less)",0.0,No Trailers,0.0,No Special Use Noted,0.0,Not Applicable,0.0,No Rollover,11.0,11 Clock Point,0.0,No or Not Reported,37032.0,"Honda Accord (Note: For Crosstour model years 2010 and 2011 only. For Crosstour model years 2012-2015, see vehicle model 37-405)",40,40 Years,40,40 Years,2,Female,2,Female,2,Passenger of a Motor Vehicle In-Transport,,,,,0,No Apparent Injury (O),0,No Apparent Injury (O),13,"Front Seat, Right Side",13,"Front Seat, Right Side",3,Shoulder and Lap Belt Used,0,No Indication of Misuse,20,Not Applicable,7,None Used/Not Applicable,20,Not Deployed,0,Not Ejected,0,Not Ejected,0,No (Alcohol Not Involved),0,No (Alcohol Not Involved),0,Test Not Given,0,Test Not Given,996,Test Not Given,0,No (drugs not involved),0,Not Transported for Treatment,0,0,Occupant of a Motor Vehicle
202304648620,2,1,1,83,83,13,3,"South (MD, DE, DC, WV, VA, KY, TN, NC, SC, GA, FL, AL, MS, LA, AR, OK, TX)",1,Urban Area,9,Stratum 9 - LMY PV No Injuries in Crash,4148,141.94136347,1,January,15,3:00pm-3:59pm,30,30,12,Motor Vehicle In-Transport,1,Front-to-Rear,0,No,2017.0,2017,496.0,Ram,13620.0,1500,60.0,Pickup,7.0,Dodge,34.0,Light Pickup,0.0,Not Applicable,12.0,"Class 2: 6,001 - 10,000 lbs. (2,722 - 4,536 kg)",12.0,"Class 2: 6,001 - 10,000 lbs. (2,722 - 4,536 kg)",0.0,No Trailers,0.0,No Special Use Noted,0.0,Not Applicable,0.0,No Rollover,12.0,12 Clock Point,0.0,No or Not Reported,7482.0,Dodge Ram Pickup,34,34 Years,34,34 Years,1,Male,1,Male,1,Driver of a Motor Vehicle In-Transport,,,,,0,No Apparent Injury (O),0,No Apparent Injury (O),11,"Front Seat, Left Side",11,"Front Seat, Left Side",3,Shoulder and Lap Belt Used,0,No Indication of Misuse,20,Not Applicable,7,None Used/Not Applicable,20,Not Deployed,0,Not Ejected,0,Not Ejected,0,No (Alcohol Not Involved),0,No (Alcohol Not Involved),0,Test Not Given,0,Test Not Given,996,Test Not Given,0,No (drugs not involved),0,Not Transported for Treatment,0,0,Occupant of a Motor Vehicle
202304648620,2,1,2,83,83,13,3,"South (MD, DE, DC, WV, VA, KY, TN, NC, SC, GA, FL, AL, MS, LA, AR, OK, TX)",1,Urban Area,9,Stratum 9 - LMY PV No Injuries in Crash,4148,141.94136347,1,January,15,3:00pm-3:59pm,30,30,12,Motor Vehicle In-Transport,1,Front-to-Rear,0,No,2017.0,2017,496.0,Ram,13620.0,1500,60.0,Pickup,7.0,Dodge,34.0,Light Pickup,0.0,Not Applicable,12.0,"Class 2: 6,001 - 10,000 lbs. (2,722 - 4,536 kg)",12.0,"Class 2: 6,001 - 10,000 lbs. (2,722 - 4,536 kg)",0.0,No Trailers,0.0,No Special Use Noted,0.0,Not Applicable,0.0,No Rollover,12.0,12 Clock Point,0.0,No or Not Reported,7482.0,Dodge Ram Pickup,9,9 Years,9,9 Years,2,Female,2,Female,2,Passenger of a Motor Vehicle In-Transport,,,,,0,No Apparent Injury (O),0,No Apparent Injury (O),21,"Second Seat, Left Side",21,"Second Seat, Left Side",3,Shoulder and Lap Belt Used,0,No Indication of Misuse,20,Not Applicable,7,None Used/Not Applicable,20,Not Deployed,0,Not Ejected,0,Not Ejected,0,No (Alcohol Not Involved),0,No (Alcohol Not Involved),0,Test Not Given,0,Test Not Given,996,Test Not Given,0,No (drugs not involved),0,Not Transported for Treatment,0,0,Occupant of a Motor Vehicle
202304648620,2,2,1,83,83,13,3,"South (MD, DE, DC, WV, VA, KY, TN, NC, SC, GA, FL, AL, MS, LA, AR, OK, TX)",1,Urban Area,9,Stratum 9 - LMY PV No Injuries in Crash,4148,141.94136347,1,January,15,3:00pm-3:59pm,30,30,12,Motor Vehicle In-Transport,1,Front-to-Rear,0,No,2021.0,2021,478.0,Nissan,1894.0,Versa,13.0,Sedan/Saloon,35.0,Nissan/Datsun,4.0,"4-door sedan, hardtop",0.0,Not Applicable,11.0,"Class 1: 6,000 lbs. or less (2,722 kg or less)",11.0,"Class 1: 6,000 lbs. or less (2,722 kg or less)",0.0,No Trailers,0.0,No Special Use Noted,0.0,Not Applicable,0.0,No Rollover,6.0,6 Clock Point,0.0,No or Not Reported,35050.0,Nissan/Datsun Versa,22,22 Years,22,22 Years,2,Female,2,Female,1,Driver of a Motor Vehicle In-Transport,,,,,0,No Apparent Injury (O),0,No Apparent Injury (O),11,"Front Seat, Left Side",11,"Front Seat, Left Side",8,Restraint Used - Type Unknown,1,"Yes, Indication of Misuse",20,Not Applicable,7,None Used/Not Applicable,20,Not Deployed,0,Not Ejected,0,Not Ejected,0,No (Alcohol Not Involved),0,No (Alcohol Not Involved),0,Test Not Given,0,Test Not Given,996,Test Not Given,0,No (drugs not involved),0,Not Transported for Treatment,0,0,Occupant of a Motor Vehicle
202304648620,2,2,2,83,83,13,3,"South (MD, DE, DC, WV, VA, KY, TN, NC, SC, GA, FL, AL, MS, LA, AR, OK, TX)",1,Urban Area,9,Stratum 9 - LMY PV No Injuries in Crash,4148,141.94136347,1,January,15,3:00pm-3:59pm,30,30,12,Motor Vehicle In-Transport,1,Front-to-Rear,0,No,2021.0,2021,478.0,Nissan,1894.0,Versa,13.0,Sedan/Saloon,35.0,Nissan/Datsun,4.0,"4-door sedan, hardtop",0.0,Not Applicable,11.0,"Class 1: 6,000 lbs. or less (2,722 kg or less)",11.0,"Class 1: 6,000 lbs. or less (2,722 kg or less)",0.0,No Trailers,0.0,No Special Use Noted,0.0,Not Applicable,0.0,No Rollover,6.0,6 Clock Point,0.0,No or Not Reported,35050.0,Nissan/Datsun Versa,20,20 Years,20,20 Years,2,Female,2,Female,2,Passenger of a Motor Vehicle In-Transport,,,,,0,No Apparent Injury (O),0,No Apparent Injury (O),13,"Front Seat, Right Side",13,"Front Seat, Right Side",3,Shoulder and Lap Belt Used,0,No Indication of Misuse,20,Not Applicable,7,None Used/Not Applicable,20,Not Deployed,0,Not Ejected,0,Not Ejected,0,No (Alcohol Not Involved),0,No (Alcohol Not Involved),0,Test Not Given,0,Test Not Given,996,Test Not Given,0,No (drugs not involved),0,Not Transported for Treatment,0,0,Occupant of a Motor Vehicle
202304648638,2,1,1,83,83,13,3,"South (MD, DE, DC, WV, VA, KY, TN, NC, SC, GA, FL, AL, MS, LA, AR, OK, TX)",1,Urban Area,8,Stratum 8 - NLMY PV Minor Injury,4148,134.77451173,1,January,10,10:00am-10:59am,47,47,12,Motor Vehicle In-Transport,6,Angle,0,No,2007.0,2007,498.0,Hyundai,2459.0,Sonata,13.0,Sedan/Saloon,55.0,Hyundai,4.0,"4-door sedan, hardtop",0.0,Not Applicable,11.0,"Class 1: 6,000 lbs. or less (2,722 kg or less)",11.0,"Class 1: 6,000 lbs. or less (2,722 kg or less)",0.0,No Trailers,0.0,No Special Use Noted,0.0,Not Applicable,0.0,No Rollover,4.0,4 Clock Point,0.0,No or Not Reported,55033.0,Hyundai Sonata,33,33 Years,33,33 Years,2,Female,2,Female,1,Driver of a Motor Vehicle In-Transport,,,,,1,Possible Injury (C),1,Possible Injury (C),11,"Front Seat, Left Side",11,"Front Seat, Left Side",3,Shoulder and Lap Belt Used,0,No Indication of Misuse,20,Not Applicable,7,None Used/Not Applicable,1,Deployed- Front,0,Not Ejected,0,Not Ejected,0,No (Alcohol Not Involved),0,No (Alcohol Not Involved),0,Test Not Given,0,Test Not Given,996,Test Not Given,0,No (drugs not involved),5,EMS Ground,0,0,Occupant of a Motor Vehicle
202304648638,2,2,1,83,83,13,3,"South (MD, DE, DC, WV, VA, KY, TN, NC, SC, GA, FL, AL, MS, LA, AR, OK, TX)",1,Urban Area,8,Stratum 8 - NLMY PV Minor Injury,4148,134.77451173,1,January,10,10:00am-10:59am,47,47,12,Motor Vehicle In-Transport,6,Angle,0,No,2015.0,2015,468.0,Buick,1823.0,Verano,13.0,Sedan/Saloon,18.0,Buick / Opel,4.0,"4-door sedan, hardtop",0.0,Not Applicable,11.0,"Class 1: 6,000 lbs. or less (2,722 kg or less)",11.0,"Class 1: 6,000 lbs. or less (2,722 kg or less)",0.0,No Trailers,0.0,No Special Use Noted,0.0,Not Applicable,0.0,No Rollover,12.0,12 Clock Point,0.0,No or Not Reported,18025.0,Buick / Opel Verano,20,20 Years,20,20 Years,2,Female,2,Female,1,Driver of a Motor Vehicle In-Transport,,,,,1,Possible Injury (C),1,Possible Injury (C),11,"Front Seat, Left Side",11,"Front Seat, Left Side",3,Shoulder and Lap Belt Used,0,No Indication of Misuse,20,Not Applicable,7,None Used/Not Applicable,1,Deployed- Front,0,Not Ejected,0,Not Ejected,0,No (Alcohol Not Involved),0,No (Alcohol Not Involved),0,Test Not Given,0,Test Not Given,996,Test Not Given,0,No (drugs not involved),5,EMS Ground,0,0,Occupant of a Motor Vehicle
202304648668,2,1,1,83,83,13,3,"South (MD, DE, DC, WV, VA, KY, TN, NC, SC, GA, FL, AL, MS, LA, AR, OK, TX)",1,Urban Area,10,Stratum 10 - Other,4148,223.23894247,1,January,16,4:00pm-4:59pm,10,10,12,Motor Vehicle In-Transport,6,Angle,0,No,2003.0,2003,467.0,Chevrolet,1852.0,Tahoe,7.0,Sport Utility Vehicle (SUV)/Multi-Purpose Vehicle (MPV),20.0,Chevrolet,15.0,"Large utility (ANSI D16.1 Utility Vehicle Categories and ""Full Size"" and ""Large"")",0.0,Not Applicable,12.0,"Class 2: 6,001 - 10,000 lbs. (2,722 - 4,536 kg)",12.0,"Class 2: 6,001 - 10,000 lbs. (2,722 - 4,536 kg)",0.0,No Trailers,0.0,No Special Use Noted,0.0,Not Applicable,0.0,No Rollover,12.0,12 Clock Point,0.0,No or Not Reported,20421.0,Chevrolet Fullsize Blazer/Tahoe,32,32 Years,32,32 Years,1,Male,1,Male,1,Driver of a Motor Vehicle In-Transport,,,,,0,No Apparent Injury (O),0,No Apparent Injury (O),11,"Front Seat, Left Side",11,"Front Seat, Left Side",99,Reported as Unknown,7,None Used/Not Applicable,20,Not Applicable,7,None Used/Not Applicable,20,Not Deployed,0,Not Ejected,0,Not Ejected,9,Reported as Unknown,0,No (Alcohol Not Involved),0,Test Not Given,0,Test Not Given,996,Test Not Given,9,Reported as Unknown,0,Not Transported for Treatment,0,0,Occupant of a Motor Vehicle
202304648668,2,2,1,83,83,13,3,"South (MD, DE, DC, WV, VA, KY, TN, NC, SC, GA, FL, AL, MS, LA, AR, OK, TX)",1,Urban Area,10,Stratum 10 - Other,4148,223.23894247,1,January,16,4:00pm-4:59pm,10,10,12,Motor Vehicle In-Transport,6,Angle,0,No,2012.0,2012,467.0,Chevrolet,1853.0,Traverse,7.0,Sport Utility Vehicle (SUV)/Multi-Purpose Vehicle (MPV),20.0,Chevrolet,6.0,Station Wagon (excluding van and truck based),0.0,Not Applicable,12.0,"Class 2: 6,001 - 10,000 lbs. (2,722 - 4,536 kg)",12.0,"Class 2: 6,001 - 10,000 lbs. (2,722 - 4,536 kg)",0.0,No Trailers,0.0,No Special Use Noted,0.0,Not Applicable,0.0,No Rollover,1.0,1 Clock Point,0.0,No or Not Reported,20024.0,Chevrolet Traverse (2009-2012 only.  For 2013 on see model 423.),44,44 Years,44,44 Years,2,Female,2,Female,1,Driver of a Motor Vehicle In-Transport,,,,,0,No Apparent Injury (O),0,No Apparent Injury (O),11,"Front Seat, Left Side",11,"Front Seat, Left Side",99,Reported as Unknown,7,None Used/Not Applicable,20,Not Applicable,7,None Used/Not Applicable,20,Not Deployed,0,Not Ejected,0,Not Ejected,0,No (Alcohol Not Involved),0,No (Alcohol Not Involved),0,Test Not Given,0,Test Not Given,996,Test Not Given,0,No (drugs not involved),0,Not Transported for Treatment,0,0,Occupant of a Motor Vehicle
202304648707,2,1,1,83,83,13,3,"South (MD, DE, DC, WV, VA, KY, TN, NC, SC, GA, FL, AL, MS, LA, AR, OK, TX)",1,Urban Area,7,Stratum 7 - M/H Truck or Bus,4148,159.29212129,1,January,18,6:00pm-6:59pm,45,45,12,Motor Vehicle In-Transport,8,Sideswipe - Opposite Direction,0,No,2018.0,2018,478.0,Nissan,1914.0,Murano,8.0,Crossover Utility Vehicle (CUV),35.0,Nissan/Datsun,6.0,Station Wagon (excluding van and truck based),0.0,Not Applicable,11.0,"Class 1: 6,000 lbs. or less (2,722 kg or less)",11.0,"Class 1: 6,000 lbs. or less (2,722 kg or less)",0.0,No Trailers,0.0,No Special Use Noted,0.0,Not Applicable,0.0,No Rollover,4.0,4 Clock Point,0.0,No or Not Reported,35049.0,"Nissan/Datsun Murano (For 2003-2018 only.  For model years 2019 on, see 35-422.)",73,73 Years,73,73 Years,2,Female,2,Female,1,Driver of a Motor Vehicle In-Transport,,,,,0,No Apparent Injury (O),0,No Apparent Injury (O),11,"Front Seat, Left Side",11,"Front Seat, Left Side",3,Shoulder and Lap Belt Used,0,No Indication of Misuse,20,Not Applicable,7,None Used/Not Applicable,20,Not Deployed,0,Not Ejected,0,Not Ejected,0,No (Alcohol Not Involved),0,No (Alcohol Not Involved),0,Test Not Given,0,Test Not Given,996,Test Not Given,0,No (drugs not involved),0,Not Transported for Treatment,0,0,Occupant of a Motor Vehicle
202304648735,1,1,1,22,22,5,1,"Northeast (PA, NJ, NY, NH, VT, RI, MA, ME, CT)",2,Rural Area,8,Stratum 8 - NLMY PV Minor Injury,4149,135.82165607,1,January,11,11:00am-11:59am,16,16,1,Rollover/Overturn,0,The First Harmful Event was Not a Collision with a Motor Vehicle In-Transport,0,No,2013.0,2013,478.0,Nissan,1913.0,Rogue,8.0,Crossover Utility Vehicle (CUV),35.0,Nissan/Datsun,6.0,Station Wagon (excluding van and truck based),0.0,Not Applicable,11.0,"Class 1: 6,000 lbs. or less (2,722 kg or less)",11.0,"Class 1: 6,000 lbs. or less (2,722 kg or less)",0.0,No Trailers,0.0,No Special Use Noted,0.0,Not Applicable,3.0,Rollover,0.0,Non-Collision,0.0,No or Not Reported,35051.0,"Nissan/Datsun Rogue (For 2008-2018 only.  For model years 2019 on, see 35-404.)",28,28 Years,28,28 Years,1,Male,1,Male,1,Driver of a Motor Vehicle In-Transport,,,,,1,Possible Injury (C),1,Possible Injury (C),11,"Front Seat, Left Side",11,"Front Seat, Left Side",20,None Used/Not Applicable,7,None Used/Not Applicable,20,Not Applicable,7,None Used/Not Applicable,8,Deployed- Combination,0,Not Ejected,0,Not Ejected,0,No (Alcohol Not Involved),0,No (Alcohol Not Involved),2,Test Given,11,"Breath Test, Unknown Type",0,0.000 % BAC,1,Yes (drugs involved),5,EMS Ground,0,0,Occupant of a Motor Vehicle
202304648741,2,1,1,25,25,8,2,"Midwest (OH, IN, IL, MI, WI, MN, ND, SD, NE, IA, MO, KS)",1,Urban Area,10,Stratum 10 - Other,4150,218.84769319,1,January,18,6:00pm-6:59pm,12,12,12,Motor Vehicle In-Transport,7,Sideswipe - Same Direction,0,No,2010.0,2010,478.0,Nissan,1904.0,Altima,13.0,Sedan/Saloon,35.0,Nissan/Datsun,4.0,"4-door sedan, hardtop",0.0,Not Applicable,11.0,"Class 1: 6,000 lbs. or less (2,722 kg or less)",11.0,"Class 1: 6,000 lbs. or less (2,722 kg or less)",0.0,No Trailers,0.0,No Special Use Noted,0.0,Not Applicable,0.0,No Rollover,10.0,10 Clock Point,0.0,No or Not Reported,35047.0,Nissan/Datsun Altima,57,57 Years,57,57 Years,1,Male,1,Male,1,Driver of a Motor Vehicle In-Transport,,,,,0,No Apparent Injury (O),0,No Apparent Injury (O),11,"Front Seat, Left Side",11,"Front Seat, Left Side",98,Not Reported,7,None Used/Not Applicable,20,Not Applicable,7,None Used/Not Applicable,20,Not Deployed,0,Not Ejected,0,Not Ejected,8,Not Reported,0,No (Alcohol Not Involved),0,Test Not Given,0,Test Not Given,996,Test Not Given,8,Not Reported,0,Not Transported for Treatment,0,0,Occupant of a Motor Vehicle
202304648741,2,2,1,25,25,8,2,"Midwest (OH, IN, IL, MI, WI, MN, ND, SD, NE, IA, MO, KS)",1,Urban Area,10,Stratum 10 - Other,4150,218.84769319,1,January,18,6:00pm-6:59pm,12,12,12,Motor Vehicle In-Transport,7,Sideswipe - Same Direction,0,No,2012.0,2012,448.0,Toyota,2213.0,Highlander,7.0,Sport Utility Vehicle (SUV)/Multi-Purpose Vehicle (MPV),49.0,Toyota,14.0,"Compact Utility (Utility Vehicle Categories ""Small"" and ""Midsize"")",0.0,Not Applicable,11.0,"Class 1: 6,000 lbs. or less (2,722 kg or less)",11.0,"Class 1: 6,000 lbs. or less (2,722 kg or less)",0.0,No Trailers,0.0,No Special Use Noted,0.0,Not Applicable,0.0,No Rollover,2.0,2 Clock Point,0.0,No or Not Reported,49403.0,Toyota Highlander,75,75 Years,75,75 Years,1,Male,1,Male,1,Driver of a Motor Vehicle In-Transport,,,,,0,No Apparent Injury (O),0,No Apparent Injury (O),11,"Front Seat, Left Side",11,"Front Seat, Left Side",98,Not Reported,7,None Used/Not Applicable,20,Not Applicable,7,None Used/Not Applicable,20,Not Deployed,0,Not Ejected,0,Not Ejected,8,Not Reported,0,No (Alcohol Not Involved),0,Test Not Given,0,Test Not Given,996,Test Not Given,8,Not Reported,0,Not Transported for Treatment,0,0,Occupant of a Motor Vehicle
202304648751,2,1,1,67,67,8,2,"Midwest (OH, IN, IL, MI, WI, MN, ND, SD, NE, IA, MO, KS)",1,Urban Area,10,Stratum 10 - Other,4152,216.86508996,1,January,11,11:00am-11:59am,25,25,12,Motor Vehicle In-Transport,6,Angle,0,No,2015.0,2015,482.0,Volkswagen,8151.0,Tiguan,7.0,Sport Utility Vehicle (SUV)/Multi-Purpose Vehicle (MPV),30.0,Volkswagen,14.0,"Compact Utility (Utility Vehicle Categories ""Small"" and ""Midsize"")",0.0,Not Applicable,11.0,"Class 1: 6,000 lbs. or less (2,722 kg or less)",11.0,"Class 1: 6,000 lbs. or less (2,722 kg or less)",0.0,No Trailers,0.0,No Special Use Noted,0.0,Not Applicable,0.0,No Rollover,4.0,4 Clock Point,0.0,No or Not Reported,30402.0,Volkswagen Tiguan,19,19 Years,19,19 Years,2,Female,2,Female,1,Driver of a Motor Vehicle In-Transport,,,,,0,No Apparent Injury (O),0,No Apparent Injury (O),11,"Front Seat, Left Side",11,"Front Seat, Left Side",3,Shoulder and Lap Belt Used,0,No Indication of Misuse,20,Not Applicable,7,None Used/Not Applicable,9,Deployment- Unknown Location,0,Not Ejected,0,Not Ejected,8,Not Reported,0,No (Alcohol Not Involved),0,Test Not Given,0,Test Not Given,996,Test Not Given,8,Not Reported,0,Not Transported for Treatment,0,0,Occupant of a Motor Vehicle
202304648751,2,2,1,67,67,8,2,"Midwest (OH, IN, IL, MI, WI, MN, ND, SD, NE, IA, MO, KS)",1,Urban Area,10,Stratum 10 - Other,4152,216.86508996,1,January,11,11:00am-11:59am,25,25,12,Motor Vehicle In-Transport,6,Angle,0,No,2011.0,2011,477.0,Chrysler,1936.0,Town and Country,2.0,Minivan,6.0,Chrysler,20.0,"Minivan (Chrysler Town and Country, Caravan, Grand Caravan, Voyager, Voyager, Honda-Odyssey, ...)",0.0,Not Applicable,12.0,"Class 2: 6,001 - 10,000 lbs. (2,722 - 4,536 kg)",12.0,"Class 2: 6,001 - 10,000 lbs. (2,722 - 4,536 kg)",0.0,No Trailers,0.0,No Special Use Noted,0.0,Not Applicable,0.0,No Rollover,12.0,12 Clock Point,0.0,No or Not Reported,6441.0,Chrysler Town and Country,34,34 Years,34,34 Years,1,Male,1,Male,1,Driver of a Motor Vehicle In-Transport,,,,,0,No Apparent Injury (O),0,No Apparent Injury (O),11,"Front Seat, Left Side",11,"Front Seat, Left Side",3,Shoulder and Lap Belt Used,0,No Indication of Misuse,20,Not Applicable,7,None Used/Not Applicable,20,Not Deployed,0,Not Ejected,0,Not Ejected,8,Not Reported,0,No (Alcohol Not Involved),0,Test Not Given,0,Test Not Given,996,Test Not Given,8,Not Reported,0,Not Transported for Treatment,0,0,Occupant of a Motor Vehicle
202304648763,1,1,1,47,47,9,2,"Midwest (OH, IN, IL, MI, WI, MN, ND, SD, NE, IA, MO, KS)",2,Rural Area,10,Stratum 10 - Other,4153,218.1275432,1,January,6,6:00am-6:59am,54,54,11,Live Animal,0,The First Harmful Event was Not a Collision with a Motor Vehicle In-Transport,0,No,2007.0,2007,474.0,Honda,1865.0,CR-V,7.0,Sport Utility Vehicle (SUV)/Multi-Purpose Vehicle (MPV),37.0,Honda,14.0,"Compact Utility (Utility Vehicle Categories ""Small"" and ""Midsize"")",0.0,Not Applicable,11.0,"Class 1: 6,000 lbs. or less (2,722 kg or less)",11.0,"Class 1: 6,000 lbs. or less (2,722 kg or less)",0.0,No Trailers,0.0,No Special Use Noted,0.0,Not Applicable,0.0,No Rollover,12.0,12 Clock Point,0.0,No or Not Reported,37402.0,Honda CR-V,39,39 Years,39,39 Years,1,Male,1,Male,1,Driver of a Motor Vehicle In-Transport,,,,,0,No Apparent Injury (O),0,No Apparent Injury (O),11,"Front Seat, Left Side",11,"Front Seat, Left Side",3,Shoulder and Lap Belt Used,0,No Indication of Misuse,20,Not Applicable,7,None Used/Not Applicable,20,Not Deployed,0,Not Ejected,0,Not Ejected,8,Not Reported,0,No (Alcohol Not Involved),0,Test Not Given,0,Test Not Given,996,Test Not Given,8,Not Reported,0,Not Transported for Treatment,0,0,Occupant of a Motor Vehicle
202304648763,1,1,2,47,47,9,2,"Midwest (OH, IN, IL, MI, WI, MN, ND, SD, NE, IA, MO, KS)",2,Rural Area,10,Stratum 10 - Other,4153,218.1275432,1,January,6,6:00am-6:59am,54,54,11,Live Animal,0,The First Harmful Event was Not a Collision with a Motor Vehicle In-Transport,0,No,2007.0,2007,474.0,Honda,1865.0,CR-V,7.0,Sport Utility Vehicle (SUV)/Multi-Purpose Vehicle (MPV),37.0,Honda,14.0,"Compact Utility (Utility Vehicle Categories ""Small"" and ""Midsize"")",0.0,Not Applicable,11.0,"Class 1: 6,000 lbs. or less (2,722 kg or less)",11.0,"Class 1: 6,000 lbs. or less (2,722 kg or less)",0.0,No Trailers,0.0,No Special Use Noted,0.0,Not Applicable,0.0,No Rollover,12.0,12 Clock Point,0.0,No or Not Reported,37402.0,Honda CR-V,38,38 Years,38,38 Years,2,Female,2,Female,2,Passenger of a Motor Vehicle In-Transport,,,,,0,No Apparent Injury (O),0,No Apparent Injury (O),13,"Front Seat, Right Side",13,"Front Seat, Right Side",3,Shoulder and Lap Belt Used,0,No Indication of Misuse,20,Not Applicable,7,None Used/Not Applicable,20,Not Deployed,0,Not Ejected,0,Not Ejected,8,Not Reported,0,No (Alcohol Not Involved),0,Test Not Given,0,Test Not Given,996,Test Not Given,8,Not Reported,0,Not Transported for Treatment,0,0,Occupant of a Motor Vehicle
202304648763,1,1,3,47,47,9,2,"Midwest (OH, IN, IL, MI, WI, MN, ND, SD, NE, IA, MO, KS)",2,Rural Area,10,Stratum 10 - Other,4153,218.1275432,1,January,6,6:00am-6:59am,54,54,11,Live Animal,0,The First Harmful Event was Not a Collision with a Motor Vehicle In-Transport,0,No,2007.0,2007,474.0,Honda,1865.0,CR-V,7.0,Sport Utility Vehicle (SUV)/Multi-Purpose Vehicle (MPV),37.0,Honda,14.0,"Compact Utility (Utility Vehicle Categories ""Small"" and ""Midsize"")",0.0,Not Applicable,11.0,"Class 1: 6,000 lbs. or less (2,722 kg or less)",11.0,"Class 1: 6,000 lbs. or less (2,722 kg or less)",0.0,No Trailers,0.0,No Special Use Noted,0.0,Not Applicable,0.0,No Rollover,12.0,12 Clock Point,0.0,No or Not Reported,37402.0,Honda CR-V,11,11 Years,11,11 Years,2,Female,2,Female,2,Passenger of a Motor Vehicle In-Transport,,,,,0,No Apparent Injury (O),0,No Apparent Injury (O),23,"Second Seat, Right Side",23,"Second Seat, Right Side",3,Shoulder and Lap Belt Used,0,No Indication of Misuse,20,Not Applicable,7,None Used/Not Applicable,20,Not Deployed,0,Not Ejected,0,Not Ejected,8,Not Reported,0,No (Alcohol Not Involved),0,Test Not Given,0,Test Not Given,996,Test Not Given,8,Not Reported,0,Not Transported for Treatment,0,0,Occupant of a Motor Vehicle
202304648765,2,1,1,47,47,9,2,"Midwest (OH, IN, IL, MI, WI, MN, ND, SD, NE, IA, MO, KS)",2,Rural Area,8,Stratum 8 - NLMY PV Minor Injury,4153,132.26082933,1,January,15,3:00pm-3:59pm,42,42,12,Motor Vehicle In-Transport,2,Front-to-Front,0,No,2008.0,2008,460.0,Ford,1800.0,Explorer,7.0,Sport Utility Vehicle (SUV)/Multi-Purpose Vehicle (MPV),12.0,Ford,14.0,"Compact Utility (Utility Vehicle Categories ""Small"" and ""Midsize"")",0.0,Not Applicable,12.0,"Class 2: 6,001 - 10,000 lbs. (2,722 - 4,536 kg)",12.0,"Class 2: 6,001 - 10,000 lbs. (2,722 - 4,536 kg)",0.0,No Trailers,0.0,No Special Use Noted,0.0,Not Applicable,0.0,No Rollover,12.0,12 Clock Point,0.0,No or Not Reported,12401.0,"Ford Bronco (thru 1977)/Bronco II/Explorer/Explorer Sport (Explorer for 1990-2018 only.  For model years 2019 on, see 12-425.)",43,43 Years,43,43 Years,1,Male,1,Male,1,Driver of a Motor Vehicle In-Transport,,,,,0,No Apparent Injury (O),0,No Apparent Injury (O),11,"Front Seat, Left Side",11,"Front Seat, Left Side",3,Shoulder and Lap Belt Used,0,No Indication of Misuse,20,Not Applicable,7,None Used/Not Applicable,20,Not Deployed,0,Not Ejected,0,Not Ejected,8,Not Reported,0,No (Alcohol Not Involved),0,Test Not Given,0,Test Not Given,996,Test Not Given,8,Not Reported,0,Not Transported for Treatment,0,0,Occupant of a Motor Vehicle
