CASENUM,VEH_NO,PSU,PSU_VAR,PSUSTRAT,REGION,REGIONNAME,URBANICITY,URBANICITYNAME,STRATUM,STRATUMNAME,PJ,WEIGHT,VE_FORMS,MONTH,MONTHNAME,HOUR,HOURNAME,MINUTE,MINUTENAME,HARM_EV,HARM_EVNAME,MAN_COLL,MAN_COLLNAME,NUMOCCS,NUMOCCSNAME,UNITTYPE,UNITTYPENAME,HIT_RUN,HIT_RUNNAME,VIN,VINNAME,MOD_YEAR,MOD_YEARNAME,MDLYR_IM,MDLYR_IMNAME,VPICMAKE,VPICMAKENAME,VPICMODEL,VPICMODELNAME,VPICBODYCLASS,VPICBODYCLASSNAME,MAKE,MAKENAME,MODEL,BODY_TYP,BODY_TYPNAME,ICFINALBODY,ICFINALBODYNAME,GVWR_FROM,GVWR_FROMNAME,GVWR_TO,GVWR_TONAME,TOW_VEH,TOW_VEHNAME,TRLR1VIN,TRLR1VINNAME,TRLR2VIN,TRLR2VINNAME,TRLR3VIN,TRLR3VINNAME,TRLR1GVWR,TRLR1GVWRNAME,TRLR2GVWR,TRLR2GVWRNAME,TRLR3GVWR,TRLR3GVWRNAME,J_KNIFE,J_KNIFENAME,MCARR_ID,MCARR_IDNAME,MCARR_I1,MCARR_I1NAME,MCARR_I2,MCARR_I2NAME,V_Config,V_ConfigNAME,CARGO_BT,CARGO_BTNAME,HAZ_INV,HAZ_INVNAME,HAZ_PLAC,HAZ_PLACNAME,HAZ_ID,HAZ_IDNAME,HAZ_CNO,HAZ_CNONAME,HAZ_REL,HAZ_RELNAME,BUS_USE,BUS_USENAME,SPEC_USE,SPEC_USENAME,EMER_USE,EMER_USENAME,TRAV_SP,TRAV_SPNAME,UNDEROVERRIDE,UNDEROVERRIDENAME,ROLLOVER,ROLLOVERNAME,ROLINLOC,ROLINLOCNAME,IMPACT1,IMPACT1NAME,IMPACT1_IM,IMPACT1_IMNAME,DEFORMED,DEFORMEDNAME,TOWED,TOWEDNAME,M_HARM,M_HARMNAME,VEVENT_IM,VEVENT_IMNAME,FIRE_EXP,FIRE_EXPNAME,DR_PRES,DR_PRESNAME,MAX_VSEV,MAX_VSEVNAME,MXVSEV_IM,MXVSEV_IMNAME,NUM_INJV,NUM_INJVNAME,NUMINJ_IM,NUMINJ_IMNAME,VEH_ALCH,VEH_ALCHNAME,V_ALCH_IM,V_ALCH_IMNAME,MAK_MOD,MAK_MODNAME,DR_ZIP,DR_ZIPNAME,SPEEDREL,SPEEDRELNAME,VTRAFWAY,VTRAFWAYNAME,VNUM_LAN,VNUM_LANNAME,VSPD_LIM,VSPD_LIMNAME,VALIGN,VALIGNNAME,VPROFILE,VPROFILENAME,VSURCOND,VSURCONDNAME,VTRAFCON,VTRAFCONNAME,VTCONT_F,VTCONT_FNAME,P_CRASH1,P_CRASH1NAME,PCRASH1_IM,PCRASH1_IMNAME,P_CRASH2,P_CRASH2NAME,P_CRASH3,P_CRASH3NAME,PCRASH4,PCRASH4NAME,PCRASH5,PCRASH5NAME,ACC_TYPE,ACC_TYPENAME,ACC_CONFIG,ACC_CONFIGNAME
202304632910,1,39,39,7,2,"Midwest (OH, IN, IL, MI, WI, MN, ND, SD, NE, IA, MO, KS)",1,Urban Area,10,Stratum 10 - Other,4154,210.86019124,1,1,January,3,3:00am-3:59am,0,0,53,Mail Box,0,The First Harmful Event was Not a Collision with a Motor Vehicle In-Transport,99,Unknown,1,Motor Vehicle In-Transport (Inside or Outside the Trafficway),1,Yes,888888888888,Not Reported,9999,Unknown,2019,2019,99999,Unknown,99999,Unknown,999,Unknown,99,Unknown Make,999,99,Unknown body type,0,Not Applicable,98,Not Reported,98,Not Reported,0,No Trailers,777777777777,No Trailing Units,777777777777,No Trailing Units,777777777777,No Trailing Units,77,No Trailing Units,77,No Trailing Units,77,No Trailing Units,0,Not an Articulated Vehicle,99999999999,Unknown,99,Unknown,999999999,Unknown,99,Unknown,99,Unknown,1,No,0,Not Applicable,0,Not Applicable,0,Not Applicable,0,Not Applicable,99,Reported as Unknown,0,No Special Use Noted,0,Not Applicable,998,Not Reported,7,Not Applicable,0,No Rollover,0,No Rollover,99,Reported as Unknown,12,12 Clock Point,9,Reported as Unknown,5,Not Towed,59,Traffic Sign Support,59,Traffic Sign Support,0,No or Not Reported,1,Yes,9,Unknown/Not Reported,0,No Apparent Injury (O),99,All Persons in Vehicle are unknown if Injured,0,No Person Injured in Vehicle,9,Reported as Unknown,2,No Alcohol Involved,99999,"Unknown Make Unknown (as to automobile, motored cycle, light truck or truck)",99998,Not Reported,0,No,1,"Two-Way, Not Divided",2,Two lanes,55,55 MPH,1,Straight,1,Level,1,Dry,0,No Controls,0,No Controls,99,Unknown,1,Going Straight,19,Unknown travel direction,99,Unknown/Not Reported,1,Tracking,4,Departed roadway,99,M99-Unknown,999,Unknown Crash Type
202304632916,2,77,77,9,2,"Midwest (OH, IN, IL, MI, WI, MN, ND, SD, NE, IA, MO, KS)",2,Rural Area,10,Stratum 10 - Other,4151,217.37927863,1,1,January,7,7:00am-7:59am,51,51,14,Parked Motor Vehicle,0,The First Harmful Event was Not a Collision with a Motor Vehicle In-Transport,99,Unknown,1,Motor Vehicle In-Transport (Inside or Outside the Trafficway),1,Yes,888888888888,Not Reported,9999,Unknown,2013,2013,99999,Unknown,99999,Unknown,999,Unknown,99,Unknown Make,999,99,Unknown body type,0,Not Applicable,98,Not Reported,98,Not Reported,0,No Trailers,777777777777,No Trailing Units,777777777777,No Trailing Units,777777777777,No Trailing Units,77,No Trailing Units,77,No Trailing Units,77,No Trailing Units,0,Not an Articulated Vehicle,99999999999,Unknown,99,Unknown,999999999,Unknown,99,Unknown,99,Unknown,1,No,0,Not Applicable,0,Not Applicable,0,Not Applicable,0,Not Applicable,99,Reported as Unknown,0,No Special Use Noted,0,Not Applicable,998,Not Reported,0,No Underride or Override,0,No Rollover,0,No Rollover,12,12 Clock Point,12,12 Clock Point,7,"Damage Reported, Extent Unknown",5,Not Towed,14,Parked Motor Vehicle,14,Parked Motor Vehicle,0,No or Not Reported,1,Yes,9,Unknown/Not Reported,0,No Apparent Injury (O),99,All Persons in Vehicle are unknown if Injured,0,No Person Injured in Vehicle,9,Reported as Unknown,2,No Alcohol Involved,99999,"Unknown Make Unknown (as to automobile, motored cycle, light truck or truck)",99998,Not Reported,0,No,8,Not Reported,2,Two lanes,25,25 MPH,1,Straight,1,Level,1,Dry,0,No Controls,0,No Controls,1,Going Straight,1,Going Straight,11,Over the lane line on right side of travel lane,99,Unknown/Not Reported,1,Tracking,4,Departed roadway,11,C11-Single Driver-Forward Impact-Parked Veh.,103,Single Driver-Struck Object While Moving Forward
202304635310,1,48,48,12,3,"South (MD, DE, DC, WV, VA, KY, TN, NC, SC, GA, FL, AL, MS, LA, AR, OK, TX)",1,Urban Area,10,Stratum 10 - Other,91,223.42002683,2,1,January,14,2:00pm-2:59pm,0,0,12,Motor Vehicle In-Transport,6,Angle,1,01,1,Motor Vehicle In-Transport (Inside or Outside the Trafficway),0,No,1FMZU67E42UB,1FMZU67E42UB,2002,2002,2002,2002,460,Ford,1804,Explorer Sport Trac,60,Pickup,12,Ford,473,34,Light Pickup,0,Not Applicable,11,"Class 1: 6,000 lbs. or less (2,722 kg or less)",11,"Class 1: 6,000 lbs. or less (2,722 kg or less)",0,No Trailers,777777777777,No Trailing Units,777777777777,No Trailing Units,777777777777,No Trailing Units,77,No Trailing Units,77,No Trailing Units,77,No Trailing Units,0,Not an Articulated Vehicle,00000000000,Not Applicable,0,Not Applicable,0,Not Applicable,0,Not Applicable,0,Not Applicable (N/A),1,No,0,Not Applicable,0,Not Applicable,0,Not Applicable,0,Not Applicable,0,Not a Bus,0,No Special Use Noted,0,Not Applicable,5,005 MPH,8,Not Reported,0,No Rollover,0,No Rollover,5,5 Clock Point,5,5 Clock Point,2,Minor Damage,5,Not Towed,12,Motor Vehicle In-Transport,12,Motor Vehicle In-Transport,0,No or Not Reported,1,Yes,0,No Apparent Injury (O),0,No Apparent Injury (O),0,No Person Injured in Vehicle,0,No Person Injured in Vehicle,2,No Alcohol Involved,2,No Alcohol Involved,12473,Ford Explorer Sport Trac,35750,35750,0,No,1,"Two-Way, Not Divided",2,Two lanes,25,25 MPH,1,Straight,1,Level,1,Dry,20,Stop Sign,3,Device Functioning Properly,1,Going Straight,1,Going Straight,17,Crossing Over (Passing Through) Junction,99,Unknown/Not Reported,1,Tracking,1,Stayed in original travel lane,87,L87-Intersecting Paths-Straight Paths-Struck on the Right,502,"Intersecting Paths-Straight Paths, Struck on the Right"
202304635310,2,48,48,12,3,"South (MD, DE, DC, WV, VA, KY, TN, NC, SC, GA, FL, AL, MS, LA, AR, OK, TX)",1,Urban Area,10,Stratum 10 - Other,91,223.42002683,2,1,January,14,2:00pm-2:59pm,0,0,12,Motor Vehicle In-Transport,6,Angle,3,03,1,Motor Vehicle In-Transport (Inside or Outside the Trafficway),0,No,5XYKT4A25BG1,5XYKT4A25BG1,2011,2011,2011,2011,499,Kia,2769,Sorento,7,Sport Utility Vehicle (SUV)/Multi-Purpose Vehicle (MPV),63,KIA,402,14,"Compact Utility (Utility Vehicle Categories ""Small"" and ""Midsize"")",0,Not Applicable,11,"Class 1: 6,000 lbs. or less (2,722 kg or less)",11,"Class 1: 6,000 lbs. or less (2,722 kg or less)",0,No Trailers,777777777777,No Trailing Units,777777777777,No Trailing Units,777777777777,No Trailing Units,77,No Trailing Units,77,No Trailing Units,77,No Trailing Units,0,Not an Articulated Vehicle,00000000000,Not Applicable,0,Not Applicable,0,Not Applicable,0,Not Applicable,0,Not Applicable (N/A),1,No,0,Not Applicable,0,Not Applicable,0,Not Applicable,0,Not Applicable,0,Not a Bus,0,No Special Use Noted,0,Not Applicable,25,025 MPH,8,Not Reported,0,No Rollover,0,No Rollover,12,12 Clock Point,12,12 Clock Point,2,Minor Damage,5,Not Towed,12,Motor Vehicle In-Transport,12,Motor Vehicle In-Transport,0,No or Not Reported,1,Yes,0,No Apparent Injury (O),0,No Apparent Injury (O),0,No Person Injured in Vehicle,0,No Person Injured in Vehicle,2,No Alcohol Involved,2,No Alcohol Involved,63402,KIA Sorento,35810,35810,0,No,1,"Two-Way, Not Divided",2,Two lanes,25,25 MPH,1,Straight,1,Level,1,Dry,0,No Controls,0,No Controls,1,Going Straight,1,Going Straight,66,"From crossing street, across path",99,Unknown/Not Reported,1,Tracking,1,Stayed in original travel lane,86,L86-Intersecting Paths-Straight Paths-Striking from the Right,501,"Intersecting Paths-Straight Paths, Striking from the Right"
202304635315,1,48,48,12,3,"South (MD, DE, DC, WV, VA, KY, TN, NC, SC, GA, FL, AL, MS, LA, AR, OK, TX)",1,Urban Area,3,Stratum 3 - Motorcycle Any Injury,91,25.966354942,2,1,January,18,6:00pm-6:59pm,54,54,12,Motor Vehicle In-Transport,1,Front-to-Rear,1,01,1,Motor Vehicle In-Transport (Inside or Outside the Trafficway),0,No,2FMDK52CX9BA,2FMDK52CX9BA,2009,2009,2009,2009,460,Ford,1802,Flex,7,Sport Utility Vehicle (SUV)/Multi-Purpose Vehicle (MPV),12,Ford,25,6,Station Wagon (excluding van and truck based),0,Not Applicable,11,"Class 1: 6,000 lbs. or less (2,722 kg or less)",11,"Class 1: 6,000 lbs. or less (2,722 kg or less)",0,No Trailers,777777777777,No Trailing Units,777777777777,No Trailing Units,777777777777,No Trailing Units,77,No Trailing Units,77,No Trailing Units,77,No Trailing Units,0,Not an Articulated Vehicle,00000000000,Not Applicable,0,Not Applicable,0,Not Applicable,0,Not Applicable,0,Not Applicable (N/A),1,No,0,Not Applicable,0,Not Applicable,0,Not Applicable,0,Not Applicable,0,Not a Bus,0,No Special Use Noted,0,Not Applicable,40,040 MPH,7,Not Applicable,0,No Rollover,0,No Rollover,12,12 Clock Point,12,12 Clock Point,6,Disabling Damage,6,Towed,12,Motor Vehicle In-Transport,12,Motor Vehicle In-Transport,0,No or Not Reported,1,Yes,0,No Apparent Injury (O),0,No Apparent Injury (O),0,No Person Injured in Vehicle,0,No Person Injured in Vehicle,2,No Alcohol Involved,2,No Alcohol Involved,12025,Ford Flex,30241,30241,0,No,1,"Two-Way, Not Divided",2,Two lanes,35,35 MPH,1,Straight,1,Level,1,Dry,97,Not Reported,8,Not Reported,1,Going Straight,1,Going Straight,51,Traveling in same direction with lower steady speed,1,No Avoidance Maneuver,1,Tracking,1,Stayed in original travel lane,24,"D24-Same Trafficway, Same Direction-Rear End-Slower",202,"Same Trafficway, Same Direction-Rear End, Lead Vehicle"
202304635315,2,48,48,12,3,"South (MD, DE, DC, WV, VA, KY, TN, NC, SC, GA, FL, AL, MS, LA, AR, OK, TX)",1,Urban Area,3,Stratum 3 - Motorcycle Any Injury,91,25.966354942,2,1,January,18,6:00pm-6:59pm,54,54,12,Motor Vehicle In-Transport,1,Front-to-Rear,2,02,1,Motor Vehicle In-Transport (Inside or Outside the Trafficway),0,No,JS1GP74AX821,JS1GP74AX821,2008,2008,2008,2008,509,Suzuki,3397,GSX650F,98,Motorcycle - Street,53,Suzuki,705,80,Two Wheel Motorcycle (excluding motor scooters),0,Not Applicable,11,"Class 1: 6,000 lbs. or less (2,722 kg or less)",11,"Class 1: 6,000 lbs. or less (2,722 kg or less)",0,No Trailers,777777777777,No Trailing Units,777777777777,No Trailing Units,777777777777,No Trailing Units,77,No Trailing Units,77,No Trailing Units,77,No Trailing Units,0,Not an Articulated Vehicle,00000000000,Not Applicable,0,Not Applicable,0,Not Applicable,0,Not Applicable,0,Not Applicable (N/A),1,No,0,Not Applicable,0,Not Applicable,0,Not Applicable,0,Not Applicable,0,Not a Bus,0,No Special Use Noted,0,Not Applicable,25,025 MPH,7,Not Applicable,8,Not Applicable,8,Not Applicable,6,6 Clock Point,6,6 Clock Point,6,Disabling Damage,5,Not Towed,12,Motor Vehicle In-Transport,12,Motor Vehicle In-Transport,0,No or Not Reported,1,Yes,1,Possible Injury (C),1,Possible Injury (C),1,1,1,1,2,No Alcohol Involved,2,No Alcohol Involved,53705,Suzuki 450-749cc,35750,35750,0,No,1,"Two-Way, Not Divided",2,Two lanes,35,35 MPH,1,Straight,1,Level,1,Dry,97,Not Reported,8,Not Reported,11,Turning Left,11,Turning Left,53,Traveling in same direction with higher speed,99,Unknown/Not Reported,1,Tracking,1,Stayed in original travel lane,26,"D26-Same Trafficway, Same Direction-Rear End-Slower, Going Left",201,"Same Trafficway, Same Direction-Rear End, Trailing Vehicle"
202304635387,1,48,48,12,3,"South (MD, DE, DC, WV, VA, KY, TN, NC, SC, GA, FL, AL, MS, LA, AR, OK, TX)",1,Urban Area,8,Stratum 8 - NLMY PV Minor Injury,87,134.13956402,3,1,January,17,5:00pm-5:59pm,35,35,12,Motor Vehicle In-Transport,1,Front-to-Rear,1,01,1,Motor Vehicle In-Transport (Inside or Outside the Trafficway),0,No,1HGCS1B30BA0,1HGCS1B30BA0,2011,2011,2011,2011,474,Honda,1861,Accord,3,Coupe,37,Honda,32,2,"2-door sedan,hardtop,coupe",0,Not Applicable,11,"Class 1: 6,000 lbs. or less (2,722 kg or less)",11,"Class 1: 6,000 lbs. or less (2,722 kg or less)",0,No Trailers,777777777777,No Trailing Units,777777777777,No Trailing Units,777777777777,No Trailing Units,77,No Trailing Units,77,No Trailing Units,77,No Trailing Units,0,Not an Articulated Vehicle,00000000000,Not Applicable,0,Not Applicable,0,Not Applicable,0,Not Applicable,0,Not Applicable (N/A),1,No,0,Not Applicable,0,Not Applicable,0,Not Applicable,0,Not Applicable,0,Not a Bus,0,No Special Use Noted,0,Not Applicable,999,Reported as Unknown,8,Not Reported,0,No Rollover,0,No Rollover,12,12 Clock Point,12,12 Clock Point,6,Disabling Damage,6,Towed,12,Motor Vehicle In-Transport,12,Motor Vehicle In-Transport,0,No or Not Reported,1,Yes,0,No Apparent Injury (O),0,No Apparent Injury (O),0,No Person Injured in Vehicle,0,No Person Injured in Vehicle,2,No Alcohol Involved,2,No Alcohol Involved,37032,"Honda Accord (Note: For Crosstour model years 2010 and 2011 only. For Crosstour model years 2012-2015, see vehicle model 37-405)",35810,35810,0,No,1,"Two-Way, Not Divided",2,Two lanes,45,45 MPH,1,Straight,3,Hillcrest,1,Dry,3,Traffic control signal(on colors) not known whether or not Pedestrian Signal,3,Device Functioning Properly,1,Going Straight,1,Going Straight,50,Other vehicle stopped,16,Braking,1,Tracking,1,Stayed in original travel lane,20,"D20-Same Trafficway, Same Direction-Rear End-Stopped",202,"Same Trafficway, Same Direction-Rear End, Lead Vehicle"
202304635387,2,48,48,12,3,"South (MD, DE, DC, WV, VA, KY, TN, NC, SC, GA, FL, AL, MS, LA, AR, OK, TX)",1,Urban Area,8,Stratum 8 - NLMY PV Minor Injury,87,134.13956402,3,1,January,17,5:00pm-5:59pm,35,35,12,Motor Vehicle In-Transport,1,Front-to-Rear,3,03,1,Motor Vehicle In-Transport (Inside or Outside the Trafficway),0,No,2GNAXHEV7J61,2GNAXHEV7J61,2018,2018,2018,2018,467,Chevrolet,1847,Equinox,7,Sport Utility Vehicle (SUV)/Multi-Purpose Vehicle (MPV),20,Chevrolet,404,14,"Compact Utility (Utility Vehicle Categories ""Small"" and ""Midsize"")",0,Not Applicable,11,"Class 1: 6,000 lbs. or less (2,722 kg or less)",11,"Class 1: 6,000 lbs. or less (2,722 kg or less)",0,No Trailers,777777777777,No Trailing Units,777777777777,No Trailing Units,777777777777,No Trailing Units,77,No Trailing Units,77,No Trailing Units,77,No Trailing Units,0,Not an Articulated Vehicle,00000000000,Not Applicable,0,Not Applicable,0,Not Applicable,0,Not Applicable,0,Not Applicable (N/A),1,No,0,Not Applicable,0,Not Applicable,0,Not Applicable,0,Not Applicable,0,Not a Bus,0,No Special Use Noted,0,Not Applicable,0,Stopped Motor Vehicle In- Transport,8,Not Reported,0,No Rollover,0,No Rollover,6,6 Clock Point,6,6 Clock Point,6,Disabling Damage,6,Towed,12,Motor Vehicle In-Transport,12,Motor Vehicle In-Transport,0,No or Not Reported,1,Yes,1,Possible Injury (C),1,Possible Injury (C),1,1,1,1,2,No Alcohol Involved,2,No Alcohol Involved,20404,Chevrolet Equinox,35749,35749,0,No,1,"Two-Way, Not Divided",2,Two lanes,45,45 MPH,1,Straight,3,Hillcrest,1,Dry,3,Traffic control signal(on colors) not known whether or not Pedestrian Signal,3,Device Functioning Properly,5,Stopped in Roadway,5,Stopped in Roadway,53,Traveling in same direction with higher speed,1,No Avoidance Maneuver,1,Tracking,1,Stayed in original travel lane,21,"D21-Same Trafficway, Same Direction-Rear End-Stopped, Straight",201,"Same Trafficway, Same Direction-Rear End, Trailing Vehicle"
202304635387,3,48,48,12,3,"South (MD, DE, DC, WV, VA, KY, TN, NC, SC, GA, FL, AL, MS, LA, AR, OK, TX)",1,Urban Area,8,Stratum 8 - NLMY PV Minor Injury,87,134.13956402,3,1,January,17,5:00pm-5:59pm,35,35,12,Motor Vehicle In-Transport,1,Front-to-Rear,99,Unknown,1,Motor Vehicle In-Transport (Inside or Outside the Trafficway),1,Yes,999999999999,Reported as Unknown,9999,Unknown,2011,2011,483,Jeep,99999,Unknown,7,Sport Utility Vehicle (SUV)/Multi-Purpose Vehicle (MPV),2,Jeep / Kaiser-Jeep / Willys- Jeep,999,49,"Unknown light vehicle type (automobile,utility vehicle, van, or light truck)",0,Not Applicable,11,"Class 1: 6,000 lbs. or less (2,722 kg or less)",12,"Class 2: 6,001 - 10,000 lbs. (2,722 - 4,536 kg)",0,No Trailers,777777777777,No Trailing Units,777777777777,No Trailing Units,777777777777,No Trailing Units,77,No Trailing Units,77,No Trailing Units,77,No Trailing Units,0,Not an Articulated Vehicle,00000000000,Not Applicable,0,Not Applicable,0,Not Applicable,0,Not Applicable,0,Not Applicable (N/A),1,No,0,Not Applicable,0,Not Applicable,0,Not Applicable,0,Not Applicable,0,Not a Bus,0,No Special Use Noted,0,Not Applicable,0,Stopped Motor Vehicle In- Transport,8,Not Reported,0,No Rollover,0,No Rollover,6,6 Clock Point,6,6 Clock Point,9,Reported as Unknown,5,Not Towed,12,Motor Vehicle In-Transport,12,Motor Vehicle In-Transport,0,No or Not Reported,1,Yes,0,No Apparent Injury (O),0,No Apparent Injury (O),0,No Person Injured in Vehicle,0,No Person Injured in Vehicle,9,Reported as Unknown,2,No Alcohol Involved,2999,Jeep / Kaiser-Jeep / Willys- Jeep Unknown (JEEP),99998,Not Reported,0,No,1,"Two-Way, Not Divided",2,Two lanes,45,45 MPH,1,Straight,3,Hillcrest,1,Dry,3,Traffic control signal(on colors) not known whether or not Pedestrian Signal,3,Device Functioning Properly,5,Stopped in Roadway,5,Stopped in Roadway,53,Traveling in same direction with higher speed,1,No Avoidance Maneuver,1,Tracking,1,Stayed in original travel lane,98,M98-Other Crash Type,998,Other Crash Type
202304635547,1,70,70,16,3,"South (MD, DE, DC, WV, VA, KY, TN, NC, SC, GA, FL, AL, MS, LA, AR, OK, TX)",2,Rural Area,8,Stratum 8 - NLMY PV Minor Injury,46,130.17867369,1,1,January,1,1:00am-1:59am,20,20,34,Ditch,0,The First Harmful Event was Not a Collision with a Motor Vehicle In-Transport,1,01,1,Motor Vehicle In-Transport (Inside or Outside the Trafficway),0,No,3GTEK13338G2,3GTEK13338G2,2008,2008,2008,2008,472,GMC,1857,Sierra,60,Pickup,23,GMC,481,34,Light Pickup,0,Not Applicable,12,"Class 2: 6,001 - 10,000 lbs. (2,722 - 4,536 kg)",12,"Class 2: 6,001 - 10,000 lbs. (2,722 - 4,536 kg)",0,No Trailers,777777777777,No Trailing Units,777777777777,No Trailing Units,777777777777,No Trailing Units,77,No Trailing Units,77,No Trailing Units,77,No Trailing Units,0,Not an Articulated Vehicle,00000000000,Not Applicable,0,Not Applicable,0,Not Applicable,0,Not Applicable,0,Not Applicable (N/A),1,No,0,Not Applicable,0,Not Applicable,0,Not Applicable,0,Not Applicable,0,Not a Bus,0,No Special Use Noted,0,Not Applicable,80,080 MPH,7,Not Applicable,0,No Rollover,0,No Rollover,12,12 Clock Point,12,12 Clock Point,6,Disabling Damage,6,Towed,2,Fire/Explosion,2,Fire/Explosion,1,Yes,1,Yes,1,Possible Injury (C),1,Possible Injury (C),1,1,1,1,2,No Alcohol Involved,2,No Alcohol Involved,23481,"GMC C, K, R, V-series pickup/     Sierra",35456,35456,0,No,2,"Two-Way, Divided, Unprotected Median",2,Two lanes,65,65 MPH,1,Straight,6,Downhill,1,Dry,0,No Controls,0,No Controls,1,Going Straight,1,Going Straight,13,Off the edge of the road on the right side,99,Unknown/Not Reported,1,Tracking,4,Departed roadway,1,A1-Single Driver-Right Roadside Departure-Drive Off Road,101,Single Driver-Right Roadside Departure
202304635551,1,70,70,16,3,"South (MD, DE, DC, WV, VA, KY, TN, NC, SC, GA, FL, AL, MS, LA, AR, OK, TX)",2,Rural Area,3,Stratum 3 - Motorcycle Any Injury,46,26.785767508,2,1,January,12,12:00pm-12:59pm,58,58,12,Motor Vehicle In-Transport,6,Angle,2,02,1,Motor Vehicle In-Transport (Inside or Outside the Trafficway),0,No,4T1BF3EK9BU6,4T1BF3EK9BU6,2011,2011,2011,2011,448,Toyota,2469,Camry,13,Sedan/Saloon,49,Toyota,40,4,"4-door sedan, hardtop",0,Not Applicable,11,"Class 1: 6,000 lbs. or less (2,722 kg or less)",11,"Class 1: 6,000 lbs. or less (2,722 kg or less)",1,One Trailer,888888888888,Not Reported,777777777777,No Trailing Units,777777777777,No Trailing Units,98,Not Reported,77,No Trailing Units,77,No Trailing Units,1,No,00000000000,Not Applicable,0,Not Applicable,0,Not Applicable,0,Not Applicable,0,Not Applicable (N/A),1,No,0,Not Applicable,0,Not Applicable,0,Not Applicable,0,Not Applicable,0,Not a Bus,0,No Special Use Noted,0,Not Applicable,40,040 MPH,7,Not Applicable,0,No Rollover,0,No Rollover,10,10 Clock Point,10,10 Clock Point,2,Minor Damage,5,Not Towed,12,Motor Vehicle In-Transport,12,Motor Vehicle In-Transport,0,No or Not Reported,1,Yes,0,No Apparent Injury (O),0,No Apparent Injury (O),0,No Person Injured in Vehicle,0,No Person Injured in Vehicle,2,No Alcohol Involved,2,No Alcohol Involved,49040,Toyota Camry,35118,35118,0,No,1,"Two-Way, Not Divided",2,Two lanes,45,45 MPH,1,Straight,1,Level,1,Dry,20,Stop Sign,3,Device Functioning Properly,11,Turning Left,11,Turning Left,15,Turning Left,99,Unknown/Not Reported,1,Tracking,1,Stayed in original travel lane,82,K82-Trafficway Vehicle Turning-Turn Into Path-Turn Into Opposite Directions (Turning Left),414,"Changing Trafficway, Vehicle Turning-Turn Into Path, Turn into Opposite Directions [Turning Left]"
202304635551,2,70,70,16,3,"South (MD, DE, DC, WV, VA, KY, TN, NC, SC, GA, FL, AL, MS, LA, AR, OK, TX)",2,Rural Area,3,Stratum 3 - Motorcycle Any Injury,46,26.785767508,2,1,January,12,12:00pm-12:59pm,58,58,12,Motor Vehicle In-Transport,6,Angle,1,01,1,Motor Vehicle In-Transport (Inside or Outside the Trafficway),0,No,ML5EREL15NDA,ML5EREL15NDA,2022,2022,2022,2022,510,Kawasaki,13103,Z650,80,Motorcycle - Sport,73,Kawasaki,705,80,Two Wheel Motorcycle (excluding motor scooters),0,Not Applicable,11,"Class 1: 6,000 lbs. or less (2,722 kg or less)",11,"Class 1: 6,000 lbs. or less (2,722 kg or less)",0,No Trailers,777777777777,No Trailing Units,777777777777,No Trailing Units,777777777777,No Trailing Units,77,No Trailing Units,77,No Trailing Units,77,No Trailing Units,0,Not an Articulated Vehicle,00000000000,Not Applicable,0,Not Applicable,0,Not Applicable,0,Not Applicable,0,Not Applicable (N/A),1,No,0,Not Applicable,0,Not Applicable,0,Not Applicable,0,Not Applicable,0,Not a Bus,0,No Special Use Noted,0,Not Applicable,60,060 MPH,7,Not Applicable,8,Not Applicable,8,Not Applicable,12,12 Clock Point,12,12 Clock Point,6,Disabling Damage,6,Towed,12,Motor Vehicle In-Transport,12,Motor Vehicle In-Transport,0,No or Not Reported,1,Yes,2,Suspected Minor Injury (B),2,Suspected Minor Injury (B),1,1,1,1,2,No Alcohol Involved,2,No Alcohol Involved,73705,Kawasaki 450-749cc,35023,35023,0,No,2,"Two-Way, Divided, Unprotected Median",2,Two lanes,55,55 MPH,1,Straight,1,Level,1,Dry,0,No Controls,0,No Controls,1,Going Straight,1,Going Straight,67,"From crossing street, turning into opposite direction",99,Unknown/Not Reported,1,Tracking,1,Stayed in original travel lane,83,K83-Trafficway Vehicle Turning-Turn Into Path-Turn Into Opposite Directions (Going Straight),415,"Changing Trafficway, Vehicle Turning-Turn Into Path, Turn into Opposite Directions [Going Straight, Other Vehicle Turning Left]"
202304635552,1,70,70,16,3,"South (MD, DE, DC, WV, VA, KY, TN, NC, SC, GA, FL, AL, MS, LA, AR, OK, TX)",2,Rural Area,9,Stratum 9 - LMY PV No Injuries in Crash,138,138.11173411,2,1,January,11,11:00am-11:59am,42,42,12,Motor Vehicle In-Transport,6,Angle,4,04,1,Motor Vehicle In-Transport (Inside or Outside the Trafficway),0,No,5FRYD3H43FB0,5FRYD3H43FB0,2015,2015,2015,2015,475,Acura,2147,MDX,7,Sport Utility Vehicle (SUV)/Multi-Purpose Vehicle (MPV),54,Acura,421,15,"Large utility (ANSI D16.1 Utility Vehicle Categories and ""Full Size"" and ""Large"")",0,Not Applicable,11,"Class 1: 6,000 lbs. or less (2,722 kg or less)",11,"Class 1: 6,000 lbs. or less (2,722 kg or less)",0,No Trailers,777777777777,No Trailing Units,777777777777,No Trailing Units,777777777777,No Trailing Units,77,No Trailing Units,77,No Trailing Units,77,No Trailing Units,0,Not an Articulated Vehicle,00000000000,Not Applicable,0,Not Applicable,0,Not Applicable,0,Not Applicable,0,Not Applicable (N/A),1,No,0,Not Applicable,0,Not Applicable,0,Not Applicable,0,Not Applicable,0,Not a Bus,0,No Special Use Noted,0,Not Applicable,0,Stopped Motor Vehicle In- Transport,0,No Underride or Override,0,No Rollover,0,No Rollover,12,12 Clock Point,12,12 Clock Point,2,Minor Damage,5,Not Towed,12,Motor Vehicle In-Transport,12,Motor Vehicle In-Transport,0,No or Not Reported,1,Yes,0,No Apparent Injury (O),0,No Apparent Injury (O),0,No Person Injured in Vehicle,0,No Person Injured in Vehicle,2,No Alcohol Involved,2,No Alcohol Involved,54421,Acura MDX,35540,35540,0,No,0,Non-Trafficway or Driveway Access,0,Non-Trafficway or Driveway Access,0,No Statutory Limit/Non-Trafficway or Driveway Access,0,Non-Trafficway or Driveway Access,0,Non-Trafficway or Driveway Access,0,Non-Trafficway or Driveway Access,0,No Controls,0,No Controls,5,Stopped in Roadway,5,Stopped in Roadway,66,"From crossing street, across path",1,No Avoidance Maneuver,1,Tracking,1,Stayed in original travel lane,86,L86-Intersecting Paths-Straight Paths-Striking from the Right,501,"Intersecting Paths-Straight Paths, Striking from the Right"
202304635552,2,70,70,16,3,"South (MD, DE, DC, WV, VA, KY, TN, NC, SC, GA, FL, AL, MS, LA, AR, OK, TX)",2,Rural Area,9,Stratum 9 - LMY PV No Injuries in Crash,138,138.11173411,2,1,January,11,11:00am-11:59am,42,42,12,Motor Vehicle In-Transport,6,Angle,1,01,1,Motor Vehicle In-Transport (Inside or Outside the Trafficway),0,No,4T1C11AK5NU6,4T1C11AK5NU6,2022,2022,2022,2022,448,Toyota,2469,Camry,13,Sedan/Saloon,49,Toyota,40,4,"4-door sedan, hardtop",0,Not Applicable,11,"Class 1: 6,000 lbs. or less (2,722 kg or less)",11,"Class 1: 6,000 lbs. or less (2,722 kg or less)",0,No Trailers,777777777777,No Trailing Units,777777777777,No Trailing Units,777777777777,No Trailing Units,77,No Trailing Units,77,No Trailing Units,77,No Trailing Units,0,Not an Articulated Vehicle,00000000000,Not Applicable,0,Not Applicable,0,Not Applicable,0,Not Applicable,0,Not Applicable (N/A),1,No,0,Not Applicable,0,Not Applicable,0,Not Applicable,0,Not Applicable,0,Not a Bus,0,No Special Use Noted,0,Not Applicable,15,015 MPH,0,No Underride or Override,0,No Rollover,0,No Rollover,1,1 Clock Point,1,1 Clock Point,2,Minor Damage,5,Not Towed,12,Motor Vehicle In-Transport,12,Motor Vehicle In-Transport,0,No or Not Reported,1,Yes,0,No Apparent Injury (O),0,No Apparent Injury (O),0,No Person Injured in Vehicle,0,No Person Injured in Vehicle,2,No Alcohol Involved,2,No Alcohol Involved,49040,Toyota Camry,35401,35401,0,No,1,"Two-Way, Not Divided",8,Not Reported,25,25 MPH,1,Straight,1,Level,1,Dry,0,No Controls,0,No Controls,1,Going Straight,1,Going Straight,72,"From driveway, turning into opposite direction",99,Unknown/Not Reported,1,Tracking,1,Stayed in original travel lane,87,L87-Intersecting Paths-Straight Paths-Struck on the Right,502,"Intersecting Paths-Straight Paths, Struck on the Right"
202304635741,1,28,28,11,3,"South (MD, DE, DC, WV, VA, KY, TN, NC, SC, GA, FL, AL, MS, LA, AR, OK, TX)",1,Urban Area,9,Stratum 9 - LMY PV No Injuries in Crash,4139,141.34570405,2,1,January,7,7:00am-7:59am,45,45,12,Motor Vehicle In-Transport,6,Angle,2,02,1,Motor Vehicle In-Transport (Inside or Outside the Trafficway),0,No,1G6DE5E56D01,1G6DE5E56D01,2013,2013,2013,2013,469,Cadillac,1825,CTS,13,Sedan/Saloon,19,Cadillac,18,4,"4-door sedan, hardtop",0,Not Applicable,11,"Class 1: 6,000 lbs. or less (2,722 kg or less)",11,"Class 1: 6,000 lbs. or less (2,722 kg or less)",0,No Trailers,777777777777,No Trailing Units,777777777777,No Trailing Units,777777777777,No Trailing Units,77,No Trailing Units,77,No Trailing Units,77,No Trailing Units,0,Not an Articulated Vehicle,00000000000,Not Applicable,0,Not Applicable,0,Not Applicable,0,Not Applicable,0,Not Applicable (N/A),1,No,0,Not Applicable,0,Not Applicable,0,Not Applicable,0,Not Applicable,0,Not a Bus,0,No Special Use Noted,0,Not Applicable,10,010 MPH,0,No Underride or Override,0,No Rollover,0,No Rollover,1,1 Clock Point,1,1 Clock Point,6,Disabling Damage,6,Towed,12,Motor Vehicle In-Transport,12,Motor Vehicle In-Transport,0,No or Not Reported,1,Yes,0,No Apparent Injury (O),0,No Apparent Injury (O),0,No Person Injured in Vehicle,0,No Person Injured in Vehicle,2,No Alcohol Involved,2,No Alcohol Involved,19018,Cadillac CTS/CTC,33330,33330,0,No,7,"Two-Way Divided, Unknown if Unprotected Median or Positive Median Barrier",3,Three lanes,45,45 MPH,1,Straight,1,Level,1,Dry,0,No Controls,0,No Controls,11,Turning Left,11,Turning Left,15,Turning Left,1,No Avoidance Maneuver,1,Tracking,1,Stayed in original travel lane,68,J68-Trafficway Vehicle Turning-Turn Across Path-Initial Opposite Directions (Left/Right),401,"Changing Trafficway, Vehicle Turning-Turn Across Path, Initial Opposite Directions [Left/Right]"
202304635741,2,28,28,11,3,"South (MD, DE, DC, WV, VA, KY, TN, NC, SC, GA, FL, AL, MS, LA, AR, OK, TX)",1,Urban Area,9,Stratum 9 - LMY PV No Injuries in Crash,4139,141.34570405,2,1,January,7,7:00am-7:59am,45,45,12,Motor Vehicle In-Transport,6,Angle,1,01,1,Motor Vehicle In-Transport (Inside or Outside the Trafficway),0,No,5NPD84LF9LH5,5NPD84LF9LH5,2020,2020,2020,2020,498,Hyundai,2735,Elantra,13,Sedan/Saloon,55,Hyundai,35,4,"4-door sedan, hardtop",0,Not Applicable,11,"Class 1: 6,000 lbs. or less (2,722 kg or less)",11,"Class 1: 6,000 lbs. or less (2,722 kg or less)",0,No Trailers,777777777777,No Trailing Units,777777777777,No Trailing Units,777777777777,No Trailing Units,77,No Trailing Units,77,No Trailing Units,77,No Trailing Units,0,Not an Articulated Vehicle,00000000000,Not Applicable,0,Not Applicable,0,Not Applicable,0,Not Applicable,0,Not Applicable (N/A),1,No,0,Not Applicable,0,Not Applicable,0,Not Applicable,0,Not Applicable,0,Not a Bus,0,No Special Use Noted,0,Not Applicable,35,035 MPH,0,No Underride or Override,0,No Rollover,0,No Rollover,12,12 Clock Point,12,12 Clock Point,6,Disabling Damage,6,Towed,12,Motor Vehicle In-Transport,12,Motor Vehicle In-Transport,0,No or Not Reported,1,Yes,0,No Apparent Injury (O),0,No Apparent Injury (O),0,No Person Injured in Vehicle,0,No Person Injured in Vehicle,2,No Alcohol Involved,2,No Alcohol Involved,55035,Hyundai Elantra,33332,33332,0,No,7,"Two-Way Divided, Unknown if Unprotected Median or Positive Median Barrier",2,Two lanes,45,45 MPH,1,Straight,1,Level,1,Dry,0,No Controls,0,No Controls,1,Going Straight,1,Going Straight,62,From opposite direction  over left lane line,99,Unknown/Not Reported,1,Tracking,1,Stayed in original travel lane,69,J69-Trafficway Vehicle Turning-Turn Across Path-Initial Opposite Directions (Going Straight),402,"Changing Trafficway, Vehicle Turning-Turn Across Path, Initial Opposite Directions [Going Straight]"
202304635757,1,12,12,12,3,"South (MD, DE, DC, WV, VA, KY, TN, NC, SC, GA, FL, AL, MS, LA, AR, OK, TX)",1,Urban Area,10,Stratum 10 - Other,4142,222.0578669,1,1,January,0,0:00am-0:59am,0,0,34,Ditch,0,The First Harmful Event was Not a Collision with a Motor Vehicle In-Transport,99,Unknown,1,Motor Vehicle In-Transport (Inside or Outside the Trafficway),1,Yes,1D7HA16NX2J2,1D7HA16NX2J2,2002,2002,2002,2002,476,Dodge,1938,Ram,60,Pickup,7,Dodge,482,34,Light Pickup,0,Not Applicable,12,"Class 2: 6,001 - 10,000 lbs. (2,722 - 4,536 kg)",12,"Class 2: 6,001 - 10,000 lbs. (2,722 - 4,536 kg)",0,No Trailers,777777777777,No Trailing Units,777777777777,No Trailing Units,777777777777,No Trailing Units,77,No Trailing Units,77,No Trailing Units,77,No Trailing Units,0,Not an Articulated Vehicle,00000000000,Not Applicable,0,Not Applicable,0,Not Applicable,0,Not Applicable,0,Not Applicable (N/A),1,No,0,Not Applicable,0,Not Applicable,0,Not Applicable,0,Not Applicable,0,Not a Bus,0,No Special Use Noted,0,Not Applicable,15,015 MPH,7,Not Applicable,0,No Rollover,0,No Rollover,12,12 Clock Point,12,12 Clock Point,6,Disabling Damage,6,Towed,34,Ditch,34,Ditch,0,No or Not Reported,1,Yes,9,Unknown/Not Reported,0,No Apparent Injury (O),99,All Persons in Vehicle are unknown if Injured,0,No Person Injured in Vehicle,9,Reported as Unknown,2,No Alcohol Involved,7482,Dodge Ram Pickup,99999,Reported as Unknown,0,No,1,"Two-Way, Not Divided",2,Two lanes,30,30 MPH,1,Straight,1,Level,2,Wet,0,No Controls,0,No Controls,1,Going Straight,1,Going Straight,12,Off the edge of the road on the left side,99,Unknown/Not Reported,1,Tracking,4,Departed roadway,6,B6-Single Driver-Left Roadside Departure-Drive Off Road,102,Single Driver-Left Roadside Departure
202304635828,1,47,47,9,2,"Midwest (OH, IN, IL, MI, WI, MN, ND, SD, NE, IA, MO, KS)",2,Rural Area,10,Stratum 10 - Other,4153,218.1275432,1,1,January,18,6:00pm-6:59pm,48,48,11,Live Animal,0,The First Harmful Event was Not a Collision with a Motor Vehicle In-Transport,1,01,1,Motor Vehicle In-Transport (Inside or Outside the Trafficway),0,No,1C4PJMJX8JD6,1C4PJMJX8JD6,2018,2018,2018,2018,483,Jeep,1945,Cherokee,7,Sport Utility Vehicle (SUV)/Multi-Purpose Vehicle (MPV),2,Jeep / Kaiser-Jeep / Willys- Jeep,404,14,"Compact Utility (Utility Vehicle Categories ""Small"" and ""Midsize"")",0,Not Applicable,11,"Class 1: 6,000 lbs. or less (2,722 kg or less)",11,"Class 1: 6,000 lbs. or less (2,722 kg or less)",0,No Trailers,777777777777,No Trailing Units,777777777777,No Trailing Units,777777777777,No Trailing Units,77,No Trailing Units,77,No Trailing Units,77,No Trailing Units,0,Not an Articulated Vehicle,00000000000,Not Applicable,0,Not Applicable,0,Not Applicable,0,Not Applicable,0,Not Applicable (N/A),1,No,0,Not Applicable,0,Not Applicable,0,Not Applicable,0,Not Applicable,0,Not a Bus,0,No Special Use Noted,0,Not Applicable,50,050 MPH,7,Not Applicable,0,No Rollover,0,No Rollover,12,12 Clock Point,12,12 Clock Point,2,Minor Damage,8,Not Reported,11,Live Animal,11,Live Animal,0,No or Not Reported,1,Yes,0,No Apparent Injury (O),0,No Apparent Injury (O),0,No Person Injured in Vehicle,0,No Person Injured in Vehicle,9,Reported as Unknown,2,No Alcohol Involved,2404,Jeep / Kaiser-Jeep / Willys- Jeep Cherokee (1984-on) (For Grand Cherokee for 2014 on use 02-422.),44820,44820,0,No,1,"Two-Way, Not Divided",8,Not Reported,55,55 MPH,1,Straight,2,"Grade, Unknown Slope",2,Wet,0,No Controls,0,No Controls,1,Going Straight,1,Going Straight,88,Animal approaching road,16,Braking,1,Tracking,1,Stayed in original travel lane,13,C13-Single Driver-Forward Impact-Pedestrian/ Animal,103,Single Driver-Struck Object While Moving Forward
202304636961,1,77,77,9,2,"Midwest (OH, IN, IL, MI, WI, MN, ND, SD, NE, IA, MO, KS)",2,Rural Area,9,Stratum 9 - LMY PV No Injuries in Crash,4151,138.14428062,1,1,January,17,5:00pm-5:59pm,0,0,11,Live Animal,0,The First Harmful Event was Not a Collision with a Motor Vehicle In-Transport,2,02,1,Motor Vehicle In-Transport (Inside or Outside the Trafficway),0,No,3GNCJLSB7KL1,3GNCJLSB7KL1,2019,2019,2019,2019,467,Chevrolet,10988,Trax,7,Sport Utility Vehicle (SUV)/Multi-Purpose Vehicle (MPV),20,Chevrolet,406,14,"Compact Utility (Utility Vehicle Categories ""Small"" and ""Midsize"")",0,Not Applicable,11,"Class 1: 6,000 lbs. or less (2,722 kg or less)",11,"Class 1: 6,000 lbs. or less (2,722 kg or less)",0,No Trailers,777777777777,No Trailing Units,777777777777,No Trailing Units,777777777777,No Trailing Units,77,No Trailing Units,77,No Trailing Units,77,No Trailing Units,0,Not an Articulated Vehicle,00000000000,Not Applicable,0,Not Applicable,0,Not Applicable,0,Not Applicable,0,Not Applicable (N/A),1,No,0,Not Applicable,0,Not Applicable,0,Not Applicable,0,Not Applicable,0,Not a Bus,0,No Special Use Noted,0,Not Applicable,998,Not Reported,7,Not Applicable,0,No Rollover,0,No Rollover,12,12 Clock Point,12,12 Clock Point,6,Disabling Damage,6,Towed,11,Live Animal,11,Live Animal,0,No or Not Reported,1,Yes,0,No Apparent Injury (O),0,No Apparent Injury (O),0,No Person Injured in Vehicle,0,No Person Injured in Vehicle,9,Reported as Unknown,2,No Alcohol Involved,20406,Chevrolet Trax,99998,Not Reported,0,No,8,Not Reported,2,Two lanes,98,Not Reported,8,Not Reported,8,Not Reported,98,Not Reported,97,Not Reported,8,Not Reported,1,Going Straight,1,Going Straight,89,Animal -unknown location,99,Unknown/Not Reported,1,Tracking,1,Stayed in original travel lane,13,C13-Single Driver-Forward Impact-Pedestrian/ Animal,103,Single Driver-Struck Object While Moving Forward
202304636966,1,63,63,16,3,"South (MD, DE, DC, WV, VA, KY, TN, NC, SC, GA, FL, AL, MS, LA, AR, OK, TX)",2,Rural Area,3,Stratum 3 - Motorcycle Any Injury,4135,25.357948747,1,1,January,11,11:00am-11:59am,25,25,43,Other Fixed Object,0,The First Harmful Event was Not a Collision with a Motor Vehicle In-Transport,1,01,1,Motor Vehicle In-Transport (Inside or Outside the Trafficway),0,No,000000000000,"No VIN Required, Not a Vehicle for Road Use",9999,Unknown,2021,2021,510,Kawasaki,12798,KX450,84,Off-road Vehicle - Dirt Bike / Off-Road,73,Kawasaki,709,83,Off-road Motorcycle,0,Not Applicable,11,"Class 1: 6,000 lbs. or less (2,722 kg or less)",11,"Class 1: 6,000 lbs. or less (2,722 kg or less)",0,No Trailers,777777777777,No Trailing Units,777777777777,No Trailing Units,777777777777,No Trailing Units,77,No Trailing Units,77,No Trailing Units,77,No Trailing Units,0,Not an Articulated Vehicle,00000000000,Not Applicable,0,Not Applicable,0,Not Applicable,0,Not Applicable,0,Not Applicable (N/A),1,No,0,Not Applicable,0,Not Applicable,0,Not Applicable,0,Not Applicable,0,Not a Bus,0,No Special Use Noted,0,Not Applicable,998,Not Reported,7,Not Applicable,8,Not Applicable,8,Not Applicable,98,Not Reported,12,12 Clock Point,8,Not Reported,8,Not Reported,43,Other Fixed Object,43,Other Fixed Object,0,No or Not Reported,1,Yes,2,Suspected Minor Injury (B),2,Suspected Minor Injury (B),1,1,1,1,9,Reported as Unknown,2,No Alcohol Involved,73709,Kawasaki Unknown cc,75766,75766,4,"Yes, Too Fast for Conditions",1,"Two-Way, Not Divided",2,Two lanes,70,70 MPH,1,Straight,2,"Grade, Unknown Slope",1,Dry,0,No Controls,0,No Controls,1,Going Straight,1,Going Straight,98,Other critical precrash event (specify:),99,Unknown/Not Reported,1,Tracking,5,Remained off roadway,15,C15-Single Driver-Forward Impact-Specifics Other,103,Single Driver-Struck Object While Moving Forward
202304636984,1,58,58,6,2,"Midwest (OH, IN, IL, MI, WI, MN, ND, SD, NE, IA, MO, KS)",1,Urban Area,6,Stratum 6 - LMY PV Minor Injury,4143,52.072729333,2,1,January,14,2:00pm-2:59pm,37,37,12,Motor Vehicle In-Transport,8,Sideswipe - Opposite Direction,1,01,1,Motor Vehicle In-Transport (Inside or Outside the Trafficway),0,No,2T3ZF4DV7AW0,2T3ZF4DV7AW0,2010,2010,2010,2010,448,Toyota,2217,RAV4,7,Sport Utility Vehicle (SUV)/Multi-Purpose Vehicle (MPV),49,Toyota,402,14,"Compact Utility (Utility Vehicle Categories ""Small"" and ""Midsize"")",0,Not Applicable,11,"Class 1: 6,000 lbs. or less (2,722 kg or less)",11,"Class 1: 6,000 lbs. or less (2,722 kg or less)",0,No Trailers,777777777777,No Trailing Units,777777777777,No Trailing Units,777777777777,No Trailing Units,77,No Trailing Units,77,No Trailing Units,77,No Trailing Units,0,Not an Articulated Vehicle,00000000000,Not Applicable,0,Not Applicable,0,Not Applicable,0,Not Applicable,0,Not Applicable (N/A),1,No,0,Not Applicable,0,Not Applicable,0,Not Applicable,0,Not Applicable,0,Not a Bus,0,No Special Use Noted,0,Not Applicable,998,Not Reported,0,No Underride or Override,0,No Rollover,0,No Rollover,11,11 Clock Point,11,11 Clock Point,6,Disabling Damage,6,Towed,12,Motor Vehicle In-Transport,12,Motor Vehicle In-Transport,0,No or Not Reported,1,Yes,1,Possible Injury (C),1,Possible Injury (C),1,1,1,1,2,No Alcohol Involved,2,No Alcohol Involved,49402,Toyota RAV4 *,53527,53527,0,No,3,"Two-Way,  Divided, Positive  Median Barrier",3,Three lanes,25,25 MPH,1,Straight,1,Level,98,Not Reported,3,Traffic control signal(on colors) not known whether or not Pedestrian Signal,3,Device Functioning Properly,11,Turning Left,11,Turning Left,15,Turning Left,99,Unknown/Not Reported,1,Tracking,1,Stayed in original travel lane,68,J68-Trafficway Vehicle Turning-Turn Across Path-Initial Opposite Directions (Left/Right),401,"Changing Trafficway, Vehicle Turning-Turn Across Path, Initial Opposite Directions [Left/Right]"
202304636984,2,58,58,6,2,"Midwest (OH, IN, IL, MI, WI, MN, ND, SD, NE, IA, MO, KS)",1,Urban Area,6,Stratum 6 - LMY PV Minor Injury,4143,52.072729333,2,1,January,14,2:00pm-2:59pm,37,37,12,Motor Vehicle In-Transport,8,Sideswipe - Opposite Direction,3,03,1,Motor Vehicle In-Transport (Inside or Outside the Trafficway),0,No,KM8R4DHE6NU3,KM8R4DHE6NU3,2022,2022,2022,2022,498,Hyundai,25847,Palisade,7,Sport Utility Vehicle (SUV)/Multi-Purpose Vehicle (MPV),55,Hyundai,422,15,"Large utility (ANSI D16.1 Utility Vehicle Categories and ""Full Size"" and ""Large"")",0,Not Applicable,11,"Class 1: 6,000 lbs. or less (2,722 kg or less)",11,"Class 1: 6,000 lbs. or less (2,722 kg or less)",0,No Trailers,777777777777,No Trailing Units,777777777777,No Trailing Units,777777777777,No Trailing Units,77,No Trailing Units,77,No Trailing Units,77,No Trailing Units,0,Not an Articulated Vehicle,00000000000,Not Applicable,0,Not Applicable,0,Not Applicable,0,Not Applicable,0,Not Applicable (N/A),1,No,0,Not Applicable,0,Not Applicable,0,Not Applicable,0,Not Applicable,0,Not a Bus,0,No Special Use Noted,0,Not Applicable,998,Not Reported,0,No Underride or Override,0,No Rollover,0,No Rollover,10,10 Clock Point,10,10 Clock Point,6,Disabling Damage,6,Towed,12,Motor Vehicle In-Transport,12,Motor Vehicle In-Transport,0,No or Not Reported,1,Yes,2,Suspected Minor Injury (B),2,Suspected Minor Injury (B),1,1,1,1,2,No Alcohol Involved,2,No Alcohol Involved,55422,Hyundai Palisade,53590,53590,0,No,3,"Two-Way,  Divided, Positive  Median Barrier",2,Two lanes,25,25 MPH,1,Straight,1,Level,1,Dry,3,Traffic control signal(on colors) not known whether or not Pedestrian Signal,3,Device Functioning Properly,1,Going Straight,1,Going Straight,62,From opposite direction  over left lane line,99,Unknown/Not Reported,1,Tracking,1,Stayed in original travel lane,69,J69-Trafficway Vehicle Turning-Turn Across Path-Initial Opposite Directions (Going Straight),402,"Changing Trafficway, Vehicle Turning-Turn Across Path, Initial Opposite Directions [Going Straight]"
202304637026,1,40,40,15,3,"South (MD, DE, DC, WV, VA, KY, TN, NC, SC, GA, FL, AL, MS, LA, AR, OK, TX)",1,Urban Area,8,Stratum 8 - NLMY PV Minor Injury,4147,134.72857413,2,1,January,21,9:00pm-9:59pm,42,42,12,Motor Vehicle In-Transport,6,Angle,1,01,1,Motor Vehicle In-Transport (Inside or Outside the Trafficway),0,No,JM3ER29V3803,JM3ER29V3803,2008,2008,2008,2008,473,Mazda,2076,CX-7,7,Sport Utility Vehicle (SUV)/Multi-Purpose Vehicle (MPV),41,Mazda,53,5,5-door/4-door hatchback,0,Not Applicable,11,"Class 1: 6,000 lbs. or less (2,722 kg or less)",11,"Class 1: 6,000 lbs. or less (2,722 kg or less)",0,No Trailers,777777777777,No Trailing Units,777777777777,No Trailing Units,777777777777,No Trailing Units,77,No Trailing Units,77,No Trailing Units,77,No Trailing Units,0,Not an Articulated Vehicle,00000000000,Not Applicable,0,Not Applicable,0,Not Applicable,0,Not Applicable,0,Not Applicable (N/A),1,No,0,Not Applicable,0,Not Applicable,0,Not Applicable,0,Not Applicable,0,Not a Bus,0,No Special Use Noted,0,Not Applicable,998,Not Reported,8,Not Reported,0,No Rollover,0,No Rollover,3,3 Clock Point,3,3 Clock Point,7,"Damage Reported, Extent Unknown",8,Not Reported,12,Motor Vehicle In-Transport,12,Motor Vehicle In-Transport,0,No or Not Reported,1,Yes,0,No Apparent Injury (O),0,No Apparent Injury (O),0,No Person Injured in Vehicle,0,No Person Injured in Vehicle,9,Reported as Unknown,2,No Alcohol Involved,41053,Mazda CX-7,99998,Not Reported,0,No,4,One-Way Trafficway,2,Two lanes,99,Reported as Unknown,1,Straight,1,Level,1,Dry,20,Stop Sign,3,Device Functioning Properly,1,Going Straight,1,Going Straight,17,Crossing Over (Passing Through) Junction,99,Unknown/Not Reported,1,Tracking,1,Stayed in original travel lane,87,L87-Intersecting Paths-Straight Paths-Struck on the Right,502,"Intersecting Paths-Straight Paths, Struck on the Right"
202304637026,2,40,40,15,3,"South (MD, DE, DC, WV, VA, KY, TN, NC, SC, GA, FL, AL, MS, LA, AR, OK, TX)",1,Urban Area,8,Stratum 8 - NLMY PV Minor Injury,4147,134.72857413,2,1,January,21,9:00pm-9:59pm,42,42,12,Motor Vehicle In-Transport,6,Angle,2,02,1,Motor Vehicle In-Transport (Inside or Outside the Trafficway),0,No,1FMEU63E27UA,1FMEU63E27UA,2007,2007,2007,2007,460,Ford,1800,Explorer,7,Sport Utility Vehicle (SUV)/Multi-Purpose Vehicle (MPV),12,Ford,401,14,"Compact Utility (Utility Vehicle Categories ""Small"" and ""Midsize"")",0,Not Applicable,12,"Class 2: 6,001 - 10,000 lbs. (2,722 - 4,536 kg)",12,"Class 2: 6,001 - 10,000 lbs. (2,722 - 4,536 kg)",0,No Trailers,777777777777,No Trailing Units,777777777777,No Trailing Units,777777777777,No Trailing Units,77,No Trailing Units,77,No Trailing Units,77,No Trailing Units,0,Not an Articulated Vehicle,00000000000,Not Applicable,0,Not Applicable,0,Not Applicable,0,Not Applicable,0,Not Applicable (N/A),1,No,0,Not Applicable,0,Not Applicable,0,Not Applicable,0,Not Applicable,0,Not a Bus,0,No Special Use Noted,0,Not Applicable,998,Not Reported,8,Not Reported,0,No Rollover,0,No Rollover,12,12 Clock Point,12,12 Clock Point,7,"Damage Reported, Extent Unknown",8,Not Reported,12,Motor Vehicle In-Transport,12,Motor Vehicle In-Transport,0,No or Not Reported,1,Yes,2,Suspected Minor Injury (B),2,Suspected Minor Injury (B),1,1,1,1,9,Reported as Unknown,2,No Alcohol Involved,12401,"Ford Bronco (thru 1977)/Bronco II/Explorer/Explorer Sport (Explorer for 1990-2018 only.  For model years 2019 on, see 12-425.)",99998,Not Reported,0,No,4,One-Way Trafficway,2,Two lanes,99,Reported as Unknown,1,Straight,8,Not Reported,98,Not Reported,97,Not Reported,8,Not Reported,1,Going Straight,1,Going Straight,66,"From crossing street, across path",99,Unknown/Not Reported,1,Tracking,1,Stayed in original travel lane,86,L86-Intersecting Paths-Straight Paths-Striking from the Right,501,"Intersecting Paths-Straight Paths, Striking from the Right"
202304637033,1,40,40,15,3,"South (MD, DE, DC, WV, VA, KY, TN, NC, SC, GA, FL, AL, MS, LA, AR, OK, TX)",1,Urban Area,10,Stratum 10 - Other,4147,221.35366521,1,1,January,7,7:00am-7:59am,30,30,34,Ditch,0,The First Harmful Event was Not a Collision with a Motor Vehicle In-Transport,1,01,1,Motor Vehicle In-Transport (Inside or Outside the Trafficway),0,No,2D4RN4DE5AR2,2D4RN4DE5AR2,2010,2010,2010,2010,476,Dodge,14832,Grand Caravan,2,Minivan,7,Dodge,442,20,"Minivan (Chrysler Town and Country, Caravan, Grand Caravan, Voyager, Voyager, Honda-Odyssey, ...)",0,Not Applicable,12,"Class 2: 6,001 - 10,000 lbs. (2,722 - 4,536 kg)",12,"Class 2: 6,001 - 10,000 lbs. (2,722 - 4,536 kg)",0,No Trailers,777777777777,No Trailing Units,777777777777,No Trailing Units,777777777777,No Trailing Units,77,No Trailing Units,77,No Trailing Units,77,No Trailing Units,0,Not an Articulated Vehicle,00000000000,Not Applicable,0,Not Applicable,0,Not Applicable,0,Not Applicable,0,Not Applicable (N/A),1,No,0,Not Applicable,0,Not Applicable,0,Not Applicable,0,Not Applicable,0,Not a Bus,0,No Special Use Noted,0,Not Applicable,70,070 MPH,7,Not Applicable,0,No Rollover,0,No Rollover,4,4 Clock Point,4,4 Clock Point,6,Disabling Damage,6,Towed,34,Ditch,34,Ditch,0,No or Not Reported,1,Yes,0,No Apparent Injury (O),0,No Apparent Injury (O),0,No Person Injured in Vehicle,0,No Person Injured in Vehicle,2,No Alcohol Involved,2,No Alcohol Involved,7442,Dodge Caravan/Grand Caravan,99998,Not Reported,4,"Yes, Too Fast for Conditions",6,Entrance/Exit Ramp,2,Two lanes,55,55 MPH,2,Curve - Right,1,Level,2,Wet,0,No Controls,0,No Controls,14,Negotiating a Curve,14,Negotiating a Curve,6,Traveling Too Fast for Conditions or Road Configuration,99,Unknown/Not Reported,4,Skidding laterally counterclockwise rotation,4,Departed roadway,7,B7-Single Driver-Left Roadside Departure-Control/Traction Loss,102,Single Driver-Left Roadside Departure
202304637470,1,25,25,8,2,"Midwest (OH, IN, IL, MI, WI, MN, ND, SD, NE, IA, MO, KS)",1,Urban Area,8,Stratum 8 - NLMY PV Minor Injury,4150,131.83084766,2,1,January,16,4:00pm-4:59pm,1,1,12,Motor Vehicle In-Transport,1,Front-to-Rear,1,01,1,Motor Vehicle In-Transport (Inside or Outside the Trafficway),0,No,1D7HU18D75S2,1D7HU18D75S2,2005,2005,2005,2005,476,Dodge,1938,Ram,60,Pickup,7,Dodge,482,34,Light Pickup,0,Not Applicable,12,"Class 2: 6,001 - 10,000 lbs. (2,722 - 4,536 kg)",12,"Class 2: 6,001 - 10,000 lbs. (2,722 - 4,536 kg)",0,No Trailers,777777777777,No Trailing Units,777777777777,No Trailing Units,777777777777,No Trailing Units,77,No Trailing Units,77,No Trailing Units,77,No Trailing Units,0,Not an Articulated Vehicle,00000000000,Not Applicable,0,Not Applicable,0,Not Applicable,0,Not Applicable,0,Not Applicable (N/A),1,No,0,Not Applicable,0,Not Applicable,0,Not Applicable,0,Not Applicable,0,Not a Bus,0,No Special Use Noted,0,Not Applicable,2,002 MPH,8,Not Reported,0,No Rollover,0,No Rollover,6,6 Clock Point,6,6 Clock Point,6,Disabling Damage,6,Towed,12,Motor Vehicle In-Transport,12,Motor Vehicle In-Transport,0,No or Not Reported,1,Yes,1,Possible Injury (C),1,Possible Injury (C),1,1,1,1,9,Reported as Unknown,2,No Alcohol Involved,7482,Dodge Ram Pickup,44481,44481,0,No,5,"Two-Way, Not Divided With a Continuous Left-Turn Lane",5,Five lanes,40,40 MPH,1,Straight,1,Level,2,Wet,3,Traffic control signal(on colors) not known whether or not Pedestrian Signal,3,Device Functioning Properly,10,Turning Right,10,Turning Right,53,Traveling in same direction with higher speed,99,Unknown/Not Reported,1,Tracking,1,Stayed in original travel lane,27,"D27-Same Trafficway, Same Direction-Rear End-Slower, Going Right",201,"Same Trafficway, Same Direction-Rear End, Trailing Vehicle"
202304637470,2,25,25,8,2,"Midwest (OH, IN, IL, MI, WI, MN, ND, SD, NE, IA, MO, KS)",1,Urban Area,8,Stratum 8 - NLMY PV Minor Injury,4150,131.83084766,2,1,January,16,4:00pm-4:59pm,1,1,12,Motor Vehicle In-Transport,1,Front-to-Rear,1,01,1,Motor Vehicle In-Transport (Inside or Outside the Trafficway),0,No,1J4RG4GKXAC1,1J4RG4GKXAC1,2010,2010,2010,2010,483,Jeep,1948,Commander,7,Sport Utility Vehicle (SUV)/Multi-Purpose Vehicle (MPV),2,Jeep / Kaiser-Jeep / Willys- Jeep,406,14,"Compact Utility (Utility Vehicle Categories ""Small"" and ""Midsize"")",0,Not Applicable,12,"Class 2: 6,001 - 10,000 lbs. (2,722 - 4,536 kg)",12,"Class 2: 6,001 - 10,000 lbs. (2,722 - 4,536 kg)",0,No Trailers,777777777777,No Trailing Units,777777777777,No Trailing Units,777777777777,No Trailing Units,77,No Trailing Units,77,No Trailing Units,77,No Trailing Units,0,Not an Articulated Vehicle,00000000000,Not Applicable,0,Not Applicable,0,Not Applicable,0,Not Applicable,0,Not Applicable (N/A),1,No,0,Not Applicable,0,Not Applicable,0,Not Applicable,0,Not Applicable,0,Not a Bus,0,No Special Use Noted,0,Not Applicable,30,030 MPH,8,Not Reported,0,No Rollover,0,No Rollover,12,12 Clock Point,12,12 Clock Point,6,Disabling Damage,6,Towed,12,Motor Vehicle In-Transport,12,Motor Vehicle In-Transport,0,No or Not Reported,1,Yes,1,Possible Injury (C),1,Possible Injury (C),1,1,1,1,9,Reported as Unknown,2,No Alcohol Involved,2406,Jeep / Kaiser-Jeep / Willys- Jeep Commander,44515,44515,0,No,5,"Two-Way, Not Divided With a Continuous Left-Turn Lane",5,Five lanes,40,40 MPH,1,Straight,1,Level,2,Wet,3,Traffic control signal(on colors) not known whether or not Pedestrian Signal,3,Device Functioning Properly,1,Going Straight,1,Going Straight,51,Traveling in same direction with lower steady speed,99,Unknown/Not Reported,1,Tracking,1,Stayed in original travel lane,24,"D24-Same Trafficway, Same Direction-Rear End-Slower",202,"Same Trafficway, Same Direction-Rear End, Lead Vehicle"
202304637474,1,25,25,8,2,"Midwest (OH, IN, IL, MI, WI, MN, ND, SD, NE, IA, MO, KS)",1,Urban Area,9,Stratum 9 - LMY PV No Injuries in Crash,4150,138.4046856,2,1,January,15,3:00pm-3:59pm,45,45,12,Motor Vehicle In-Transport,6,Angle,1,01,1,Motor Vehicle In-Transport (Inside or Outside the Trafficway),0,No,KNDPMCAC6L78,KNDPMCAC6L78,2020,2020,2020,2020,499,Kia,2770,Sportage,7,Sport Utility Vehicle (SUV)/Multi-Purpose Vehicle (MPV),63,KIA,401,14,"Compact Utility (Utility Vehicle Categories ""Small"" and ""Midsize"")",0,Not Applicable,11,"Class 1: 6,000 lbs. or less (2,722 kg or less)",11,"Class 1: 6,000 lbs. or less (2,722 kg or less)",0,No Trailers,777777777777,No Trailing Units,777777777777,No Trailing Units,777777777777,No Trailing Units,77,No Trailing Units,77,No Trailing Units,77,No Trailing Units,0,Not an Articulated Vehicle,00000000000,Not Applicable,0,Not Applicable,0,Not Applicable,0,Not Applicable,0,Not Applicable (N/A),1,No,0,Not Applicable,0,Not Applicable,0,Not Applicable,0,Not Applicable,0,Not a Bus,0,No Special Use Noted,0,Not Applicable,15,015 MPH,0,No Underride or Override,0,No Rollover,0,No Rollover,5,5 Clock Point,5,5 Clock Point,2,Minor Damage,8,Not Reported,12,Motor Vehicle In-Transport,12,Motor Vehicle In-Transport,0,No or Not Reported,1,Yes,0,No Apparent Injury (O),0,No Apparent Injury (O),0,No Person Injured in Vehicle,0,No Person Injured in Vehicle,9,Reported as Unknown,2,No Alcohol Involved,63401,KIA Sportage,44515,44515,0,No,1,"Two-Way, Not Divided",4,Four lanes,35,35 MPH,1,Straight,2,"Grade, Unknown Slope",2,Wet,0,No Controls,0,No Controls,1,Going Straight,1,Going Straight,70,"From driveway, turning into same direction",99,Unknown/Not Reported,1,Tracking,1,Stayed in original travel lane,79,K79-Trafficway Vehicle Turning-Turn Into Path-Turn Into Same Direction (Going Straight),411,"Changing Trafficway, Vehicle Turning-Turn Into Path, Turn into Same Direction [Going Straight, Other Vehicle Turning Right]"
202304637474,2,25,25,8,2,"Midwest (OH, IN, IL, MI, WI, MN, ND, SD, NE, IA, MO, KS)",1,Urban Area,9,Stratum 9 - LMY PV No Injuries in Crash,4150,138.4046856,2,1,January,15,3:00pm-3:59pm,45,45,12,Motor Vehicle In-Transport,6,Angle,99,Unknown,1,Motor Vehicle In-Transport (Inside or Outside the Trafficway),1,Yes,888888888888,Not Reported,9999,Unknown,2022,2022,483,Jeep,1945,Cherokee,7,Sport Utility Vehicle (SUV)/Multi-Purpose Vehicle (MPV),2,Jeep / Kaiser-Jeep / Willys- Jeep,999,49,"Unknown light vehicle type (automobile,utility vehicle, van, or light truck)",0,Not Applicable,11,"Class 1: 6,000 lbs. or less (2,722 kg or less)",12,"Class 2: 6,001 - 10,000 lbs. (2,722 - 4,536 kg)",0,No Trailers,777777777777,No Trailing Units,777777777777,No Trailing Units,777777777777,No Trailing Units,77,No Trailing Units,77,No Trailing Units,77,No Trailing Units,0,Not an Articulated Vehicle,00000000000,Not Applicable,0,Not Applicable,0,Not Applicable,0,Not Applicable,0,Not Applicable (N/A),1,No,0,Not Applicable,0,Not Applicable,0,Not Applicable,0,Not Applicable,0,Not a Bus,0,No Special Use Noted,0,Not Applicable,998,Not Reported,0,No Underride or Override,0,No Rollover,0,No Rollover,12,12 Clock Point,12,12 Clock Point,2,Minor Damage,5,Not Towed,12,Motor Vehicle In-Transport,12,Motor Vehicle In-Transport,0,No or Not Reported,1,Yes,9,Unknown/Not Reported,0,No Apparent Injury (O),99,All Persons in Vehicle are unknown if Injured,0,No Person Injured in Vehicle,9,Reported as Unknown,2,No Alcohol Involved,2999,Jeep / Kaiser-Jeep / Willys- Jeep Unknown (JEEP),99998,Not Reported,0,No,0,Non-Trafficway or Driveway Access,0,Non-Trafficway or Driveway Access,0,No Statutory Limit/Non-Trafficway or Driveway Access,0,Non-Trafficway or Driveway Access,0,Non-Trafficway or Driveway Access,0,Non-Trafficway or Driveway Access,97,Not Reported,8,Not Reported,10,Turning Right,10,Turning Right,16,Turning Right,99,Unknown/Not Reported,1,Tracking,1,Stayed in original travel lane,78,K78-Trafficway Vehicle Turning-Turn Into Path-Turn Into Same Direction (Turning Right),410,"Changing Trafficway, Vehicle Turning-Turn Into Path, Turn into Same Direction [Turning Right]"
202304637482,1,25,25,8,2,"Midwest (OH, IN, IL, MI, WI, MN, ND, SD, NE, IA, MO, KS)",1,Urban Area,10,Stratum 10 - Other,4150,218.84769319,2,1,January,9,9:00am-9:59am,51,51,12,Motor Vehicle In-Transport,7,Sideswipe - Same Direction,2,02,1,Motor Vehicle In-Transport (Inside or Outside the Trafficway),0,No,2G1WT58K2693,2G1WT58K2693,2006,2006,2006,2006,467,Chevrolet,1833,Impala,13,Sedan/Saloon,20,Chevrolet,2,4,"4-door sedan, hardtop",0,Not Applicable,11,"Class 1: 6,000 lbs. or less (2,722 kg or less)",11,"Class 1: 6,000 lbs. or less (2,722 kg or less)",0,No Trailers,777777777777,No Trailing Units,777777777777,No Trailing Units,777777777777,No Trailing Units,77,No Trailing Units,77,No Trailing Units,77,No Trailing Units,0,Not an Articulated Vehicle,00000000000,Not Applicable,0,Not Applicable,0,Not Applicable,0,Not Applicable,0,Not Applicable (N/A),1,No,0,Not Applicable,0,Not Applicable,0,Not Applicable,0,Not Applicable,0,Not a Bus,0,No Special Use Noted,0,Not Applicable,998,Not Reported,0,No Underride or Override,0,No Rollover,0,No Rollover,4,4 Clock Point,4,4 Clock Point,2,Minor Damage,8,Not Reported,12,Motor Vehicle In-Transport,12,Motor Vehicle In-Transport,0,No or Not Reported,1,Yes,0,No Apparent Injury (O),0,No Apparent Injury (O),0,No Person Injured in Vehicle,0,No Person Injured in Vehicle,9,Reported as Unknown,2,No Alcohol Involved,20002,"Chevrolet Impala/Caprice (For SS from 2014 on, use 20-021.)",44705,44705,0,No,1,"Two-Way, Not Divided",4,Four lanes,98,Not Reported,1,Straight,1,Level,6,Water (Standing or Moving),0,No Controls,0,No Controls,15,Changing Lanes,15,Changing Lanes,11,Over the lane line on right side of travel lane,99,Unknown/Not Reported,1,Tracking,2,"Stayed on roadway, but left original travel lane",46,"F46-Same Trafficway, Same Direction-Angle, Sideswipe-Changing Lanes to the Right",207,"Same Trafficway, Same Direction-Sideswipe, Angle, Vehicle on Left"
202304637482,2,25,25,8,2,"Midwest (OH, IN, IL, MI, WI, MN, ND, SD, NE, IA, MO, KS)",1,Urban Area,10,Stratum 10 - Other,4150,218.84769319,2,1,January,9,9:00am-9:59am,51,51,12,Motor Vehicle In-Transport,7,Sideswipe - Same Direction,1,01,1,Motor Vehicle In-Transport (Inside or Outside the Trafficway),0,No,1G1PC5SB0E74,1G1PC5SB0E74,2014,2014,2014,2014,467,Chevrolet,1832,Cruze,13,Sedan/Saloon,20,Chevrolet,25,4,"4-door sedan, hardtop",0,Not Applicable,11,"Class 1: 6,000 lbs. or less (2,722 kg or less)",11,"Class 1: 6,000 lbs. or less (2,722 kg or less)",0,No Trailers,777777777777,No Trailing Units,777777777777,No Trailing Units,777777777777,No Trailing Units,77,No Trailing Units,77,No Trailing Units,77,No Trailing Units,0,Not an Articulated Vehicle,00000000000,Not Applicable,0,Not Applicable,0,Not Applicable,0,Not Applicable,0,Not Applicable (N/A),1,No,0,Not Applicable,0,Not Applicable,0,Not Applicable,0,Not Applicable,0,Not a Bus,0,No Special Use Noted,0,Not Applicable,998,Not Reported,0,No Underride or Override,0,No Rollover,0,No Rollover,9,9 Clock Point,9,9 Clock Point,2,Minor Damage,8,Not Reported,12,Motor Vehicle In-Transport,12,Motor Vehicle In-Transport,0,No or Not Reported,1,Yes,0,No Apparent Injury (O),0,No Apparent Injury (O),0,No Person Injured in Vehicle,0,No Person Injured in Vehicle,9,Reported as Unknown,2,No Alcohol Involved,20025,Chevrolet Cruze,44709,44709,0,No,1,"Two-Way, Not Divided",4,Four lanes,98,Not Reported,1,Straight,1,Level,6,Water (Standing or Moving),0,No Controls,0,No Controls,1,Going Straight,1,Going Straight,60,From adjacent lane (same direction) over left lane line,99,Unknown/Not Reported,1,Tracking,1,Stayed in original travel lane,45,"F45-Same Trafficway, Same Direction-Angle, Sideswipe-Straight Ahead on Left/Right",208,"Same Trafficway, Same Direction-Sideswipe, Angle, Vehicle on Right"
202304637495,1,32,32,17,3,"South (MD, DE, DC, WV, VA, KY, TN, NC, SC, GA, FL, AL, MS, LA, AR, OK, TX)",2,Rural Area,8,Stratum 8 - NLMY PV Minor Injury,4145,132.26105527,1,1,January,14,2:00pm-2:59pm,15,15,42,Tree (Standing Only),0,The First Harmful Event was Not a Collision with a Motor Vehicle In-Transport,1,01,1,Motor Vehicle In-Transport (Inside or Outside the Trafficway),0,No,1FMHK8B86CGA,1FMHK8B86CGA,2012,2012,2012,2012,460,Ford,1800,Explorer,7,Sport Utility Vehicle (SUV)/Multi-Purpose Vehicle (MPV),12,Ford,401,14,"Compact Utility (Utility Vehicle Categories ""Small"" and ""Midsize"")",0,Not Applicable,12,"Class 2: 6,001 - 10,000 lbs. (2,722 - 4,536 kg)",12,"Class 2: 6,001 - 10,000 lbs. (2,722 - 4,536 kg)",0,No Trailers,777777777777,No Trailing Units,777777777777,No Trailing Units,777777777777,No Trailing Units,77,No Trailing Units,77,No Trailing Units,77,No Trailing Units,0,Not an Articulated Vehicle,00000000000,Not Applicable,0,Not Applicable,0,Not Applicable,0,Not Applicable,0,Not Applicable (N/A),1,No,0,Not Applicable,0,Not Applicable,0,Not Applicable,0,Not Applicable,0,Not a Bus,0,No Special Use Noted,0,Not Applicable,998,Not Reported,7,Not Applicable,0,No Rollover,0,No Rollover,12,12 Clock Point,12,12 Clock Point,6,Disabling Damage,6,Towed,42,Tree (Standing Only),42,Tree (Standing Only),0,No or Not Reported,1,Yes,1,Possible Injury (C),1,Possible Injury (C),1,1,1,1,2,No Alcohol Involved,2,No Alcohol Involved,12401,"Ford Bronco (thru 1977)/Bronco II/Explorer/Explorer Sport (Explorer for 1990-2018 only.  For model years 2019 on, see 12-425.)",37727,37727,0,No,1,"Two-Way, Not Divided",8,Not Reported,45,45 MPH,1,Straight,1,Level,1,Dry,0,No Controls,0,No Controls,1,Going Straight,1,Going Straight,12,Off the edge of the road on the left side,1,No Avoidance Maneuver,1,Tracking,4,Departed roadway,6,B6-Single Driver-Left Roadside Departure-Drive Off Road,102,Single Driver-Left Roadside Departure
202304637518,1,47,47,9,2,"Midwest (OH, IN, IL, MI, WI, MN, ND, SD, NE, IA, MO, KS)",2,Rural Area,10,Stratum 10 - Other,4153,218.1275432,2,1,January,19,7:00pm-7:59pm,34,34,12,Motor Vehicle In-Transport,1,Front-to-Rear,2,02,1,Motor Vehicle In-Transport (Inside or Outside the Trafficway),0,No,1GNDT13S6521,1GNDT13S6521,2005,2005,2005,2005,467,Chevrolet,4548,Trailblazer,7,Sport Utility Vehicle (SUV)/Multi-Purpose Vehicle (MPV),20,Chevrolet,403,14,"Compact Utility (Utility Vehicle Categories ""Small"" and ""Midsize"")",0,Not Applicable,11,"Class 1: 6,000 lbs. or less (2,722 kg or less)",11,"Class 1: 6,000 lbs. or less (2,722 kg or less)",0,No Trailers,777777777777,No Trailing Units,777777777777,No Trailing Units,777777777777,No Trailing Units,77,No Trailing Units,77,No Trailing Units,77,No Trailing Units,0,Not an Articulated Vehicle,00000000000,Not Applicable,0,Not Applicable,0,Not Applicable,0,Not Applicable,0,Not Applicable (N/A),1,No,0,Not Applicable,0,Not Applicable,0,Not Applicable,0,Not Applicable,0,Not a Bus,0,No Special Use Noted,0,Not Applicable,5,005 MPH,8,Not Reported,0,No Rollover,0,No Rollover,6,6 Clock Point,6,6 Clock Point,0,No Damage,8,Not Reported,12,Motor Vehicle In-Transport,12,Motor Vehicle In-Transport,0,No or Not Reported,1,Yes,0,No Apparent Injury (O),0,No Apparent Injury (O),0,No Person Injured in Vehicle,0,No Person Injured in Vehicle,9,Reported as Unknown,2,No Alcohol Involved,20403,"Chevrolet TrailBlazer (2003 on; for 2002 model, see 401)",43301,43301,0,No,1,"Two-Way, Not Divided",4,Four lanes,35,35 MPH,1,Straight,1,Level,2,Wet,0,No Controls,0,No Controls,13,Backing Up (other than for Parking Position),13,Backing Up (other than for Parking Position),20,Backing,99,Unknown/Not Reported,1,Tracking,1,Stayed in original travel lane,92,M92-Backing-Backing Veh.,992,Backing Vehicle
202304637518,2,47,47,9,2,"Midwest (OH, IN, IL, MI, WI, MN, ND, SD, NE, IA, MO, KS)",2,Rural Area,10,Stratum 10 - Other,4153,218.1275432,2,1,January,19,7:00pm-7:59pm,34,34,12,Motor Vehicle In-Transport,1,Front-to-Rear,4,04,1,Motor Vehicle In-Transport (Inside or Outside the Trafficway),0,No,2C3CCACG6CH2,2C3CCACG6CH2,2012,2012,2012,2012,477,Chrysler,1878,300,13,Sedan/Saloon,6,Chrysler,51,4,"4-door sedan, hardtop",0,Not Applicable,11,"Class 1: 6,000 lbs. or less (2,722 kg or less)",11,"Class 1: 6,000 lbs. or less (2,722 kg or less)",0,No Trailers,777777777777,No Trailing Units,777777777777,No Trailing Units,777777777777,No Trailing Units,77,No Trailing Units,77,No Trailing Units,77,No Trailing Units,0,Not an Articulated Vehicle,00000000000,Not Applicable,0,Not Applicable,0,Not Applicable,0,Not Applicable,0,Not Applicable (N/A),1,No,0,Not Applicable,0,Not Applicable,0,Not Applicable,0,Not Applicable,0,Not a Bus,0,No Special Use Noted,0,Not Applicable,0,Stopped Motor Vehicle In- Transport,8,Not Reported,0,No Rollover,0,No Rollover,12,12 Clock Point,12,12 Clock Point,2,Minor Damage,8,Not Reported,12,Motor Vehicle In-Transport,12,Motor Vehicle In-Transport,0,No or Not Reported,1,Yes,0,No Apparent Injury (O),0,No Apparent Injury (O),0,No Person Injured in Vehicle,0,No Person Injured in Vehicle,9,Reported as Unknown,2,No Alcohol Involved,6051,Chrysler 300M/300/300C/300S,28379,28379,0,No,1,"Two-Way, Not Divided",4,Four lanes,35,35 MPH,1,Straight,1,Level,2,Wet,0,No Controls,0,No Controls,5,Stopped in Roadway,5,Stopped in Roadway,56,Backing,1,No Avoidance Maneuver,1,Tracking,1,Stayed in original travel lane,93,M93-Backing-Other Vehicle,993,Other Vehicle
202304637519,1,67,67,8,2,"Midwest (OH, IN, IL, MI, WI, MN, ND, SD, NE, IA, MO, KS)",1,Urban Area,2,Stratum 2 - Not a MV Occupant Any Injury,4152,22.85254939,1,1,January,15,3:00pm-3:59pm,53,53,9,Pedalcyclist,0,The First Harmful Event was Not a Collision with a Motor Vehicle In-Transport,1,01,1,Motor Vehicle In-Transport (Inside or Outside the Trafficway),0,No,1FM5K8AR6GGC,1FM5K8AR6GGC,2016,2016,2016,2016,460,Ford,1800,Explorer,7,Sport Utility Vehicle (SUV)/Multi-Purpose Vehicle (MPV),12,Ford,401,14,"Compact Utility (Utility Vehicle Categories ""Small"" and ""Midsize"")",0,Not Applicable,12,"Class 2: 6,001 - 10,000 lbs. (2,722 - 4,536 kg)",12,"Class 2: 6,001 - 10,000 lbs. (2,722 - 4,536 kg)",0,No Trailers,777777777777,No Trailing Units,777777777777,No Trailing Units,777777777777,No Trailing Units,77,No Trailing Units,77,No Trailing Units,77,No Trailing Units,0,Not an Articulated Vehicle,00000000000,Not Applicable,0,Not Applicable,0,Not Applicable,0,Not Applicable,0,Not Applicable (N/A),1,No,0,Not Applicable,0,Not Applicable,0,Not Applicable,0,Not Applicable,0,Not a Bus,5,Police,5,"Emergency Operation, Emergency Warning Equipment in Use",0,Stopped Motor Vehicle In- Transport,7,Not Applicable,0,No Rollover,0,No Rollover,12,12 Clock Point,12,12 Clock Point,0,No Damage,8,Not Reported,9,Pedalcyclist,9,Pedalcyclist,0,No or Not Reported,1,Yes,0,No Apparent Injury (O),0,No Apparent Injury (O),0,No Person Injured in Vehicle,0,No Person Injured in Vehicle,9,Reported as Unknown,2,No Alcohol Involved,12401,"Ford Bronco (thru 1977)/Bronco II/Explorer/Explorer Sport (Explorer for 1990-2018 only.  For model years 2019 on, see 12-425.)",43123,43123,0,No,1,"Two-Way, Not Divided",2,Two lanes,35,35 MPH,1,Straight,1,Level,2,Wet,0,No Controls,0,No Controls,5,Stopped in Roadway,5,Stopped in Roadway,83,Pedalcyclist or other non-motorist in road,1,No Avoidance Maneuver,1,Tracking,1,Stayed in original travel lane,98,M98-Other Crash Type,998,Other Crash Type
202304637520,1,67,67,8,2,"Midwest (OH, IN, IL, MI, WI, MN, ND, SD, NE, IA, MO, KS)",1,Urban Area,4,Stratum 4 - LMY PV Serious Injury,4152,17.368065388,3,1,January,17,5:00pm-5:59pm,14,14,12,Motor Vehicle In-Transport,6,Angle,3,03,1,Motor Vehicle In-Transport (Inside or Outside the Trafficway),0,No,3KPF44AC4ME3,3KPF44AC4ME3,2021,2021,2021,2021,499,Kia,2462,Forte,13,Sedan/Saloon,63,KIA,38,4,"4-door sedan, hardtop",0,Not Applicable,11,"Class 1: 6,000 lbs. or less (2,722 kg or less)",11,"Class 1: 6,000 lbs. or less (2,722 kg or less)",0,No Trailers,777777777777,No Trailing Units,777777777777,No Trailing Units,777777777777,No Trailing Units,77,No Trailing Units,77,No Trailing Units,77,No Trailing Units,0,Not an Articulated Vehicle,00000000000,Not Applicable,0,Not Applicable,0,Not Applicable,0,Not Applicable,0,Not Applicable (N/A),1,No,0,Not Applicable,0,Not Applicable,0,Not Applicable,0,Not Applicable,0,Not a Bus,0,No Special Use Noted,0,Not Applicable,999,Reported as Unknown,8,Not Reported,0,No Rollover,0,No Rollover,3,3 Clock Point,3,3 Clock Point,6,Disabling Damage,6,Towed,12,Motor Vehicle In-Transport,12,Motor Vehicle In-Transport,0,No or Not Reported,1,Yes,4,Fatal Injury (K),4,Fatal Injury (K),3,3,3,3,9,Reported as Unknown,2,No Alcohol Involved,63038,KIA Forte,43062,43062,0,No,1,"Two-Way, Not Divided",5,Five lanes,50,50 MPH,1,Straight,2,"Grade, Unknown Slope",2,Wet,3,Traffic control signal(on colors) not known whether or not Pedestrian Signal,3,Device Functioning Properly,11,Turning Left,11,Turning Left,15,Turning Left,99,Unknown/Not Reported,1,Tracking,1,Stayed in original travel lane,68,J68-Trafficway Vehicle Turning-Turn Across Path-Initial Opposite Directions (Left/Right),401,"Changing Trafficway, Vehicle Turning-Turn Across Path, Initial Opposite Directions [Left/Right]"
202304637520,2,67,67,8,2,"Midwest (OH, IN, IL, MI, WI, MN, ND, SD, NE, IA, MO, KS)",1,Urban Area,4,Stratum 4 - LMY PV Serious Injury,4152,17.368065388,3,1,January,17,5:00pm-5:59pm,14,14,12,Motor Vehicle In-Transport,6,Angle,1,01,1,Motor Vehicle In-Transport (Inside or Outside the Trafficway),0,No,2GTV2LECXK11,2GTV2LECXK11,2019,2019,2019,2019,472,GMC,24910,Sierra Limited,60,Pickup,23,GMC,481,34,Light Pickup,0,Not Applicable,12,"Class 2: 6,001 - 10,000 lbs. (2,722 - 4,536 kg)",12,"Class 2: 6,001 - 10,000 lbs. (2,722 - 4,536 kg)",0,No Trailers,777777777777,No Trailing Units,777777777777,No Trailing Units,777777777777,No Trailing Units,77,No Trailing Units,77,No Trailing Units,77,No Trailing Units,0,Not an Articulated Vehicle,00000000000,Not Applicable,0,Not Applicable,0,Not Applicable,0,Not Applicable,0,Not Applicable (N/A),1,No,0,Not Applicable,0,Not Applicable,0,Not Applicable,0,Not Applicable,0,Not a Bus,0,No Special Use Noted,0,Not Applicable,50,050 MPH,0,No Underride or Override,0,No Rollover,0,No Rollover,12,12 Clock Point,12,12 Clock Point,6,Disabling Damage,6,Towed,12,Motor Vehicle In-Transport,12,Motor Vehicle In-Transport,0,No or Not Reported,1,Yes,2,Suspected Minor Injury (B),2,Suspected Minor Injury (B),1,1,1,1,9,Reported as Unknown,2,No Alcohol Involved,23481,"GMC C, K, R, V-series pickup/     Sierra",43062,43062,0,No,1,"Two-Way, Not Divided",5,Five lanes,50,50 MPH,1,Straight,2,"Grade, Unknown Slope",2,Wet,3,Traffic control signal(on colors) not known whether or not Pedestrian Signal,3,Device Functioning Properly,1,Going Straight,1,Going Straight,62,From opposite direction  over left lane line,99,Unknown/Not Reported,1,Tracking,1,Stayed in original travel lane,69,J69-Trafficway Vehicle Turning-Turn Across Path-Initial Opposite Directions (Going Straight),402,"Changing Trafficway, Vehicle Turning-Turn Across Path, Initial Opposite Directions [Going Straight]"
202304637520,3,67,67,8,2,"Midwest (OH, IN, IL, MI, WI, MN, ND, SD, NE, IA, MO, KS)",1,Urban Area,4,Stratum 4 - LMY PV Serious Injury,4152,17.368065388,3,1,January,17,5:00pm-5:59pm,14,14,12,Motor Vehicle In-Transport,6,Angle,1,01,1,Motor Vehicle In-Transport (Inside or Outside the Trafficway),0,No,888888888888,Not Reported,2022,2022,2022,2022,515,Lexus,2214,RX,999,Unknown,59,Lexus,399,9,Other or Unknown automobile type,0,Not Applicable,11,"Class 1: 6,000 lbs. or less (2,722 kg or less)",12,"Class 2: 6,001 - 10,000 lbs. (2,722 - 4,536 kg)",0,No Trailers,777777777777,No Trailing Units,777777777777,No Trailing Units,777777777777,No Trailing Units,77,No Trailing Units,77,No Trailing Units,77,No Trailing Units,0,Not an Articulated Vehicle,00000000000,Not Applicable,0,Not Applicable,0,Not Applicable,0,Not Applicable,0,Not Applicable (N/A),1,No,0,Not Applicable,0,Not Applicable,0,Not Applicable,0,Not Applicable,0,Not a Bus,0,No Special Use Noted,0,Not Applicable,0,Stopped Motor Vehicle In- Transport,8,Not Reported,0,No Rollover,0,No Rollover,12,12 Clock Point,12,12 Clock Point,4,Functional Damage,6,Towed,12,Motor Vehicle In-Transport,12,Motor Vehicle In-Transport,0,No or Not Reported,1,Yes,0,No Apparent Injury (O),0,No Apparent Injury (O),0,No Person Injured in Vehicle,0,No Person Injured in Vehicle,9,Reported as Unknown,2,No Alcohol Involved,59399,Lexus Unknown (automobile),43054,43054,0,No,1,"Two-Way, Not Divided",4,Four lanes,25,25 MPH,1,Straight,8,Not Reported,98,Not Reported,3,Traffic control signal(on colors) not known whether or not Pedestrian Signal,3,Device Functioning Properly,5,Stopped in Roadway,5,Stopped in Roadway,67,"From crossing street, turning into opposite direction",1,No Avoidance Maneuver,1,Tracking,1,Stayed in original travel lane,98,M98-Other Crash Type,998,Other Crash Type
202304637521,1,67,67,8,2,"Midwest (OH, IN, IL, MI, WI, MN, ND, SD, NE, IA, MO, KS)",1,Urban Area,4,Stratum 4 - LMY PV Serious Injury,4152,10.694814761,2,1,January,7,7:00am-7:59am,1,1,12,Motor Vehicle In-Transport,6,Angle,1,01,1,Motor Vehicle In-Transport (Inside or Outside the Trafficway),0,No,1FMCU0G63LUA,1FMCU0G63LUA,2020,2020,2020,2020,460,Ford,1798,Escape,7,Sport Utility Vehicle (SUV)/Multi-Purpose Vehicle (MPV),12,Ford,402,14,"Compact Utility (Utility Vehicle Categories ""Small"" and ""Midsize"")",0,Not Applicable,11,"Class 1: 6,000 lbs. or less (2,722 kg or less)",11,"Class 1: 6,000 lbs. or less (2,722 kg or less)",0,No Trailers,777777777777,No Trailing Units,777777777777,No Trailing Units,777777777777,No Trailing Units,77,No Trailing Units,77,No Trailing Units,77,No Trailing Units,0,Not an Articulated Vehicle,00000000000,Not Applicable,0,Not Applicable,0,Not Applicable,0,Not Applicable,0,Not Applicable (N/A),1,No,0,Not Applicable,0,Not Applicable,0,Not Applicable,0,Not Applicable,0,Not a Bus,0,No Special Use Noted,0,Not Applicable,35,035 MPH,8,Not Reported,0,No Rollover,0,No Rollover,3,3 Clock Point,3,3 Clock Point,4,Functional Damage,8,Not Reported,12,Motor Vehicle In-Transport,12,Motor Vehicle In-Transport,0,No or Not Reported,1,Yes,3,Suspected Serious Injury (A),3,Suspected Serious Injury (A),1,1,1,1,9,Reported as Unknown,2,No Alcohol Involved,12402,Ford Escape,43213,43213,0,No,1,"Two-Way, Not Divided",3,Three lanes,35,35 MPH,1,Straight,8,Not Reported,2,Wet,3,Traffic control signal(on colors) not known whether or not Pedestrian Signal,3,Device Functioning Properly,1,Going Straight,1,Going Straight,8,Other cause of control loss (specify:),1,No Avoidance Maneuver,1,Tracking,1,Stayed in original travel lane,83,K83-Trafficway Vehicle Turning-Turn Into Path-Turn Into Opposite Directions (Going Straight),415,"Changing Trafficway, Vehicle Turning-Turn Into Path, Turn into Opposite Directions [Going Straight, Other Vehicle Turning Left]"
202304637521,2,67,67,8,2,"Midwest (OH, IN, IL, MI, WI, MN, ND, SD, NE, IA, MO, KS)",1,Urban Area,4,Stratum 4 - LMY PV Serious Injury,4152,10.694814761,2,1,January,7,7:00am-7:59am,1,1,12,Motor Vehicle In-Transport,6,Angle,1,01,1,Motor Vehicle In-Transport (Inside or Outside the Trafficway),0,No,1C3CCBBG4DN6,1C3CCBBG4DN6,2013,2013,2013,2013,477,Chrysler,2053,200,13,Sedan/Saloon,6,Chrysler,18,4,"4-door sedan, hardtop",0,Not Applicable,11,"Class 1: 6,000 lbs. or less (2,722 kg or less)",11,"Class 1: 6,000 lbs. or less (2,722 kg or less)",0,No Trailers,777777777777,No Trailing Units,777777777777,No Trailing Units,777777777777,No Trailing Units,77,No Trailing Units,77,No Trailing Units,77,No Trailing Units,0,Not an Articulated Vehicle,00000000000,Not Applicable,0,Not Applicable,0,Not Applicable,0,Not Applicable,0,Not Applicable (N/A),1,No,0,Not Applicable,0,Not Applicable,0,Not Applicable,0,Not Applicable,0,Not a Bus,0,No Special Use Noted,0,Not Applicable,10,010 MPH,8,Not Reported,0,No Rollover,0,No Rollover,12,12 Clock Point,12,12 Clock Point,4,Functional Damage,8,Not Reported,12,Motor Vehicle In-Transport,12,Motor Vehicle In-Transport,0,No or Not Reported,1,Yes,2,Suspected Minor Injury (B),2,Suspected Minor Injury (B),1,1,1,1,9,Reported as Unknown,2,No Alcohol Involved,6018,Chrysler 200,43068,43068,0,No,1,"Two-Way, Not Divided",3,Three lanes,25,25 MPH,1,Straight,1,Level,2,Wet,3,Traffic control signal(on colors) not known whether or not Pedestrian Signal,3,Device Functioning Properly,11,Turning Left,11,Turning Left,66,"From crossing street, across path",99,Unknown/Not Reported,1,Tracking,1,Stayed in original travel lane,82,K82-Trafficway Vehicle Turning-Turn Into Path-Turn Into Opposite Directions (Turning Left),414,"Changing Trafficway, Vehicle Turning-Turn Into Path, Turn into Opposite Directions [Turning Left]"
202304637523,1,67,67,8,2,"Midwest (OH, IN, IL, MI, WI, MN, ND, SD, NE, IA, MO, KS)",1,Urban Area,6,Stratum 6 - LMY PV Minor Injury,4152,52.656968394,2,1,January,8,8:00am-8:59am,21,21,12,Motor Vehicle In-Transport,6,Angle,1,01,1,Motor Vehicle In-Transport (Inside or Outside the Trafficway),0,No,JTDKT4K35B53,JTDKT4K35B53,2011,2011,2011,2011,448,Toyota,2464,Yaris,5,Hatchback/Liftback/Notchback,49,Toyota,51,5,5-door/4-door hatchback,0,Not Applicable,11,"Class 1: 6,000 lbs. or less (2,722 kg or less)",11,"Class 1: 6,000 lbs. or less (2,722 kg or less)",0,No Trailers,777777777777,No Trailing Units,777777777777,No Trailing Units,777777777777,No Trailing Units,77,No Trailing Units,77,No Trailing Units,77,No Trailing Units,0,Not an Articulated Vehicle,00000000000,Not Applicable,0,Not Applicable,0,Not Applicable,0,Not Applicable,0,Not Applicable (N/A),1,No,0,Not Applicable,0,Not Applicable,0,Not Applicable,0,Not Applicable,0,Not a Bus,0,No Special Use Noted,0,Not Applicable,40,040 MPH,8,Not Reported,0,No Rollover,0,No Rollover,12,12 Clock Point,12,12 Clock Point,6,Disabling Damage,6,Towed,12,Motor Vehicle In-Transport,12,Motor Vehicle In-Transport,0,No or Not Reported,1,Yes,2,Suspected Minor Injury (B),2,Suspected Minor Injury (B),1,1,1,1,9,Reported as Unknown,2,No Alcohol Involved,49051,Toyota Yaris,43229,43229,0,No,1,"Two-Way, Not Divided",7,Seven or more lanes,45,45 MPH,8,Not Reported,8,Not Reported,2,Wet,3,Traffic control signal(on colors) not known whether or not Pedestrian Signal,3,Device Functioning Properly,1,Going Straight,1,Going Straight,17,Crossing Over (Passing Through) Junction,99,Unknown/Not Reported,1,Tracking,1,Stayed in original travel lane,86,L86-Intersecting Paths-Straight Paths-Striking from the Right,501,"Intersecting Paths-Straight Paths, Striking from the Right"
202304637523,2,67,67,8,2,"Midwest (OH, IN, IL, MI, WI, MN, ND, SD, NE, IA, MO, KS)",1,Urban Area,6,Stratum 6 - LMY PV Minor Injury,4152,52.656968394,2,1,January,8,8:00am-8:59am,21,21,12,Motor Vehicle In-Transport,6,Angle,1,01,1,Motor Vehicle In-Transport (Inside or Outside the Trafficway),0,No,5XXG14J29MG0,5XXG14J29MG0,2021,2021,2021,2021,499,Kia,27527,K5,13,Sedan/Saloon,63,KIA,398,4,"4-door sedan, hardtop",0,Not Applicable,11,"Class 1: 6,000 lbs. or less (2,722 kg or less)",11,"Class 1: 6,000 lbs. or less (2,722 kg or less)",0,No Trailers,777777777777,No Trailing Units,777777777777,No Trailing Units,777777777777,No Trailing Units,77,No Trailing Units,77,No Trailing Units,77,No Trailing Units,0,Not an Articulated Vehicle,00000000000,Not Applicable,0,Not Applicable,0,Not Applicable,0,Not Applicable,0,Not Applicable (N/A),1,No,0,Not Applicable,0,Not Applicable,0,Not Applicable,0,Not Applicable,0,Not a Bus,0,No Special Use Noted,0,Not Applicable,40,040 MPH,8,Not Reported,0,No Rollover,0,No Rollover,1,1 Clock Point,1,1 Clock Point,6,Disabling Damage,6,Towed,12,Motor Vehicle In-Transport,12,Motor Vehicle In-Transport,0,No or Not Reported,1,Yes,2,Suspected Minor Injury (B),2,Suspected Minor Injury (B),1,1,1,1,9,Reported as Unknown,2,No Alcohol Involved,63398,KIA Other (automobile),43224,43224,0,No,1,"Two-Way, Not Divided",5,Five lanes,45,45 MPH,1,Straight,1,Level,2,Wet,3,Traffic control signal(on colors) not known whether or not Pedestrian Signal,3,Device Functioning Properly,1,Going Straight,1,Going Straight,66,"From crossing street, across path",99,Unknown/Not Reported,1,Tracking,1,Stayed in original travel lane,87,L87-Intersecting Paths-Straight Paths-Struck on the Right,502,"Intersecting Paths-Straight Paths, Struck on the Right"
202304637555,1,83,83,13,3,"South (MD, DE, DC, WV, VA, KY, TN, NC, SC, GA, FL, AL, MS, LA, AR, OK, TX)",1,Urban Area,2,Stratum 2 - Not a MV Occupant Any Injury,4148,23.528556331,1,1,January,10,10:00am-10:59am,8,8,8,Pedestrian,0,The First Harmful Event was Not a Collision with a Motor Vehicle In-Transport,99,Unknown,1,Motor Vehicle In-Transport (Inside or Outside the Trafficway),1,Yes,888888888888,Not Reported,9999,Unknown,2008,2008,99999,Unknown,99999,Unknown,7,Sport Utility Vehicle (SUV)/Multi-Purpose Vehicle (MPV),99,Unknown Make,499,19,"Utility Vehicle, Unknown body type",0,Not Applicable,11,"Class 1: 6,000 lbs. or less (2,722 kg or less)",12,"Class 2: 6,001 - 10,000 lbs. (2,722 - 4,536 kg)",0,No Trailers,777777777777,No Trailing Units,777777777777,No Trailing Units,777777777777,No Trailing Units,77,No Trailing Units,77,No Trailing Units,77,No Trailing Units,0,Not an Articulated Vehicle,00000000000,Not Applicable,0,Not Applicable,0,Not Applicable,0,Not Applicable,0,Not Applicable (N/A),1,No,0,Not Applicable,0,Not Applicable,0,Not Applicable,0,Not Applicable,0,Not a Bus,99,Reported as Unknown,0,Not Applicable,998,Not Reported,7,Not Applicable,0,No Rollover,0,No Rollover,12,12 Clock Point,12,12 Clock Point,9,Reported as Unknown,5,Not Towed,8,Pedestrian,8,Pedestrian,0,No or Not Reported,1,Yes,9,Unknown/Not Reported,0,No Apparent Injury (O),99,All Persons in Vehicle are unknown if Injured,0,No Person Injured in Vehicle,9,Reported as Unknown,1,Alcohol Involved,99499,Unknown Make Unknown (light truck),99998,Not Reported,0,No,1,"Two-Way, Not Divided",8,Not Reported,40,40 MPH,1,Straight,1,Level,1,Dry,2,Traffic control signal (on colors) with Pedestrian Signal,3,Device Functioning Properly,11,Turning Left,11,Turning Left,80,Pedestrian in road,99,Unknown/Not Reported,1,Tracking,1,Stayed in original travel lane,13,C13-Single Driver-Forward Impact-Pedestrian/ Animal,103,Single Driver-Struck Object While Moving Forward
202304637563,1,83,83,13,3,"South (MD, DE, DC, WV, VA, KY, TN, NC, SC, GA, FL, AL, MS, LA, AR, OK, TX)",1,Urban Area,7,Stratum 7 - M/H Truck or Bus,4148,159.29212129,2,1,January,11,11:00am-11:59am,50,50,12,Motor Vehicle In-Transport,6,Angle,1,01,1,Motor Vehicle In-Transport (Inside or Outside the Trafficway),0,No,5N1BA0NF2FN6,5N1BA0NF2FN6,2015,2015,2015,2015,478,Nissan,1915,Armada,7,Sport Utility Vehicle (SUV)/Multi-Purpose Vehicle (MPV),35,Nissan/Datsun,421,15,"Large utility (ANSI D16.1 Utility Vehicle Categories and ""Full Size"" and ""Large"")",0,Not Applicable,12,"Class 2: 6,001 - 10,000 lbs. (2,722 - 4,536 kg)",12,"Class 2: 6,001 - 10,000 lbs. (2,722 - 4,536 kg)",0,No Trailers,777777777777,No Trailing Units,777777777777,No Trailing Units,777777777777,No Trailing Units,77,No Trailing Units,77,No Trailing Units,77,No Trailing Units,0,Not an Articulated Vehicle,00000000000,Not Applicable,0,Not Applicable,0,Not Applicable,0,Not Applicable,0,Not Applicable (N/A),1,No,0,Not Applicable,0,Not Applicable,0,Not Applicable,0,Not Applicable,0,Not a Bus,0,No Special Use Noted,0,Not Applicable,998,Not Reported,0,No Underride or Override,0,No Rollover,0,No Rollover,9,9 Clock Point,9,9 Clock Point,6,Disabling Damage,6,Towed,12,Motor Vehicle In-Transport,12,Motor Vehicle In-Transport,0,No or Not Reported,1,Yes,0,No Apparent Injury (O),0,No Apparent Injury (O),0,No Person Injured in Vehicle,0,No Person Injured in Vehicle,2,No Alcohol Involved,2,No Alcohol Involved,35421,Nissan/Datsun Pathfinder Armada,38016,38016,0,No,2,"Two-Way, Divided, Unprotected Median",8,Not Reported,40,40 MPH,1,Straight,1,Level,1,Dry,2,Traffic control signal (on colors) with Pedestrian Signal,3,Device Functioning Properly,1,Going Straight,1,Going Straight,17,Crossing Over (Passing Through) Junction,99,Unknown/Not Reported,1,Tracking,1,Stayed in original travel lane,77,K77-Trafficway Vehicle Turning-Turn Into Path-Turn Into Same Direction (Going Straight),409,"Changing Trafficway, Vehicle Turning-Turn Into Path, Turn into Same Direction [Going Straight, Other Vehicle Turning Left]"
202304637563,2,83,83,13,3,"South (MD, DE, DC, WV, VA, KY, TN, NC, SC, GA, FL, AL, MS, LA, AR, OK, TX)",1,Urban Area,7,Stratum 7 - M/H Truck or Bus,4148,159.29212129,2,1,January,11,11:00am-11:59am,50,50,12,Motor Vehicle In-Transport,6,Angle,2,02,1,Motor Vehicle In-Transport (Inside or Outside the Trafficway),0,No,1FT8W3BT5LEE,1FT8W3BT5LEE,2020,2020,2020,2020,460,Ford,1806,F-350,60,Pickup,12,Ford,880,67,"Medium/heavy Pickup (GVWR greater than 10,000 lbs.)",0,Not Applicable,13,"Class 3: 10,001 - 14,000 lbs. (4,536 - 6,350 kg)",13,"Class 3: 10,001 - 14,000 lbs. (4,536 - 6,350 kg)",0,No Trailers,777777777777,No Trailing Units,777777777777,No Trailing Units,777777777777,No Trailing Units,77,No Trailing Units,77,No Trailing Units,77,No Trailing Units,0,Not an Articulated Vehicle,88888888888,,88,,888888888,,1,"Single-Unit Truck (2- axle and GVWR more than 10,000 lbs)",97,Other,1,No,0,Not Applicable,0,Not Applicable,0,Not Applicable,0,Not Applicable,0,Not a Bus,0,No Special Use Noted,0,Not Applicable,998,Not Reported,0,No Underride or Override,0,No Rollover,0,No Rollover,1,1 Clock Point,1,1 Clock Point,2,Minor Damage,5,Not Towed,12,Motor Vehicle In-Transport,12,Motor Vehicle In-Transport,0,No or Not Reported,1,Yes,0,No Apparent Injury (O),0,No Apparent Injury (O),0,No Person Injured in Vehicle,0,No Person Injured in Vehicle,2,No Alcohol Involved,2,No Alcohol Involved,12880,"Ford Medium/Heavy Pickup (pickup-style only - over 10,000 lbs)",38133,38133,0,No,2,"Two-Way, Divided, Unprotected Median",8,Not Reported,40,40 MPH,1,Straight,1,Level,1,Dry,2,Traffic control signal (on colors) with Pedestrian Signal,3,Device Functioning Properly,11,Turning Left,11,Turning Left,66,"From crossing street, across path",99,Unknown/Not Reported,1,Tracking,1,Stayed in original travel lane,76,K76-Trafficway Vehicle Turning-Turn Into Path-Turn Into Same Direction (Turning Left),408,"Changing Trafficway, Vehicle Turning-Turn Into Path, Turn into Same Direction [Turning Left]"
202304637567,1,83,83,13,3,"South (MD, DE, DC, WV, VA, KY, TN, NC, SC, GA, FL, AL, MS, LA, AR, OK, TX)",1,Urban Area,8,Stratum 8 - NLMY PV Minor Injury,4148,134.77451173,1,1,January,16,4:00pm-4:59pm,12,12,30,Utility Pole/Light Support,0,The First Harmful Event was Not a Collision with a Motor Vehicle In-Transport,1,01,1,Motor Vehicle In-Transport (Inside or Outside the Trafficway),0,No,3VWDX7AJXDM2,3VWDX7AJXDM2,2013,2013,2013,2013,482,Volkswagen,3137,Jetta,13,Sedan/Saloon,30,Volkswagen,40,4,"4-door sedan, hardtop",0,Not Applicable,11,"Class 1: 6,000 lbs. or less (2,722 kg or less)",11,"Class 1: 6,000 lbs. or less (2,722 kg or less)",0,No Trailers,777777777777,No Trailing Units,777777777777,No Trailing Units,777777777777,No Trailing Units,77,No Trailing Units,77,No Trailing Units,77,No Trailing Units,0,Not an Articulated Vehicle,00000000000,Not Applicable,0,Not Applicable,0,Not Applicable,0,Not Applicable,0,Not Applicable (N/A),1,No,0,Not Applicable,0,Not Applicable,0,Not Applicable,0,Not Applicable,0,Not a Bus,0,No Special Use Noted,0,Not Applicable,998,Not Reported,7,Not Applicable,0,No Rollover,0,No Rollover,11,11 Clock Point,11,11 Clock Point,6,Disabling Damage,6,Towed,30,Utility Pole/Light Support,30,Utility Pole/Light Support,0,No or Not Reported,1,Yes,1,Possible Injury (C),1,Possible Injury (C),1,1,1,1,9,Reported as Unknown,2,No Alcohol Involved,30040,Volkswagen Jetta/Jetta SportsWagen,33311,33311,0,No,2,"Two-Way, Divided, Unprotected Median",8,Not Reported,45,45 MPH,1,Straight,1,Level,1,Dry,0,No Controls,0,No Controls,1,Going Straight,1,Going Straight,13,Off the edge of the road on the right side,99,Unknown/Not Reported,1,Tracking,4,Departed roadway,1,A1-Single Driver-Right Roadside Departure-Drive Off Road,101,Single Driver-Right Roadside Departure
202304638333,1,75,75,19,3,"South (MD, DE, DC, WV, VA, KY, TN, NC, SC, GA, FL, AL, MS, LA, AR, OK, TX)",2,Rural Area,6,Stratum 6 - LMY PV Minor Injury,4144,52.157911527,2,1,January,10,10:00am-10:59am,35,35,12,Motor Vehicle In-Transport,6,Angle,1,01,1,Motor Vehicle In-Transport (Inside or Outside the Trafficway),0,No,5TDGBRCH4MS0,5TDGBRCH4MS0,2021,2021,2021,2021,448,Toyota,2213,Highlander,7,Sport Utility Vehicle (SUV)/Multi-Purpose Vehicle (MPV),49,Toyota,403,14,"Compact Utility (Utility Vehicle Categories ""Small"" and ""Midsize"")",0,Not Applicable,11,"Class 1: 6,000 lbs. or less (2,722 kg or less)",11,"Class 1: 6,000 lbs. or less (2,722 kg or less)",0,No Trailers,777777777777,No Trailing Units,777777777777,No Trailing Units,777777777777,No Trailing Units,77,No Trailing Units,77,No Trailing Units,77,No Trailing Units,0,Not an Articulated Vehicle,00000000000,Not Applicable,0,Not Applicable,0,Not Applicable,0,Not Applicable,0,Not Applicable (N/A),1,No,0,Not Applicable,0,Not Applicable,0,Not Applicable,0,Not Applicable,0,Not a Bus,0,No Special Use Noted,0,Not Applicable,998,Not Reported,8,Not Reported,3,Rollover,1,On Roadway,12,12 Clock Point,12,12 Clock Point,6,Disabling Damage,6,Towed,12,Motor Vehicle In-Transport,12,Motor Vehicle In-Transport,0,No or Not Reported,1,Yes,1,Possible Injury (C),1,Possible Injury (C),1,1,1,1,2,No Alcohol Involved,2,No Alcohol Involved,49403,Toyota Highlander,21742,21742,0,No,1,"Two-Way, Not Divided",2,Two lanes,30,30 MPH,1,Straight,8,Not Reported,2,Wet,20,Stop Sign,3,Device Functioning Properly,4,Starting in Road,4,Starting in Road,66,"From crossing street, across path",99,Unknown/Not Reported,1,Tracking,1,Stayed in original travel lane,86,L86-Intersecting Paths-Straight Paths-Striking from the Right,501,"Intersecting Paths-Straight Paths, Striking from the Right"
202304638333,2,75,75,19,3,"South (MD, DE, DC, WV, VA, KY, TN, NC, SC, GA, FL, AL, MS, LA, AR, OK, TX)",2,Rural Area,6,Stratum 6 - LMY PV Minor Injury,4144,52.157911527,2,1,January,10,10:00am-10:59am,35,35,12,Motor Vehicle In-Transport,6,Angle,1,01,1,Motor Vehicle In-Transport (Inside or Outside the Trafficway),0,No,KM8R5DHE9LU0,KM8R5DHE9LU0,2020,2020,2020,2020,498,Hyundai,25847,Palisade,7,Sport Utility Vehicle (SUV)/Multi-Purpose Vehicle (MPV),55,Hyundai,422,15,"Large utility (ANSI D16.1 Utility Vehicle Categories and ""Full Size"" and ""Large"")",0,Not Applicable,11,"Class 1: 6,000 lbs. or less (2,722 kg or less)",11,"Class 1: 6,000 lbs. or less (2,722 kg or less)",0,No Trailers,777777777777,No Trailing Units,777777777777,No Trailing Units,777777777777,No Trailing Units,77,No Trailing Units,77,No Trailing Units,77,No Trailing Units,0,Not an Articulated Vehicle,00000000000,Not Applicable,0,Not Applicable,0,Not Applicable,0,Not Applicable,0,Not Applicable (N/A),1,No,0,Not Applicable,0,Not Applicable,0,Not Applicable,0,Not Applicable,0,Not a Bus,0,No Special Use Noted,0,Not Applicable,998,Not Reported,8,Not Reported,0,No Rollover,0,No Rollover,4,4 Clock Point,4,4 Clock Point,6,Disabling Damage,6,Towed,12,Motor Vehicle In-Transport,12,Motor Vehicle In-Transport,0,No or Not Reported,1,Yes,1,Possible Injury (C),1,Possible Injury (C),1,1,1,1,2,No Alcohol Involved,2,No Alcohol Involved,55422,Hyundai Palisade,21742,21742,0,No,1,"Two-Way, Not Divided",2,Two lanes,30,30 MPH,1,Straight,1,Level,2,Wet,20,Stop Sign,3,Device Functioning Properly,3,Accelerating in Road,3,Accelerating in Road,17,Crossing Over (Passing Through) Junction,1,No Avoidance Maneuver,1,Tracking,1,Stayed in original travel lane,87,L87-Intersecting Paths-Straight Paths-Struck on the Right,502,"Intersecting Paths-Straight Paths, Struck on the Right"
202304638342,1,39,39,7,2,"Midwest (OH, IN, IL, MI, WI, MN, ND, SD, NE, IA, MO, KS)",1,Urban Area,9,Stratum 9 - LMY PV No Injuries in Crash,4154,134.35656935,2,1,January,9,9:00am-9:59am,27,27,12,Motor Vehicle In-Transport,6,Angle,2,02,1,Motor Vehicle In-Transport (Inside or Outside the Trafficway),0,No,1FM5K8AW8MNA,1FM5K8AW8MNA,2021,2021,2021,2021,460,Ford,1800,Explorer,7,Sport Utility Vehicle (SUV)/Multi-Purpose Vehicle (MPV),12,Ford,425,15,"Large utility (ANSI D16.1 Utility Vehicle Categories and ""Full Size"" and ""Large"")",0,Not Applicable,12,"Class 2: 6,001 - 10,000 lbs. (2,722 - 4,536 kg)",12,"Class 2: 6,001 - 10,000 lbs. (2,722 - 4,536 kg)",0,No Trailers,777777777777,No Trailing Units,777777777777,No Trailing Units,777777777777,No Trailing Units,77,No Trailing Units,77,No Trailing Units,77,No Trailing Units,0,Not an Articulated Vehicle,00000000000,Not Applicable,0,Not Applicable,0,Not Applicable,0,Not Applicable,0,Not Applicable (N/A),1,No,0,Not Applicable,0,Not Applicable,0,Not Applicable,0,Not Applicable,0,Not a Bus,5,Police,3,Non-Emergency Transport,998,Not Reported,8,Not Reported,0,No Rollover,0,No Rollover,12,12 Clock Point,12,12 Clock Point,4,Functional Damage,5,Not Towed,12,Motor Vehicle In-Transport,12,Motor Vehicle In-Transport,0,No or Not Reported,1,Yes,0,No Apparent Injury (O),0,No Apparent Injury (O),0,No Person Injured in Vehicle,0,No Person Injured in Vehicle,2,No Alcohol Involved,2,No Alcohol Involved,12425,Ford Explorer (For 2019 on.  For model years 1990-2018 see 12-401.),55101,55101,0,No,7,"Two-Way Divided, Unknown if Unprotected Median or Positive Median Barrier",2,Two lanes,25,25 MPH,1,Straight,1,Level,3,Snow,3,Traffic control signal(on colors) not known whether or not Pedestrian Signal,3,Device Functioning Properly,2,Decelerating in Road,2,Decelerating in Road,17,Crossing Over (Passing Through) Junction,99,Unknown/Not Reported,1,Tracking,1,Stayed in original travel lane,83,K83-Trafficway Vehicle Turning-Turn Into Path-Turn Into Opposite Directions (Going Straight),415,"Changing Trafficway, Vehicle Turning-Turn Into Path, Turn into Opposite Directions [Going Straight, Other Vehicle Turning Left]"
202304638342,2,39,39,7,2,"Midwest (OH, IN, IL, MI, WI, MN, ND, SD, NE, IA, MO, KS)",1,Urban Area,9,Stratum 9 - LMY PV No Injuries in Crash,4154,134.35656935,2,1,January,9,9:00am-9:59am,27,27,12,Motor Vehicle In-Transport,6,Angle,1,01,1,Motor Vehicle In-Transport (Inside or Outside the Trafficway),0,No,1N4AL3AP5EC1,1N4AL3AP5EC1,2014,2014,2014,2014,478,Nissan,1904,Altima,13,Sedan/Saloon,35,Nissan/Datsun,47,4,"4-door sedan, hardtop",0,Not Applicable,11,"Class 1: 6,000 lbs. or less (2,722 kg or less)",11,"Class 1: 6,000 lbs. or less (2,722 kg or less)",0,No Trailers,777777777777,No Trailing Units,777777777777,No Trailing Units,777777777777,No Trailing Units,77,No Trailing Units,77,No Trailing Units,77,No Trailing Units,0,Not an Articulated Vehicle,00000000000,Not Applicable,0,Not Applicable,0,Not Applicable,0,Not Applicable,0,Not Applicable (N/A),1,No,0,Not Applicable,0,Not Applicable,0,Not Applicable,0,Not Applicable,0,Not a Bus,0,No Special Use Noted,0,Not Applicable,998,Not Reported,8,Not Reported,0,No Rollover,0,No Rollover,8,8 Clock Point,8,8 Clock Point,4,Functional Damage,5,Not Towed,12,Motor Vehicle In-Transport,12,Motor Vehicle In-Transport,0,No or Not Reported,1,Yes,0,No Apparent Injury (O),0,No Apparent Injury (O),0,No Person Injured in Vehicle,0,No Person Injured in Vehicle,2,No Alcohol Involved,2,No Alcohol Involved,35047,Nissan/Datsun Altima,55404,55404,0,No,4,One-Way Trafficway,2,Two lanes,25,25 MPH,1,Straight,1,Level,98,Not Reported,3,Traffic control signal(on colors) not known whether or not Pedestrian Signal,3,Device Functioning Properly,11,Turning Left,11,Turning Left,66,"From crossing street, across path",99,Unknown/Not Reported,1,Tracking,1,Stayed in original travel lane,82,K82-Trafficway Vehicle Turning-Turn Into Path-Turn Into Opposite Directions (Turning Left),414,"Changing Trafficway, Vehicle Turning-Turn Into Path, Turn into Opposite Directions [Turning Left]"
202304638347,1,39,39,7,2,"Midwest (OH, IN, IL, MI, WI, MN, ND, SD, NE, IA, MO, KS)",1,Urban Area,10,Stratum 10 - Other,4154,210.86019124,2,1,January,11,11:00am-11:59am,3,3,12,Motor Vehicle In-Transport,1,Front-to-Rear,2,02,1,Motor Vehicle In-Transport (Inside or Outside the Trafficway),0,No,5YFBURHE7HP6,5YFBURHE7HP6,2017,2017,2017,2017,448,Toyota,2208,Corolla,13,Sedan/Saloon,49,Toyota,32,4,"4-door sedan, hardtop",0,Not Applicable,11,"Class 1: 6,000 lbs. or less (2,722 kg or less)",11,"Class 1: 6,000 lbs. or less (2,722 kg or less)",0,No Trailers,777777777777,No Trailing Units,777777777777,No Trailing Units,777777777777,No Trailing Units,77,No Trailing Units,77,No Trailing Units,77,No Trailing Units,0,Not an Articulated Vehicle,00000000000,Not Applicable,0,Not Applicable,0,Not Applicable,0,Not Applicable,0,Not Applicable (N/A),1,No,0,Not Applicable,0,Not Applicable,0,Not Applicable,0,Not Applicable,0,Not a Bus,0,No Special Use Noted,0,Not Applicable,0,Stopped Motor Vehicle In- Transport,8,Not Reported,0,No Rollover,0,No Rollover,6,6 Clock Point,6,6 Clock Point,4,Functional Damage,5,Not Towed,12,Motor Vehicle In-Transport,12,Motor Vehicle In-Transport,0,No or Not Reported,1,Yes,0,No Apparent Injury (O),0,No Apparent Injury (O),0,No Person Injured in Vehicle,0,No Person Injured in Vehicle,2,No Alcohol Involved,2,No Alcohol Involved,49032,Toyota Corolla,55040,55040,0,No,2,"Two-Way, Divided, Unprotected Median",5,Five lanes,65,65 MPH,1,Straight,1,Level,3,Snow,3,Traffic control signal(on colors) not known whether or not Pedestrian Signal,3,Device Functioning Properly,5,Stopped in Roadway,5,Stopped in Roadway,53,Traveling in same direction with higher speed,1,No Avoidance Maneuver,1,Tracking,1,Stayed in original travel lane,21,"D21-Same Trafficway, Same Direction-Rear End-Stopped, Straight",201,"Same Trafficway, Same Direction-Rear End, Trailing Vehicle"
202304638347,2,39,39,7,2,"Midwest (OH, IN, IL, MI, WI, MN, ND, SD, NE, IA, MO, KS)",1,Urban Area,10,Stratum 10 - Other,4154,210.86019124,2,1,January,11,11:00am-11:59am,3,3,12,Motor Vehicle In-Transport,1,Front-to-Rear,1,01,1,Motor Vehicle In-Transport (Inside or Outside the Trafficway),0,No,ML32A3HJ2HH0,ML32A3HJ2HH0,2017,2017,2017,2017,481,Mitsubishi,2342,Mirage,5,Hatchback/Liftback/Notchback,52,Mitsubishi,48,5,5-door/4-door hatchback,0,Not Applicable,11,"Class 1: 6,000 lbs. or less (2,722 kg or less)",11,"Class 1: 6,000 lbs. or less (2,722 kg or less)",0,No Trailers,777777777777,No Trailing Units,777777777777,No Trailing Units,777777777777,No Trailing Units,77,No Trailing Units,77,No Trailing Units,77,No Trailing Units,0,Not an Articulated Vehicle,00000000000,Not Applicable,0,Not Applicable,0,Not Applicable,0,Not Applicable,0,Not Applicable (N/A),1,No,0,Not Applicable,0,Not Applicable,0,Not Applicable,0,Not Applicable,0,Not a Bus,0,No Special Use Noted,0,Not Applicable,998,Not Reported,8,Not Reported,0,No Rollover,0,No Rollover,12,12 Clock Point,12,12 Clock Point,4,Functional Damage,5,Not Towed,12,Motor Vehicle In-Transport,12,Motor Vehicle In-Transport,0,No or Not Reported,1,Yes,0,No Apparent Injury (O),0,No Apparent Injury (O),0,No Person Injured in Vehicle,0,No Person Injured in Vehicle,2,No Alcohol Involved,2,No Alcohol Involved,52048,Mitsubishi Mirage (2014 on.  For 1985-2002 use 52-035.),55008,55008,0,No,2,"Two-Way, Divided, Unprotected Median",5,Five lanes,65,65 MPH,1,Straight,1,Level,3,Snow,3,Traffic control signal(on colors) not known whether or not Pedestrian Signal,3,Device Functioning Properly,1,Going Straight,1,Going Straight,50,Other vehicle stopped,16,Braking,2,Skidding longitudinally  rotation less than 30 degrees,1,Stayed in original travel lane,20,"D20-Same Trafficway, Same Direction-Rear End-Stopped",202,"Same Trafficway, Same Direction-Rear End, Lead Vehicle"
202304638366,1,58,58,6,2,"Midwest (OH, IN, IL, MI, WI, MN, ND, SD, NE, IA, MO, KS)",1,Urban Area,9,Stratum 9 - LMY PV No Injuries in Crash,4143,135.86534075,2,1,January,10,10:00am-10:59am,15,15,12,Motor Vehicle In-Transport,6,Angle,1,01,1,Motor Vehicle In-Transport (Inside or Outside the Trafficway),0,No,3FA6P0HD4FR1,3FA6P0HD4FR1,2015,2015,2015,2015,460,Ford,1780,Fusion,13,Sedan/Saloon,12,Ford,23,4,"4-door sedan, hardtop",0,Not Applicable,11,"Class 1: 6,000 lbs. or less (2,722 kg or less)",11,"Class 1: 6,000 lbs. or less (2,722 kg or less)",0,No Trailers,777777777777,No Trailing Units,777777777777,No Trailing Units,777777777777,No Trailing Units,77,No Trailing Units,77,No Trailing Units,77,No Trailing Units,0,Not an Articulated Vehicle,00000000000,Not Applicable,0,Not Applicable,0,Not Applicable,0,Not Applicable,0,Not Applicable (N/A),1,No,0,Not Applicable,0,Not Applicable,0,Not Applicable,0,Not Applicable,0,Not a Bus,0,No Special Use Noted,0,Not Applicable,998,Not Reported,8,Not Reported,0,No Rollover,0,No Rollover,12,12 Clock Point,12,12 Clock Point,4,Functional Damage,5,Not Towed,12,Motor Vehicle In-Transport,12,Motor Vehicle In-Transport,0,No or Not Reported,1,Yes,0,No Apparent Injury (O),0,No Apparent Injury (O),0,No Person Injured in Vehicle,0,No Person Injured in Vehicle,2,No Alcohol Involved,2,No Alcohol Involved,12023,Ford Fusion,53575,53575,0,No,0,Non-Trafficway or Driveway Access,0,Non-Trafficway or Driveway Access,0,No Statutory Limit/Non-Trafficway or Driveway Access,0,Non-Trafficway or Driveway Access,0,Non-Trafficway or Driveway Access,0,Non-Trafficway or Driveway Access,0,No Controls,0,No Controls,11,Turning Left,11,Turning Left,15,Turning Left,1,No Avoidance Maneuver,1,Tracking,7,Entered roadway,82,K82-Trafficway Vehicle Turning-Turn Into Path-Turn Into Opposite Directions (Turning Left),414,"Changing Trafficway, Vehicle Turning-Turn Into Path, Turn into Opposite Directions [Turning Left]"
202304638366,2,58,58,6,2,"Midwest (OH, IN, IL, MI, WI, MN, ND, SD, NE, IA, MO, KS)",1,Urban Area,9,Stratum 9 - LMY PV No Injuries in Crash,4143,135.86534075,2,1,January,10,10:00am-10:59am,15,15,12,Motor Vehicle In-Transport,6,Angle,2,02,1,Motor Vehicle In-Transport (Inside or Outside the Trafficway),0,No,3N6CM0KN5KK6,3N6CM0KN5KK6,2019,2019,2019,2019,478,Nissan,1918,NV200,95,Cargo Van,35,Nissan/Datsun,446,20,"Minivan (Chrysler Town and Country, Caravan, Grand Caravan, Voyager, Voyager, Honda-Odyssey, ...)",0,Not Applicable,11,"Class 1: 6,000 lbs. or less (2,722 kg or less)",11,"Class 1: 6,000 lbs. or less (2,722 kg or less)",0,No Trailers,777777777777,No Trailing Units,777777777777,No Trailing Units,777777777777,No Trailing Units,77,No Trailing Units,77,No Trailing Units,77,No Trailing Units,0,Not an Articulated Vehicle,00000000000,Not Applicable,0,Not Applicable,0,Not Applicable,0,Not Applicable,0,Not Applicable (N/A),1,No,0,Not Applicable,0,Not Applicable,0,Not Applicable,0,Not Applicable,0,Not a Bus,0,No Special Use Noted,0,Not Applicable,998,Not Reported,8,Not Reported,0,No Rollover,0,No Rollover,5,5 Clock Point,5,5 Clock Point,4,Functional Damage,5,Not Towed,12,Motor Vehicle In-Transport,12,Motor Vehicle In-Transport,0,No or Not Reported,1,Yes,0,No Apparent Injury (O),0,No Apparent Injury (O),0,No Person Injured in Vehicle,0,No Person Injured in Vehicle,2,No Alcohol Involved,2,No Alcohol Involved,35446,Nissan/Datsun NV200/eNV200,61107,61107,0,No,1,"Two-Way, Not Divided",2,Two lanes,25,25 MPH,1,Straight,1,Level,2,Wet,0,No Controls,0,No Controls,1,Going Straight,1,Going Straight,72,"From driveway, turning into opposite direction",99,Unknown/Not Reported,1,Tracking,1,Stayed in original travel lane,83,K83-Trafficway Vehicle Turning-Turn Into Path-Turn Into Opposite Directions (Going Straight),415,"Changing Trafficway, Vehicle Turning-Turn Into Path, Turn into Opposite Directions [Going Straight, Other Vehicle Turning Left]"
202304638384,1,65,65,13,3,"South (MD, DE, DC, WV, VA, KY, TN, NC, SC, GA, FL, AL, MS, LA, AR, OK, TX)",1,Urban Area,8,Stratum 8 - NLMY PV Minor Injury,4138,134.88703025,2,1,January,1,1:00am-1:59am,24,24,12,Motor Vehicle In-Transport,7,Sideswipe - Same Direction,1,01,1,Motor Vehicle In-Transport (Inside or Outside the Trafficway),0,No,1FATP8UH6H52,1FATP8UH6H52,2017,2017,2017,2017,460,Ford,1781,Mustang,1,Convertible/Cabriolet,12,Ford,3,1,"Convertible(excludes sun-roof,t-bar)",0,Not Applicable,11,"Class 1: 6,000 lbs. or less (2,722 kg or less)",11,"Class 1: 6,000 lbs. or less (2,722 kg or less)",0,No Trailers,777777777777,No Trailing Units,777777777777,No Trailing Units,777777777777,No Trailing Units,77,No Trailing Units,77,No Trailing Units,77,No Trailing Units,0,Not an Articulated Vehicle,00000000000,Not Applicable,0,Not Applicable,0,Not Applicable,0,Not Applicable,0,Not Applicable (N/A),1,No,0,Not Applicable,0,Not Applicable,0,Not Applicable,0,Not Applicable,0,Not a Bus,0,No Special Use Noted,0,Not Applicable,998,Not Reported,0,No Underride or Override,0,No Rollover,0,No Rollover,82,Right-Front Side,82,Right-Front Side,7,"Damage Reported, Extent Unknown",6,Towed,12,Motor Vehicle In-Transport,12,Motor Vehicle In-Transport,0,No or Not Reported,1,Yes,1,Possible Injury (C),1,Possible Injury (C),1,1,1,1,9,Reported as Unknown,2,No Alcohol Involved,12003,Ford Mustang/Mustang II,76262,76262,5,"Yes, Specifics Unknown",3,"Two-Way,  Divided, Positive  Median Barrier",3,Three lanes,50,50 MPH,2,Curve - Right,1,Level,1,Dry,0,No Controls,0,No Controls,15,Changing Lanes,15,Changing Lanes,11,Over the lane line on right side of travel lane,99,Unknown/Not Reported,1,Tracking,2,"Stayed on roadway, but left original travel lane",46,"F46-Same Trafficway, Same Direction-Angle, Sideswipe-Changing Lanes to the Right",207,"Same Trafficway, Same Direction-Sideswipe, Angle, Vehicle on Left"
202304638384,2,65,65,13,3,"South (MD, DE, DC, WV, VA, KY, TN, NC, SC, GA, FL, AL, MS, LA, AR, OK, TX)",1,Urban Area,8,Stratum 8 - NLMY PV Minor Injury,4138,134.88703025,2,1,January,1,1:00am-1:59am,24,24,12,Motor Vehicle In-Transport,7,Sideswipe - Same Direction,1,01,1,Motor Vehicle In-Transport (Inside or Outside the Trafficway),0,No,1N6DD26S4YC3,1N6DD26S4YC3,2000,2000,2000,2000,478,Nissan,1919,Frontier,60,Pickup,35,Nissan/Datsun,472,34,Light Pickup,0,Not Applicable,11,"Class 1: 6,000 lbs. or less (2,722 kg or less)",11,"Class 1: 6,000 lbs. or less (2,722 kg or less)",0,No Trailers,777777777777,No Trailing Units,777777777777,No Trailing Units,777777777777,No Trailing Units,77,No Trailing Units,77,No Trailing Units,77,No Trailing Units,0,Not an Articulated Vehicle,00000000000,Not Applicable,0,Not Applicable,0,Not Applicable,0,Not Applicable,0,Not Applicable (N/A),1,No,0,Not Applicable,0,Not Applicable,0,Not Applicable,0,Not Applicable,0,Not a Bus,0,No Special Use Noted,0,Not Applicable,998,Not Reported,0,No Underride or Override,0,No Rollover,0,No Rollover,63,Left-Back Side,63,Left-Back Side,2,Minor Damage,8,Not Reported,12,Motor Vehicle In-Transport,12,Motor Vehicle In-Transport,0,No or Not Reported,1,Yes,0,No Apparent Injury (O),0,No Apparent Injury (O),0,No Person Injured in Vehicle,0,No Person Injured in Vehicle,9,Reported as Unknown,2,No Alcohol Involved,35472,Nissan/Datsun Frontier (1998 on),75211,75211,0,No,3,"Two-Way,  Divided, Positive  Median Barrier",3,Three lanes,50,50 MPH,2,Curve - Right,1,Level,1,Dry,0,No Controls,0,No Controls,14,Negotiating a Curve,14,Negotiating a Curve,60,From adjacent lane (same direction) over left lane line,99,Unknown/Not Reported,1,Tracking,1,Stayed in original travel lane,45,"F45-Same Trafficway, Same Direction-Angle, Sideswipe-Straight Ahead on Left/Right",208,"Same Trafficway, Same Direction-Sideswipe, Angle, Vehicle on Right"
202304638401,1,65,65,13,3,"South (MD, DE, DC, WV, VA, KY, TN, NC, SC, GA, FL, AL, MS, LA, AR, OK, TX)",1,Urban Area,10,Stratum 10 - Other,4138,221.11846351,2,1,January,14,2:00pm-2:59pm,29,29,12,Motor Vehicle In-Transport,1,Front-to-Rear,99,Unknown,1,Motor Vehicle In-Transport (Inside or Outside the Trafficway),1,Yes,888888888888,Not Reported,9999,Unknown,2002,2002,460,Ford,1801,F-150,60,Pickup,12,Ford,481,34,Light Pickup,0,Not Applicable,11,"Class 1: 6,000 lbs. or less (2,722 kg or less)",12,"Class 2: 6,001 - 10,000 lbs. (2,722 - 4,536 kg)",0,No Trailers,777777777777,No Trailing Units,777777777777,No Trailing Units,777777777777,No Trailing Units,77,No Trailing Units,77,No Trailing Units,77,No Trailing Units,0,Not an Articulated Vehicle,00000000000,Not Applicable,0,Not Applicable,0,Not Applicable,0,Not Applicable,0,Not Applicable (N/A),1,No,0,Not Applicable,0,Not Applicable,0,Not Applicable,0,Not Applicable,0,Not a Bus,0,No Special Use Noted,0,Not Applicable,998,Not Reported,8,Not Reported,0,No Rollover,0,No Rollover,12,12 Clock Point,12,12 Clock Point,8,Not Reported,5,Not Towed,12,Motor Vehicle In-Transport,12,Motor Vehicle In-Transport,0,No or Not Reported,1,Yes,9,Unknown/Not Reported,0,No Apparent Injury (O),99,All Persons in Vehicle are unknown if Injured,0,No Person Injured in Vehicle,9,Reported as Unknown,2,No Alcohol Involved,12481,Ford F-Series pickup,99998,Not Reported,0,No,7,"Two-Way Divided, Unknown if Unprotected Median or Positive Median Barrier",3,Three lanes,70,70 MPH,1,Straight,1,Level,1,Dry,0,No Controls,0,No Controls,1,Going Straight,1,Going Straight,51,Traveling in same direction with lower steady speed,99,Unknown/Not Reported,1,Tracking,1,Stayed in original travel lane,24,"D24-Same Trafficway, Same Direction-Rear End-Slower",202,"Same Trafficway, Same Direction-Rear End, Lead Vehicle"
202304638401,2,65,65,13,3,"South (MD, DE, DC, WV, VA, KY, TN, NC, SC, GA, FL, AL, MS, LA, AR, OK, TX)",1,Urban Area,10,Stratum 10 - Other,4138,221.11846351,2,1,January,14,2:00pm-2:59pm,29,29,12,Motor Vehicle In-Transport,1,Front-to-Rear,1,01,1,Motor Vehicle In-Transport (Inside or Outside the Trafficway),0,No,2GCEC19ZX613,2GCEC19ZX613,2006,2006,2006,2006,467,Chevrolet,1850,Silverado,60,Pickup,20,Chevrolet,481,34,Light Pickup,0,Not Applicable,12,"Class 2: 6,001 - 10,000 lbs. (2,722 - 4,536 kg)",12,"Class 2: 6,001 - 10,000 lbs. (2,722 - 4,536 kg)",0,No Trailers,777777777777,No Trailing Units,777777777777,No Trailing Units,777777777777,No Trailing Units,77,No Trailing Units,77,No Trailing Units,77,No Trailing Units,0,Not an Articulated Vehicle,00000000000,Not Applicable,0,Not Applicable,0,Not Applicable,0,Not Applicable,0,Not Applicable (N/A),1,No,0,Not Applicable,0,Not Applicable,0,Not Applicable,0,Not Applicable,0,Not a Bus,0,No Special Use Noted,0,Not Applicable,70,070 MPH,8,Not Reported,0,No Rollover,0,No Rollover,6,6 Clock Point,6,6 Clock Point,7,"Damage Reported, Extent Unknown",8,Not Reported,12,Motor Vehicle In-Transport,12,Motor Vehicle In-Transport,0,No or Not Reported,1,Yes,0,No Apparent Injury (O),0,No Apparent Injury (O),0,No Person Injured in Vehicle,0,No Person Injured in Vehicle,9,Reported as Unknown,2,No Alcohol Involved,20481,"Chevrolet C, K, R, V-series pickup/Silverado",75110,75110,0,No,7,"Two-Way Divided, Unknown if Unprotected Median or Positive Median Barrier",3,Three lanes,70,70 MPH,1,Straight,1,Level,1,Dry,0,No Controls,0,No Controls,1,Going Straight,1,Going Straight,53,Traveling in same direction with higher speed,99,Unknown/Not Reported,1,Tracking,1,Stayed in original travel lane,25,"D25-Same Trafficway, Same Direction-Rear End-Slower, Going Straight",201,"Same Trafficway, Same Direction-Rear End, Trailing Vehicle"
202304638424,1,40,40,15,3,"South (MD, DE, DC, WV, VA, KY, TN, NC, SC, GA, FL, AL, MS, LA, AR, OK, TX)",1,Urban Area,2,Stratum 2 - Not a MV Occupant Any Injury,4147,23.401351761,1,1,January,23,11:00pm-11:59pm,4,4,8,Pedestrian,0,The First Harmful Event was Not a Collision with a Motor Vehicle In-Transport,1,01,1,Motor Vehicle In-Transport (Inside or Outside the Trafficway),0,No,1GCEC14Z07Z1,1GCEC14Z07Z1,2007,2007,2007,2007,467,Chevrolet,1850,Silverado,60,Pickup,20,Chevrolet,481,34,Light Pickup,0,Not Applicable,12,"Class 2: 6,001 - 10,000 lbs. (2,722 - 4,536 kg)",12,"Class 2: 6,001 - 10,000 lbs. (2,722 - 4,536 kg)",0,No Trailers,777777777777,No Trailing Units,777777777777,No Trailing Units,777777777777,No Trailing Units,77,No Trailing Units,77,No Trailing Units,77,No Trailing Units,0,Not an Articulated Vehicle,00000000000,Not Applicable,0,Not Applicable,0,Not Applicable,0,Not Applicable,0,Not Applicable (N/A),1,No,0,Not Applicable,0,Not Applicable,0,Not Applicable,0,Not Applicable,0,Not a Bus,0,No Special Use Noted,0,Not Applicable,998,Not Reported,7,Not Applicable,0,No Rollover,0,No Rollover,12,12 Clock Point,12,12 Clock Point,7,"Damage Reported, Extent Unknown",8,Not Reported,8,Pedestrian,8,Pedestrian,0,No or Not Reported,1,Yes,0,No Apparent Injury (O),0,No Apparent Injury (O),0,No Person Injured in Vehicle,0,No Person Injured in Vehicle,2,No Alcohol Involved,2,No Alcohol Involved,20481,"Chevrolet C, K, R, V-series pickup/Silverado",99998,Not Reported,0,No,2,"Two-Way, Divided, Unprotected Median",4,Four lanes,45,45 MPH,1,Straight,1,Level,1,Dry,3,Traffic control signal(on colors) not known whether or not Pedestrian Signal,3,Device Functioning Properly,1,Going Straight,1,Going Straight,80,Pedestrian in road,99,Unknown/Not Reported,1,Tracking,1,Stayed in original travel lane,13,C13-Single Driver-Forward Impact-Pedestrian/ Animal,103,Single Driver-Struck Object While Moving Forward
202304638425,1,40,40,15,3,"South (MD, DE, DC, WV, VA, KY, TN, NC, SC, GA, FL, AL, MS, LA, AR, OK, TX)",1,Urban Area,5,Stratum 5 - NLMY PV Serious Injury,4147,25.736272888,2,1,January,18,6:00pm-6:59pm,33,33,12,Motor Vehicle In-Transport,6,Angle,2,02,1,Motor Vehicle In-Transport (Inside or Outside the Trafficway),0,No,2T1BURHE0EC2,2T1BURHE0EC2,2014,2014,2014,2014,448,Toyota,2208,Corolla,13,Sedan/Saloon,49,Toyota,32,4,"4-door sedan, hardtop",0,Not Applicable,11,"Class 1: 6,000 lbs. or less (2,722 kg or less)",11,"Class 1: 6,000 lbs. or less (2,722 kg or less)",0,No Trailers,777777777777,No Trailing Units,777777777777,No Trailing Units,777777777777,No Trailing Units,77,No Trailing Units,77,No Trailing Units,77,No Trailing Units,0,Not an Articulated Vehicle,00000000000,Not Applicable,0,Not Applicable,0,Not Applicable,0,Not Applicable,0,Not Applicable (N/A),1,No,0,Not Applicable,0,Not Applicable,0,Not Applicable,0,Not Applicable,0,Not a Bus,0,No Special Use Noted,0,Not Applicable,998,Not Reported,8,Not Reported,0,No Rollover,0,No Rollover,2,2 Clock Point,2,2 Clock Point,6,Disabling Damage,6,Towed,12,Motor Vehicle In-Transport,12,Motor Vehicle In-Transport,0,No or Not Reported,1,Yes,3,Suspected Serious Injury (A),3,Suspected Serious Injury (A),2,2,2,2,1,Alcohol Involved,1,Alcohol Involved,49032,Toyota Corolla,99998,Not Reported,0,No,2,"Two-Way, Divided, Unprotected Median",4,Four lanes,45,45 MPH,1,Straight,1,Level,1,Dry,97,Not Reported,8,Not Reported,11,Turning Left,11,Turning Left,15,Turning Left,99,Unknown/Not Reported,1,Tracking,1,Stayed in original travel lane,68,J68-Trafficway Vehicle Turning-Turn Across Path-Initial Opposite Directions (Left/Right),401,"Changing Trafficway, Vehicle Turning-Turn Across Path, Initial Opposite Directions [Left/Right]"
202304638425,2,40,40,15,3,"South (MD, DE, DC, WV, VA, KY, TN, NC, SC, GA, FL, AL, MS, LA, AR, OK, TX)",1,Urban Area,5,Stratum 5 - NLMY PV Serious Injury,4147,25.736272888,2,1,January,18,6:00pm-6:59pm,33,33,12,Motor Vehicle In-Transport,6,Angle,1,01,1,Motor Vehicle In-Transport (Inside or Outside the Trafficway),0,No,WBAFR7C50DC8,WBAFR7C50DC8,2013,2013,2013,2013,452,BMW,1716,535i,13,Sedan/Saloon,34,BMW,35,4,"4-door sedan, hardtop",0,Not Applicable,11,"Class 1: 6,000 lbs. or less (2,722 kg or less)",11,"Class 1: 6,000 lbs. or less (2,722 kg or less)",0,No Trailers,777777777777,No Trailing Units,777777777777,No Trailing Units,777777777777,No Trailing Units,77,No Trailing Units,77,No Trailing Units,77,No Trailing Units,0,Not an Articulated Vehicle,00000000000,Not Applicable,0,Not Applicable,0,Not Applicable,0,Not Applicable,0,Not Applicable (N/A),1,No,0,Not Applicable,0,Not Applicable,0,Not Applicable,0,Not Applicable,0,Not a Bus,0,No Special Use Noted,0,Not Applicable,998,Not Reported,8,Not Reported,0,No Rollover,0,No Rollover,12,12 Clock Point,12,12 Clock Point,6,Disabling Damage,6,Towed,12,Motor Vehicle In-Transport,12,Motor Vehicle In-Transport,0,No or Not Reported,1,Yes,2,Suspected Minor Injury (B),2,Suspected Minor Injury (B),1,1,1,1,2,No Alcohol Involved,2,No Alcohol Involved,34035,BMW 5-series,99998,Not Reported,0,No,2,"Two-Way, Divided, Unprotected Median",3,Three lanes,45,45 MPH,1,Straight,1,Level,1,Dry,97,Not Reported,8,Not Reported,1,Going Straight,1,Going Straight,62,From opposite direction  over left lane line,99,Unknown/Not Reported,1,Tracking,1,Stayed in original travel lane,69,J69-Trafficway Vehicle Turning-Turn Across Path-Initial Opposite Directions (Going Straight),402,"Changing Trafficway, Vehicle Turning-Turn Across Path, Initial Opposite Directions [Going Straight]"
202304638543,1,35,35,13,3,"South (MD, DE, DC, WV, VA, KY, TN, NC, SC, GA, FL, AL, MS, LA, AR, OK, TX)",1,Urban Area,4,Stratum 4 - LMY PV Serious Injury,4141,11.040494082,2,1,January,15,3:00pm-3:59pm,41,41,12,Motor Vehicle In-Transport,2,Front-to-Front,2,02,1,Motor Vehicle In-Transport (Inside or Outside the Trafficway),0,No,5XYP64HC1MG1,5XYP64HC1MG1,2021,2021,2021,2021,499,Kia,25756,Telluride,7,Sport Utility Vehicle (SUV)/Multi-Purpose Vehicle (MPV),63,KIA,422,15,"Large utility (ANSI D16.1 Utility Vehicle Categories and ""Full Size"" and ""Large"")",0,Not Applicable,11,"Class 1: 6,000 lbs. or less (2,722 kg or less)",11,"Class 1: 6,000 lbs. or less (2,722 kg or less)",0,No Trailers,777777777777,No Trailing Units,777777777777,No Trailing Units,777777777777,No Trailing Units,77,No Trailing Units,77,No Trailing Units,77,No Trailing Units,0,Not an Articulated Vehicle,00000000000,Not Applicable,0,Not Applicable,0,Not Applicable,0,Not Applicable,0,Not Applicable (N/A),1,No,0,Not Applicable,0,Not Applicable,0,Not Applicable,0,Not Applicable,0,Not a Bus,0,No Special Use Noted,0,Not Applicable,998,Not Reported,8,Not Reported,0,No Rollover,0,No Rollover,12,12 Clock Point,12,12 Clock Point,6,Disabling Damage,6,Towed,12,Motor Vehicle In-Transport,12,Motor Vehicle In-Transport,0,No or Not Reported,1,Yes,3,Suspected Serious Injury (A),3,Suspected Serious Injury (A),2,2,2,2,2,No Alcohol Involved,2,No Alcohol Involved,63422,KIA Telluride,40324,40324,0,No,1,"Two-Way, Not Divided",2,Two lanes,40,40 MPH,3,Curve - Left,1,Level,2,Wet,0,No Controls,0,No Controls,14,Negotiating a Curve,14,Negotiating a Curve,62,From opposite direction  over left lane line,99,Unknown/Not Reported,1,Tracking,1,Stayed in original travel lane,51,"G51-Same Trafficway, Opposite Direction-Head-On-Lateral Move (Going Straight)",302,"Same Trafficway, Opposite Direction-Lateral Move [Going Straight], Head-On, Sideswipe, or Angle"
202304638543,2,35,35,13,3,"South (MD, DE, DC, WV, VA, KY, TN, NC, SC, GA, FL, AL, MS, LA, AR, OK, TX)",1,Urban Area,4,Stratum 4 - LMY PV Serious Injury,4141,11.040494082,2,1,January,15,3:00pm-3:59pm,41,41,12,Motor Vehicle In-Transport,2,Front-to-Front,1,01,1,Motor Vehicle In-Transport (Inside or Outside the Trafficway),0,No,WVWKG61J34D0,WVWKG61J34D0,2004,2004,2004,2004,482,Volkswagen,3141,R32,5,Hatchback/Liftback/Notchback,30,Volkswagen,42,3,3-door/2-door hatchback,0,Not Applicable,11,"Class 1: 6,000 lbs. or less (2,722 kg or less)",11,"Class 1: 6,000 lbs. or less (2,722 kg or less)",0,No Trailers,777777777777,No Trailing Units,777777777777,No Trailing Units,777777777777,No Trailing Units,77,No Trailing Units,77,No Trailing Units,77,No Trailing Units,0,Not an Articulated Vehicle,00000000000,Not Applicable,0,Not Applicable,0,Not Applicable,0,Not Applicable,0,Not Applicable (N/A),1,No,0,Not Applicable,0,Not Applicable,0,Not Applicable,0,Not Applicable,0,Not a Bus,0,No Special Use Noted,0,Not Applicable,998,Not Reported,8,Not Reported,0,No Rollover,0,No Rollover,12,12 Clock Point,12,12 Clock Point,6,Disabling Damage,6,Towed,12,Motor Vehicle In-Transport,12,Motor Vehicle In-Transport,0,No or Not Reported,1,Yes,3,Suspected Serious Injury (A),3,Suspected Serious Injury (A),1,1,1,1,2,No Alcohol Involved,2,No Alcohol Involved,30042,Volkswagen Golf/Cabriolet/Cabrio/GTI/ GLI,37167,37167,4,"Yes, Too Fast for Conditions",1,"Two-Way, Not Divided",2,Two lanes,40,40 MPH,2,Curve - Right,1,Level,2,Wet,0,No Controls,0,No Controls,2,Decelerating in Road,2,Decelerating in Road,6,Traveling Too Fast for Conditions or Road Configuration,99,Unknown/Not Reported,2,Skidding longitudinally  rotation less than 30 degrees,2,"Stayed on roadway, but left original travel lane",50,"G50-Same Trafficway, Opposite Direction-Head-On-Lateral Move (Left/Right)",301,"Same Trafficway, Opposite Direction-Lateral Move [Left/Right], Head-On, Sideswipe, or Angle"
202304638547,1,35,35,13,3,"South (MD, DE, DC, WV, VA, KY, TN, NC, SC, GA, FL, AL, MS, LA, AR, OK, TX)",1,Urban Area,6,Stratum 6 - LMY PV Minor Injury,4141,54.437803538,2,1,January,16,4:00pm-4:59pm,46,46,12,Motor Vehicle In-Transport,6,Angle,1,01,1,Motor Vehicle In-Transport (Inside or Outside the Trafficway),0,No,JA4AD2A31LZ0,JA4AD2A31LZ0,2020,2020,2020,2020,481,Mitsubishi,2163,Outlander,7,Sport Utility Vehicle (SUV)/Multi-Purpose Vehicle (MPV),52,Mitsubishi,404,14,"Compact Utility (Utility Vehicle Categories ""Small"" and ""Midsize"")",0,Not Applicable,11,"Class 1: 6,000 lbs. or less (2,722 kg or less)",11,"Class 1: 6,000 lbs. or less (2,722 kg or less)",0,No Trailers,777777777777,No Trailing Units,777777777777,No Trailing Units,777777777777,No Trailing Units,77,No Trailing Units,77,No Trailing Units,77,No Trailing Units,0,Not an Articulated Vehicle,00000000000,Not Applicable,0,Not Applicable,0,Not Applicable,0,Not Applicable,0,Not Applicable (N/A),1,No,0,Not Applicable,0,Not Applicable,0,Not Applicable,0,Not Applicable,0,Not a Bus,0,No Special Use Noted,0,Not Applicable,998,Not Reported,8,Not Reported,0,No Rollover,0,No Rollover,11,11 Clock Point,11,11 Clock Point,6,Disabling Damage,6,Towed,12,Motor Vehicle In-Transport,12,Motor Vehicle In-Transport,0,No or Not Reported,1,Yes,1,Possible Injury (C),1,Possible Injury (C),1,1,1,1,2,No Alcohol Involved,2,No Alcohol Involved,52404,"Mitsubishi Outlander (For 2019 on.  For model years 2003-2018, see 52-047.)",37130,37130,0,No,7,"Two-Way Divided, Unknown if Unprotected Median or Positive Median Barrier",2,Two lanes,35,35 MPH,1,Straight,1,Level,2,Wet,1,Traffic control signal (on colors) without Pedestrian Signal,1,Device Not Functioning,10,Turning Right,10,Turning Right,16,Turning Right,99,Unknown/Not Reported,1,Tracking,1,Stayed in original travel lane,78,K78-Trafficway Vehicle Turning-Turn Into Path-Turn Into Same Direction (Turning Right),410,"Changing Trafficway, Vehicle Turning-Turn Into Path, Turn into Same Direction [Turning Right]"
202304638547,2,35,35,13,3,"South (MD, DE, DC, WV, VA, KY, TN, NC, SC, GA, FL, AL, MS, LA, AR, OK, TX)",1,Urban Area,6,Stratum 6 - LMY PV Minor Injury,4141,54.437803538,2,1,January,16,4:00pm-4:59pm,46,46,12,Motor Vehicle In-Transport,6,Angle,1,01,1,Motor Vehicle In-Transport (Inside or Outside the Trafficway),0,No,JTNKHMBX9K10,JTNKHMBX9K10,2019,2019,2019,2019,448,Toyota,17213,C-HR,8,Crossover Utility Vehicle (CUV),49,Toyota,405,14,"Compact Utility (Utility Vehicle Categories ""Small"" and ""Midsize"")",0,Not Applicable,11,"Class 1: 6,000 lbs. or less (2,722 kg or less)",11,"Class 1: 6,000 lbs. or less (2,722 kg or less)",0,No Trailers,777777777777,No Trailing Units,777777777777,No Trailing Units,777777777777,No Trailing Units,77,No Trailing Units,77,No Trailing Units,77,No Trailing Units,0,Not an Articulated Vehicle,00000000000,Not Applicable,0,Not Applicable,0,Not Applicable,0,Not Applicable,0,Not Applicable (N/A),1,No,0,Not Applicable,0,Not Applicable,0,Not Applicable,0,Not Applicable,0,Not a Bus,0,No Special Use Noted,0,Not Applicable,998,Not Reported,8,Not Reported,0,No Rollover,0,No Rollover,4,4 Clock Point,4,4 Clock Point,6,Disabling Damage,6,Towed,12,Motor Vehicle In-Transport,12,Motor Vehicle In-Transport,0,No or Not Reported,1,Yes,1,Possible Injury (C),1,Possible Injury (C),1,1,1,1,2,No Alcohol Involved,2,No Alcohol Involved,49405,Toyota C-HR,38301,38301,0,No,2,"Two-Way, Divided, Unprotected Median",3,Three lanes,40,40 MPH,1,Straight,1,Level,2,Wet,1,Traffic control signal (on colors) without Pedestrian Signal,3,Device Functioning Properly,1,Going Straight,1,Going Straight,65,"From crossing street, turning into same direction",99,Unknown/Not Reported,1,Tracking,1,Stayed in original travel lane,79,K79-Trafficway Vehicle Turning-Turn Into Path-Turn Into Same Direction (Going Straight),411,"Changing Trafficway, Vehicle Turning-Turn Into Path, Turn into Same Direction [Going Straight, Other Vehicle Turning Right]"
202304638558,1,35,35,13,3,"South (MD, DE, DC, WV, VA, KY, TN, NC, SC, GA, FL, AL, MS, LA, AR, OK, TX)",1,Urban Area,8,Stratum 8 - NLMY PV Minor Injury,4141,134.51815149,1,1,January,22,10:00pm-10:59pm,14,14,14,Parked Motor Vehicle,0,The First Harmful Event was Not a Collision with a Motor Vehicle In-Transport,1,01,1,Motor Vehicle In-Transport (Inside or Outside the Trafficway),0,No,5NPDH4AE3FH6,5NPDH4AE3FH6,2015,2015,2015,2015,498,Hyundai,2735,Elantra,13,Sedan/Saloon,55,Hyundai,35,4,"4-door sedan, hardtop",0,Not Applicable,11,"Class 1: 6,000 lbs. or less (2,722 kg or less)",11,"Class 1: 6,000 lbs. or less (2,722 kg or less)",0,No Trailers,777777777777,No Trailing Units,777777777777,No Trailing Units,777777777777,No Trailing Units,77,No Trailing Units,77,No Trailing Units,77,No Trailing Units,0,Not an Articulated Vehicle,00000000000,Not Applicable,0,Not Applicable,0,Not Applicable,0,Not Applicable,0,Not Applicable (N/A),1,No,0,Not Applicable,0,Not Applicable,0,Not Applicable,0,Not Applicable,0,Not a Bus,0,No Special Use Noted,0,Not Applicable,998,Not Reported,8,Not Reported,0,No Rollover,0,No Rollover,12,12 Clock Point,12,12 Clock Point,6,Disabling Damage,6,Towed,14,Parked Motor Vehicle,14,Parked Motor Vehicle,0,No or Not Reported,1,Yes,1,Possible Injury (C),1,Possible Injury (C),1,1,1,1,1,Alcohol Involved,1,Alcohol Involved,55035,Hyundai Elantra,37130,37130,0,No,1,"Two-Way, Not Divided",8,Not Reported,30,30 MPH,1,Straight,1,Level,1,Dry,0,No Controls,0,No Controls,1,Going Straight,1,Going Straight,11,Over the lane line on right side of travel lane,99,Unknown/Not Reported,1,Tracking,4,Departed roadway,11,C11-Single Driver-Forward Impact-Parked Veh.,103,Single Driver-Struck Object While Moving Forward
202304638564,1,35,35,13,3,"South (MD, DE, DC, WV, VA, KY, TN, NC, SC, GA, FL, AL, MS, LA, AR, OK, TX)",1,Urban Area,9,Stratum 9 - LMY PV No Injuries in Crash,4141,141.63889146,1,1,January,20,8:00pm-8:59pm,58,58,11,Live Animal,0,The First Harmful Event was Not a Collision with a Motor Vehicle In-Transport,1,01,1,Motor Vehicle In-Transport (Inside or Outside the Trafficway),0,No,3KPF54AD3KE0,3KPF54AD3KE0,2019,2019,2019,2019,499,Kia,2462,Forte,13,Sedan/Saloon,63,KIA,38,4,"4-door sedan, hardtop",0,Not Applicable,11,"Class 1: 6,000 lbs. or less (2,722 kg or less)",11,"Class 1: 6,000 lbs. or less (2,722 kg or less)",0,No Trailers,777777777777,No Trailing Units,777777777777,No Trailing Units,777777777777,No Trailing Units,77,No Trailing Units,77,No Trailing Units,77,No Trailing Units,0,Not an Articulated Vehicle,00000000000,Not Applicable,0,Not Applicable,0,Not Applicable,0,Not Applicable,0,Not Applicable (N/A),1,No,0,Not Applicable,0,Not Applicable,0,Not Applicable,0,Not Applicable,0,Not a Bus,0,No Special Use Noted,0,Not Applicable,998,Not Reported,7,Not Applicable,0,No Rollover,0,No Rollover,12,12 Clock Point,12,12 Clock Point,4,Functional Damage,5,Not Towed,11,Live Animal,11,Live Animal,0,No or Not Reported,1,Yes,0,No Apparent Injury (O),0,No Apparent Injury (O),0,No Person Injured in Vehicle,0,No Person Injured in Vehicle,2,No Alcohol Involved,2,No Alcohol Involved,63038,KIA Forte,42134,42134,0,No,1,"Two-Way, Not Divided",2,Two lanes,40,40 MPH,1,Straight,8,Not Reported,1,Dry,0,No Controls,0,No Controls,1,Going Straight,1,Going Straight,87,Animal in road,99,Unknown/Not Reported,1,Tracking,1,Stayed in original travel lane,13,C13-Single Driver-Forward Impact-Pedestrian/ Animal,103,Single Driver-Struck Object While Moving Forward
202304638580,1,35,35,13,3,"South (MD, DE, DC, WV, VA, KY, TN, NC, SC, GA, FL, AL, MS, LA, AR, OK, TX)",1,Urban Area,10,Stratum 10 - Other,4141,222.47241975,1,1,January,8,8:00am-8:59am,58,58,24,Guardrail Face,0,The First Harmful Event was Not a Collision with a Motor Vehicle In-Transport,2,02,1,Motor Vehicle In-Transport (Inside or Outside the Trafficway),0,No,1HGCR2F57FA0,1HGCR2F57FA0,2015,2015,2015,2015,474,Honda,1861,Accord,13,Sedan/Saloon,37,Honda,32,4,"4-door sedan, hardtop",0,Not Applicable,11,"Class 1: 6,000 lbs. or less (2,722 kg or less)",11,"Class 1: 6,000 lbs. or less (2,722 kg or less)",0,No Trailers,777777777777,No Trailing Units,777777777777,No Trailing Units,777777777777,No Trailing Units,77,No Trailing Units,77,No Trailing Units,77,No Trailing Units,0,Not an Articulated Vehicle,00000000000,Not Applicable,0,Not Applicable,0,Not Applicable,0,Not Applicable,0,Not Applicable (N/A),1,No,0,Not Applicable,0,Not Applicable,0,Not Applicable,0,Not Applicable,0,Not a Bus,0,No Special Use Noted,0,Not Applicable,998,Not Reported,7,Not Applicable,0,No Rollover,0,No Rollover,11,11 Clock Point,11,11 Clock Point,6,Disabling Damage,6,Towed,24,Guardrail Face,24,Guardrail Face,0,No or Not Reported,1,Yes,0,No Apparent Injury (O),0,No Apparent Injury (O),0,No Person Injured in Vehicle,0,No Person Injured in Vehicle,2,No Alcohol Involved,2,No Alcohol Involved,37032,"Honda Accord (Note: For Crosstour model years 2010 and 2011 only. For Crosstour model years 2012-2015, see vehicle model 37-405)",37013,37013,4,"Yes, Too Fast for Conditions",3,"Two-Way,  Divided, Positive  Median Barrier",8,Not Reported,70,70 MPH,2,Curve - Right,6,Downhill,2,Wet,0,No Controls,0,No Controls,14,Negotiating a Curve,14,Negotiating a Curve,12,Off the edge of the road on the left side,99,Unknown/Not Reported,1,Tracking,4,Departed roadway,6,B6-Single Driver-Left Roadside Departure-Drive Off Road,102,Single Driver-Left Roadside Departure
202304638625,1,25,25,8,2,"Midwest (OH, IN, IL, MI, WI, MN, ND, SD, NE, IA, MO, KS)",1,Urban Area,10,Stratum 10 - Other,4150,218.84769319,1,1,January,0,0:00am-0:59am,1,1,30,Utility Pole/Light Support,0,The First Harmful Event was Not a Collision with a Motor Vehicle In-Transport,99,Unknown,1,Motor Vehicle In-Transport (Inside or Outside the Trafficway),1,Yes,1HGEM22941L0,1HGEM22941L0,2001,2001,2001,2001,474,Honda,1863,Civic,3,Coupe,37,Honda,31,2,"2-door sedan,hardtop,coupe",0,Not Applicable,11,"Class 1: 6,000 lbs. or less (2,722 kg or less)",11,"Class 1: 6,000 lbs. or less (2,722 kg or less)",0,No Trailers,777777777777,No Trailing Units,777777777777,No Trailing Units,777777777777,No Trailing Units,77,No Trailing Units,77,No Trailing Units,77,No Trailing Units,0,Not an Articulated Vehicle,00000000000,Not Applicable,0,Not Applicable,0,Not Applicable,0,Not Applicable,0,Not Applicable (N/A),1,No,0,Not Applicable,0,Not Applicable,0,Not Applicable,0,Not Applicable,0,Not a Bus,0,No Special Use Noted,0,Not Applicable,30,030 MPH,7,Not Applicable,0,No Rollover,0,No Rollover,12,12 Clock Point,12,12 Clock Point,4,Functional Damage,5,Not Towed,30,Utility Pole/Light Support,30,Utility Pole/Light Support,0,No or Not Reported,1,Yes,0,No Apparent Injury (O),0,No Apparent Injury (O),0,No Person Injured in Vehicle,0,No Person Injured in Vehicle,9,Reported as Unknown,2,No Alcohol Involved,37031,"Honda Civic/CRX, del Sol",44706,44706,0,No,1,"Two-Way, Not Divided",2,Two lanes,25,25 MPH,1,Straight,1,Level,2,Wet,0,No Controls,0,No Controls,1,Going Straight,1,Going Straight,12,Off the edge of the road on the left side,99,Unknown/Not Reported,1,Tracking,4,Departed roadway,6,B6-Single Driver-Left Roadside Departure-Drive Off Road,102,Single Driver-Left Roadside Departure
202304638645,1,39,39,7,2,"Midwest (OH, IN, IL, MI, WI, MN, ND, SD, NE, IA, MO, KS)",1,Urban Area,10,Stratum 10 - Other,4154,210.86019124,1,1,January,14,2:00pm-2:59pm,41,41,14,Parked Motor Vehicle,0,The First Harmful Event was Not a Collision with a Motor Vehicle In-Transport,99,Unknown,1,Motor Vehicle In-Transport (Inside or Outside the Trafficway),1,Yes,888888888888,Not Reported,9998,Not Reported,2014,2014,99998,Not Reported,99998,Not Reported,998,Not Reported,97,Not Reported,997,98,Not Reported,0,Not Applicable,98,Not Reported,98,Not Reported,0,No Trailers,777777777777,No Trailing Units,777777777777,No Trailing Units,777777777777,No Trailing Units,77,No Trailing Units,77,No Trailing Units,77,No Trailing Units,0,Not an Articulated Vehicle,99999999999,Unknown,99,Unknown,999999999,Unknown,99,Unknown,99,Unknown,1,No,0,Not Applicable,0,Not Applicable,0,Not Applicable,0,Not Applicable,99,Reported as Unknown,0,No Special Use Noted,0,Not Applicable,998,Not Reported,8,Not Reported,0,No Rollover,0,No Rollover,6,6 Clock Point,6,6 Clock Point,9,Reported as Unknown,5,Not Towed,14,Parked Motor Vehicle,14,Parked Motor Vehicle,0,No or Not Reported,1,Yes,9,Unknown/Not Reported,0,No Apparent Injury (O),99,All Persons in Vehicle are unknown if Injured,0,No Person Injured in Vehicle,9,Reported as Unknown,2,No Alcohol Involved,97997,Not Reported Not Reported,99998,Not Reported,0,No,0,Non-Trafficway or Driveway Access,0,Non-Trafficway or Driveway Access,0,No Statutory Limit/Non-Trafficway or Driveway Access,0,Non-Trafficway or Driveway Access,0,Non-Trafficway or Driveway Access,0,Non-Trafficway or Driveway Access,97,Not Reported,8,Not Reported,13,Backing Up (other than for Parking Position),13,Backing Up (other than for Parking Position),20,Backing,99,Unknown/Not Reported,1,Tracking,4,Departed roadway,92,M92-Backing-Backing Veh.,992,Backing Vehicle
202304638652,1,32,32,17,3,"South (MD, DE, DC, WV, VA, KY, TN, NC, SC, GA, FL, AL, MS, LA, AR, OK, TX)",2,Rural Area,6,Stratum 6 - LMY PV Minor Injury,4145,53.487926763,2,1,January,16,4:00pm-4:59pm,34,34,12,Motor Vehicle In-Transport,6,Angle,2,02,1,Motor Vehicle In-Transport (Inside or Outside the Trafficway),0,No,1HTMKAZRX5H1,1HTMKAZRX5H1,2005,2005,2005,2005,526,International,29124,4400,11,Truck,84,International Harvester/Navistar,881,63,"Single-unit straight truck or Cab-Chassis (GVWR greater than 26,000 lbs.)",130,Fire Apparatus,18,"Class 8: 33,001 lbs. and above (14,969 kg and above)",18,"Class 8: 33,001 lbs. and above (14,969 kg and above)",0,No Trailers,777777777777,No Trailing Units,777777777777,No Trailing Units,777777777777,No Trailing Units,77,No Trailing Units,77,No Trailing Units,77,No Trailing Units,0,Not an Articulated Vehicle,88888888888,,88,,888888888,,1,"Single-Unit Truck (2- axle and GVWR more than 10,000 lbs)",98,Unknown Cargo Body Type,1,No,0,Not Applicable,0,Not Applicable,0,Not Applicable,0,Not Applicable,0,Not a Bus,7,Fire Truck,5,"Emergency Operation, Emergency Warning Equipment in Use",998,Not Reported,8,Not Reported,0,No Rollover,0,No Rollover,3,3 Clock Point,3,3 Clock Point,6,Disabling Damage,6,Towed,12,Motor Vehicle In-Transport,12,Motor Vehicle In-Transport,0,No or Not Reported,1,Yes,0,No Apparent Injury (O),0,No Apparent Injury (O),0,No Person Injured in Vehicle,0,No Person Injured in Vehicle,2,No Alcohol Involved,2,No Alcohol Involved,84881,International Harvester/Navistar Medium/Heavy - CBE,37862,37862,0,No,1,"Two-Way, Not Divided",8,Not Reported,35,35 MPH,1,Straight,1,Level,1,Dry,2,Traffic control signal (on colors) with Pedestrian Signal,3,Device Functioning Properly,1,Going Straight,1,Going Straight,17,Crossing Over (Passing Through) Junction,99,Unknown/Not Reported,1,Tracking,1,Stayed in original travel lane,87,L87-Intersecting Paths-Straight Paths-Struck on the Right,502,"Intersecting Paths-Straight Paths, Struck on the Right"
202304638652,2,32,32,17,3,"South (MD, DE, DC, WV, VA, KY, TN, NC, SC, GA, FL, AL, MS, LA, AR, OK, TX)",2,Rural Area,6,Stratum 6 - LMY PV Minor Injury,4145,53.487926763,2,1,January,16,4:00pm-4:59pm,34,34,12,Motor Vehicle In-Transport,6,Angle,1,01,1,Motor Vehicle In-Transport (Inside or Outside the Trafficway),0,No,3N1CP5CVXML4,3N1CP5CVXML4,2021,2021,2021,2021,478,Nissan,22791,Kicks,5,Hatchback/Liftback/Notchback,35,Nissan/Datsun,56,5,5-door/4-door hatchback,0,Not Applicable,11,"Class 1: 6,000 lbs. or less (2,722 kg or less)",11,"Class 1: 6,000 lbs. or less (2,722 kg or less)",0,No Trailers,777777777777,No Trailing Units,777777777777,No Trailing Units,777777777777,No Trailing Units,77,No Trailing Units,77,No Trailing Units,77,No Trailing Units,0,Not an Articulated Vehicle,00000000000,Not Applicable,0,Not Applicable,0,Not Applicable,0,Not Applicable,0,Not Applicable (N/A),1,No,0,Not Applicable,0,Not Applicable,0,Not Applicable,0,Not Applicable,0,Not a Bus,0,No Special Use Noted,0,Not Applicable,998,Not Reported,8,Not Reported,0,No Rollover,0,No Rollover,12,12 Clock Point,12,12 Clock Point,6,Disabling Damage,6,Towed,12,Motor Vehicle In-Transport,12,Motor Vehicle In-Transport,0,No or Not Reported,1,Yes,2,Suspected Minor Injury (B),2,Suspected Minor Injury (B),1,1,1,1,2,No Alcohol Involved,2,No Alcohol Involved,35056,Nissan/Datsun Kicks,37876,37876,0,No,3,"Two-Way,  Divided, Positive  Median Barrier",8,Not Reported,35,35 MPH,1,Straight,1,Level,1,Dry,2,Traffic control signal (on colors) with Pedestrian Signal,3,Device Functioning Properly,1,Going Straight,1,Going Straight,66,"From crossing street, across path",99,Unknown/Not Reported,1,Tracking,1,Stayed in original travel lane,86,L86-Intersecting Paths-Straight Paths-Striking from the Right,501,"Intersecting Paths-Straight Paths, Striking from the Right"
202304638654,1,32,32,17,3,"South (MD, DE, DC, WV, VA, KY, TN, NC, SC, GA, FL, AL, MS, LA, AR, OK, TX)",2,Rural Area,10,Stratum 10 - Other,4145,220.3414238,2,1,January,11,11:00am-11:59am,7,7,12,Motor Vehicle In-Transport,1,Front-to-Rear,1,01,1,Motor Vehicle In-Transport (Inside or Outside the Trafficway),0,No,1B3LC46K88N2,1B3LC46K88N2,2008,2008,2008,2008,476,Dodge,1892,Avenger,13,Sedan/Saloon,7,Dodge,26,4,"4-door sedan, hardtop",0,Not Applicable,11,"Class 1: 6,000 lbs. or less (2,722 kg or less)",11,"Class 1: 6,000 lbs. or less (2,722 kg or less)",0,No Trailers,777777777777,No Trailing Units,777777777777,No Trailing Units,777777777777,No Trailing Units,77,No Trailing Units,77,No Trailing Units,77,No Trailing Units,0,Not an Articulated Vehicle,00000000000,Not Applicable,0,Not Applicable,0,Not Applicable,0,Not Applicable,0,Not Applicable (N/A),1,No,0,Not Applicable,0,Not Applicable,0,Not Applicable,0,Not Applicable,0,Not a Bus,0,No Special Use Noted,0,Not Applicable,0,Stopped Motor Vehicle In- Transport,8,Not Reported,0,No Rollover,0,No Rollover,6,6 Clock Point,6,6 Clock Point,2,Minor Damage,5,Not Towed,12,Motor Vehicle In-Transport,12,Motor Vehicle In-Transport,0,No or Not Reported,1,Yes,0,No Apparent Injury (O),0,No Apparent Injury (O),0,No Person Injured in Vehicle,0,No Person Injured in Vehicle,2,No Alcohol Involved,2,No Alcohol Involved,7026,Dodge Avenger,37821,37821,0,No,8,Not Reported,8,Not Reported,30,30 MPH,1,Straight,8,Not Reported,1,Dry,1,Traffic control signal (on colors) without Pedestrian Signal,3,Device Functioning Properly,5,Stopped in Roadway,5,Stopped in Roadway,53,Traveling in same direction with higher speed,1,No Avoidance Maneuver,1,Tracking,1,Stayed in original travel lane,21,"D21-Same Trafficway, Same Direction-Rear End-Stopped, Straight",201,"Same Trafficway, Same Direction-Rear End, Trailing Vehicle"
202304638654,2,32,32,17,3,"South (MD, DE, DC, WV, VA, KY, TN, NC, SC, GA, FL, AL, MS, LA, AR, OK, TX)",2,Rural Area,10,Stratum 10 - Other,4145,220.3414238,2,1,January,11,11:00am-11:59am,7,7,12,Motor Vehicle In-Transport,1,Front-to-Rear,1,01,1,Motor Vehicle In-Transport (Inside or Outside the Trafficway),0,No,1HGCR2F51HA1,1HGCR2F51HA1,2017,2017,2017,2017,474,Honda,1861,Accord,13,Sedan/Saloon,37,Honda,32,4,"4-door sedan, hardtop",0,Not Applicable,11,"Class 1: 6,000 lbs. or less (2,722 kg or less)",11,"Class 1: 6,000 lbs. or less (2,722 kg or less)",0,No Trailers,777777777777,No Trailing Units,777777777777,No Trailing Units,777777777777,No Trailing Units,77,No Trailing Units,77,No Trailing Units,77,No Trailing Units,0,Not an Articulated Vehicle,00000000000,Not Applicable,0,Not Applicable,0,Not Applicable,0,Not Applicable,0,Not Applicable (N/A),1,No,0,Not Applicable,0,Not Applicable,0,Not Applicable,0,Not Applicable,0,Not a Bus,0,No Special Use Noted,0,Not Applicable,998,Not Reported,8,Not Reported,0,No Rollover,0,No Rollover,12,12 Clock Point,12,12 Clock Point,4,Functional Damage,5,Not Towed,12,Motor Vehicle In-Transport,12,Motor Vehicle In-Transport,0,No or Not Reported,1,Yes,0,No Apparent Injury (O),0,No Apparent Injury (O),0,No Person Injured in Vehicle,0,No Person Injured in Vehicle,2,No Alcohol Involved,2,No Alcohol Involved,37032,"Honda Accord (Note: For Crosstour model years 2010 and 2011 only. For Crosstour model years 2012-2015, see vehicle model 37-405)",37869,37869,0,No,8,Not Reported,8,Not Reported,30,30 MPH,1,Straight,8,Not Reported,1,Dry,1,Traffic control signal (on colors) without Pedestrian Signal,3,Device Functioning Properly,1,Going Straight,1,Going Straight,50,Other vehicle stopped,99,Unknown/Not Reported,1,Tracking,1,Stayed in original travel lane,20,"D20-Same Trafficway, Same Direction-Rear End-Stopped",202,"Same Trafficway, Same Direction-Rear End, Lead Vehicle"
202304638685,1,67,67,8,2,"Midwest (OH, IN, IL, MI, WI, MN, ND, SD, NE, IA, MO, KS)",1,Urban Area,7,Stratum 7 - M/H Truck or Bus,4152,154.57591643,1,1,January,17,5:00pm-5:59pm,20,20,14,Parked Motor Vehicle,0,The First Harmful Event was Not a Collision with a Motor Vehicle In-Transport,1,01,1,Motor Vehicle In-Transport (Inside or Outside the Trafficway),0,No,1HTJTSKNXCH6,1HTJTSKNXCH6,2012,2012,2012,2012,526,International,2624,MA065,11,Truck,84,International Harvester/Navistar,881,63,"Single-unit straight truck or Cab-Chassis (GVWR greater than 26,000 lbs.)",0,Not Applicable,17,"Class 7: 26,001 - 33,000 lbs. (11,794 - 14,969 kg)",17,"Class 7: 26,001 - 33,000 lbs. (11,794 - 14,969 kg)",0,No Trailers,777777777777,No Trailing Units,777777777777,No Trailing Units,777777777777,No Trailing Units,77,No Trailing Units,77,No Trailing Units,77,No Trailing Units,0,Not an Articulated Vehicle,88888888888,,88,,888888888,,88,"Qualifying Vehicle, Unknown Configuration",98,Unknown Cargo Body Type,1,No,0,Not Applicable,0,Not Applicable,0,Not Applicable,0,Not Applicable,0,Not a Bus,5,Police,6,"Emergency Operation, Emergency Warning Equipment in Use Unknown",10,010 MPH,0,No Underride or Override,0,No Rollover,0,No Rollover,9,9 Clock Point,9,9 Clock Point,2,Minor Damage,8,Not Reported,14,Parked Motor Vehicle,14,Parked Motor Vehicle,0,No or Not Reported,1,Yes,0,No Apparent Injury (O),0,No Apparent Injury (O),0,No Person Injured in Vehicle,0,No Person Injured in Vehicle,9,Reported as Unknown,2,No Alcohol Involved,84881,International Harvester/Navistar Medium/Heavy - CBE,99998,Not Reported,0,No,1,"Two-Way, Not Divided",2,Two lanes,25,25 MPH,1,Straight,1,Level,2,Wet,0,No Controls,0,No Controls,11,Turning Left,11,Turning Left,10,Over the lane line on left side of travel lane,99,Unknown/Not Reported,1,Tracking,4,Departed roadway,11,C11-Single Driver-Forward Impact-Parked Veh.,103,Single Driver-Struck Object While Moving Forward
202304638695,1,67,67,8,2,"Midwest (OH, IN, IL, MI, WI, MN, ND, SD, NE, IA, MO, KS)",1,Urban Area,9,Stratum 9 - LMY PV No Injuries in Crash,4152,137.41921075,2,1,January,16,4:00pm-4:59pm,30,30,12,Motor Vehicle In-Transport,1,Front-to-Rear,99,Unknown,1,Motor Vehicle In-Transport (Inside or Outside the Trafficway),1,Yes,1GKKRPKD7GJ2,1GKKRPKD7GJ2,2016,2016,2016,2016,472,GMC,1855,Acadia,7,Sport Utility Vehicle (SUV)/Multi-Purpose Vehicle (MPV),23,GMC,423,15,"Large utility (ANSI D16.1 Utility Vehicle Categories and ""Full Size"" and ""Large"")",0,Not Applicable,12,"Class 2: 6,001 - 10,000 lbs. (2,722 - 4,536 kg)",12,"Class 2: 6,001 - 10,000 lbs. (2,722 - 4,536 kg)",0,No Trailers,777777777777,No Trailing Units,777777777777,No Trailing Units,777777777777,No Trailing Units,77,No Trailing Units,77,No Trailing Units,77,No Trailing Units,0,Not an Articulated Vehicle,00000000000,Not Applicable,0,Not Applicable,0,Not Applicable,0,Not Applicable,0,Not Applicable (N/A),1,No,0,Not Applicable,0,Not Applicable,0,Not Applicable,0,Not Applicable,0,Not a Bus,0,No Special Use Noted,0,Not Applicable,998,Not Reported,8,Not Reported,0,No Rollover,0,No Rollover,12,12 Clock Point,12,12 Clock Point,6,Disabling Damage,5,Not Towed,12,Motor Vehicle In-Transport,12,Motor Vehicle In-Transport,0,No or Not Reported,1,Yes,0,No Apparent Injury (O),0,No Apparent Injury (O),0,No Person Injured in Vehicle,0,No Person Injured in Vehicle,9,Reported as Unknown,2,No Alcohol Involved,23423,GMC Acadia (2013 on. For 2007-2012 see model 008.),43205,43205,0,No,1,"Two-Way, Not Divided",5,Five lanes,98,Not Reported,1,Straight,1,Level,2,Wet,3,Traffic control signal(on colors) not known whether or not Pedestrian Signal,3,Device Functioning Properly,1,Going Straight,1,Going Straight,50,Other vehicle stopped,99,Unknown/Not Reported,1,Tracking,1,Stayed in original travel lane,20,"D20-Same Trafficway, Same Direction-Rear End-Stopped",202,"Same Trafficway, Same Direction-Rear End, Lead Vehicle"
202304638695,2,67,67,8,2,"Midwest (OH, IN, IL, MI, WI, MN, ND, SD, NE, IA, MO, KS)",1,Urban Area,9,Stratum 9 - LMY PV No Injuries in Crash,4152,137.41921075,2,1,January,16,4:00pm-4:59pm,30,30,12,Motor Vehicle In-Transport,1,Front-to-Rear,2,02,1,Motor Vehicle In-Transport (Inside or Outside the Trafficway),0,No,5NPD84LF0LH5,5NPD84LF0LH5,2020,2020,2020,2020,498,Hyundai,2735,Elantra,13,Sedan/Saloon,55,Hyundai,35,4,"4-door sedan, hardtop",0,Not Applicable,11,"Class 1: 6,000 lbs. or less (2,722 kg or less)",11,"Class 1: 6,000 lbs. or less (2,722 kg or less)",0,No Trailers,777777777777,No Trailing Units,777777777777,No Trailing Units,777777777777,No Trailing Units,77,No Trailing Units,77,No Trailing Units,77,No Trailing Units,0,Not an Articulated Vehicle,00000000000,Not Applicable,0,Not Applicable,0,Not Applicable,0,Not Applicable,0,Not Applicable (N/A),1,No,0,Not Applicable,0,Not Applicable,0,Not Applicable,0,Not Applicable,0,Not a Bus,0,No Special Use Noted,0,Not Applicable,0,Stopped Motor Vehicle In- Transport,8,Not Reported,0,No Rollover,0,No Rollover,6,6 Clock Point,6,6 Clock Point,6,Disabling Damage,8,Not Reported,12,Motor Vehicle In-Transport,12,Motor Vehicle In-Transport,0,No or Not Reported,1,Yes,0,No Apparent Injury (O),0,No Apparent Injury (O),0,No Person Injured in Vehicle,0,No Person Injured in Vehicle,9,Reported as Unknown,2,No Alcohol Involved,55035,Hyundai Elantra,43219,43219,0,No,1,"Two-Way, Not Divided",5,Five lanes,98,Not Reported,1,Straight,1,Level,2,Wet,3,Traffic control signal(on colors) not known whether or not Pedestrian Signal,3,Device Functioning Properly,5,Stopped in Roadway,5,Stopped in Roadway,53,Traveling in same direction with higher speed,1,No Avoidance Maneuver,1,Tracking,1,Stayed in original travel lane,21,"D21-Same Trafficway, Same Direction-Rear End-Stopped, Straight",201,"Same Trafficway, Same Direction-Rear End, Trailing Vehicle"
202304638730,1,56,214,20,4,"West (MT, ID, WA, OR, CA, NV, NM, AZ, UT, CO, WY, AK, HI)",1,Urban Area,7,Stratum 7 - M/H Truck or Bus,214,188.16697546,1,1,January,13,1:00pm-1:59pm,35,35,2,Fire/Explosion,0,The First Harmful Event was Not a Collision with a Motor Vehicle In-Transport,2,02,1,Motor Vehicle In-Transport (Inside or Outside the Trafficway),0,No,1HTEUMML4KH3,1HTEUMML4KH3,2019,2019,2019,2019,526,International,20856,MV607,11,Truck,84,International Harvester/Navistar,881,62,"Single-unit straight truck or Cab-Chassis (GVWR range 19,501 to 26,000 lbs.)",0,Not Applicable,16,"Class 6: 19,501 - 26,000 lbs. (8,845 - 11,794 kg)",16,"Class 6: 19,501 - 26,000 lbs. (8,845 - 11,794 kg)",5,Vehicle Towing Another Motor Vehicle - Fixed Linkage,777777777777,No Trailing Units,777777777777,No Trailing Units,777777777777,No Trailing Units,77,No Trailing Units,77,No Trailing Units,77,No Trailing Units,0,Not an Articulated Vehicle,060232213,060232213,6,California,232213,0232213,1,"Single-Unit Truck (2- axle and GVWR more than 10,000 lbs)",12,Vehicle Towing Another Motor Vehicle,1,No,0,Not Applicable,0,Not Applicable,0,Not Applicable,0,Not Applicable,0,Not a Bus,0,No Special Use Noted,0,Not Applicable,48,048 MPH,7,Not Applicable,0,No Rollover,0,No Rollover,0,Non-Collision,0,Non-Collision,7,"Damage Reported, Extent Unknown",5,Not Towed,2,Fire/Explosion,2,Fire/Explosion,1,Yes,1,Yes,0,No Apparent Injury (O),0,No Apparent Injury (O),0,No Person Injured in Vehicle,0,No Person Injured in Vehicle,2,No Alcohol Involved,2,No Alcohol Involved,84881,International Harvester/Navistar Medium/Heavy - CBE,92553,92553,0,No,3,"Two-Way,  Divided, Positive  Median Barrier",5,Five lanes,55,55 MPH,1,Straight,8,Not Reported,2,Wet,97,Not Reported,8,Not Reported,1,Going Straight,1,Going Straight,98,Other critical precrash event (specify:),99,Unknown/Not Reported,1,Tracking,1,Stayed in original travel lane,0,M0-No Impact,0,No Impact
202304638739,1,83,83,13,3,"South (MD, DE, DC, WV, VA, KY, TN, NC, SC, GA, FL, AL, MS, LA, AR, OK, TX)",1,Urban Area,5,Stratum 5 - NLMY PV Serious Injury,4148,25.929429426,1,1,January,13,1:00pm-1:59pm,55,55,42,Tree (Standing Only),0,The First Harmful Event was Not a Collision with a Motor Vehicle In-Transport,2,02,1,Motor Vehicle In-Transport (Inside or Outside the Trafficway),0,No,5GADS13S0423,5GADS13S0423,2004,2004,2004,2004,468,Buick,4954,Rainier,7,Sport Utility Vehicle (SUV)/Multi-Purpose Vehicle (MPV),18,Buick / Opel,402,14,"Compact Utility (Utility Vehicle Categories ""Small"" and ""Midsize"")",0,Not Applicable,11,"Class 1: 6,000 lbs. or less (2,722 kg or less)",11,"Class 1: 6,000 lbs. or less (2,722 kg or less)",0,No Trailers,777777777777,No Trailing Units,777777777777,No Trailing Units,777777777777,No Trailing Units,77,No Trailing Units,77,No Trailing Units,77,No Trailing Units,0,Not an Articulated Vehicle,00000000000,Not Applicable,0,Not Applicable,0,Not Applicable,0,Not Applicable,0,Not Applicable (N/A),1,No,0,Not Applicable,0,Not Applicable,0,Not Applicable,0,Not Applicable,0,Not a Bus,0,No Special Use Noted,0,Not Applicable,998,Not Reported,7,Not Applicable,0,No Rollover,0,No Rollover,98,Not Reported,12,12 Clock Point,6,Disabling Damage,6,Towed,42,Tree (Standing Only),42,Tree (Standing Only),0,No or Not Reported,1,Yes,3,Suspected Serious Injury (A),3,Suspected Serious Injury (A),2,2,2,2,1,Alcohol Involved,1,Alcohol Involved,18402,Buick / Opel Rainier,38451,38451,0,No,2,"Two-Way, Divided, Unprotected Median",8,Not Reported,65,65 MPH,1,Straight,1,Level,2,Wet,0,No Controls,0,No Controls,1,Going Straight,1,Going Straight,13,Off the edge of the road on the right side,99,Unknown/Not Reported,9,Precrash stability unknown,4,Departed roadway,5,A5-Single Driver-Right Roadside Departure-Specifics Unknown,101,Single Driver-Right Roadside Departure
202304638781,1,83,83,13,3,"South (MD, DE, DC, WV, VA, KY, TN, NC, SC, GA, FL, AL, MS, LA, AR, OK, TX)",1,Urban Area,10,Stratum 10 - Other,4148,223.23894247,2,1,January,15,3:00pm-3:59pm,0,0,12,Motor Vehicle In-Transport,1,Front-to-Rear,1,01,1,Motor Vehicle In-Transport (Inside or Outside the Trafficway),0,No,1J4FA69534P7,1J4FA69534P7,2004,2004,2004,2004,483,Jeep,1943,Wrangler,7,Sport Utility Vehicle (SUV)/Multi-Purpose Vehicle (MPV),2,Jeep / Kaiser-Jeep / Willys- Jeep,403,14,"Compact Utility (Utility Vehicle Categories ""Small"" and ""Midsize"")",0,Not Applicable,11,"Class 1: 6,000 lbs. or less (2,722 kg or less)",11,"Class 1: 6,000 lbs. or less (2,722 kg or less)",0,No Trailers,777777777777,No Trailing Units,777777777777,No Trailing Units,777777777777,No Trailing Units,77,No Trailing Units,77,No Trailing Units,77,No Trailing Units,0,Not an Articulated Vehicle,00000000000,Not Applicable,0,Not Applicable,0,Not Applicable,0,Not Applicable,0,Not Applicable (N/A),1,No,0,Not Applicable,0,Not Applicable,0,Not Applicable,0,Not Applicable,0,Not a Bus,0,No Special Use Noted,0,Not Applicable,998,Not Reported,8,Not Reported,0,No Rollover,0,No Rollover,12,12 Clock Point,12,12 Clock Point,2,Minor Damage,5,Not Towed,12,Motor Vehicle In-Transport,12,Motor Vehicle In-Transport,0,No or Not Reported,1,Yes,0,No Apparent Injury (O),0,No Apparent Injury (O),0,No Person Injured in Vehicle,0,No Person Injured in Vehicle,2,No Alcohol Involved,2,No Alcohol Involved,2403,Jeep / Kaiser-Jeep / Willys- Jeep YJ series/Wrangler,38017,38017,0,No,8,Not Reported,8,Not Reported,30,30 MPH,1,Straight,8,Not Reported,2,Wet,0,No Controls,0,No Controls,1,Going Straight,1,Going Straight,52,Traveling in same direction while decelerating,99,Unknown/Not Reported,1,Tracking,1,Stayed in original travel lane,28,"D28-Same Trafficway, Same Direction-Rear End-Decelerating (Slowing)",202,"Same Trafficway, Same Direction-Rear End, Lead Vehicle"
202304638781,2,83,83,13,3,"South (MD, DE, DC, WV, VA, KY, TN, NC, SC, GA, FL, AL, MS, LA, AR, OK, TX)",1,Urban Area,10,Stratum 10 - Other,4148,223.23894247,2,1,January,15,3:00pm-3:59pm,0,0,12,Motor Vehicle In-Transport,1,Front-to-Rear,1,01,1,Motor Vehicle In-Transport (Inside or Outside the Trafficway),0,No,3GTV2VEC7FG4,3GTV2VEC7FG4,2015,2015,2015,2015,472,GMC,1857,Sierra,60,Pickup,23,GMC,481,34,Light Pickup,0,Not Applicable,12,"Class 2: 6,001 - 10,000 lbs. (2,722 - 4,536 kg)",12,"Class 2: 6,001 - 10,000 lbs. (2,722 - 4,536 kg)",0,No Trailers,777777777777,No Trailing Units,777777777777,No Trailing Units,777777777777,No Trailing Units,77,No Trailing Units,77,No Trailing Units,77,No Trailing Units,0,Not an Articulated Vehicle,00000000000,Not Applicable,0,Not Applicable,0,Not Applicable,0,Not Applicable,0,Not Applicable (N/A),1,No,0,Not Applicable,0,Not Applicable,0,Not Applicable,0,Not Applicable,0,Not a Bus,0,No Special Use Noted,0,Not Applicable,998,Not Reported,8,Not Reported,0,No Rollover,0,No Rollover,6,6 Clock Point,6,6 Clock Point,4,Functional Damage,5,Not Towed,12,Motor Vehicle In-Transport,12,Motor Vehicle In-Transport,0,No or Not Reported,1,Yes,0,No Apparent Injury (O),0,No Apparent Injury (O),0,No Person Injured in Vehicle,0,No Person Injured in Vehicle,2,No Alcohol Involved,2,No Alcohol Involved,23481,"GMC C, K, R, V-series pickup/     Sierra",38017,38017,0,No,8,Not Reported,8,Not Reported,30,30 MPH,1,Straight,8,Not Reported,2,Wet,0,No Controls,0,No Controls,2,Decelerating in Road,2,Decelerating in Road,53,Traveling in same direction with higher speed,99,Unknown/Not Reported,1,Tracking,1,Stayed in original travel lane,29,"D29-Same Trafficway, Same Direction-Rear End-Decelerating (Slowing), Going Straight",201,"Same Trafficway, Same Direction-Rear End, Trailing Vehicle"
202304641079,1,55,55,17,3,"South (MD, DE, DC, WV, VA, KY, TN, NC, SC, GA, FL, AL, MS, LA, AR, OK, TX)",2,Rural Area,10,Stratum 10 - Other,1056,214.14090401,2,1,January,8,8:00am-8:59am,52,52,12,Motor Vehicle In-Transport,2,Front-to-Front,1,01,1,Motor Vehicle In-Transport (Inside or Outside the Trafficway),0,No,2C3CDXAT7HH6,2C3CDXAT7HH6,2017,2017,2017,2017,476,Dodge,1895,Charger,13,Sedan/Saloon,7,Dodge,24,4,"4-door sedan, hardtop",0,Not Applicable,11,"Class 1: 6,000 lbs. or less (2,722 kg or less)",11,"Class 1: 6,000 lbs. or less (2,722 kg or less)",0,No Trailers,777777777777,No Trailing Units,777777777777,No Trailing Units,777777777777,No Trailing Units,77,No Trailing Units,77,No Trailing Units,77,No Trailing Units,0,Not an Articulated Vehicle,00000000000,Not Applicable,0,Not Applicable,0,Not Applicable,0,Not Applicable,0,Not Applicable (N/A),1,No,0,Not Applicable,0,Not Applicable,0,Not Applicable,0,Not Applicable,0,Not a Bus,5,Police,5,"Emergency Operation, Emergency Warning Equipment in Use",998,Not Reported,8,Not Reported,0,No Rollover,0,No Rollover,12,12 Clock Point,12,12 Clock Point,2,Minor Damage,5,Not Towed,12,Motor Vehicle In-Transport,12,Motor Vehicle In-Transport,0,No or Not Reported,1,Yes,0,No Apparent Injury (O),0,No Apparent Injury (O),0,No Person Injured in Vehicle,0,No Person Injured in Vehicle,2,No Alcohol Involved,2,No Alcohol Involved,7024,Dodge Charger,70546,70546,9,Reported as Unknown,1,"Two-Way, Not Divided",2,Two lanes,25,25 MPH,1,Straight,1,Level,1,Dry,0,No Controls,0,No Controls,10,Turning Right,10,Turning Right,78,Encroachment by other vehicle - details unknown,99,Unknown/Not Reported,1,Tracking,1,Stayed in original travel lane,98,M98-Other Crash Type,998,Other Crash Type
202304641079,2,55,55,17,3,"South (MD, DE, DC, WV, VA, KY, TN, NC, SC, GA, FL, AL, MS, LA, AR, OK, TX)",2,Rural Area,10,Stratum 10 - Other,1056,214.14090401,2,1,January,8,8:00am-8:59am,52,52,12,Motor Vehicle In-Transport,2,Front-to-Front,1,01,1,Motor Vehicle In-Transport (Inside or Outside the Trafficway),0,No,JT2BG22KXW01,JT2BG22KXW01,1998,1998,1998,1998,448,Toyota,2469,Camry,13,Sedan/Saloon,49,Toyota,40,4,"4-door sedan, hardtop",0,Not Applicable,11,"Class 1: 6,000 lbs. or less (2,722 kg or less)",11,"Class 1: 6,000 lbs. or less (2,722 kg or less)",0,No Trailers,777777777777,No Trailing Units,777777777777,No Trailing Units,777777777777,No Trailing Units,77,No Trailing Units,77,No Trailing Units,77,No Trailing Units,0,Not an Articulated Vehicle,00000000000,Not Applicable,0,Not Applicable,0,Not Applicable,0,Not Applicable,0,Not Applicable (N/A),1,No,0,Not Applicable,0,Not Applicable,0,Not Applicable,0,Not Applicable,0,Not a Bus,0,No Special Use Noted,0,Not Applicable,998,Not Reported,8,Not Reported,0,No Rollover,0,No Rollover,12,12 Clock Point,12,12 Clock Point,2,Minor Damage,6,Towed,12,Motor Vehicle In-Transport,12,Motor Vehicle In-Transport,0,No or Not Reported,1,Yes,0,No Apparent Injury (O),0,No Apparent Injury (O),0,No Person Injured in Vehicle,0,No Person Injured in Vehicle,9,Reported as Unknown,2,No Alcohol Involved,49040,Toyota Camry,70526,70526,9,Reported as Unknown,0,Non-Trafficway or Driveway Access,0,Non-Trafficway or Driveway Access,0,No Statutory Limit/Non-Trafficway or Driveway Access,0,Non-Trafficway or Driveway Access,0,Non-Trafficway or Driveway Access,0,Non-Trafficway or Driveway Access,0,No Controls,0,No Controls,99,Unknown,1,Going Straight,19,Unknown travel direction,1,No Avoidance Maneuver,1,Tracking,5,Remained off roadway,98,M98-Other Crash Type,998,Other Crash Type
202304641097,1,63,63,16,3,"South (MD, DE, DC, WV, VA, KY, TN, NC, SC, GA, FL, AL, MS, LA, AR, OK, TX)",2,Rural Area,2,Stratum 2 - Not a MV Occupant Any Injury,4135,24.557171418,1,1,January,18,6:00pm-6:59pm,51,51,9,Pedalcyclist,0,The First Harmful Event was Not a Collision with a Motor Vehicle In-Transport,1,01,1,Motor Vehicle In-Transport (Inside or Outside the Trafficway),0,No,1FMPU17L73LC,1FMPU17L73LC,2003,2003,2003,2003,460,Ford,1799,Expedition,7,Sport Utility Vehicle (SUV)/Multi-Purpose Vehicle (MPV),12,Ford,422,15,"Large utility (ANSI D16.1 Utility Vehicle Categories and ""Full Size"" and ""Large"")",0,Not Applicable,12,"Class 2: 6,001 - 10,000 lbs. (2,722 - 4,536 kg)",12,"Class 2: 6,001 - 10,000 lbs. (2,722 - 4,536 kg)",0,No Trailers,777777777777,No Trailing Units,777777777777,No Trailing Units,777777777777,No Trailing Units,77,No Trailing Units,77,No Trailing Units,77,No Trailing Units,0,Not an Articulated Vehicle,00000000000,Not Applicable,0,Not Applicable,0,Not Applicable,0,Not Applicable,0,Not Applicable (N/A),1,No,0,Not Applicable,0,Not Applicable,0,Not Applicable,0,Not Applicable,0,Not a Bus,0,No Special Use Noted,0,Not Applicable,998,Not Reported,7,Not Applicable,0,No Rollover,0,No Rollover,12,12 Clock Point,12,12 Clock Point,2,Minor Damage,8,Not Reported,9,Pedalcyclist,9,Pedalcyclist,0,No or Not Reported,1,Yes,0,No Apparent Injury (O),0,No Apparent Injury (O),0,No Person Injured in Vehicle,0,No Person Injured in Vehicle,9,Reported as Unknown,2,No Alcohol Involved,12422,Ford Expedition,75766,75766,0,No,1,"Two-Way, Not Divided",2,Two lanes,30,30 MPH,1,Straight,1,Level,1,Dry,0,No Controls,0,No Controls,1,Going Straight,1,Going Straight,83,Pedalcyclist or other non-motorist in road,99,Unknown/Not Reported,1,Tracking,1,Stayed in original travel lane,13,C13-Single Driver-Forward Impact-Pedestrian/ Animal,103,Single Driver-Struck Object While Moving Forward
202304641100,1,63,63,16,3,"South (MD, DE, DC, WV, VA, KY, TN, NC, SC, GA, FL, AL, MS, LA, AR, OK, TX)",2,Rural Area,9,Stratum 9 - LMY PV No Injuries in Crash,4135,137.52015994,1,1,January,6,6:00am-6:59am,30,30,11,Live Animal,0,The First Harmful Event was Not a Collision with a Motor Vehicle In-Transport,1,01,1,Motor Vehicle In-Transport (Inside or Outside the Trafficway),0,No,1GNSCLED9NR3,1GNSCLED9NR3,2022,2022,2022,2022,467,Chevrolet,1852,Tahoe,7,Sport Utility Vehicle (SUV)/Multi-Purpose Vehicle (MPV),20,Chevrolet,421,15,"Large utility (ANSI D16.1 Utility Vehicle Categories and ""Full Size"" and ""Large"")",0,Not Applicable,12,"Class 2: 6,001 - 10,000 lbs. (2,722 - 4,536 kg)",12,"Class 2: 6,001 - 10,000 lbs. (2,722 - 4,536 kg)",0,No Trailers,777777777777,No Trailing Units,777777777777,No Trailing Units,777777777777,No Trailing Units,77,No Trailing Units,77,No Trailing Units,77,No Trailing Units,0,Not an Articulated Vehicle,00000000000,Not Applicable,0,Not Applicable,0,Not Applicable,0,Not Applicable,0,Not Applicable (N/A),1,No,0,Not Applicable,0,Not Applicable,0,Not Applicable,0,Not Applicable,0,Not a Bus,5,Police,0,Not Applicable,998,Not Reported,7,Not Applicable,0,No Rollover,0,No Rollover,12,12 Clock Point,12,12 Clock Point,2,Minor Damage,8,Not Reported,11,Live Animal,11,Live Animal,0,No or Not Reported,1,Yes,0,No Apparent Injury (O),0,No Apparent Injury (O),0,No Person Injured in Vehicle,0,No Person Injured in Vehicle,9,Reported as Unknown,2,No Alcohol Involved,20421,Chevrolet Fullsize Blazer/Tahoe,75652,75652,0,No,1,"Two-Way, Not Divided",2,Two lanes,60,60 MPH,1,Straight,2,"Grade, Unknown Slope",2,Wet,0,No Controls,0,No Controls,1,Going Straight,1,Going Straight,87,Animal in road,99,Unknown/Not Reported,1,Tracking,1,Stayed in original travel lane,13,C13-Single Driver-Forward Impact-Pedestrian/ Animal,103,Single Driver-Struck Object While Moving Forward
202304641212,1,59,59,10,3,"South (MD, DE, DC, WV, VA, KY, TN, NC, SC, GA, FL, AL, MS, LA, AR, OK, TX)",1,Urban Area,9,Stratum 9 - LMY PV No Injuries in Crash,4137,142.15884183,1,1,January,11,11:00am-11:59am,50,50,73,Object That Had Fallen From Motor Vehicle In-Transport,0,The First Harmful Event was Not a Collision with a Motor Vehicle In-Transport,2,02,1,Motor Vehicle In-Transport (Inside or Outside the Trafficway),0,No,3TMAZ5CN3NM1,3TMAZ5CN3NM1,2022,2022,2022,2022,448,Toyota,2223,Tacoma,60,Pickup,49,Toyota,472,34,Light Pickup,0,Not Applicable,11,"Class 1: 6,000 lbs. or less (2,722 kg or less)",11,"Class 1: 6,000 lbs. or less (2,722 kg or less)",0,No Trailers,777777777777,No Trailing Units,777777777777,No Trailing Units,777777777777,No Trailing Units,77,No Trailing Units,77,No Trailing Units,77,No Trailing Units,0,Not an Articulated Vehicle,00000000000,Not Applicable,0,Not Applicable,0,Not Applicable,0,Not Applicable,0,Not Applicable (N/A),1,No,0,Not Applicable,0,Not Applicable,0,Not Applicable,0,Not Applicable,0,Not a Bus,0,No Special Use Noted,0,Not Applicable,40,040 MPH,7,Not Applicable,0,No Rollover,0,No Rollover,12,12 Clock Point,12,12 Clock Point,6,Disabling Damage,8,Not Reported,73,Object That Had Fallen From Motor Vehicle In-Transport,73,Object That Had Fallen From Motor Vehicle In-Transport,0,No or Not Reported,1,Yes,0,No Apparent Injury (O),0,No Apparent Injury (O),0,No Person Injured in Vehicle,0,No Person Injured in Vehicle,2,No Alcohol Involved,2,No Alcohol Involved,49472,Toyota Tacoma,33905,33905,0,No,7,"Two-Way Divided, Unknown if Unprotected Median or Positive Median Barrier",3,Three lanes,55,55 MPH,1,Straight,1,Level,1,Dry,0,No Controls,0,No Controls,1,Going Straight,1,Going Straight,90,Object in road,99,Unknown/Not Reported,1,Tracking,1,Stayed in original travel lane,15,C15-Single Driver-Forward Impact-Specifics Other,103,Single Driver-Struck Object While Moving Forward
202304641312,1,59,59,10,3,"South (MD, DE, DC, WV, VA, KY, TN, NC, SC, GA, FL, AL, MS, LA, AR, OK, TX)",1,Urban Area,10,Stratum 10 - Other,4137,222.57657535,2,1,January,16,4:00pm-4:59pm,27,27,12,Motor Vehicle In-Transport,6,Angle,3,03,1,Motor Vehicle In-Transport (Inside or Outside the Trafficway),0,No,1G1ZJ5SU4HF2,1G1ZJ5SU4HF2,2017,2017,2017,2017,467,Chevrolet,1834,Malibu,13,Sedan/Saloon,20,Chevrolet,37,4,"4-door sedan, hardtop",0,Not Applicable,11,"Class 1: 6,000 lbs. or less (2,722 kg or less)",11,"Class 1: 6,000 lbs. or less (2,722 kg or less)",0,No Trailers,777777777777,No Trailing Units,777777777777,No Trailing Units,777777777777,No Trailing Units,77,No Trailing Units,77,No Trailing Units,77,No Trailing Units,0,Not an Articulated Vehicle,00000000000,Not Applicable,0,Not Applicable,0,Not Applicable,0,Not Applicable,0,Not Applicable (N/A),1,No,0,Not Applicable,0,Not Applicable,0,Not Applicable,0,Not Applicable,0,Not a Bus,0,No Special Use Noted,0,Not Applicable,998,Not Reported,0,No Underride or Override,0,No Rollover,0,No Rollover,12,12 Clock Point,12,12 Clock Point,2,Minor Damage,5,Not Towed,12,Motor Vehicle In-Transport,12,Motor Vehicle In-Transport,0,No or Not Reported,1,Yes,0,No Apparent Injury (O),0,No Apparent Injury (O),0,No Person Injured in Vehicle,0,No Person Injured in Vehicle,2,No Alcohol Involved,2,No Alcohol Involved,20037,Chevrolet Malibu/Malibu Maxx,33180,33180,0,No,1,"Two-Way, Not Divided",8,Not Reported,98,Not Reported,1,Straight,1,Level,1,Dry,0,No Controls,0,No Controls,12,Making a U-turn,12,Making a U-turn,21,Making a U-Turn,99,Unknown/Not Reported,1,Tracking,2,"Stayed on roadway, but left original travel lane",98,M98-Other Crash Type,998,Other Crash Type
202304641312,2,59,59,10,3,"South (MD, DE, DC, WV, VA, KY, TN, NC, SC, GA, FL, AL, MS, LA, AR, OK, TX)",1,Urban Area,10,Stratum 10 - Other,4137,222.57657535,2,1,January,16,4:00pm-4:59pm,27,27,12,Motor Vehicle In-Transport,6,Angle,1,01,1,Motor Vehicle In-Transport (Inside or Outside the Trafficway),0,No,1N4AA51E99C8,1N4AA51E99C8,2009,2009,2009,2009,478,Nissan,2302,Maxima,13,Sedan/Saloon,35,Nissan/Datsun,39,4,"4-door sedan, hardtop",0,Not Applicable,11,"Class 1: 6,000 lbs. or less (2,722 kg or less)",11,"Class 1: 6,000 lbs. or less (2,722 kg or less)",0,No Trailers,777777777777,No Trailing Units,777777777777,No Trailing Units,777777777777,No Trailing Units,77,No Trailing Units,77,No Trailing Units,77,No Trailing Units,0,Not an Articulated Vehicle,00000000000,Not Applicable,0,Not Applicable,0,Not Applicable,0,Not Applicable,0,Not Applicable (N/A),1,No,0,Not Applicable,0,Not Applicable,0,Not Applicable,0,Not Applicable,0,Not a Bus,0,No Special Use Noted,0,Not Applicable,998,Not Reported,0,No Underride or Override,0,No Rollover,0,No Rollover,62,Left-Front Side,62,Left-Front Side,2,Minor Damage,5,Not Towed,12,Motor Vehicle In-Transport,12,Motor Vehicle In-Transport,0,No or Not Reported,1,Yes,0,No Apparent Injury (O),0,No Apparent Injury (O),0,No Person Injured in Vehicle,0,No Person Injured in Vehicle,2,No Alcohol Involved,2,No Alcohol Involved,35039,Nissan/Datsun 810/Maxima,33150,33150,0,No,1,"Two-Way, Not Divided",8,Not Reported,98,Not Reported,1,Straight,1,Level,1,Dry,0,No Controls,0,No Controls,1,Going Straight,1,Going Straight,62,From opposite direction  over left lane line,99,Unknown/Not Reported,1,Tracking,1,Stayed in original travel lane,98,M98-Other Crash Type,998,Other Crash Type
202304641342,1,59,59,10,3,"South (MD, DE, DC, WV, VA, KY, TN, NC, SC, GA, FL, AL, MS, LA, AR, OK, TX)",1,Urban Area,2,Stratum 2 - Not a MV Occupant Any Injury,4137,23.577464434,1,1,January,11,11:00am-11:59am,10,10,8,Pedestrian,0,The First Harmful Event was Not a Collision with a Motor Vehicle In-Transport,99,Unknown,1,Motor Vehicle In-Transport (Inside or Outside the Trafficway),1,Yes,888888888888,Not Reported,9999,Unknown,2017,2017,448,Toyota,2469,Camry,999,Unknown,49,Toyota,40,9,Other or Unknown automobile type,0,Not Applicable,11,"Class 1: 6,000 lbs. or less (2,722 kg or less)",12,"Class 2: 6,001 - 10,000 lbs. (2,722 - 4,536 kg)",0,No Trailers,777777777777,No Trailing Units,777777777777,No Trailing Units,777777777777,No Trailing Units,77,No Trailing Units,77,No Trailing Units,77,No Trailing Units,0,Not an Articulated Vehicle,00000000000,Not Applicable,0,Not Applicable,0,Not Applicable,0,Not Applicable,0,Not Applicable (N/A),1,No,0,Not Applicable,0,Not Applicable,0,Not Applicable,0,Not Applicable,0,Not a Bus,99,Reported as Unknown,0,Not Applicable,998,Not Reported,7,Not Applicable,0,No Rollover,0,No Rollover,98,Not Reported,12,12 Clock Point,9,Reported as Unknown,5,Not Towed,8,Pedestrian,8,Pedestrian,0,No or Not Reported,1,Yes,0,No Apparent Injury (O),0,No Apparent Injury (O),0,No Person Injured in Vehicle,0,No Person Injured in Vehicle,9,Reported as Unknown,2,No Alcohol Involved,49040,Toyota Camry,99998,Not Reported,0,No,1,"Two-Way, Not Divided",2,Two lanes,98,Not Reported,1,Straight,1,Level,1,Dry,3,Traffic control signal(on colors) not known whether or not Pedestrian Signal,3,Device Functioning Properly,10,Turning Right,10,Turning Right,16,Turning Right,99,Unknown/Not Reported,1,Tracking,1,Stayed in original travel lane,13,C13-Single Driver-Forward Impact-Pedestrian/ Animal,103,Single Driver-Struck Object While Moving Forward
202304641584,1,28,28,11,3,"South (MD, DE, DC, WV, VA, KY, TN, NC, SC, GA, FL, AL, MS, LA, AR, OK, TX)",1,Urban Area,9,Stratum 9 - LMY PV No Injuries in Crash,4139,141.34570405,2,1,January,10,10:00am-10:59am,45,45,12,Motor Vehicle In-Transport,6,Angle,1,01,1,Motor Vehicle In-Transport (Inside or Outside the Trafficway),0,No,4T1BK46K07U0,4T1BK46K07U0,2007,2007,2007,2007,448,Toyota,2469,Camry,13,Sedan/Saloon,49,Toyota,40,4,"4-door sedan, hardtop",0,Not Applicable,11,"Class 1: 6,000 lbs. or less (2,722 kg or less)",11,"Class 1: 6,000 lbs. or less (2,722 kg or less)",0,No Trailers,777777777777,No Trailing Units,777777777777,No Trailing Units,777777777777,No Trailing Units,77,No Trailing Units,77,No Trailing Units,77,No Trailing Units,0,Not an Articulated Vehicle,00000000000,Not Applicable,0,Not Applicable,0,Not Applicable,0,Not Applicable,0,Not Applicable (N/A),1,No,0,Not Applicable,0,Not Applicable,0,Not Applicable,0,Not Applicable,0,Not a Bus,0,No Special Use Noted,0,Not Applicable,10,010 MPH,8,Not Reported,0,No Rollover,0,No Rollover,12,12 Clock Point,12,12 Clock Point,2,Minor Damage,5,Not Towed,12,Motor Vehicle In-Transport,12,Motor Vehicle In-Transport,0,No or Not Reported,1,Yes,0,No Apparent Injury (O),0,No Apparent Injury (O),0,No Person Injured in Vehicle,0,No Person Injured in Vehicle,2,No Alcohol Involved,2,No Alcohol Involved,49040,Toyota Camry,33071,33071,0,No,1,"Two-Way, Not Divided",2,Two lanes,40,40 MPH,1,Straight,1,Level,98,Not Reported,20,Stop Sign,3,Device Functioning Properly,11,Turning Left,11,Turning Left,15,Turning Left,99,Unknown/Not Reported,1,Tracking,2,"Stayed on roadway, but left original travel lane",84,K84-Trafficway Vehicle Turning-Turn Into Path-Specifics Other,416,"Changing Trafficway, Vehicle Turning-Turn into Path, Other or Unknown"
202304641584,2,28,28,11,3,"South (MD, DE, DC, WV, VA, KY, TN, NC, SC, GA, FL, AL, MS, LA, AR, OK, TX)",1,Urban Area,9,Stratum 9 - LMY PV No Injuries in Crash,4139,141.34570405,2,1,January,10,10:00am-10:59am,45,45,12,Motor Vehicle In-Transport,6,Angle,4,04,1,Motor Vehicle In-Transport (Inside or Outside the Trafficway),0,No,1GNSCBKC8LR2,1GNSCBKC8LR2,2020,2020,2020,2020,467,Chevrolet,1852,Tahoe,7,Sport Utility Vehicle (SUV)/Multi-Purpose Vehicle (MPV),20,Chevrolet,421,15,"Large utility (ANSI D16.1 Utility Vehicle Categories and ""Full Size"" and ""Large"")",0,Not Applicable,12,"Class 2: 6,001 - 10,000 lbs. (2,722 - 4,536 kg)",12,"Class 2: 6,001 - 10,000 lbs. (2,722 - 4,536 kg)",0,No Trailers,777777777777,No Trailing Units,777777777777,No Trailing Units,777777777777,No Trailing Units,77,No Trailing Units,77,No Trailing Units,77,No Trailing Units,0,Not an Articulated Vehicle,00000000000,Not Applicable,0,Not Applicable,0,Not Applicable,0,Not Applicable,0,Not Applicable (N/A),1,No,0,Not Applicable,0,Not Applicable,0,Not Applicable,0,Not Applicable,0,Not a Bus,0,No Special Use Noted,0,Not Applicable,15,015 MPH,8,Not Reported,0,No Rollover,0,No Rollover,8,8 Clock Point,8,8 Clock Point,2,Minor Damage,5,Not Towed,12,Motor Vehicle In-Transport,12,Motor Vehicle In-Transport,0,No or Not Reported,1,Yes,0,No Apparent Injury (O),0,No Apparent Injury (O),0,No Person Injured in Vehicle,0,No Person Injured in Vehicle,2,No Alcohol Involved,2,No Alcohol Involved,20421,Chevrolet Fullsize Blazer/Tahoe,33076,33076,0,No,1,"Two-Way, Not Divided",2,Two lanes,40,40 MPH,1,Straight,1,Level,1,Dry,0,No Controls,0,No Controls,11,Turning Left,11,Turning Left,65,"From crossing street, turning into same direction",99,Unknown/Not Reported,1,Tracking,1,Stayed in original travel lane,84,K84-Trafficway Vehicle Turning-Turn Into Path-Specifics Other,416,"Changing Trafficway, Vehicle Turning-Turn into Path, Other or Unknown"
202304641664,1,12,12,12,3,"South (MD, DE, DC, WV, VA, KY, TN, NC, SC, GA, FL, AL, MS, LA, AR, OK, TX)",1,Urban Area,2,Stratum 2 - Not a MV Occupant Any Injury,4142,23.399878123,1,1,January,18,6:00pm-6:59pm,29,29,8,Pedestrian,0,The First Harmful Event was Not a Collision with a Motor Vehicle In-Transport,1,01,1,Motor Vehicle In-Transport (Inside or Outside the Trafficway),0,No,1NXBR32E24Z3,1NXBR32E24Z3,2004,2004,2004,2004,448,Toyota,2208,Corolla,13,Sedan/Saloon,49,Toyota,32,4,"4-door sedan, hardtop",0,Not Applicable,11,"Class 1: 6,000 lbs. or less (2,722 kg or less)",11,"Class 1: 6,000 lbs. or less (2,722 kg or less)",0,No Trailers,777777777777,No Trailing Units,777777777777,No Trailing Units,777777777777,No Trailing Units,77,No Trailing Units,77,No Trailing Units,77,No Trailing Units,0,Not an Articulated Vehicle,00000000000,Not Applicable,0,Not Applicable,0,Not Applicable,0,Not Applicable,0,Not Applicable (N/A),1,No,0,Not Applicable,0,Not Applicable,0,Not Applicable,0,Not Applicable,0,Not a Bus,0,No Special Use Noted,0,Not Applicable,20,020 MPH,7,Not Applicable,0,No Rollover,0,No Rollover,12,12 Clock Point,12,12 Clock Point,2,Minor Damage,8,Not Reported,8,Pedestrian,8,Pedestrian,0,No or Not Reported,1,Yes,0,No Apparent Injury (O),0,No Apparent Injury (O),0,No Person Injured in Vehicle,0,No Person Injured in Vehicle,2,No Alcohol Involved,2,No Alcohol Involved,49032,Toyota Corolla,33610,33610,0,No,1,"Two-Way, Not Divided",2,Two lanes,35,35 MPH,1,Straight,1,Level,1,Dry,0,No Controls,0,No Controls,1,Going Straight,1,Going Straight,80,Pedestrian in road,99,Unknown/Not Reported,1,Tracking,1,Stayed in original travel lane,13,C13-Single Driver-Forward Impact-Pedestrian/ Animal,103,Single Driver-Struck Object While Moving Forward
202304641708,1,12,12,12,3,"South (MD, DE, DC, WV, VA, KY, TN, NC, SC, GA, FL, AL, MS, LA, AR, OK, TX)",1,Urban Area,3,Stratum 3 - Motorcycle Any Injury,4142,26.320422443,2,1,January,14,2:00pm-2:59pm,44,44,12,Motor Vehicle In-Transport,2,Front-to-Front,1,01,1,Motor Vehicle In-Transport (Inside or Outside the Trafficway),0,No,JH2KE03C67K0,JH2KE03C67K0,2007,2007,2007,2007,474,Honda,33284,CRF150RB,84,Off-road Vehicle - Dirt Bike / Off-Road,37,Honda,703,83,Off-road Motorcycle,0,Not Applicable,11,"Class 1: 6,000 lbs. or less (2,722 kg or less)",11,"Class 1: 6,000 lbs. or less (2,722 kg or less)",0,No Trailers,777777777777,No Trailing Units,777777777777,No Trailing Units,777777777777,No Trailing Units,77,No Trailing Units,77,No Trailing Units,77,No Trailing Units,0,Not an Articulated Vehicle,00000000000,Not Applicable,0,Not Applicable,0,Not Applicable,0,Not Applicable,0,Not Applicable (N/A),1,No,0,Not Applicable,0,Not Applicable,0,Not Applicable,0,Not Applicable,0,Not a Bus,0,No Special Use Noted,0,Not Applicable,50,050 MPH,7,Not Applicable,8,Not Applicable,8,Not Applicable,12,12 Clock Point,12,12 Clock Point,6,Disabling Damage,6,Towed,12,Motor Vehicle In-Transport,12,Motor Vehicle In-Transport,0,No or Not Reported,1,Yes,3,Suspected Serious Injury (A),3,Suspected Serious Injury (A),1,1,1,1,2,No Alcohol Involved,2,No Alcohol Involved,37703,Honda 125-349 cc,33594,33594,3,"Yes, Exceeded Speed Limit",1,"Two-Way, Not Divided",2,Two lanes,25,25 MPH,1,Straight,1,Level,1,Dry,0,No Controls,0,No Controls,1,Going Straight,1,Going Straight,62,From opposite direction  over left lane line,99,Unknown/Not Reported,1,Tracking,1,Stayed in original travel lane,69,J69-Trafficway Vehicle Turning-Turn Across Path-Initial Opposite Directions (Going Straight),402,"Changing Trafficway, Vehicle Turning-Turn Across Path, Initial Opposite Directions [Going Straight]"
202304641708,2,12,12,12,3,"South (MD, DE, DC, WV, VA, KY, TN, NC, SC, GA, FL, AL, MS, LA, AR, OK, TX)",1,Urban Area,3,Stratum 3 - Motorcycle Any Injury,4142,26.320422443,2,1,January,14,2:00pm-2:59pm,44,44,12,Motor Vehicle In-Transport,2,Front-to-Front,1,01,1,Motor Vehicle In-Transport (Inside or Outside the Trafficway),0,No,1N4AA51E99C8,1N4AA51E99C8,2009,2009,2009,2009,478,Nissan,2302,Maxima,13,Sedan/Saloon,35,Nissan/Datsun,39,4,"4-door sedan, hardtop",0,Not Applicable,11,"Class 1: 6,000 lbs. or less (2,722 kg or less)",11,"Class 1: 6,000 lbs. or less (2,722 kg or less)",0,No Trailers,777777777777,No Trailing Units,777777777777,No Trailing Units,777777777777,No Trailing Units,77,No Trailing Units,77,No Trailing Units,77,No Trailing Units,0,Not an Articulated Vehicle,00000000000,Not Applicable,0,Not Applicable,0,Not Applicable,0,Not Applicable,0,Not Applicable (N/A),1,No,0,Not Applicable,0,Not Applicable,0,Not Applicable,0,Not Applicable,0,Not a Bus,0,No Special Use Noted,0,Not Applicable,10,010 MPH,7,Not Applicable,0,No Rollover,0,No Rollover,12,12 Clock Point,12,12 Clock Point,6,Disabling Damage,6,Towed,12,Motor Vehicle In-Transport,12,Motor Vehicle In-Transport,0,No or Not Reported,1,Yes,0,No Apparent Injury (O),0,No Apparent Injury (O),0,No Person Injured in Vehicle,0,No Person Injured in Vehicle,2,No Alcohol Involved,2,No Alcohol Involved,35039,Nissan/Datsun 810/Maxima,33616,33616,0,No,1,"Two-Way, Not Divided",2,Two lanes,25,25 MPH,1,Straight,1,Level,1,Dry,0,No Controls,0,No Controls,11,Turning Left,11,Turning Left,15,Turning Left,99,Unknown/Not Reported,1,Tracking,1,Stayed in original travel lane,68,J68-Trafficway Vehicle Turning-Turn Across Path-Initial Opposite Directions (Left/Right),401,"Changing Trafficway, Vehicle Turning-Turn Across Path, Initial Opposite Directions [Left/Right]"
202304641718,1,12,12,12,3,"South (MD, DE, DC, WV, VA, KY, TN, NC, SC, GA, FL, AL, MS, LA, AR, OK, TX)",1,Urban Area,9,Stratum 9 - LMY PV No Injuries in Crash,4142,141.83585636,2,1,January,13,1:00pm-1:59pm,50,50,12,Motor Vehicle In-Transport,6,Angle,1,01,1,Motor Vehicle In-Transport (Inside or Outside the Trafficway),0,No,3GNKBERS3KS6,3GNKBERS3KS6,2019,2019,2019,2019,467,Chevrolet,11502,Blazer,7,Sport Utility Vehicle (SUV)/Multi-Purpose Vehicle (MPV),20,Chevrolet,498,14,"Compact Utility (Utility Vehicle Categories ""Small"" and ""Midsize"")",0,Not Applicable,12,"Class 2: 6,001 - 10,000 lbs. (2,722 - 4,536 kg)",12,"Class 2: 6,001 - 10,000 lbs. (2,722 - 4,536 kg)",0,No Trailers,777777777777,No Trailing Units,777777777777,No Trailing Units,777777777777,No Trailing Units,77,No Trailing Units,77,No Trailing Units,77,No Trailing Units,0,Not an Articulated Vehicle,00000000000,Not Applicable,0,Not Applicable,0,Not Applicable,0,Not Applicable,0,Not Applicable (N/A),1,No,0,Not Applicable,0,Not Applicable,0,Not Applicable,0,Not Applicable,0,Not a Bus,0,No Special Use Noted,0,Not Applicable,15,015 MPH,8,Not Reported,0,No Rollover,0,No Rollover,4,4 Clock Point,4,4 Clock Point,4,Functional Damage,5,Not Towed,12,Motor Vehicle In-Transport,12,Motor Vehicle In-Transport,0,No or Not Reported,1,Yes,0,No Apparent Injury (O),0,No Apparent Injury (O),0,No Person Injured in Vehicle,0,No Person Injured in Vehicle,2,No Alcohol Involved,2,No Alcohol Involved,20498,Chevrolet Other (light truck),33606,33606,0,No,1,"Two-Way, Not Divided",8,Not Reported,40,40 MPH,1,Straight,1,Level,1,Dry,3,Traffic control signal(on colors) not known whether or not Pedestrian Signal,3,Device Functioning Properly,11,Turning Left,11,Turning Left,15,Turning Left,99,Unknown/Not Reported,1,Tracking,1,Stayed in original travel lane,68,J68-Trafficway Vehicle Turning-Turn Across Path-Initial Opposite Directions (Left/Right),401,"Changing Trafficway, Vehicle Turning-Turn Across Path, Initial Opposite Directions [Left/Right]"
202304641718,2,12,12,12,3,"South (MD, DE, DC, WV, VA, KY, TN, NC, SC, GA, FL, AL, MS, LA, AR, OK, TX)",1,Urban Area,9,Stratum 9 - LMY PV No Injuries in Crash,4142,141.83585636,2,1,January,13,1:00pm-1:59pm,50,50,12,Motor Vehicle In-Transport,6,Angle,2,02,1,Motor Vehicle In-Transport (Inside or Outside the Trafficway),0,No,5YJSA1E24HF2,5YJSA1E24HF2,2017,2017,2017,2017,441,Tesla,1685,Model S,5,Hatchback/Liftback/Notchback,29,Other Domestic Manufacturers,5,5,5-door/4-door hatchback,0,Not Applicable,11,"Class 1: 6,000 lbs. or less (2,722 kg or less)",11,"Class 1: 6,000 lbs. or less (2,722 kg or less)",0,No Trailers,777777777777,No Trailing Units,777777777777,No Trailing Units,777777777777,No Trailing Units,77,No Trailing Units,77,No Trailing Units,77,No Trailing Units,0,Not an Articulated Vehicle,00000000000,Not Applicable,0,Not Applicable,0,Not Applicable,0,Not Applicable,0,Not Applicable (N/A),1,No,0,Not Applicable,0,Not Applicable,0,Not Applicable,0,Not Applicable,0,Not a Bus,0,No Special Use Noted,0,Not Applicable,25,025 MPH,8,Not Reported,0,No Rollover,0,No Rollover,12,12 Clock Point,12,12 Clock Point,4,Functional Damage,5,Not Towed,12,Motor Vehicle In-Transport,12,Motor Vehicle In-Transport,0,No or Not Reported,1,Yes,0,No Apparent Injury (O),0,No Apparent Injury (O),0,No Person Injured in Vehicle,0,No Person Injured in Vehicle,2,No Alcohol Involved,2,No Alcohol Involved,29005,Other Domestic Manufacturers Tesla,18069,18069,0,No,1,"Two-Way, Not Divided",8,Not Reported,40,40 MPH,1,Straight,1,Level,1,Dry,3,Traffic control signal(on colors) not known whether or not Pedestrian Signal,3,Device Functioning Properly,1,Going Straight,1,Going Straight,62,From opposite direction  over left lane line,99,Unknown/Not Reported,1,Tracking,1,Stayed in original travel lane,69,J69-Trafficway Vehicle Turning-Turn Across Path-Initial Opposite Directions (Going Straight),402,"Changing Trafficway, Vehicle Turning-Turn Across Path, Initial Opposite Directions [Going Straight]"
202304641736,1,12,12,12,3,"South (MD, DE, DC, WV, VA, KY, TN, NC, SC, GA, FL, AL, MS, LA, AR, OK, TX)",1,Urban Area,10,Stratum 10 - Other,4142,222.0578669,3,1,January,6,6:00am-6:59am,30,30,12,Motor Vehicle In-Transport,1,Front-to-Rear,1,01,1,Motor Vehicle In-Transport (Inside or Outside the Trafficway),0,No,1FTNX20L4XEA,1FTNX20L4XEA,1999,1999,1999,1999,460,Ford,1805,F-250,60,Pickup,12,Ford,481,34,Light Pickup,0,Not Applicable,12,"Class 2: 6,001 - 10,000 lbs. (2,722 - 4,536 kg)",12,"Class 2: 6,001 - 10,000 lbs. (2,722 - 4,536 kg)",0,No Trailers,777777777777,No Trailing Units,777777777777,No Trailing Units,777777777777,No Trailing Units,77,No Trailing Units,77,No Trailing Units,77,No Trailing Units,0,Not an Articulated Vehicle,00000000000,Not Applicable,0,Not Applicable,0,Not Applicable,0,Not Applicable,0,Not Applicable (N/A),1,No,0,Not Applicable,0,Not Applicable,0,Not Applicable,0,Not Applicable,0,Not a Bus,0,No Special Use Noted,0,Not Applicable,40,040 MPH,8,Not Reported,0,No Rollover,0,No Rollover,12,12 Clock Point,12,12 Clock Point,2,Minor Damage,5,Not Towed,12,Motor Vehicle In-Transport,12,Motor Vehicle In-Transport,0,No or Not Reported,1,Yes,0,No Apparent Injury (O),0,No Apparent Injury (O),0,No Person Injured in Vehicle,0,No Person Injured in Vehicle,2,No Alcohol Involved,2,No Alcohol Involved,12481,Ford F-Series pickup,33584,33584,0,No,7,"Two-Way Divided, Unknown if Unprotected Median or Positive Median Barrier",2,Two lanes,45,45 MPH,1,Straight,1,Level,1,Dry,0,No Controls,0,No Controls,1,Going Straight,1,Going Straight,52,Traveling in same direction while decelerating,99,Unknown/Not Reported,1,Tracking,1,Stayed in original travel lane,28,"D28-Same Trafficway, Same Direction-Rear End-Decelerating (Slowing)",202,"Same Trafficway, Same Direction-Rear End, Lead Vehicle"
202304641736,2,12,12,12,3,"South (MD, DE, DC, WV, VA, KY, TN, NC, SC, GA, FL, AL, MS, LA, AR, OK, TX)",1,Urban Area,10,Stratum 10 - Other,4142,222.0578669,3,1,January,6,6:00am-6:59am,30,30,12,Motor Vehicle In-Transport,1,Front-to-Rear,1,01,1,Motor Vehicle In-Transport (Inside or Outside the Trafficway),0,No,3N1AB6AP9BL6,3N1AB6AP9BL6,2011,2011,2011,2011,478,Nissan,1907,Sentra,13,Sedan/Saloon,35,Nissan/Datsun,43,4,"4-door sedan, hardtop",0,Not Applicable,11,"Class 1: 6,000 lbs. or less (2,722 kg or less)",11,"Class 1: 6,000 lbs. or less (2,722 kg or less)",0,No Trailers,777777777777,No Trailing Units,777777777777,No Trailing Units,777777777777,No Trailing Units,77,No Trailing Units,77,No Trailing Units,77,No Trailing Units,0,Not an Articulated Vehicle,00000000000,Not Applicable,0,Not Applicable,0,Not Applicable,0,Not Applicable,0,Not Applicable (N/A),1,No,0,Not Applicable,0,Not Applicable,0,Not Applicable,0,Not Applicable,0,Not a Bus,0,No Special Use Noted,0,Not Applicable,40,040 MPH,8,Not Reported,0,No Rollover,0,No Rollover,6,6 Clock Point,6,6 Clock Point,2,Minor Damage,5,Not Towed,12,Motor Vehicle In-Transport,12,Motor Vehicle In-Transport,0,No or Not Reported,1,Yes,0,No Apparent Injury (O),0,No Apparent Injury (O),0,No Person Injured in Vehicle,0,No Person Injured in Vehicle,2,No Alcohol Involved,2,No Alcohol Involved,35043,Nissan/Datsun Sentra,34639,34639,0,No,7,"Two-Way Divided, Unknown if Unprotected Median or Positive Median Barrier",2,Two lanes,45,45 MPH,1,Straight,1,Level,1,Dry,0,No Controls,0,No Controls,2,Decelerating in Road,2,Decelerating in Road,53,Traveling in same direction with higher speed,99,Unknown/Not Reported,1,Tracking,1,Stayed in original travel lane,29,"D29-Same Trafficway, Same Direction-Rear End-Decelerating (Slowing), Going Straight",201,"Same Trafficway, Same Direction-Rear End, Trailing Vehicle"
202304641736,3,12,12,12,3,"South (MD, DE, DC, WV, VA, KY, TN, NC, SC, GA, FL, AL, MS, LA, AR, OK, TX)",1,Urban Area,10,Stratum 10 - Other,4142,222.0578669,3,1,January,6,6:00am-6:59am,30,30,12,Motor Vehicle In-Transport,1,Front-to-Rear,1,01,1,Motor Vehicle In-Transport (Inside or Outside the Trafficway),0,No,2C3CDXAG0GH3,2C3CDXAG0GH3,2016,2016,2016,2016,476,Dodge,1895,Charger,13,Sedan/Saloon,7,Dodge,24,4,"4-door sedan, hardtop",0,Not Applicable,11,"Class 1: 6,000 lbs. or less (2,722 kg or less)",11,"Class 1: 6,000 lbs. or less (2,722 kg or less)",0,No Trailers,777777777777,No Trailing Units,777777777777,No Trailing Units,777777777777,No Trailing Units,77,No Trailing Units,77,No Trailing Units,77,No Trailing Units,0,Not an Articulated Vehicle,00000000000,Not Applicable,0,Not Applicable,0,Not Applicable,0,Not Applicable,0,Not Applicable (N/A),1,No,0,Not Applicable,0,Not Applicable,0,Not Applicable,0,Not Applicable,0,Not a Bus,5,Police,0,Not Applicable,40,040 MPH,8,Not Reported,0,No Rollover,0,No Rollover,12,12 Clock Point,12,12 Clock Point,6,Disabling Damage,6,Towed,12,Motor Vehicle In-Transport,12,Motor Vehicle In-Transport,0,No or Not Reported,1,Yes,0,No Apparent Injury (O),0,No Apparent Injury (O),0,No Person Injured in Vehicle,0,No Person Injured in Vehicle,2,No Alcohol Involved,2,No Alcohol Involved,7024,Dodge Charger,33602,33602,0,No,7,"Two-Way Divided, Unknown if Unprotected Median or Positive Median Barrier",2,Two lanes,45,45 MPH,1,Straight,1,Level,1,Dry,0,No Controls,0,No Controls,1,Going Straight,1,Going Straight,52,Traveling in same direction while decelerating,99,Unknown/Not Reported,1,Tracking,1,Stayed in original travel lane,98,M98-Other Crash Type,998,Other Crash Type
202304641786,1,75,75,19,3,"South (MD, DE, DC, WV, VA, KY, TN, NC, SC, GA, FL, AL, MS, LA, AR, OK, TX)",2,Rural Area,9,Stratum 9 - LMY PV No Injuries in Crash,4144,135.87719692,2,1,January,15,3:00pm-3:59pm,0,0,12,Motor Vehicle In-Transport,6,Angle,1,01,1,Motor Vehicle In-Transport (Inside or Outside the Trafficway),0,No,ZFBHRFAB3K6N,ZFBHRFAB3K6N,2019,2019,2019,2019,496,Ram,2050,Promaster City,9,Van,7,Dodge,444,20,"Minivan (Chrysler Town and Country, Caravan, Grand Caravan, Voyager, Voyager, Honda-Odyssey, ...)",0,Not Applicable,11,"Class 1: 6,000 lbs. or less (2,722 kg or less)",11,"Class 1: 6,000 lbs. or less (2,722 kg or less)",0,No Trailers,777777777777,No Trailing Units,777777777777,No Trailing Units,777777777777,No Trailing Units,77,No Trailing Units,77,No Trailing Units,77,No Trailing Units,0,Not an Articulated Vehicle,00000000000,Not Applicable,0,Not Applicable,0,Not Applicable,0,Not Applicable,0,Not Applicable (N/A),1,No,0,Not Applicable,0,Not Applicable,0,Not Applicable,0,Not Applicable,0,Not a Bus,0,No Special Use Noted,0,Not Applicable,998,Not Reported,0,No Underride or Override,0,No Rollover,0,No Rollover,12,12 Clock Point,12,12 Clock Point,6,Disabling Damage,6,Towed,12,Motor Vehicle In-Transport,12,Motor Vehicle In-Transport,0,No or Not Reported,1,Yes,0,No Apparent Injury (O),0,No Apparent Injury (O),0,No Person Injured in Vehicle,0,No Person Injured in Vehicle,2,No Alcohol Involved,2,No Alcohol Involved,7444,Dodge Promaster City,20866,20866,0,No,1,"Two-Way, Not Divided",2,Two lanes,25,25 MPH,1,Straight,8,Not Reported,98,Not Reported,20,Stop Sign,3,Device Functioning Properly,10,Turning Right,10,Turning Right,16,Turning Right,99,Unknown/Not Reported,1,Tracking,1,Stayed in original travel lane,78,K78-Trafficway Vehicle Turning-Turn Into Path-Turn Into Same Direction (Turning Right),410,"Changing Trafficway, Vehicle Turning-Turn Into Path, Turn into Same Direction [Turning Right]"
202304641786,2,75,75,19,3,"South (MD, DE, DC, WV, VA, KY, TN, NC, SC, GA, FL, AL, MS, LA, AR, OK, TX)",2,Rural Area,9,Stratum 9 - LMY PV No Injuries in Crash,4144,135.87719692,2,1,January,15,3:00pm-3:59pm,0,0,12,Motor Vehicle In-Transport,6,Angle,1,01,1,Motor Vehicle In-Transport (Inside or Outside the Trafficway),0,No,JM1BK3239614,JM1BK3239614,2006,2006,2006,2006,473,Mazda,2074,Mazda3,13,Sedan/Saloon,41,Mazda,51,4,"4-door sedan, hardtop",0,Not Applicable,11,"Class 1: 6,000 lbs. or less (2,722 kg or less)",11,"Class 1: 6,000 lbs. or less (2,722 kg or less)",0,No Trailers,777777777777,No Trailing Units,777777777777,No Trailing Units,777777777777,No Trailing Units,77,No Trailing Units,77,No Trailing Units,77,No Trailing Units,0,Not an Articulated Vehicle,00000000000,Not Applicable,0,Not Applicable,0,Not Applicable,0,Not Applicable,0,Not Applicable (N/A),1,No,0,Not Applicable,0,Not Applicable,0,Not Applicable,0,Not Applicable,0,Not a Bus,0,No Special Use Noted,0,Not Applicable,998,Not Reported,0,No Underride or Override,0,No Rollover,0,No Rollover,2,2 Clock Point,2,2 Clock Point,6,Disabling Damage,6,Towed,12,Motor Vehicle In-Transport,12,Motor Vehicle In-Transport,0,No or Not Reported,1,Yes,0,No Apparent Injury (O),0,No Apparent Injury (O),0,No Person Injured in Vehicle,0,No Person Injured in Vehicle,2,No Alcohol Involved,2,No Alcohol Involved,41051,Mazda Mazda3,25443,25443,0,No,1,"Two-Way, Not Divided",2,Two lanes,25,25 MPH,1,Straight,6,Downhill,1,Dry,97,Not Reported,8,Not Reported,1,Going Straight,1,Going Straight,65,"From crossing street, turning into same direction",99,Unknown/Not Reported,1,Tracking,3,"Stayed on roadway, not known if left original travel lane",79,K79-Trafficway Vehicle Turning-Turn Into Path-Turn Into Same Direction (Going Straight),411,"Changing Trafficway, Vehicle Turning-Turn Into Path, Turn into Same Direction [Going Straight, Other Vehicle Turning Right]"
202304641802,1,78,78,10,3,"South (MD, DE, DC, WV, VA, KY, TN, NC, SC, GA, FL, AL, MS, LA, AR, OK, TX)",1,Urban Area,10,Stratum 10 - Other,4146,222.24582732,2,1,January,18,6:00pm-6:59pm,0,0,12,Motor Vehicle In-Transport,6,Angle,2,02,1,Motor Vehicle In-Transport (Inside or Outside the Trafficway),0,No,MAJ3P1TE3JC1,MAJ3P1TE3JC1,2018,2018,2018,2018,460,Ford,17774,Ecosport,7,Sport Utility Vehicle (SUV)/Multi-Purpose Vehicle (MPV),12,Ford,403,14,"Compact Utility (Utility Vehicle Categories ""Small"" and ""Midsize"")",0,Not Applicable,11,"Class 1: 6,000 lbs. or less (2,722 kg or less)",11,"Class 1: 6,000 lbs. or less (2,722 kg or less)",0,No Trailers,777777777777,No Trailing Units,777777777777,No Trailing Units,777777777777,No Trailing Units,77,No Trailing Units,77,No Trailing Units,77,No Trailing Units,0,Not an Articulated Vehicle,00000000000,Not Applicable,0,Not Applicable,0,Not Applicable,0,Not Applicable,0,Not Applicable (N/A),1,No,0,Not Applicable,0,Not Applicable,0,Not Applicable,0,Not Applicable,0,Not a Bus,0,No Special Use Noted,0,Not Applicable,15,015 MPH,8,Not Reported,0,No Rollover,0,No Rollover,12,12 Clock Point,12,12 Clock Point,2,Minor Damage,5,Not Towed,12,Motor Vehicle In-Transport,12,Motor Vehicle In-Transport,0,No or Not Reported,1,Yes,0,No Apparent Injury (O),0,No Apparent Injury (O),0,No Person Injured in Vehicle,0,No Person Injured in Vehicle,2,No Alcohol Involved,2,No Alcohol Involved,12403,Ford EcoSport,34103,34103,0,No,5,"Two-Way, Not Divided With a Continuous Left-Turn Lane",8,Not Reported,30,30 MPH,1,Straight,1,Level,1,Dry,0,No Controls,0,No Controls,11,Turning Left,11,Turning Left,15,Turning Left,99,Unknown/Not Reported,1,Tracking,2,"Stayed on roadway, but left original travel lane",72,J72-Trafficway Vehicle Turning-Turn Across Path-Initial Same Directions (Turning Left),405,"Changing Trafficway, Vehicle Turning-Turn Across Path, Initial Same Directions [Turning Left]"
202304641802,2,78,78,10,3,"South (MD, DE, DC, WV, VA, KY, TN, NC, SC, GA, FL, AL, MS, LA, AR, OK, TX)",1,Urban Area,10,Stratum 10 - Other,4146,222.24582732,2,1,January,18,6:00pm-6:59pm,0,0,12,Motor Vehicle In-Transport,6,Angle,1,01,1,Motor Vehicle In-Transport (Inside or Outside the Trafficway),0,No,2G1FD1E37F92,2G1FD1E37F92,2015,2015,2015,2015,467,Chevrolet,1829,Camaro,3,Coupe,20,Chevrolet,9,2,"2-door sedan,hardtop,coupe",0,Not Applicable,11,"Class 1: 6,000 lbs. or less (2,722 kg or less)",11,"Class 1: 6,000 lbs. or less (2,722 kg or less)",0,No Trailers,777777777777,No Trailing Units,777777777777,No Trailing Units,777777777777,No Trailing Units,77,No Trailing Units,77,No Trailing Units,77,No Trailing Units,0,Not an Articulated Vehicle,00000000000,Not Applicable,0,Not Applicable,0,Not Applicable,0,Not Applicable,0,Not Applicable (N/A),1,No,0,Not Applicable,0,Not Applicable,0,Not Applicable,0,Not Applicable,0,Not a Bus,0,No Special Use Noted,0,Not Applicable,15,015 MPH,8,Not Reported,0,No Rollover,0,No Rollover,4,4 Clock Point,4,4 Clock Point,2,Minor Damage,5,Not Towed,12,Motor Vehicle In-Transport,12,Motor Vehicle In-Transport,0,No or Not Reported,1,Yes,0,No Apparent Injury (O),0,No Apparent Injury (O),0,No Person Injured in Vehicle,0,No Person Injured in Vehicle,2,No Alcohol Involved,2,No Alcohol Involved,20009,Chevrolet Camaro,33901,33901,0,No,5,"Two-Way, Not Divided With a Continuous Left-Turn Lane",8,Not Reported,30,30 MPH,1,Straight,1,Level,1,Dry,0,No Controls,0,No Controls,6,Passing or Overtaking Another Vehicle,6,Passing or Overtaking Another Vehicle,61,From adjacent lane (same direction) over right lane line,99,Unknown/Not Reported,1,Tracking,2,"Stayed on roadway, but left original travel lane",73,J73-Trafficway Vehicle Turning-Turn Across Path-Initial Same Directions (Going Straight),406,"Changing Trafficway, Vehicle Turning-Turn Across Path, Initial Same Directions [Going Straight, Other Vehicle Turning Left]"
202304641845,1,78,78,10,3,"South (MD, DE, DC, WV, VA, KY, TN, NC, SC, GA, FL, AL, MS, LA, AR, OK, TX)",1,Urban Area,9,Stratum 9 - LMY PV No Injuries in Crash,4146,141.59880277,2,1,January,10,10:00am-10:59am,55,55,12,Motor Vehicle In-Transport,6,Angle,99,Unknown,1,Motor Vehicle In-Transport (Inside or Outside the Trafficway),1,Yes,888888888888,Not Reported,9999,Unknown,2010,2010,99999,Unknown,99999,Unknown,9,Van,99,Unknown Make,499,29,Unknown van type,0,Not Applicable,11,"Class 1: 6,000 lbs. or less (2,722 kg or less)",12,"Class 2: 6,001 - 10,000 lbs. (2,722 - 4,536 kg)",0,No Trailers,777777777777,No Trailing Units,777777777777,No Trailing Units,777777777777,No Trailing Units,77,No Trailing Units,77,No Trailing Units,77,No Trailing Units,0,Not an Articulated Vehicle,00000000000,Not Applicable,0,Not Applicable,0,Not Applicable,0,Not Applicable,0,Not Applicable (N/A),1,No,0,Not Applicable,0,Not Applicable,0,Not Applicable,0,Not Applicable,99,Reported as Unknown,99,Reported as Unknown,0,Not Applicable,10,010 MPH,0,No Underride or Override,0,No Rollover,0,No Rollover,11,11 Clock Point,11,11 Clock Point,9,Reported as Unknown,5,Not Towed,12,Motor Vehicle In-Transport,12,Motor Vehicle In-Transport,0,No or Not Reported,1,Yes,0,No Apparent Injury (O),0,No Apparent Injury (O),0,No Person Injured in Vehicle,0,No Person Injured in Vehicle,9,Reported as Unknown,2,No Alcohol Involved,99499,Unknown Make Unknown (light truck),99998,Not Reported,0,No,1,"Two-Way, Not Divided",2,Two lanes,25,25 MPH,1,Straight,1,Level,98,Not Reported,0,No Controls,0,No Controls,11,Turning Left,11,Turning Left,15,Turning Left,99,Unknown/Not Reported,1,Tracking,3,"Stayed on roadway, not known if left original travel lane",84,K84-Trafficway Vehicle Turning-Turn Into Path-Specifics Other,416,"Changing Trafficway, Vehicle Turning-Turn into Path, Other or Unknown"
202304641845,2,78,78,10,3,"South (MD, DE, DC, WV, VA, KY, TN, NC, SC, GA, FL, AL, MS, LA, AR, OK, TX)",1,Urban Area,9,Stratum 9 - LMY PV No Injuries in Crash,4146,141.59880277,2,1,January,10,10:00am-10:59am,55,55,12,Motor Vehicle In-Transport,6,Angle,1,01,1,Motor Vehicle In-Transport (Inside or Outside the Trafficway),0,No,5TDZARFH6KS0,5TDZARFH6KS0,2019,2019,2019,2019,448,Toyota,2213,Highlander,7,Sport Utility Vehicle (SUV)/Multi-Purpose Vehicle (MPV),49,Toyota,403,14,"Compact Utility (Utility Vehicle Categories ""Small"" and ""Midsize"")",0,Not Applicable,11,"Class 1: 6,000 lbs. or less (2,722 kg or less)",11,"Class 1: 6,000 lbs. or less (2,722 kg or less)",0,No Trailers,777777777777,No Trailing Units,777777777777,No Trailing Units,777777777777,No Trailing Units,77,No Trailing Units,77,No Trailing Units,77,No Trailing Units,0,Not an Articulated Vehicle,00000000000,Not Applicable,0,Not Applicable,0,Not Applicable,0,Not Applicable,0,Not Applicable (N/A),1,No,0,Not Applicable,0,Not Applicable,0,Not Applicable,0,Not Applicable,0,Not a Bus,0,No Special Use Noted,0,Not Applicable,998,Not Reported,0,No Underride or Override,0,No Rollover,0,No Rollover,12,12 Clock Point,12,12 Clock Point,2,Minor Damage,5,Not Towed,12,Motor Vehicle In-Transport,12,Motor Vehicle In-Transport,0,No or Not Reported,1,Yes,0,No Apparent Injury (O),0,No Apparent Injury (O),0,No Person Injured in Vehicle,0,No Person Injured in Vehicle,2,No Alcohol Involved,2,No Alcohol Involved,49403,Toyota Highlander,34116,34116,0,No,1,"Two-Way, Not Divided",2,Two lanes,25,25 MPH,1,Straight,1,Level,1,Dry,0,No Controls,0,No Controls,11,Turning Left,11,Turning Left,67,"From crossing street, turning into opposite direction",99,Unknown/Not Reported,1,Tracking,1,Stayed in original travel lane,84,K84-Trafficway Vehicle Turning-Turn Into Path-Specifics Other,416,"Changing Trafficway, Vehicle Turning-Turn into Path, Other or Unknown"
202304641882,1,78,78,10,3,"South (MD, DE, DC, WV, VA, KY, TN, NC, SC, GA, FL, AL, MS, LA, AR, OK, TX)",1,Urban Area,6,Stratum 6 - LMY PV Minor Injury,4146,54.478812229,2,1,January,18,6:00pm-6:59pm,45,45,12,Motor Vehicle In-Transport,1,Front-to-Rear,99,Unknown,1,Motor Vehicle In-Transport (Inside or Outside the Trafficway),1,Yes,1GT49UE71MF2,1GT49UE71MF2,2021,2021,2021,2021,472,GMC,1857,Sierra,60,Pickup,23,GMC,880,67,"Medium/heavy Pickup (GVWR greater than 10,000 lbs.)",0,Not Applicable,13,"Class 3: 10,001 - 14,000 lbs. (4,536 - 6,350 kg)",13,"Class 3: 10,001 - 14,000 lbs. (4,536 - 6,350 kg)",0,No Trailers,777777777777,No Trailing Units,777777777777,No Trailing Units,777777777777,No Trailing Units,77,No Trailing Units,77,No Trailing Units,77,No Trailing Units,0,Not an Articulated Vehicle,88888888888,,88,,888888888,,1,"Single-Unit Truck (2- axle and GVWR more than 10,000 lbs)",97,Other,1,No,0,Not Applicable,0,Not Applicable,0,Not Applicable,0,Not Applicable,0,Not a Bus,0,No Special Use Noted,0,Not Applicable,15,015 MPH,8,Not Reported,0,No Rollover,0,No Rollover,12,12 Clock Point,12,12 Clock Point,2,Minor Damage,5,Not Towed,12,Motor Vehicle In-Transport,12,Motor Vehicle In-Transport,0,No or Not Reported,1,Yes,0,No Apparent Injury (O),0,No Apparent Injury (O),0,No Person Injured in Vehicle,0,No Person Injured in Vehicle,1,Alcohol Involved,1,Alcohol Involved,23880,"GMC Medium/Heavy Pickup (pickup-style only - over 10,000 lbs",5472,5472,0,No,1,"Two-Way, Not Divided",7,Seven or more lanes,45,45 MPH,1,Straight,1,Level,1,Dry,3,Traffic control signal(on colors) not known whether or not Pedestrian Signal,3,Device Functioning Properly,1,Going Straight,1,Going Straight,50,Other vehicle stopped,99,Unknown/Not Reported,1,Tracking,1,Stayed in original travel lane,20,"D20-Same Trafficway, Same Direction-Rear End-Stopped",202,"Same Trafficway, Same Direction-Rear End, Lead Vehicle"
202304641882,2,78,78,10,3,"South (MD, DE, DC, WV, VA, KY, TN, NC, SC, GA, FL, AL, MS, LA, AR, OK, TX)",1,Urban Area,6,Stratum 6 - LMY PV Minor Injury,4146,54.478812229,2,1,January,18,6:00pm-6:59pm,45,45,12,Motor Vehicle In-Transport,1,Front-to-Rear,1,01,1,Motor Vehicle In-Transport (Inside or Outside the Trafficway),0,No,W1N0G8DB6MV2,W1N0G8DB6MV2,2021,2021,2021,2021,449,Mercedes-Benz,5885,GLC-Class,7,Sport Utility Vehicle (SUV)/Multi-Purpose Vehicle (MPV),42,Mercedes-Benz,405,14,"Compact Utility (Utility Vehicle Categories ""Small"" and ""Midsize"")",0,Not Applicable,11,"Class 1: 6,000 lbs. or less (2,722 kg or less)",11,"Class 1: 6,000 lbs. or less (2,722 kg or less)",0,No Trailers,777777777777,No Trailing Units,777777777777,No Trailing Units,777777777777,No Trailing Units,77,No Trailing Units,77,No Trailing Units,77,No Trailing Units,0,Not an Articulated Vehicle,00000000000,Not Applicable,0,Not Applicable,0,Not Applicable,0,Not Applicable,0,Not Applicable (N/A),1,No,0,Not Applicable,0,Not Applicable,0,Not Applicable,0,Not Applicable,0,Not a Bus,0,No Special Use Noted,0,Not Applicable,0,Stopped Motor Vehicle In- Transport,8,Not Reported,0,No Rollover,0,No Rollover,6,6 Clock Point,6,6 Clock Point,2,Minor Damage,5,Not Towed,12,Motor Vehicle In-Transport,12,Motor Vehicle In-Transport,0,No or Not Reported,1,Yes,1,Possible Injury (C),1,Possible Injury (C),1,1,1,1,2,No Alcohol Involved,2,No Alcohol Involved,42405,Mercedes-Benz GLC Class,34105,34105,0,No,1,"Two-Way, Not Divided",7,Seven or more lanes,45,45 MPH,1,Straight,1,Level,1,Dry,3,Traffic control signal(on colors) not known whether or not Pedestrian Signal,3,Device Functioning Properly,5,Stopped in Roadway,5,Stopped in Roadway,53,Traveling in same direction with higher speed,1,No Avoidance Maneuver,1,Tracking,1,Stayed in original travel lane,21,"D21-Same Trafficway, Same Direction-Rear End-Stopped, Straight",201,"Same Trafficway, Same Direction-Rear End, Trailing Vehicle"
202304641921,1,22,22,5,1,"Northeast (PA, NJ, NY, NH, VT, RI, MA, ME, CT)",2,Rural Area,9,Stratum 9 - LMY PV No Injuries in Crash,4149,139.70227482,1,1,January,22,10:00pm-10:59pm,5,5,11,Live Animal,0,The First Harmful Event was Not a Collision with a Motor Vehicle In-Transport,1,01,1,Motor Vehicle In-Transport (Inside or Outside the Trafficway),0,No,1C4HJXCG2MW5,1C4HJXCG2MW5,2021,2021,2021,2021,483,Jeep,1943,Wrangler,7,Sport Utility Vehicle (SUV)/Multi-Purpose Vehicle (MPV),2,Jeep / Kaiser-Jeep / Willys- Jeep,403,14,"Compact Utility (Utility Vehicle Categories ""Small"" and ""Midsize"")",0,Not Applicable,11,"Class 1: 6,000 lbs. or less (2,722 kg or less)",11,"Class 1: 6,000 lbs. or less (2,722 kg or less)",0,No Trailers,777777777777,No Trailing Units,777777777777,No Trailing Units,777777777777,No Trailing Units,77,No Trailing Units,77,No Trailing Units,77,No Trailing Units,0,Not an Articulated Vehicle,00000000000,Not Applicable,0,Not Applicable,0,Not Applicable,0,Not Applicable,0,Not Applicable (N/A),1,No,0,Not Applicable,0,Not Applicable,0,Not Applicable,0,Not Applicable,0,Not a Bus,0,No Special Use Noted,0,Not Applicable,998,Not Reported,7,Not Applicable,0,No Rollover,0,No Rollover,12,12 Clock Point,12,12 Clock Point,4,Functional Damage,5,Not Towed,11,Live Animal,11,Live Animal,0,No or Not Reported,1,Yes,0,No Apparent Injury (O),0,No Apparent Injury (O),0,No Person Injured in Vehicle,0,No Person Injured in Vehicle,2,No Alcohol Involved,2,No Alcohol Involved,2403,Jeep / Kaiser-Jeep / Willys- Jeep YJ series/Wrangler,4330,4330,0,No,8,Not Reported,2,Two lanes,45,45 MPH,1,Straight,1,Level,2,Wet,97,Not Reported,8,Not Reported,1,Going Straight,1,Going Straight,87,Animal in road,99,Unknown/Not Reported,1,Tracking,1,Stayed in original travel lane,13,C13-Single Driver-Forward Impact-Pedestrian/ Animal,103,Single Driver-Struck Object While Moving Forward
202304641925,1,77,77,9,2,"Midwest (OH, IN, IL, MI, WI, MN, ND, SD, NE, IA, MO, KS)",2,Rural Area,5,Stratum 5 - NLMY PV Serious Injury,4151,29.72205493,1,1,January,8,8:00am-8:59am,40,40,21,Bridge Pier or Support,0,The First Harmful Event was Not a Collision with a Motor Vehicle In-Transport,1,01,1,Motor Vehicle In-Transport (Inside or Outside the Trafficway),0,No,2FMPK4J88GBB,2FMPK4J88GBB,2016,2016,2016,2016,460,Ford,1797,Edge,7,Sport Utility Vehicle (SUV)/Multi-Purpose Vehicle (MPV),12,Ford,24,6,Station Wagon (excluding van and truck based),0,Not Applicable,11,"Class 1: 6,000 lbs. or less (2,722 kg or less)",11,"Class 1: 6,000 lbs. or less (2,722 kg or less)",0,No Trailers,777777777777,No Trailing Units,777777777777,No Trailing Units,777777777777,No Trailing Units,77,No Trailing Units,77,No Trailing Units,77,No Trailing Units,0,Not an Articulated Vehicle,00000000000,Not Applicable,0,Not Applicable,0,Not Applicable,0,Not Applicable,0,Not Applicable (N/A),1,No,0,Not Applicable,0,Not Applicable,0,Not Applicable,0,Not Applicable,0,Not a Bus,0,No Special Use Noted,0,Not Applicable,998,Not Reported,7,Not Applicable,3,Rollover,3,On Median/Separator,11,11 Clock Point,11,11 Clock Point,6,Disabling Damage,6,Towed,1,Rollover/Overturn,1,Rollover/Overturn,0,No or Not Reported,1,Yes,3,Suspected Serious Injury (A),3,Suspected Serious Injury (A),1,1,1,1,9,Reported as Unknown,2,No Alcohol Involved,12024,"Ford Edge (For model years 2007-2018 only.  For model years 2019 on, see 12-424.)",99998,Not Reported,0,No,2,"Two-Way, Divided, Unprotected Median",2,Two lanes,65,65 MPH,2,Curve - Right,6,Downhill,1,Dry,0,No Controls,0,No Controls,14,Negotiating a Curve,14,Negotiating a Curve,6,Traveling Too Fast for Conditions or Road Configuration,99,Unknown/Not Reported,9,Precrash stability unknown,4,Departed roadway,7,B7-Single Driver-Left Roadside Departure-Control/Traction Loss,102,Single Driver-Left Roadside Departure
202304641928,1,77,77,9,2,"Midwest (OH, IN, IL, MI, WI, MN, ND, SD, NE, IA, MO, KS)",2,Rural Area,8,Stratum 8 - NLMY PV Minor Injury,4151,132.36109359,1,1,January,17,5:00pm-5:59pm,26,26,35,Embankment,0,The First Harmful Event was Not a Collision with a Motor Vehicle In-Transport,1,01,1,Motor Vehicle In-Transport (Inside or Outside the Trafficway),0,No,3C4PDCAB4JT1,3C4PDCAB4JT1,2018,2018,2018,2018,476,Dodge,1939,Journey,7,Sport Utility Vehicle (SUV)/Multi-Purpose Vehicle (MPV),7,Dodge,27,6,Station Wagon (excluding van and truck based),0,Not Applicable,11,"Class 1: 6,000 lbs. or less (2,722 kg or less)",11,"Class 1: 6,000 lbs. or less (2,722 kg or less)",0,No Trailers,777777777777,No Trailing Units,777777777777,No Trailing Units,777777777777,No Trailing Units,77,No Trailing Units,77,No Trailing Units,77,No Trailing Units,0,Not an Articulated Vehicle,00000000000,Not Applicable,0,Not Applicable,0,Not Applicable,0,Not Applicable,0,Not Applicable (N/A),1,No,0,Not Applicable,0,Not Applicable,0,Not Applicable,0,Not Applicable,0,Not a Bus,0,No Special Use Noted,0,Not Applicable,998,Not Reported,7,Not Applicable,3,Rollover,5,On Roadside,12,12 Clock Point,12,12 Clock Point,6,Disabling Damage,6,Towed,1,Rollover/Overturn,1,Rollover/Overturn,0,No or Not Reported,1,Yes,2,Suspected Minor Injury (B),2,Suspected Minor Injury (B),1,1,1,1,9,Reported as Unknown,2,No Alcohol Involved,7027,"Dodge Journey (For 2009-2018 only.  For model years 2019 on, see 07-404.)",99998,Not Reported,0,No,2,"Two-Way, Divided, Unprotected Median",2,Two lanes,65,65 MPH,1,Straight,1,Level,1,Dry,0,No Controls,0,No Controls,1,Going Straight,1,Going Straight,13,Off the edge of the road on the right side,99,Unknown/Not Reported,9,Precrash stability unknown,4,Departed roadway,1,A1-Single Driver-Right Roadside Departure-Drive Off Road,101,Single Driver-Right Roadside Departure
202304641929,1,77,77,9,2,"Midwest (OH, IN, IL, MI, WI, MN, ND, SD, NE, IA, MO, KS)",2,Rural Area,10,Stratum 10 - Other,4151,217.37927863,1,1,January,18,6:00pm-6:59pm,27,27,11,Live Animal,0,The First Harmful Event was Not a Collision with a Motor Vehicle In-Transport,1,01,1,Motor Vehicle In-Transport (Inside or Outside the Trafficway),0,No,1N4AL11D06C2,1N4AL11D06C2,2006,2006,2006,2006,478,Nissan,1904,Altima,13,Sedan/Saloon,35,Nissan/Datsun,47,4,"4-door sedan, hardtop",0,Not Applicable,11,"Class 1: 6,000 lbs. or less (2,722 kg or less)",11,"Class 1: 6,000 lbs. or less (2,722 kg or less)",0,No Trailers,777777777777,No Trailing Units,777777777777,No Trailing Units,777777777777,No Trailing Units,77,No Trailing Units,77,No Trailing Units,77,No Trailing Units,0,Not an Articulated Vehicle,00000000000,Not Applicable,0,Not Applicable,0,Not Applicable,0,Not Applicable,0,Not Applicable (N/A),1,No,0,Not Applicable,0,Not Applicable,0,Not Applicable,0,Not Applicable,0,Not a Bus,0,No Special Use Noted,0,Not Applicable,998,Not Reported,7,Not Applicable,0,No Rollover,0,No Rollover,12,12 Clock Point,12,12 Clock Point,6,Disabling Damage,6,Towed,11,Live Animal,11,Live Animal,0,No or Not Reported,1,Yes,0,No Apparent Injury (O),0,No Apparent Injury (O),0,No Person Injured in Vehicle,0,No Person Injured in Vehicle,9,Reported as Unknown,2,No Alcohol Involved,35047,Nissan/Datsun Altima,99998,Not Reported,0,No,8,Not Reported,2,Two lanes,55,55 MPH,1,Straight,1,Level,1,Dry,0,No Controls,0,No Controls,1,Going Straight,1,Going Straight,89,Animal -unknown location,99,Unknown/Not Reported,1,Tracking,1,Stayed in original travel lane,13,C13-Single Driver-Forward Impact-Pedestrian/ Animal,103,Single Driver-Struck Object While Moving Forward
202304641931,1,39,39,7,2,"Midwest (OH, IN, IL, MI, WI, MN, ND, SD, NE, IA, MO, KS)",1,Urban Area,7,Stratum 7 - M/H Truck or Bus,4154,153.46384112,2,1,January,11,11:00am-11:59am,24,24,12,Motor Vehicle In-Transport,1,Front-to-Rear,1,01,1,Motor Vehicle In-Transport (Inside or Outside the Trafficway),0,No,4V4NC9EH8KN2,4V4NC9EH8KN2,2019,2019,2019,2019,487,Volvo Truck,1967,VNL,66,Truck-Tractor,51,Volvo,881,66,"Truck-tractor (Cab only, or with any number of trailing unit; any weight)",0,Not Applicable,18,"Class 8: 33,001 lbs. and above (14,969 kg and above)",18,"Class 8: 33,001 lbs. and above (14,969 kg and above)",1,One Trailer,888888888888,Not Reported,777777777777,No Trailing Units,777777777777,No Trailing Units,98,Not Reported,77,No Trailing Units,77,No Trailing Units,1,No,572330774,572330774,57,US DOT,2330774,2330774,6,Truck Tractor/Semi-Trailer,1,Van/Enclosed Box,1,No,0,Not Applicable,0,Not Applicable,0,Not Applicable,0,Not Applicable,0,Not a Bus,0,No Special Use Noted,0,Not Applicable,998,Not Reported,8,Not Reported,0,No Rollover,0,No Rollover,6,6 Clock Point,6,6 Clock Point,0,No Damage,5,Not Towed,12,Motor Vehicle In-Transport,12,Motor Vehicle In-Transport,0,No or Not Reported,1,Yes,0,No Apparent Injury (O),0,No Apparent Injury (O),0,No Person Injured in Vehicle,0,No Person Injured in Vehicle,2,No Alcohol Involved,2,No Alcohol Involved,51881,Volvo Medium/Heavy - CBE,46241,46241,0,No,1,"Two-Way, Not Divided",2,Two lanes,30,30 MPH,1,Straight,1,Level,3,Snow,20,Stop Sign,3,Device Functioning Properly,13,Backing Up (other than for Parking Position),13,Backing Up (other than for Parking Position),20,Backing,99,Unknown/Not Reported,1,Tracking,1,Stayed in original travel lane,92,M92-Backing-Backing Veh.,992,Backing Vehicle
202304641931,2,39,39,7,2,"Midwest (OH, IN, IL, MI, WI, MN, ND, SD, NE, IA, MO, KS)",1,Urban Area,7,Stratum 7 - M/H Truck or Bus,4154,153.46384112,2,1,January,11,11:00am-11:59am,24,24,12,Motor Vehicle In-Transport,1,Front-to-Rear,2,02,1,Motor Vehicle In-Transport (Inside or Outside the Trafficway),0,No,JA4AT4AA2KZ0,JA4AT4AA2KZ0,2019,2019,2019,2019,481,Mitsubishi,17617,ECLIPSE CROSS,7,Sport Utility Vehicle (SUV)/Multi-Purpose Vehicle (MPV),52,Mitsubishi,403,14,"Compact Utility (Utility Vehicle Categories ""Small"" and ""Midsize"")",0,Not Applicable,11,"Class 1: 6,000 lbs. or less (2,722 kg or less)",11,"Class 1: 6,000 lbs. or less (2,722 kg or less)",0,No Trailers,777777777777,No Trailing Units,777777777777,No Trailing Units,777777777777,No Trailing Units,77,No Trailing Units,77,No Trailing Units,77,No Trailing Units,0,Not an Articulated Vehicle,00000000000,Not Applicable,0,Not Applicable,0,Not Applicable,0,Not Applicable,0,Not Applicable (N/A),1,No,0,Not Applicable,0,Not Applicable,0,Not Applicable,0,Not Applicable,0,Not a Bus,0,No Special Use Noted,0,Not Applicable,0,Stopped Motor Vehicle In- Transport,8,Not Reported,0,No Rollover,0,No Rollover,12,12 Clock Point,12,12 Clock Point,4,Functional Damage,5,Not Towed,12,Motor Vehicle In-Transport,12,Motor Vehicle In-Transport,0,No or Not Reported,1,Yes,0,No Apparent Injury (O),0,No Apparent Injury (O),0,No Person Injured in Vehicle,0,No Person Injured in Vehicle,2,No Alcohol Involved,2,No Alcohol Involved,52403,Mitsubishi Eclipse Cross,55110,55110,0,No,1,"Two-Way, Not Divided",2,Two lanes,30,30 MPH,1,Straight,1,Level,3,Snow,20,Stop Sign,3,Device Functioning Properly,5,Stopped in Roadway,5,Stopped in Roadway,56,Backing,1,No Avoidance Maneuver,1,Tracking,1,Stayed in original travel lane,93,M93-Backing-Other Vehicle,993,Other Vehicle
202304641954,1,39,39,7,2,"Midwest (OH, IN, IL, MI, WI, MN, ND, SD, NE, IA, MO, KS)",1,Urban Area,5,Stratum 5 - NLMY PV Serious Injury,4154,24.221475122,2,1,January,12,12:00pm-12:59pm,49,49,12,Motor Vehicle In-Transport,6,Angle,1,01,1,Motor Vehicle In-Transport (Inside or Outside the Trafficway),0,No,JF1GPAL65E82,JF1GPAL65E82,2014,2014,2014,2014,523,Subaru,2235,Impreza,15,Wagon,48,Subaru,38,6,Station Wagon (excluding van and truck based),0,Not Applicable,11,"Class 1: 6,000 lbs. or less (2,722 kg or less)",11,"Class 1: 6,000 lbs. or less (2,722 kg or less)",0,No Trailers,777777777777,No Trailing Units,777777777777,No Trailing Units,777777777777,No Trailing Units,77,No Trailing Units,77,No Trailing Units,77,No Trailing Units,0,Not an Articulated Vehicle,00000000000,Not Applicable,0,Not Applicable,0,Not Applicable,0,Not Applicable,0,Not Applicable (N/A),1,No,0,Not Applicable,0,Not Applicable,0,Not Applicable,0,Not Applicable,0,Not a Bus,0,No Special Use Noted,0,Not Applicable,998,Not Reported,8,Not Reported,0,No Rollover,0,No Rollover,3,3 Clock Point,3,3 Clock Point,6,Disabling Damage,6,Towed,12,Motor Vehicle In-Transport,12,Motor Vehicle In-Transport,0,No or Not Reported,1,Yes,2,Suspected Minor Injury (B),2,Suspected Minor Injury (B),1,1,1,1,2,No Alcohol Involved,2,No Alcohol Involved,48038,Subaru Impreza,55127,55127,0,No,1,"Two-Way, Not Divided",5,Five lanes,30,30 MPH,1,Straight,1,Level,4,Ice/Frost,3,Traffic control signal(on colors) not known whether or not Pedestrian Signal,3,Device Functioning Properly,11,Turning Left,11,Turning Left,63,From opposite direction  over right lane line,99,Unknown/Not Reported,1,Tracking,1,Stayed in original travel lane,68,J68-Trafficway Vehicle Turning-Turn Across Path-Initial Opposite Directions (Left/Right),401,"Changing Trafficway, Vehicle Turning-Turn Across Path, Initial Opposite Directions [Left/Right]"
202304641954,2,39,39,7,2,"Midwest (OH, IN, IL, MI, WI, MN, ND, SD, NE, IA, MO, KS)",1,Urban Area,5,Stratum 5 - NLMY PV Serious Injury,4154,24.221475122,2,1,January,12,12:00pm-12:59pm,49,49,12,Motor Vehicle In-Transport,6,Angle,2,02,1,Motor Vehicle In-Transport (Inside or Outside the Trafficway),0,No,1GKFK638X7J2,1GKFK638X7J2,2007,2007,2007,2007,472,GMC,1859,Yukon,7,Sport Utility Vehicle (SUV)/Multi-Purpose Vehicle (MPV),23,GMC,421,15,"Large utility (ANSI D16.1 Utility Vehicle Categories and ""Full Size"" and ""Large"")",0,Not Applicable,12,"Class 2: 6,001 - 10,000 lbs. (2,722 - 4,536 kg)",12,"Class 2: 6,001 - 10,000 lbs. (2,722 - 4,536 kg)",0,No Trailers,777777777777,No Trailing Units,777777777777,No Trailing Units,777777777777,No Trailing Units,77,No Trailing Units,77,No Trailing Units,77,No Trailing Units,0,Not an Articulated Vehicle,00000000000,Not Applicable,0,Not Applicable,0,Not Applicable,0,Not Applicable,0,Not Applicable (N/A),1,No,0,Not Applicable,0,Not Applicable,0,Not Applicable,0,Not Applicable,0,Not a Bus,0,No Special Use Noted,0,Not Applicable,998,Not Reported,8,Not Reported,0,No Rollover,0,No Rollover,12,12 Clock Point,12,12 Clock Point,6,Disabling Damage,6,Towed,12,Motor Vehicle In-Transport,12,Motor Vehicle In-Transport,0,No or Not Reported,1,Yes,3,Suspected Serious Injury (A),3,Suspected Serious Injury (A),2,2,2,2,2,No Alcohol Involved,2,No Alcohol Involved,23421,GMC Fullsize Jimmy/Yukon,55127,55127,9,Reported as Unknown,1,"Two-Way, Not Divided",5,Five lanes,30,30 MPH,1,Straight,1,Level,4,Ice/Frost,3,Traffic control signal(on colors) not known whether or not Pedestrian Signal,3,Device Functioning Properly,1,Going Straight,1,Going Straight,17,Crossing Over (Passing Through) Junction,99,Unknown/Not Reported,1,Tracking,1,Stayed in original travel lane,69,J69-Trafficway Vehicle Turning-Turn Across Path-Initial Opposite Directions (Going Straight),402,"Changing Trafficway, Vehicle Turning-Turn Across Path, Initial Opposite Directions [Going Straight]"
202304643195,1,49,49,21,4,"West (MT, ID, WA, OR, CA, NV, NM, AZ, UT, CO, WY, AK, HI)",1,Urban Area,8,Stratum 8 - NLMY PV Minor Injury,262,151.24846034,1,1,January,6,6:00am-6:59am,35,35,42,Tree (Standing Only),0,The First Harmful Event was Not a Collision with a Motor Vehicle In-Transport,1,01,1,Motor Vehicle In-Transport (Inside or Outside the Trafficway),0,No,888888888888,Not Reported,2001,2001,2001,2001,474,Honda,1863,Civic,999,Unknown,37,Honda,31,9,Other or Unknown automobile type,0,Not Applicable,11,"Class 1: 6,000 lbs. or less (2,722 kg or less)",12,"Class 2: 6,001 - 10,000 lbs. (2,722 - 4,536 kg)",0,No Trailers,777777777777,No Trailing Units,777777777777,No Trailing Units,777777777777,No Trailing Units,77,No Trailing Units,77,No Trailing Units,77,No Trailing Units,0,Not an Articulated Vehicle,00000000000,Not Applicable,0,Not Applicable,0,Not Applicable,0,Not Applicable,0,Not Applicable (N/A),1,No,0,Not Applicable,0,Not Applicable,0,Not Applicable,0,Not Applicable,0,Not a Bus,0,No Special Use Noted,0,Not Applicable,73,073 MPH,7,Not Applicable,0,No Rollover,0,No Rollover,12,12 Clock Point,12,12 Clock Point,7,"Damage Reported, Extent Unknown",5,Not Towed,42,Tree (Standing Only),42,Tree (Standing Only),0,No or Not Reported,1,Yes,1,Possible Injury (C),1,Possible Injury (C),1,1,1,1,2,No Alcohol Involved,2,No Alcohol Involved,37031,"Honda Civic/CRX, del Sol",95828,95828,0,No,3,"Two-Way,  Divided, Positive  Median Barrier",5,Five lanes,65,65 MPH,1,Straight,8,Not Reported,2,Wet,97,Not Reported,8,Not Reported,1,Going Straight,1,Going Straight,13,Off the edge of the road on the right side,7,Steering right,9,Precrash stability unknown,4,Departed roadway,3,"A3-Single Driver-Right Roadside Departure-Avoid Collision With Veh., Ped., Anim.",101,Single Driver-Right Roadside Departure
202304643263,1,35,35,13,3,"South (MD, DE, DC, WV, VA, KY, TN, NC, SC, GA, FL, AL, MS, LA, AR, OK, TX)",1,Urban Area,10,Stratum 10 - Other,4141,222.47241975,2,1,January,16,4:00pm-4:59pm,32,32,12,Motor Vehicle In-Transport,1,Front-to-Rear,1,01,1,Motor Vehicle In-Transport (Inside or Outside the Trafficway),0,No,1GKS1CKJ3FR6,1GKS1CKJ3FR6,2015,2015,2015,2015,472,GMC,1859,Yukon,7,Sport Utility Vehicle (SUV)/Multi-Purpose Vehicle (MPV),23,GMC,421,15,"Large utility (ANSI D16.1 Utility Vehicle Categories and ""Full Size"" and ""Large"")",0,Not Applicable,12,"Class 2: 6,001 - 10,000 lbs. (2,722 - 4,536 kg)",12,"Class 2: 6,001 - 10,000 lbs. (2,722 - 4,536 kg)",0,No Trailers,777777777777,No Trailing Units,777777777777,No Trailing Units,777777777777,No Trailing Units,77,No Trailing Units,77,No Trailing Units,77,No Trailing Units,0,Not an Articulated Vehicle,00000000000,Not Applicable,0,Not Applicable,0,Not Applicable,0,Not Applicable,0,Not Applicable (N/A),1,No,0,Not Applicable,0,Not Applicable,0,Not Applicable,0,Not Applicable,0,Not a Bus,0,No Special Use Noted,0,Not Applicable,998,Not Reported,8,Not Reported,0,No Rollover,0,No Rollover,12,12 Clock Point,12,12 Clock Point,2,Minor Damage,5,Not Towed,12,Motor Vehicle In-Transport,12,Motor Vehicle In-Transport,0,No or Not Reported,1,Yes,0,No Apparent Injury (O),0,No Apparent Injury (O),0,No Person Injured in Vehicle,0,No Person Injured in Vehicle,2,No Alcohol Involved,2,No Alcohol Involved,23421,GMC Fullsize Jimmy/Yukon,37128,37128,0,No,8,Not Reported,8,Not Reported,30,30 MPH,1,Straight,8,Not Reported,2,Wet,1,Traffic control signal (on colors) without Pedestrian Signal,3,Device Functioning Properly,1,Going Straight,1,Going Straight,51,Traveling in same direction with lower steady speed,99,Unknown/Not Reported,1,Tracking,1,Stayed in original travel lane,24,"D24-Same Trafficway, Same Direction-Rear End-Slower",202,"Same Trafficway, Same Direction-Rear End, Lead Vehicle"
202304643263,2,35,35,13,3,"South (MD, DE, DC, WV, VA, KY, TN, NC, SC, GA, FL, AL, MS, LA, AR, OK, TX)",1,Urban Area,10,Stratum 10 - Other,4141,222.47241975,2,1,January,16,4:00pm-4:59pm,32,32,12,Motor Vehicle In-Transport,1,Front-to-Rear,1,01,1,Motor Vehicle In-Transport (Inside or Outside the Trafficway),0,No,KNMAT2MT2GP6,KNMAT2MT2GP6,2016,2016,2016,2016,478,Nissan,1913,Rogue,8,Crossover Utility Vehicle (CUV),35,Nissan/Datsun,51,6,Station Wagon (excluding van and truck based),0,Not Applicable,11,"Class 1: 6,000 lbs. or less (2,722 kg or less)",11,"Class 1: 6,000 lbs. or less (2,722 kg or less)",0,No Trailers,777777777777,No Trailing Units,777777777777,No Trailing Units,777777777777,No Trailing Units,77,No Trailing Units,77,No Trailing Units,77,No Trailing Units,0,Not an Articulated Vehicle,00000000000,Not Applicable,0,Not Applicable,0,Not Applicable,0,Not Applicable,0,Not Applicable (N/A),1,No,0,Not Applicable,0,Not Applicable,0,Not Applicable,0,Not Applicable,0,Not a Bus,0,No Special Use Noted,0,Not Applicable,998,Not Reported,8,Not Reported,0,No Rollover,0,No Rollover,6,6 Clock Point,6,6 Clock Point,2,Minor Damage,5,Not Towed,12,Motor Vehicle In-Transport,12,Motor Vehicle In-Transport,0,No or Not Reported,1,Yes,0,No Apparent Injury (O),0,No Apparent Injury (O),0,No Person Injured in Vehicle,0,No Person Injured in Vehicle,2,No Alcohol Involved,2,No Alcohol Involved,35051,"Nissan/Datsun Rogue (For 2008-2018 only.  For model years 2019 on, see 35-404.)",37128,37128,0,No,8,Not Reported,8,Not Reported,30,30 MPH,1,Straight,8,Not Reported,2,Wet,1,Traffic control signal (on colors) without Pedestrian Signal,3,Device Functioning Properly,1,Going Straight,1,Going Straight,53,Traveling in same direction with higher speed,99,Unknown/Not Reported,1,Tracking,1,Stayed in original travel lane,27,"D27-Same Trafficway, Same Direction-Rear End-Slower, Going Right",201,"Same Trafficway, Same Direction-Rear End, Trailing Vehicle"
202304643289,1,58,58,6,2,"Midwest (OH, IN, IL, MI, WI, MN, ND, SD, NE, IA, MO, KS)",1,Urban Area,10,Stratum 10 - Other,4143,213.68759167,2,1,January,22,10:00pm-10:59pm,24,24,12,Motor Vehicle In-Transport,6,Angle,1,01,1,Motor Vehicle In-Transport (Inside or Outside the Trafficway),0,No,1NXBR30E05Z5,1NXBR30E05Z5,2005,2005,2005,2005,448,Toyota,2208,Corolla,13,Sedan/Saloon,49,Toyota,32,4,"4-door sedan, hardtop",0,Not Applicable,11,"Class 1: 6,000 lbs. or less (2,722 kg or less)",11,"Class 1: 6,000 lbs. or less (2,722 kg or less)",0,No Trailers,777777777777,No Trailing Units,777777777777,No Trailing Units,777777777777,No Trailing Units,77,No Trailing Units,77,No Trailing Units,77,No Trailing Units,0,Not an Articulated Vehicle,00000000000,Not Applicable,0,Not Applicable,0,Not Applicable,0,Not Applicable,0,Not Applicable (N/A),1,No,0,Not Applicable,0,Not Applicable,0,Not Applicable,0,Not Applicable,0,Not a Bus,0,No Special Use Noted,0,Not Applicable,998,Not Reported,8,Not Reported,0,No Rollover,0,No Rollover,12,12 Clock Point,12,12 Clock Point,6,Disabling Damage,6,Towed,12,Motor Vehicle In-Transport,12,Motor Vehicle In-Transport,0,No or Not Reported,1,Yes,0,No Apparent Injury (O),0,No Apparent Injury (O),0,No Person Injured in Vehicle,0,No Person Injured in Vehicle,2,No Alcohol Involved,2,No Alcohol Involved,49032,Toyota Corolla,53713,53713,0,No,2,"Two-Way, Divided, Unprotected Median",8,Not Reported,25,25 MPH,1,Straight,1,Level,2,Wet,20,Stop Sign,3,Device Functioning Properly,1,Going Straight,1,Going Straight,66,"From crossing street, across path",99,Unknown/Not Reported,1,Tracking,1,Stayed in original travel lane,86,L86-Intersecting Paths-Straight Paths-Striking from the Right,501,"Intersecting Paths-Straight Paths, Striking from the Right"
202304643289,2,58,58,6,2,"Midwest (OH, IN, IL, MI, WI, MN, ND, SD, NE, IA, MO, KS)",1,Urban Area,10,Stratum 10 - Other,4143,213.68759167,2,1,January,22,10:00pm-10:59pm,24,24,12,Motor Vehicle In-Transport,6,Angle,2,02,1,Motor Vehicle In-Transport (Inside or Outside the Trafficway),1,Yes,JF1GD29604H5,JF1GD29604H5,2004,2004,2004,2004,523,Subaru,2235,Impreza,13,Sedan/Saloon,48,Subaru,38,4,"4-door sedan, hardtop",0,Not Applicable,11,"Class 1: 6,000 lbs. or less (2,722 kg or less)",11,"Class 1: 6,000 lbs. or less (2,722 kg or less)",0,No Trailers,777777777777,No Trailing Units,777777777777,No Trailing Units,777777777777,No Trailing Units,77,No Trailing Units,77,No Trailing Units,77,No Trailing Units,0,Not an Articulated Vehicle,00000000000,Not Applicable,0,Not Applicable,0,Not Applicable,0,Not Applicable,0,Not Applicable (N/A),1,No,0,Not Applicable,0,Not Applicable,0,Not Applicable,0,Not Applicable,0,Not a Bus,99,Reported as Unknown,9,Reported as Unknown,998,Not Reported,8,Not Reported,0,No Rollover,0,No Rollover,3,3 Clock Point,3,3 Clock Point,6,Disabling Damage,5,Not Towed,12,Motor Vehicle In-Transport,12,Motor Vehicle In-Transport,0,No or Not Reported,1,Yes,0,No Apparent Injury (O),0,No Apparent Injury (O),0,No Person Injured in Vehicle,0,No Person Injured in Vehicle,9,Reported as Unknown,2,No Alcohol Involved,48038,Subaru Impreza,99998,Not Reported,9,Reported as Unknown,9,Reported as Unknown,8,Not Reported,25,25 MPH,9,Reported as Unknown,9,Reported as Unknown,98,Not Reported,20,Stop Sign,3,Device Functioning Properly,1,Going Straight,1,Going Straight,17,Crossing Over (Passing Through) Junction,99,Unknown/Not Reported,1,Tracking,1,Stayed in original travel lane,87,L87-Intersecting Paths-Straight Paths-Struck on the Right,502,"Intersecting Paths-Straight Paths, Struck on the Right"
202304643299,1,58,58,6,2,"Midwest (OH, IN, IL, MI, WI, MN, ND, SD, NE, IA, MO, KS)",1,Urban Area,8,Stratum 8 - NLMY PV Minor Injury,4143,130.03640335,2,1,January,19,7:00pm-7:59pm,20,20,12,Motor Vehicle In-Transport,6,Angle,1,01,1,Motor Vehicle In-Transport (Inside or Outside the Trafficway),0,No,5J8TB3H37DL0,5J8TB3H37DL0,2013,2013,2013,2013,475,Acura,1871,RDX,7,Sport Utility Vehicle (SUV)/Multi-Purpose Vehicle (MPV),54,Acura,402,14,"Compact Utility (Utility Vehicle Categories ""Small"" and ""Midsize"")",0,Not Applicable,11,"Class 1: 6,000 lbs. or less (2,722 kg or less)",11,"Class 1: 6,000 lbs. or less (2,722 kg or less)",0,No Trailers,777777777777,No Trailing Units,777777777777,No Trailing Units,777777777777,No Trailing Units,77,No Trailing Units,77,No Trailing Units,77,No Trailing Units,0,Not an Articulated Vehicle,00000000000,Not Applicable,0,Not Applicable,0,Not Applicable,0,Not Applicable,0,Not Applicable (N/A),1,No,0,Not Applicable,0,Not Applicable,0,Not Applicable,0,Not Applicable,0,Not a Bus,0,No Special Use Noted,0,Not Applicable,998,Not Reported,0,No Underride or Override,0,No Rollover,0,No Rollover,9,9 Clock Point,9,9 Clock Point,2,Minor Damage,5,Not Towed,12,Motor Vehicle In-Transport,12,Motor Vehicle In-Transport,0,No or Not Reported,1,Yes,2,Suspected Minor Injury (B),2,Suspected Minor Injury (B),1,1,1,1,2,No Alcohol Involved,2,No Alcohol Involved,54402,Acura RDX,53590,53590,0,No,1,"Two-Way, Not Divided",2,Two lanes,25,25 MPH,3,Curve - Left,1,Level,3,Snow,0,No Controls,0,No Controls,14,Negotiating a Curve,14,Negotiating a Curve,6,Traveling Too Fast for Conditions or Road Configuration,7,Steering right,2,Skidding longitudinally  rotation less than 30 degrees,2,"Stayed on roadway, but left original travel lane",64,"I64-Same Trafficway, Opposite Direction-Angle, Sideswipe-Lateral Move (Left/Right)",301,"Same Trafficway, Opposite Direction-Lateral Move [Left/Right], Head-On, Sideswipe, or Angle"
202304643299,2,58,58,6,2,"Midwest (OH, IN, IL, MI, WI, MN, ND, SD, NE, IA, MO, KS)",1,Urban Area,8,Stratum 8 - NLMY PV Minor Injury,4143,130.03640335,2,1,January,19,7:00pm-7:59pm,20,20,12,Motor Vehicle In-Transport,6,Angle,2,02,1,Motor Vehicle In-Transport (Inside or Outside the Trafficway),0,No,1HGCM56303A1,1HGCM56303A1,2003,2003,2003,2003,474,Honda,1861,Accord,13,Sedan/Saloon,37,Honda,32,4,"4-door sedan, hardtop",0,Not Applicable,11,"Class 1: 6,000 lbs. or less (2,722 kg or less)",11,"Class 1: 6,000 lbs. or less (2,722 kg or less)",0,No Trailers,777777777777,No Trailing Units,777777777777,No Trailing Units,777777777777,No Trailing Units,77,No Trailing Units,77,No Trailing Units,77,No Trailing Units,0,Not an Articulated Vehicle,00000000000,Not Applicable,0,Not Applicable,0,Not Applicable,0,Not Applicable,0,Not Applicable (N/A),1,No,0,Not Applicable,0,Not Applicable,0,Not Applicable,0,Not Applicable,0,Not a Bus,0,No Special Use Noted,0,Not Applicable,998,Not Reported,0,No Underride or Override,0,No Rollover,0,No Rollover,12,12 Clock Point,12,12 Clock Point,2,Minor Damage,5,Not Towed,12,Motor Vehicle In-Transport,12,Motor Vehicle In-Transport,0,No or Not Reported,1,Yes,0,No Apparent Injury (O),0,No Apparent Injury (O),0,No Person Injured in Vehicle,0,No Person Injured in Vehicle,2,No Alcohol Involved,2,No Alcohol Involved,37032,"Honda Accord (Note: For Crosstour model years 2010 and 2011 only. For Crosstour model years 2012-2015, see vehicle model 37-405)",53590,53590,0,No,1,"Two-Way, Not Divided",2,Two lanes,25,25 MPH,2,Curve - Right,1,Level,3,Snow,0,No Controls,0,No Controls,14,Negotiating a Curve,14,Negotiating a Curve,60,From adjacent lane (same direction) over left lane line,7,Steering right,2,Skidding longitudinally  rotation less than 30 degrees,1,Stayed in original travel lane,65,"I65-Same Trafficway, Opposite Direction-Angle, Sideswipe-Lateral Move (Going Straight)",302,"Same Trafficway, Opposite Direction-Lateral Move [Going Straight], Head-On, Sideswipe, or Angle"
202304643309,1,32,32,17,3,"South (MD, DE, DC, WV, VA, KY, TN, NC, SC, GA, FL, AL, MS, LA, AR, OK, TX)",2,Rural Area,7,Stratum 7 - M/H Truck or Bus,4145,157.12432243,2,1,January,9,9:00am-9:59am,20,20,12,Motor Vehicle In-Transport,1,Front-to-Rear,1,01,1,Motor Vehicle In-Transport (Inside or Outside the Trafficway),0,No,1GKEK13Z92J1,1GKEK13Z92J1,2002,2002,2002,2002,472,GMC,1859,Yukon,7,Sport Utility Vehicle (SUV)/Multi-Purpose Vehicle (MPV),23,GMC,421,15,"Large utility (ANSI D16.1 Utility Vehicle Categories and ""Full Size"" and ""Large"")",0,Not Applicable,12,"Class 2: 6,001 - 10,000 lbs. (2,722 - 4,536 kg)",12,"Class 2: 6,001 - 10,000 lbs. (2,722 - 4,536 kg)",0,No Trailers,777777777777,No Trailing Units,777777777777,No Trailing Units,777777777777,No Trailing Units,77,No Trailing Units,77,No Trailing Units,77,No Trailing Units,0,Not an Articulated Vehicle,00000000000,Not Applicable,0,Not Applicable,0,Not Applicable,0,Not Applicable,0,Not Applicable (N/A),1,No,0,Not Applicable,0,Not Applicable,0,Not Applicable,0,Not Applicable,0,Not a Bus,0,No Special Use Noted,0,Not Applicable,998,Not Reported,8,Not Reported,0,No Rollover,0,No Rollover,12,12 Clock Point,12,12 Clock Point,4,Functional Damage,5,Not Towed,12,Motor Vehicle In-Transport,12,Motor Vehicle In-Transport,0,No or Not Reported,1,Yes,0,No Apparent Injury (O),0,No Apparent Injury (O),0,No Person Injured in Vehicle,0,No Person Injured in Vehicle,2,No Alcohol Involved,2,No Alcohol Involved,23421,GMC Fullsize Jimmy/Yukon,37862,37862,0,No,8,Not Reported,8,Not Reported,25,25 MPH,1,Straight,8,Not Reported,2,Wet,0,No Controls,0,No Controls,1,Going Straight,1,Going Straight,56,Backing,99,Unknown/Not Reported,1,Tracking,1,Stayed in original travel lane,93,M93-Backing-Other Vehicle,993,Other Vehicle
202304643309,2,32,32,17,3,"South (MD, DE, DC, WV, VA, KY, TN, NC, SC, GA, FL, AL, MS, LA, AR, OK, TX)",2,Rural Area,7,Stratum 7 - M/H Truck or Bus,4145,157.12432243,2,1,January,9,9:00am-9:59am,20,20,12,Motor Vehicle In-Transport,1,Front-to-Rear,1,01,1,Motor Vehicle In-Transport (Inside or Outside the Trafficway),0,No,5VCA3RAF8JH2,5VCA3RAF8JH2,2018,2018,2018,2018,1297,Autocar,4669,Xpeditor,11,Truck,89,White/Autocar White/GMC,890,63,"Single-unit straight truck or Cab-Chassis (GVWR greater than 26,000 lbs.)",0,Not Applicable,18,"Class 8: 33,001 lbs. and above (14,969 kg and above)",18,"Class 8: 33,001 lbs. and above (14,969 kg and above)",0,No Trailers,777777777777,No Trailing Units,777777777777,No Trailing Units,777777777777,No Trailing Units,77,No Trailing Units,77,No Trailing Units,77,No Trailing Units,0,Not an Articulated Vehicle,77777777777,Not Reported,77,Not Reported,777777777,Not Reported,88,"Qualifying Vehicle, Unknown Configuration",7,Garbage/Refuse,1,No,0,Not Applicable,0,Not Applicable,0,Not Applicable,0,Not Applicable,0,Not a Bus,0,No Special Use Noted,0,Not Applicable,998,Not Reported,8,Not Reported,0,No Rollover,0,No Rollover,6,6 Clock Point,6,6 Clock Point,4,Functional Damage,5,Not Towed,12,Motor Vehicle In-Transport,12,Motor Vehicle In-Transport,0,No or Not Reported,1,Yes,0,No Apparent Injury (O),0,No Apparent Injury (O),0,No Person Injured in Vehicle,0,No Person Injured in Vehicle,2,No Alcohol Involved,2,No Alcohol Involved,89890,White/Autocar White/GMC Medium/Heavy - COE entry position unknown,37867,37867,0,No,8,Not Reported,8,Not Reported,25,25 MPH,1,Straight,8,Not Reported,1,Dry,0,No Controls,0,No Controls,13,Backing Up (other than for Parking Position),13,Backing Up (other than for Parking Position),20,Backing,99,Unknown/Not Reported,1,Tracking,1,Stayed in original travel lane,92,M92-Backing-Backing Veh.,992,Backing Vehicle
202304643310,1,32,32,17,3,"South (MD, DE, DC, WV, VA, KY, TN, NC, SC, GA, FL, AL, MS, LA, AR, OK, TX)",2,Rural Area,10,Stratum 10 - Other,4145,220.3414238,2,1,January,99,Unknown Hours,99,Unknown Minutes,12,Motor Vehicle In-Transport,6,Angle,5,05,1,Motor Vehicle In-Transport (Inside or Outside the Trafficway),0,No,1FMCU0F70GUB,1FMCU0F70GUB,2016,2016,2016,2016,460,Ford,1798,Escape,7,Sport Utility Vehicle (SUV)/Multi-Purpose Vehicle (MPV),12,Ford,402,14,"Compact Utility (Utility Vehicle Categories ""Small"" and ""Midsize"")",0,Not Applicable,11,"Class 1: 6,000 lbs. or less (2,722 kg or less)",11,"Class 1: 6,000 lbs. or less (2,722 kg or less)",0,No Trailers,777777777777,No Trailing Units,777777777777,No Trailing Units,777777777777,No Trailing Units,77,No Trailing Units,77,No Trailing Units,77,No Trailing Units,0,Not an Articulated Vehicle,00000000000,Not Applicable,0,Not Applicable,0,Not Applicable,0,Not Applicable,0,Not Applicable (N/A),1,No,0,Not Applicable,0,Not Applicable,0,Not Applicable,0,Not Applicable,0,Not a Bus,0,No Special Use Noted,0,Not Applicable,998,Not Reported,0,No Underride or Override,0,No Rollover,0,No Rollover,12,12 Clock Point,12,12 Clock Point,6,Disabling Damage,6,Towed,12,Motor Vehicle In-Transport,12,Motor Vehicle In-Transport,0,No or Not Reported,1,Yes,0,No Apparent Injury (O),0,No Apparent Injury (O),0,No Person Injured in Vehicle,0,No Person Injured in Vehicle,2,No Alcohol Involved,2,No Alcohol Involved,12402,Ford Escape,37821,37821,0,No,1,"Two-Way, Not Divided",8,Not Reported,45,45 MPH,1,Straight,1,Level,2,Wet,20,Stop Sign,3,Device Functioning Properly,11,Turning Left,11,Turning Left,15,Turning Left,1,No Avoidance Maneuver,1,Tracking,1,Stayed in original travel lane,84,K84-Trafficway Vehicle Turning-Turn Into Path-Specifics Other,416,"Changing Trafficway, Vehicle Turning-Turn into Path, Other or Unknown"
202304643310,2,32,32,17,3,"South (MD, DE, DC, WV, VA, KY, TN, NC, SC, GA, FL, AL, MS, LA, AR, OK, TX)",2,Rural Area,10,Stratum 10 - Other,4145,220.3414238,2,1,January,99,Unknown Hours,99,Unknown Minutes,12,Motor Vehicle In-Transport,6,Angle,1,01,1,Motor Vehicle In-Transport (Inside or Outside the Trafficway),0,No,1FT7W2BT5EEB,1FT7W2BT5EEB,2014,2014,2014,2014,460,Ford,1805,F-250,60,Pickup,12,Ford,481,34,Light Pickup,0,Not Applicable,12,"Class 2: 6,001 - 10,000 lbs. (2,722 - 4,536 kg)",12,"Class 2: 6,001 - 10,000 lbs. (2,722 - 4,536 kg)",0,No Trailers,777777777777,No Trailing Units,777777777777,No Trailing Units,777777777777,No Trailing Units,77,No Trailing Units,77,No Trailing Units,77,No Trailing Units,0,Not an Articulated Vehicle,00000000000,Not Applicable,0,Not Applicable,0,Not Applicable,0,Not Applicable,0,Not Applicable (N/A),1,No,0,Not Applicable,0,Not Applicable,0,Not Applicable,0,Not Applicable,0,Not a Bus,0,No Special Use Noted,0,Not Applicable,998,Not Reported,0,No Underride or Override,0,No Rollover,0,No Rollover,8,8 Clock Point,8,8 Clock Point,4,Functional Damage,5,Not Towed,12,Motor Vehicle In-Transport,12,Motor Vehicle In-Transport,0,No or Not Reported,1,Yes,0,No Apparent Injury (O),0,No Apparent Injury (O),0,No Person Injured in Vehicle,0,No Person Injured in Vehicle,2,No Alcohol Involved,2,No Alcohol Involved,12481,Ford F-Series pickup,37890,37890,0,No,1,"Two-Way, Not Divided",8,Not Reported,45,45 MPH,1,Straight,6,Downhill,2,Wet,0,No Controls,0,No Controls,11,Turning Left,11,Turning Left,65,"From crossing street, turning into same direction",99,Unknown/Not Reported,1,Tracking,1,Stayed in original travel lane,84,K84-Trafficway Vehicle Turning-Turn Into Path-Specifics Other,416,"Changing Trafficway, Vehicle Turning-Turn into Path, Other or Unknown"
202304643316,1,83,83,13,3,"South (MD, DE, DC, WV, VA, KY, TN, NC, SC, GA, FL, AL, MS, LA, AR, OK, TX)",1,Urban Area,4,Stratum 4 - LMY PV Serious Injury,4148,11.212827626,1,1,January,5,5:00am-5:59am,30,30,35,Embankment,0,The First Harmful Event was Not a Collision with a Motor Vehicle In-Transport,1,01,1,Motor Vehicle In-Transport (Inside or Outside the Trafficway),0,No,1C4HJXDN7NW1,1C4HJXDN7NW1,2022,2022,2022,2022,483,Jeep,1943,Wrangler,7,Sport Utility Vehicle (SUV)/Multi-Purpose Vehicle (MPV),2,Jeep / Kaiser-Jeep / Willys- Jeep,403,14,"Compact Utility (Utility Vehicle Categories ""Small"" and ""Midsize"")",0,Not Applicable,11,"Class 1: 6,000 lbs. or less (2,722 kg or less)",11,"Class 1: 6,000 lbs. or less (2,722 kg or less)",0,No Trailers,777777777777,No Trailing Units,777777777777,No Trailing Units,777777777777,No Trailing Units,77,No Trailing Units,77,No Trailing Units,77,No Trailing Units,0,Not an Articulated Vehicle,00000000000,Not Applicable,0,Not Applicable,0,Not Applicable,0,Not Applicable,0,Not Applicable (N/A),1,No,0,Not Applicable,0,Not Applicable,0,Not Applicable,0,Not Applicable,0,Not a Bus,0,No Special Use Noted,0,Not Applicable,998,Not Reported,7,Not Applicable,3,Rollover,5,On Roadside,12,12 Clock Point,12,12 Clock Point,6,Disabling Damage,6,Towed,1,Rollover/Overturn,1,Rollover/Overturn,0,No or Not Reported,1,Yes,3,Suspected Serious Injury (A),3,Suspected Serious Injury (A),1,1,1,1,2,No Alcohol Involved,2,No Alcohol Involved,2403,Jeep / Kaiser-Jeep / Willys- Jeep YJ series/Wrangler,38017,38017,0,No,1,"Two-Way, Not Divided",8,Not Reported,45,45 MPH,1,Straight,5,Uphill,1,Dry,0,No Controls,0,No Controls,1,Going Straight,1,Going Straight,13,Off the edge of the road on the right side,99,Unknown/Not Reported,1,Tracking,4,Departed roadway,1,A1-Single Driver-Right Roadside Departure-Drive Off Road,101,Single Driver-Right Roadside Departure
202304643357,1,83,83,13,3,"South (MD, DE, DC, WV, VA, KY, TN, NC, SC, GA, FL, AL, MS, LA, AR, OK, TX)",1,Urban Area,10,Stratum 10 - Other,4148,223.23894247,2,1,January,8,8:00am-8:59am,15,15,12,Motor Vehicle In-Transport,1,Front-to-Rear,99,Unknown,1,Motor Vehicle In-Transport (Inside or Outside the Trafficway),1,Yes,888888888888,Not Reported,9999,Unknown,2007,2007,467,Chevrolet,1850,Silverado,60,Pickup,20,Chevrolet,481,34,Light Pickup,0,Not Applicable,11,"Class 1: 6,000 lbs. or less (2,722 kg or less)",12,"Class 2: 6,001 - 10,000 lbs. (2,722 - 4,536 kg)",0,No Trailers,777777777777,No Trailing Units,777777777777,No Trailing Units,777777777777,No Trailing Units,77,No Trailing Units,77,No Trailing Units,77,No Trailing Units,0,Not an Articulated Vehicle,00000000000,Not Applicable,0,Not Applicable,0,Not Applicable,0,Not Applicable,0,Not Applicable (N/A),1,No,0,Not Applicable,0,Not Applicable,0,Not Applicable,0,Not Applicable,99,Reported as Unknown,0,No Special Use Noted,0,Not Applicable,998,Not Reported,8,Not Reported,0,No Rollover,0,No Rollover,12,12 Clock Point,12,12 Clock Point,9,Reported as Unknown,5,Not Towed,12,Motor Vehicle In-Transport,12,Motor Vehicle In-Transport,0,No or Not Reported,1,Yes,9,Unknown/Not Reported,0,No Apparent Injury (O),99,All Persons in Vehicle are unknown if Injured,0,No Person Injured in Vehicle,9,Reported as Unknown,2,No Alcohol Involved,20481,"Chevrolet C, K, R, V-series pickup/Silverado",99998,Not Reported,0,No,2,"Two-Way, Divided, Unprotected Median",8,Not Reported,30,30 MPH,1,Straight,1,Level,2,Wet,20,Stop Sign,3,Device Functioning Properly,1,Going Straight,1,Going Straight,50,Other vehicle stopped,99,Unknown/Not Reported,1,Tracking,1,Stayed in original travel lane,20,"D20-Same Trafficway, Same Direction-Rear End-Stopped",202,"Same Trafficway, Same Direction-Rear End, Lead Vehicle"
202304643357,2,83,83,13,3,"South (MD, DE, DC, WV, VA, KY, TN, NC, SC, GA, FL, AL, MS, LA, AR, OK, TX)",1,Urban Area,10,Stratum 10 - Other,4148,223.23894247,2,1,January,8,8:00am-8:59am,15,15,12,Motor Vehicle In-Transport,1,Front-to-Rear,1,01,1,Motor Vehicle In-Transport (Inside or Outside the Trafficway),0,No,WDDGF54XX8R0,WDDGF54XX8R0,2008,2008,2008,2008,449,Mercedes-Benz,2085,C-Class,13,Sedan/Saloon,42,Mercedes-Benz,42,4,"4-door sedan, hardtop",0,Not Applicable,11,"Class 1: 6,000 lbs. or less (2,722 kg or less)",11,"Class 1: 6,000 lbs. or less (2,722 kg or less)",0,No Trailers,777777777777,No Trailing Units,777777777777,No Trailing Units,777777777777,No Trailing Units,77,No Trailing Units,77,No Trailing Units,77,No Trailing Units,0,Not an Articulated Vehicle,00000000000,Not Applicable,0,Not Applicable,0,Not Applicable,0,Not Applicable,0,Not Applicable (N/A),1,No,0,Not Applicable,0,Not Applicable,0,Not Applicable,0,Not Applicable,0,Not a Bus,0,No Special Use Noted,0,Not Applicable,0,Stopped Motor Vehicle In- Transport,8,Not Reported,0,No Rollover,0,No Rollover,6,6 Clock Point,6,6 Clock Point,2,Minor Damage,5,Not Towed,12,Motor Vehicle In-Transport,12,Motor Vehicle In-Transport,0,No or Not Reported,1,Yes,0,No Apparent Injury (O),0,No Apparent Injury (O),0,No Person Injured in Vehicle,0,No Person Injured in Vehicle,2,No Alcohol Involved,2,No Alcohol Involved,42042,Mercedes-Benz C Class (94 on),36613,36613,0,No,2,"Two-Way, Divided, Unprotected Median",8,Not Reported,30,30 MPH,1,Straight,1,Level,2,Wet,20,Stop Sign,3,Device Functioning Properly,5,Stopped in Roadway,5,Stopped in Roadway,53,Traveling in same direction with higher speed,1,No Avoidance Maneuver,1,Tracking,1,Stayed in original travel lane,21,"D21-Same Trafficway, Same Direction-Rear End-Stopped, Straight",201,"Same Trafficway, Same Direction-Rear End, Trailing Vehicle"
202304643359,1,83,83,13,3,"South (MD, DE, DC, WV, VA, KY, TN, NC, SC, GA, FL, AL, MS, LA, AR, OK, TX)",1,Urban Area,9,Stratum 9 - LMY PV No Injuries in Crash,4148,141.94136347,2,1,January,15,3:00pm-3:59pm,45,45,12,Motor Vehicle In-Transport,1,Front-to-Rear,1,01,1,Motor Vehicle In-Transport (Inside or Outside the Trafficway),0,No,KL8CB6SA6KC8,KL8CB6SA6KC8,2019,2019,2019,2019,467,Chevrolet,1836,Spark,5,Hatchback/Liftback/Notchback,20,Chevrolet,29,5,5-door/4-door hatchback,0,Not Applicable,11,"Class 1: 6,000 lbs. or less (2,722 kg or less)",11,"Class 1: 6,000 lbs. or less (2,722 kg or less)",0,No Trailers,777777777777,No Trailing Units,777777777777,No Trailing Units,777777777777,No Trailing Units,77,No Trailing Units,77,No Trailing Units,77,No Trailing Units,0,Not an Articulated Vehicle,00000000000,Not Applicable,0,Not Applicable,0,Not Applicable,0,Not Applicable,0,Not Applicable (N/A),1,No,0,Not Applicable,0,Not Applicable,0,Not Applicable,0,Not Applicable,0,Not a Bus,0,No Special Use Noted,0,Not Applicable,998,Not Reported,8,Not Reported,0,No Rollover,0,No Rollover,12,12 Clock Point,12,12 Clock Point,4,Functional Damage,5,Not Towed,12,Motor Vehicle In-Transport,12,Motor Vehicle In-Transport,0,No or Not Reported,1,Yes,0,No Apparent Injury (O),0,No Apparent Injury (O),0,No Person Injured in Vehicle,0,No Person Injured in Vehicle,2,No Alcohol Involved,2,No Alcohol Involved,20029,Chevrolet Spark,38017,38017,0,No,2,"Two-Way, Divided, Unprotected Median",8,Not Reported,35,35 MPH,1,Straight,1,Level,1,Dry,20,Stop Sign,3,Device Functioning Properly,1,Going Straight,1,Going Straight,50,Other vehicle stopped,99,Unknown/Not Reported,1,Tracking,3,"Stayed on roadway, not known if left original travel lane",20,"D20-Same Trafficway, Same Direction-Rear End-Stopped",202,"Same Trafficway, Same Direction-Rear End, Lead Vehicle"
202304643359,2,83,83,13,3,"South (MD, DE, DC, WV, VA, KY, TN, NC, SC, GA, FL, AL, MS, LA, AR, OK, TX)",1,Urban Area,9,Stratum 9 - LMY PV No Injuries in Crash,4148,141.94136347,2,1,January,15,3:00pm-3:59pm,45,45,12,Motor Vehicle In-Transport,1,Front-to-Rear,1,01,1,Motor Vehicle In-Transport (Inside or Outside the Trafficway),0,No,LRBFZNR49MD1,LRBFZNR49MD1,2021,2021,2021,2021,468,Buick,11438,Envision,7,Sport Utility Vehicle (SUV)/Multi-Purpose Vehicle (MPV),18,Buick / Opel,405,14,"Compact Utility (Utility Vehicle Categories ""Small"" and ""Midsize"")",0,Not Applicable,11,"Class 1: 6,000 lbs. or less (2,722 kg or less)",11,"Class 1: 6,000 lbs. or less (2,722 kg or less)",0,No Trailers,777777777777,No Trailing Units,777777777777,No Trailing Units,777777777777,No Trailing Units,77,No Trailing Units,77,No Trailing Units,77,No Trailing Units,0,Not an Articulated Vehicle,00000000000,Not Applicable,0,Not Applicable,0,Not Applicable,0,Not Applicable,0,Not Applicable (N/A),1,No,0,Not Applicable,0,Not Applicable,0,Not Applicable,0,Not Applicable,0,Not a Bus,0,No Special Use Noted,0,Not Applicable,0,Stopped Motor Vehicle In- Transport,8,Not Reported,0,No Rollover,0,No Rollover,6,6 Clock Point,6,6 Clock Point,4,Functional Damage,5,Not Towed,12,Motor Vehicle In-Transport,12,Motor Vehicle In-Transport,0,No or Not Reported,1,Yes,0,No Apparent Injury (O),0,No Apparent Injury (O),0,No Person Injured in Vehicle,0,No Person Injured in Vehicle,2,No Alcohol Involved,2,No Alcohol Involved,18405,Buick / Opel Envision,38060,38060,0,No,2,"Two-Way, Divided, Unprotected Median",8,Not Reported,35,35 MPH,1,Straight,1,Level,1,Dry,20,Stop Sign,3,Device Functioning Properly,5,Stopped in Roadway,5,Stopped in Roadway,53,Traveling in same direction with higher speed,1,No Avoidance Maneuver,1,Tracking,1,Stayed in original travel lane,22,"D22-Same Trafficway, Same Direction-Rear End-Stopped, Left",201,"Same Trafficway, Same Direction-Rear End, Trailing Vehicle"
202304643378,1,83,83,13,3,"South (MD, DE, DC, WV, VA, KY, TN, NC, SC, GA, FL, AL, MS, LA, AR, OK, TX)",1,Urban Area,8,Stratum 8 - NLMY PV Minor Injury,4148,134.77451173,3,1,January,18,6:00pm-6:59pm,30,30,12,Motor Vehicle In-Transport,1,Front-to-Rear,2,02,1,Motor Vehicle In-Transport (Inside or Outside the Trafficway),0,No,5N1AT2MT7GC8,5N1AT2MT7GC8,2016,2016,2016,2016,478,Nissan,1913,Rogue,8,Crossover Utility Vehicle (CUV),35,Nissan/Datsun,51,6,Station Wagon (excluding van and truck based),0,Not Applicable,11,"Class 1: 6,000 lbs. or less (2,722 kg or less)",11,"Class 1: 6,000 lbs. or less (2,722 kg or less)",0,No Trailers,777777777777,No Trailing Units,777777777777,No Trailing Units,777777777777,No Trailing Units,77,No Trailing Units,77,No Trailing Units,77,No Trailing Units,0,Not an Articulated Vehicle,00000000000,Not Applicable,0,Not Applicable,0,Not Applicable,0,Not Applicable,0,Not Applicable (N/A),1,No,0,Not Applicable,0,Not Applicable,0,Not Applicable,0,Not Applicable,0,Not a Bus,0,No Special Use Noted,0,Not Applicable,998,Not Reported,8,Not Reported,0,No Rollover,0,No Rollover,12,12 Clock Point,12,12 Clock Point,6,Disabling Damage,6,Towed,12,Motor Vehicle In-Transport,12,Motor Vehicle In-Transport,0,No or Not Reported,1,Yes,0,No Apparent Injury (O),0,No Apparent Injury (O),0,No Person Injured in Vehicle,0,No Person Injured in Vehicle,9,Reported as Unknown,2,No Alcohol Involved,35051,"Nissan/Datsun Rogue (For 2008-2018 only.  For model years 2019 on, see 35-404.)",38118,38118,0,No,2,"Two-Way, Divided, Unprotected Median",8,Not Reported,40,40 MPH,9,Reported as Unknown,1,Level,2,Wet,0,No Controls,0,No Controls,1,Going Straight,1,Going Straight,50,Other vehicle stopped,16,Braking,2,Skidding longitudinally  rotation less than 30 degrees,3,"Stayed on roadway, not known if left original travel lane",20,"D20-Same Trafficway, Same Direction-Rear End-Stopped",202,"Same Trafficway, Same Direction-Rear End, Lead Vehicle"
202304643378,2,83,83,13,3,"South (MD, DE, DC, WV, VA, KY, TN, NC, SC, GA, FL, AL, MS, LA, AR, OK, TX)",1,Urban Area,8,Stratum 8 - NLMY PV Minor Injury,4148,134.77451173,3,1,January,18,6:00pm-6:59pm,30,30,12,Motor Vehicle In-Transport,1,Front-to-Rear,1,01,1,Motor Vehicle In-Transport (Inside or Outside the Trafficway),0,No,3FAHP0HA7CR3,3FAHP0HA7CR3,2012,2012,2012,2012,460,Ford,1780,Fusion,13,Sedan/Saloon,12,Ford,23,4,"4-door sedan, hardtop",0,Not Applicable,11,"Class 1: 6,000 lbs. or less (2,722 kg or less)",11,"Class 1: 6,000 lbs. or less (2,722 kg or less)",0,No Trailers,777777777777,No Trailing Units,777777777777,No Trailing Units,777777777777,No Trailing Units,77,No Trailing Units,77,No Trailing Units,77,No Trailing Units,0,Not an Articulated Vehicle,00000000000,Not Applicable,0,Not Applicable,0,Not Applicable,0,Not Applicable,0,Not Applicable (N/A),1,No,0,Not Applicable,0,Not Applicable,0,Not Applicable,0,Not Applicable,0,Not a Bus,0,No Special Use Noted,0,Not Applicable,0,Stopped Motor Vehicle In- Transport,8,Not Reported,0,No Rollover,0,No Rollover,6,6 Clock Point,6,6 Clock Point,6,Disabling Damage,6,Towed,12,Motor Vehicle In-Transport,12,Motor Vehicle In-Transport,0,No or Not Reported,1,Yes,1,Possible Injury (C),1,Possible Injury (C),1,1,1,1,9,Reported as Unknown,2,No Alcohol Involved,12023,Ford Fusion,38111,38111,0,No,2,"Two-Way, Divided, Unprotected Median",8,Not Reported,40,40 MPH,9,Reported as Unknown,1,Level,2,Wet,0,No Controls,0,No Controls,5,Stopped in Roadway,5,Stopped in Roadway,53,Traveling in same direction with higher speed,1,No Avoidance Maneuver,1,Tracking,1,Stayed in original travel lane,21,"D21-Same Trafficway, Same Direction-Rear End-Stopped, Straight",201,"Same Trafficway, Same Direction-Rear End, Trailing Vehicle"
202304643378,3,83,83,13,3,"South (MD, DE, DC, WV, VA, KY, TN, NC, SC, GA, FL, AL, MS, LA, AR, OK, TX)",1,Urban Area,8,Stratum 8 - NLMY PV Minor Injury,4148,134.77451173,3,1,January,18,6:00pm-6:59pm,30,30,12,Motor Vehicle In-Transport,1,Front-to-Rear,1,01,1,Motor Vehicle In-Transport (Inside or Outside the Trafficway),0,No,5FNRL5H61CB0,5FNRL5H61CB0,2012,2012,2012,2012,474,Honda,1869,Odyssey,2,Minivan,37,Honda,441,20,"Minivan (Chrysler Town and Country, Caravan, Grand Caravan, Voyager, Voyager, Honda-Odyssey, ...)",0,Not Applicable,12,"Class 2: 6,001 - 10,000 lbs. (2,722 - 4,536 kg)",12,"Class 2: 6,001 - 10,000 lbs. (2,722 - 4,536 kg)",0,No Trailers,777777777777,No Trailing Units,777777777777,No Trailing Units,777777777777,No Trailing Units,77,No Trailing Units,77,No Trailing Units,77,No Trailing Units,0,Not an Articulated Vehicle,00000000000,Not Applicable,0,Not Applicable,0,Not Applicable,0,Not Applicable,0,Not Applicable (N/A),1,No,0,Not Applicable,0,Not Applicable,0,Not Applicable,0,Not Applicable,0,Not a Bus,0,No Special Use Noted,0,Not Applicable,0,Stopped Motor Vehicle In- Transport,8,Not Reported,0,No Rollover,0,No Rollover,6,6 Clock Point,6,6 Clock Point,2,Minor Damage,5,Not Towed,12,Motor Vehicle In-Transport,12,Motor Vehicle In-Transport,0,No or Not Reported,1,Yes,0,No Apparent Injury (O),0,No Apparent Injury (O),0,No Person Injured in Vehicle,0,No Person Injured in Vehicle,9,Reported as Unknown,2,No Alcohol Involved,37441,Honda Odyssey,38117,38117,0,No,2,"Two-Way, Divided, Unprotected Median",8,Not Reported,40,40 MPH,9,Reported as Unknown,1,Level,2,Wet,0,No Controls,0,No Controls,5,Stopped in Roadway,5,Stopped in Roadway,53,Traveling in same direction with higher speed,1,No Avoidance Maneuver,1,Tracking,1,Stayed in original travel lane,98,M98-Other Crash Type,998,Other Crash Type
202304643455,1,25,25,8,2,"Midwest (OH, IN, IL, MI, WI, MN, ND, SD, NE, IA, MO, KS)",1,Urban Area,10,Stratum 10 - Other,4150,218.84769319,2,1,January,10,10:00am-10:59am,35,35,12,Motor Vehicle In-Transport,1,Front-to-Rear,1,01,1,Motor Vehicle In-Transport (Inside or Outside the Trafficway),0,No,5XYPHDA58GG0,5XYPHDA58GG0,2016,2016,2016,2016,499,Kia,2769,Sorento,7,Sport Utility Vehicle (SUV)/Multi-Purpose Vehicle (MPV),63,KIA,402,14,"Compact Utility (Utility Vehicle Categories ""Small"" and ""Midsize"")",0,Not Applicable,11,"Class 1: 6,000 lbs. or less (2,722 kg or less)",11,"Class 1: 6,000 lbs. or less (2,722 kg or less)",0,No Trailers,777777777777,No Trailing Units,777777777777,No Trailing Units,777777777777,No Trailing Units,77,No Trailing Units,77,No Trailing Units,77,No Trailing Units,0,Not an Articulated Vehicle,00000000000,Not Applicable,0,Not Applicable,0,Not Applicable,0,Not Applicable,0,Not Applicable (N/A),1,No,0,Not Applicable,0,Not Applicable,0,Not Applicable,0,Not Applicable,0,Not a Bus,0,No Special Use Noted,0,Not Applicable,0,Stopped Motor Vehicle In- Transport,8,Not Reported,0,No Rollover,0,No Rollover,6,6 Clock Point,6,6 Clock Point,2,Minor Damage,8,Not Reported,12,Motor Vehicle In-Transport,12,Motor Vehicle In-Transport,0,No or Not Reported,1,Yes,0,No Apparent Injury (O),0,No Apparent Injury (O),0,No Person Injured in Vehicle,0,No Person Injured in Vehicle,9,Reported as Unknown,2,No Alcohol Involved,63402,KIA Sorento,44718,44718,0,No,1,"Two-Way, Not Divided",5,Five lanes,40,40 MPH,1,Straight,1,Level,2,Wet,3,Traffic control signal(on colors) not known whether or not Pedestrian Signal,3,Device Functioning Properly,5,Stopped in Roadway,5,Stopped in Roadway,53,Traveling in same direction with higher speed,1,No Avoidance Maneuver,1,Tracking,1,Stayed in original travel lane,21,"D21-Same Trafficway, Same Direction-Rear End-Stopped, Straight",201,"Same Trafficway, Same Direction-Rear End, Trailing Vehicle"
202304643455,2,25,25,8,2,"Midwest (OH, IN, IL, MI, WI, MN, ND, SD, NE, IA, MO, KS)",1,Urban Area,10,Stratum 10 - Other,4150,218.84769319,2,1,January,10,10:00am-10:59am,35,35,12,Motor Vehicle In-Transport,1,Front-to-Rear,99,Unknown,1,Motor Vehicle In-Transport (Inside or Outside the Trafficway),1,Yes,1B3EL46X52N3,1B3EL46X52N3,2002,2002,2002,2002,476,Dodge,5879,Stratus,13,Sedan/Saloon,7,Dodge,43,4,"4-door sedan, hardtop",0,Not Applicable,11,"Class 1: 6,000 lbs. or less (2,722 kg or less)",11,"Class 1: 6,000 lbs. or less (2,722 kg or less)",0,No Trailers,777777777777,No Trailing Units,777777777777,No Trailing Units,777777777777,No Trailing Units,77,No Trailing Units,77,No Trailing Units,77,No Trailing Units,0,Not an Articulated Vehicle,00000000000,Not Applicable,0,Not Applicable,0,Not Applicable,0,Not Applicable,0,Not Applicable (N/A),1,No,0,Not Applicable,0,Not Applicable,0,Not Applicable,0,Not Applicable,0,Not a Bus,0,No Special Use Noted,0,Not Applicable,1,001 MPH,8,Not Reported,0,No Rollover,0,No Rollover,12,12 Clock Point,12,12 Clock Point,6,Disabling Damage,5,Not Towed,12,Motor Vehicle In-Transport,12,Motor Vehicle In-Transport,0,No or Not Reported,1,Yes,0,No Apparent Injury (O),0,No Apparent Injury (O),0,No Person Injured in Vehicle,0,No Person Injured in Vehicle,9,Reported as Unknown,2,No Alcohol Involved,7043,Dodge Stratus,44705,44705,0,No,1,"Two-Way, Not Divided",5,Five lanes,40,40 MPH,1,Straight,1,Level,2,Wet,3,Traffic control signal(on colors) not known whether or not Pedestrian Signal,3,Device Functioning Properly,4,Starting in Road,4,Starting in Road,50,Other vehicle stopped,99,Unknown/Not Reported,1,Tracking,1,Stayed in original travel lane,20,"D20-Same Trafficway, Same Direction-Rear End-Stopped",202,"Same Trafficway, Same Direction-Rear End, Lead Vehicle"
202304643459,1,25,25,8,2,"Midwest (OH, IN, IL, MI, WI, MN, ND, SD, NE, IA, MO, KS)",1,Urban Area,4,Stratum 4 - LMY PV Serious Injury,4150,12.921193489,1,1,January,13,1:00pm-1:59pm,39,39,34,Ditch,0,The First Harmful Event was Not a Collision with a Motor Vehicle In-Transport,2,02,1,Motor Vehicle In-Transport (Inside or Outside the Trafficway),0,No,KL4MMCSL6PB0,KL4MMCSL6PB0,2023,2023,2023,2023,468,Buick,26604,Encore GX,7,Sport Utility Vehicle (SUV)/Multi-Purpose Vehicle (MPV),18,Buick / Opel,404,14,"Compact Utility (Utility Vehicle Categories ""Small"" and ""Midsize"")",0,Not Applicable,11,"Class 1: 6,000 lbs. or less (2,722 kg or less)",11,"Class 1: 6,000 lbs. or less (2,722 kg or less)",0,No Trailers,777777777777,No Trailing Units,777777777777,No Trailing Units,777777777777,No Trailing Units,77,No Trailing Units,77,No Trailing Units,77,No Trailing Units,0,Not an Articulated Vehicle,00000000000,Not Applicable,0,Not Applicable,0,Not Applicable,0,Not Applicable,0,Not Applicable (N/A),1,No,0,Not Applicable,0,Not Applicable,0,Not Applicable,0,Not Applicable,0,Not a Bus,0,No Special Use Noted,0,Not Applicable,998,Not Reported,7,Not Applicable,0,No Rollover,0,No Rollover,1,1 Clock Point,1,1 Clock Point,6,Disabling Damage,6,Towed,34,Ditch,34,Ditch,0,No or Not Reported,1,Yes,3,Suspected Serious Injury (A),3,Suspected Serious Injury (A),2,2,2,2,9,Reported as Unknown,2,No Alcohol Involved,18404,Buick / Opel Encore,44706,44706,0,No,1,"Two-Way, Not Divided",2,Two lanes,25,25 MPH,1,Straight,1,Level,2,Wet,0,No Controls,0,No Controls,1,Going Straight,1,Going Straight,62,From opposite direction  over left lane line,7,Steering right,1,Tracking,4,Departed roadway,3,"A3-Single Driver-Right Roadside Departure-Avoid Collision With Veh., Ped., Anim.",101,Single Driver-Right Roadside Departure
202304643460,1,25,25,8,2,"Midwest (OH, IN, IL, MI, WI, MN, ND, SD, NE, IA, MO, KS)",1,Urban Area,9,Stratum 9 - LMY PV No Injuries in Crash,4150,138.4046856,2,1,January,16,4:00pm-4:59pm,25,25,12,Motor Vehicle In-Transport,1,Front-to-Rear,2,02,1,Motor Vehicle In-Transport (Inside or Outside the Trafficway),0,No,2C4RC3GG4NR1,2C4RC3GG4NR1,2022,2022,2022,2022,477,Chrysler,3628,Pacifica,2,Minivan,6,Chrysler,443,20,"Minivan (Chrysler Town and Country, Caravan, Grand Caravan, Voyager, Voyager, Honda-Odyssey, ...)",0,Not Applicable,12,"Class 2: 6,001 - 10,000 lbs. (2,722 - 4,536 kg)",12,"Class 2: 6,001 - 10,000 lbs. (2,722 - 4,536 kg)",0,No Trailers,777777777777,No Trailing Units,777777777777,No Trailing Units,777777777777,No Trailing Units,77,No Trailing Units,77,No Trailing Units,77,No Trailing Units,0,Not an Articulated Vehicle,00000000000,Not Applicable,0,Not Applicable,0,Not Applicable,0,Not Applicable,0,Not Applicable (N/A),1,No,0,Not Applicable,0,Not Applicable,0,Not Applicable,0,Not Applicable,0,Not a Bus,0,No Special Use Noted,0,Not Applicable,0,Stopped Motor Vehicle In- Transport,8,Not Reported,0,No Rollover,0,No Rollover,6,6 Clock Point,6,6 Clock Point,2,Minor Damage,8,Not Reported,12,Motor Vehicle In-Transport,12,Motor Vehicle In-Transport,0,No or Not Reported,1,Yes,0,No Apparent Injury (O),0,No Apparent Injury (O),0,No Person Injured in Vehicle,0,No Person Injured in Vehicle,9,Reported as Unknown,2,No Alcohol Involved,6443,Chrysler Pacifica (Light Trucks),44720,44720,0,No,1,"Two-Way, Not Divided",3,Three lanes,55,55 MPH,1,Straight,1,Level,1,Dry,3,Traffic control signal(on colors) not known whether or not Pedestrian Signal,3,Device Functioning Properly,5,Stopped in Roadway,5,Stopped in Roadway,53,Traveling in same direction with higher speed,1,No Avoidance Maneuver,1,Tracking,1,Stayed in original travel lane,21,"D21-Same Trafficway, Same Direction-Rear End-Stopped, Straight",201,"Same Trafficway, Same Direction-Rear End, Trailing Vehicle"
202304643460,2,25,25,8,2,"Midwest (OH, IN, IL, MI, WI, MN, ND, SD, NE, IA, MO, KS)",1,Urban Area,9,Stratum 9 - LMY PV No Injuries in Crash,4150,138.4046856,2,1,January,16,4:00pm-4:59pm,25,25,12,Motor Vehicle In-Transport,1,Front-to-Rear,1,01,1,Motor Vehicle In-Transport (Inside or Outside the Trafficway),0,No,JM3KFBCMXP01,JM3KFBCMXP01,2023,2023,2023,2023,473,Mazda,2369,CX-5,7,Sport Utility Vehicle (SUV)/Multi-Purpose Vehicle (MPV),41,Mazda,403,14,"Compact Utility (Utility Vehicle Categories ""Small"" and ""Midsize"")",0,Not Applicable,11,"Class 1: 6,000 lbs. or less (2,722 kg or less)",11,"Class 1: 6,000 lbs. or less (2,722 kg or less)",0,No Trailers,777777777777,No Trailing Units,777777777777,No Trailing Units,777777777777,No Trailing Units,77,No Trailing Units,77,No Trailing Units,77,No Trailing Units,0,Not an Articulated Vehicle,00000000000,Not Applicable,0,Not Applicable,0,Not Applicable,0,Not Applicable,0,Not Applicable (N/A),1,No,0,Not Applicable,0,Not Applicable,0,Not Applicable,0,Not Applicable,0,Not a Bus,0,No Special Use Noted,0,Not Applicable,5,005 MPH,8,Not Reported,0,No Rollover,0,No Rollover,12,12 Clock Point,12,12 Clock Point,2,Minor Damage,8,Not Reported,12,Motor Vehicle In-Transport,12,Motor Vehicle In-Transport,0,No or Not Reported,1,Yes,0,No Apparent Injury (O),0,No Apparent Injury (O),0,No Person Injured in Vehicle,0,No Person Injured in Vehicle,9,Reported as Unknown,2,No Alcohol Involved,41403,Mazda CX5,44720,44720,0,No,1,"Two-Way, Not Divided",3,Three lanes,55,55 MPH,1,Straight,1,Level,1,Dry,3,Traffic control signal(on colors) not known whether or not Pedestrian Signal,3,Device Functioning Properly,1,Going Straight,1,Going Straight,50,Other vehicle stopped,99,Unknown/Not Reported,1,Tracking,1,Stayed in original travel lane,20,"D20-Same Trafficway, Same Direction-Rear End-Stopped",202,"Same Trafficway, Same Direction-Rear End, Lead Vehicle"
202304643486,1,67,67,8,2,"Midwest (OH, IN, IL, MI, WI, MN, ND, SD, NE, IA, MO, KS)",1,Urban Area,10,Stratum 10 - Other,4152,216.86508996,2,1,January,8,8:00am-8:59am,51,51,12,Motor Vehicle In-Transport,6,Angle,1,01,1,Motor Vehicle In-Transport (Inside or Outside the Trafficway),0,No,1C4GP45R85B3,1C4GP45R85B3,2005,2005,2005,2005,477,Chrysler,1936,Town and Country,2,Minivan,6,Chrysler,441,20,"Minivan (Chrysler Town and Country, Caravan, Grand Caravan, Voyager, Voyager, Honda-Odyssey, ...)",0,Not Applicable,11,"Class 1: 6,000 lbs. or less (2,722 kg or less)",11,"Class 1: 6,000 lbs. or less (2,722 kg or less)",0,No Trailers,777777777777,No Trailing Units,777777777777,No Trailing Units,777777777777,No Trailing Units,77,No Trailing Units,77,No Trailing Units,77,No Trailing Units,0,Not an Articulated Vehicle,00000000000,Not Applicable,0,Not Applicable,0,Not Applicable,0,Not Applicable,0,Not Applicable (N/A),1,No,0,Not Applicable,0,Not Applicable,0,Not Applicable,0,Not Applicable,0,Not a Bus,0,No Special Use Noted,0,Not Applicable,5,005 MPH,0,No Underride or Override,0,No Rollover,0,No Rollover,12,12 Clock Point,12,12 Clock Point,6,Disabling Damage,8,Not Reported,12,Motor Vehicle In-Transport,12,Motor Vehicle In-Transport,0,No or Not Reported,1,Yes,0,No Apparent Injury (O),0,No Apparent Injury (O),0,No Person Injured in Vehicle,0,No Person Injured in Vehicle,9,Reported as Unknown,2,No Alcohol Involved,6441,Chrysler Town and Country,43123,43123,0,No,1,"Two-Way, Not Divided",2,Two lanes,35,35 MPH,1,Straight,8,Not Reported,2,Wet,97,Not Reported,8,Not Reported,1,Going Straight,1,Going Straight,17,Crossing Over (Passing Through) Junction,99,Unknown/Not Reported,1,Tracking,1,Stayed in original travel lane,86,L86-Intersecting Paths-Straight Paths-Striking from the Right,501,"Intersecting Paths-Straight Paths, Striking from the Right"
202304643486,2,67,67,8,2,"Midwest (OH, IN, IL, MI, WI, MN, ND, SD, NE, IA, MO, KS)",1,Urban Area,10,Stratum 10 - Other,4152,216.86508996,2,1,January,8,8:00am-8:59am,51,51,12,Motor Vehicle In-Transport,6,Angle,1,01,1,Motor Vehicle In-Transport (Inside or Outside the Trafficway),0,No,1G6DG5770901,1G6DG5770901,2009,2009,2009,2009,469,Cadillac,1825,CTS,13,Sedan/Saloon,19,Cadillac,18,4,"4-door sedan, hardtop",0,Not Applicable,11,"Class 1: 6,000 lbs. or less (2,722 kg or less)",11,"Class 1: 6,000 lbs. or less (2,722 kg or less)",0,No Trailers,777777777777,No Trailing Units,777777777777,No Trailing Units,777777777777,No Trailing Units,77,No Trailing Units,77,No Trailing Units,77,No Trailing Units,0,Not an Articulated Vehicle,00000000000,Not Applicable,0,Not Applicable,0,Not Applicable,0,Not Applicable,0,Not Applicable (N/A),1,No,0,Not Applicable,0,Not Applicable,0,Not Applicable,0,Not Applicable,0,Not a Bus,0,No Special Use Noted,0,Not Applicable,35,035 MPH,0,No Underride or Override,0,No Rollover,0,No Rollover,4,4 Clock Point,4,4 Clock Point,4,Functional Damage,8,Not Reported,12,Motor Vehicle In-Transport,12,Motor Vehicle In-Transport,0,No or Not Reported,1,Yes,0,No Apparent Injury (O),0,No Apparent Injury (O),0,No Person Injured in Vehicle,0,No Person Injured in Vehicle,9,Reported as Unknown,2,No Alcohol Involved,19018,Cadillac CTS/CTC,43123,43123,0,No,5,"Two-Way, Not Divided With a Continuous Left-Turn Lane",5,Five lanes,35,35 MPH,1,Straight,2,"Grade, Unknown Slope",2,Wet,0,No Controls,0,No Controls,1,Going Straight,1,Going Straight,68,"From crossing street, intended path not known",99,Unknown/Not Reported,1,Tracking,1,Stayed in original travel lane,87,L87-Intersecting Paths-Straight Paths-Struck on the Right,502,"Intersecting Paths-Straight Paths, Struck on the Right"
202304643494,1,67,67,8,2,"Midwest (OH, IN, IL, MI, WI, MN, ND, SD, NE, IA, MO, KS)",1,Urban Area,3,Stratum 3 - Motorcycle Any Injury,4152,41.25480266,2,1,January,17,5:00pm-5:59pm,18,18,12,Motor Vehicle In-Transport,6,Angle,1,01,1,Motor Vehicle In-Transport (Inside or Outside the Trafficway),0,No,JTLKT334X502,JTLKT334X502,2005,2005,2005,2005,448,Toyota,2210,SCION xB,7,Sport Utility Vehicle (SUV)/Multi-Purpose Vehicle (MPV),49,Toyota,49,6,Station Wagon (excluding van and truck based),0,Not Applicable,11,"Class 1: 6,000 lbs. or less (2,722 kg or less)",11,"Class 1: 6,000 lbs. or less (2,722 kg or less)",0,No Trailers,777777777777,No Trailing Units,777777777777,No Trailing Units,777777777777,No Trailing Units,77,No Trailing Units,77,No Trailing Units,77,No Trailing Units,0,Not an Articulated Vehicle,00000000000,Not Applicable,0,Not Applicable,0,Not Applicable,0,Not Applicable,0,Not Applicable (N/A),1,No,0,Not Applicable,0,Not Applicable,0,Not Applicable,0,Not Applicable,0,Not a Bus,0,No Special Use Noted,0,Not Applicable,10,010 MPH,7,Not Applicable,0,No Rollover,0,No Rollover,3,3 Clock Point,3,3 Clock Point,6,Disabling Damage,6,Towed,12,Motor Vehicle In-Transport,12,Motor Vehicle In-Transport,0,No or Not Reported,1,Yes,1,Possible Injury (C),1,Possible Injury (C),1,1,1,1,9,Reported as Unknown,2,No Alcohol Involved,49049,Toyota Scion xB (2004-2011 only.  See Scion for 2012 on.),43119,43119,0,No,1,"Two-Way, Not Divided",5,Five lanes,45,45 MPH,1,Straight,1,Level,1,Dry,3,Traffic control signal(on colors) not known whether or not Pedestrian Signal,3,Device Functioning Properly,11,Turning Left,11,Turning Left,15,Turning Left,99,Unknown/Not Reported,1,Tracking,1,Stayed in original travel lane,68,J68-Trafficway Vehicle Turning-Turn Across Path-Initial Opposite Directions (Left/Right),401,"Changing Trafficway, Vehicle Turning-Turn Across Path, Initial Opposite Directions [Left/Right]"
202304643494,2,67,67,8,2,"Midwest (OH, IN, IL, MI, WI, MN, ND, SD, NE, IA, MO, KS)",1,Urban Area,3,Stratum 3 - Motorcycle Any Injury,4152,41.25480266,2,1,January,17,5:00pm-5:59pm,18,18,12,Motor Vehicle In-Transport,6,Angle,1,01,1,Motor Vehicle In-Transport (Inside or Outside the Trafficway),0,No,1HD1CZ317BC4,1HD1CZ317BC4,2011,2011,2011,2011,3888,Harley Davidson,11330,Nightster,94,Motorcycle - Custom,72,Harley-Davidson,706,80,Two Wheel Motorcycle (excluding motor scooters),0,Not Applicable,11,"Class 1: 6,000 lbs. or less (2,722 kg or less)",11,"Class 1: 6,000 lbs. or less (2,722 kg or less)",0,No Trailers,777777777777,No Trailing Units,777777777777,No Trailing Units,777777777777,No Trailing Units,77,No Trailing Units,77,No Trailing Units,77,No Trailing Units,0,Not an Articulated Vehicle,00000000000,Not Applicable,0,Not Applicable,0,Not Applicable,0,Not Applicable,0,Not Applicable (N/A),1,No,0,Not Applicable,0,Not Applicable,0,Not Applicable,0,Not Applicable,0,Not a Bus,0,No Special Use Noted,0,Not Applicable,45,045 MPH,7,Not Applicable,8,Not Applicable,8,Not Applicable,12,12 Clock Point,12,12 Clock Point,6,Disabling Damage,8,Not Reported,12,Motor Vehicle In-Transport,12,Motor Vehicle In-Transport,0,No or Not Reported,1,Yes,4,Fatal Injury (K),4,Fatal Injury (K),1,1,1,1,9,Reported as Unknown,2,No Alcohol Involved,72706,Harley-Davidson 750cc or greater,43227,43227,0,No,1,"Two-Way, Not Divided",5,Five lanes,45,45 MPH,1,Straight,1,Level,1,Dry,3,Traffic control signal(on colors) not known whether or not Pedestrian Signal,3,Device Functioning Properly,1,Going Straight,1,Going Straight,62,From opposite direction  over left lane line,99,Unknown/Not Reported,1,Tracking,1,Stayed in original travel lane,69,J69-Trafficway Vehicle Turning-Turn Across Path-Initial Opposite Directions (Going Straight),402,"Changing Trafficway, Vehicle Turning-Turn Across Path, Initial Opposite Directions [Going Straight]"
202304643509,1,47,47,9,2,"Midwest (OH, IN, IL, MI, WI, MN, ND, SD, NE, IA, MO, KS)",2,Rural Area,6,Stratum 6 - LMY PV Minor Injury,4153,52.991202556,1,1,January,10,10:00am-10:59am,7,7,34,Ditch,0,The First Harmful Event was Not a Collision with a Motor Vehicle In-Transport,2,02,1,Motor Vehicle In-Transport (Inside or Outside the Trafficway),0,No,1C6SRFJT4LN2,1C6SRFJT4LN2,2020,2020,2020,2020,496,Ram,13620,1500,60,Pickup,7,Dodge,482,34,Light Pickup,0,Not Applicable,12,"Class 2: 6,001 - 10,000 lbs. (2,722 - 4,536 kg)",12,"Class 2: 6,001 - 10,000 lbs. (2,722 - 4,536 kg)",0,No Trailers,777777777777,No Trailing Units,777777777777,No Trailing Units,777777777777,No Trailing Units,77,No Trailing Units,77,No Trailing Units,77,No Trailing Units,0,Not an Articulated Vehicle,00000000000,Not Applicable,0,Not Applicable,0,Not Applicable,0,Not Applicable,0,Not Applicable (N/A),1,No,0,Not Applicable,0,Not Applicable,0,Not Applicable,0,Not Applicable,0,Not a Bus,0,No Special Use Noted,0,Not Applicable,55,055 MPH,7,Not Applicable,0,No Rollover,0,No Rollover,12,12 Clock Point,12,12 Clock Point,4,Functional Damage,8,Not Reported,42,Tree (Standing Only),42,Tree (Standing Only),0,No or Not Reported,1,Yes,1,Possible Injury (C),1,Possible Injury (C),1,1,1,1,9,Reported as Unknown,2,No Alcohol Involved,7482,Dodge Ram Pickup,44827,44827,0,No,1,"Two-Way, Not Divided",2,Two lanes,55,55 MPH,1,Straight,2,"Grade, Unknown Slope",2,Wet,20,Stop Sign,3,Device Functioning Properly,1,Going Straight,1,Going Straight,14,End departure,99,Unknown/Not Reported,1,Tracking,4,Departed roadway,14,C14-Single Driver-Forward Impact-End Departure,103,Single Driver-Struck Object While Moving Forward
202304643510,1,47,47,9,2,"Midwest (OH, IN, IL, MI, WI, MN, ND, SD, NE, IA, MO, KS)",2,Rural Area,8,Stratum 8 - NLMY PV Minor Injury,4153,132.26082933,2,1,January,10,10:00am-10:59am,28,28,12,Motor Vehicle In-Transport,6,Angle,1,01,1,Motor Vehicle In-Transport (Inside or Outside the Trafficway),0,No,1C3CCCAB2GN1,1C3CCCAB2GN1,2016,2016,2016,2016,477,Chrysler,2053,200,13,Sedan/Saloon,6,Chrysler,18,4,"4-door sedan, hardtop",0,Not Applicable,11,"Class 1: 6,000 lbs. or less (2,722 kg or less)",11,"Class 1: 6,000 lbs. or less (2,722 kg or less)",0,No Trailers,777777777777,No Trailing Units,777777777777,No Trailing Units,777777777777,No Trailing Units,77,No Trailing Units,77,No Trailing Units,77,No Trailing Units,0,Not an Articulated Vehicle,00000000000,Not Applicable,0,Not Applicable,0,Not Applicable,0,Not Applicable,0,Not Applicable (N/A),1,No,0,Not Applicable,0,Not Applicable,0,Not Applicable,0,Not Applicable,0,Not a Bus,0,No Special Use Noted,0,Not Applicable,10,010 MPH,8,Not Reported,0,No Rollover,0,No Rollover,3,3 Clock Point,3,3 Clock Point,6,Disabling Damage,6,Towed,12,Motor Vehicle In-Transport,12,Motor Vehicle In-Transport,0,No or Not Reported,1,Yes,1,Possible Injury (C),1,Possible Injury (C),1,1,1,1,9,Reported as Unknown,2,No Alcohol Involved,6018,Chrysler 200,44907,44907,0,No,1,"Two-Way, Not Divided",2,Two lanes,50,50 MPH,1,Straight,1,Level,1,Dry,0,No Controls,0,No Controls,11,Turning Left,11,Turning Left,15,Turning Left,99,Unknown/Not Reported,1,Tracking,1,Stayed in original travel lane,68,J68-Trafficway Vehicle Turning-Turn Across Path-Initial Opposite Directions (Left/Right),401,"Changing Trafficway, Vehicle Turning-Turn Across Path, Initial Opposite Directions [Left/Right]"
202304643510,2,47,47,9,2,"Midwest (OH, IN, IL, MI, WI, MN, ND, SD, NE, IA, MO, KS)",2,Rural Area,8,Stratum 8 - NLMY PV Minor Injury,4153,132.26082933,2,1,January,10,10:00am-10:59am,28,28,12,Motor Vehicle In-Transport,6,Angle,1,01,1,Motor Vehicle In-Transport (Inside or Outside the Trafficway),0,No,3C6JR6DT3LG1,3C6JR6DT3LG1,2020,2020,2020,2020,496,Ram,13620,1500,60,Pickup,7,Dodge,482,34,Light Pickup,0,Not Applicable,12,"Class 2: 6,001 - 10,000 lbs. (2,722 - 4,536 kg)",12,"Class 2: 6,001 - 10,000 lbs. (2,722 - 4,536 kg)",0,No Trailers,777777777777,No Trailing Units,777777777777,No Trailing Units,777777777777,No Trailing Units,77,No Trailing Units,77,No Trailing Units,77,No Trailing Units,0,Not an Articulated Vehicle,00000000000,Not Applicable,0,Not Applicable,0,Not Applicable,0,Not Applicable,0,Not Applicable (N/A),1,No,0,Not Applicable,0,Not Applicable,0,Not Applicable,0,Not Applicable,0,Not a Bus,0,No Special Use Noted,0,Not Applicable,50,050 MPH,8,Not Reported,0,No Rollover,0,No Rollover,12,12 Clock Point,12,12 Clock Point,6,Disabling Damage,6,Towed,12,Motor Vehicle In-Transport,12,Motor Vehicle In-Transport,0,No or Not Reported,1,Yes,0,No Apparent Injury (O),0,No Apparent Injury (O),0,No Person Injured in Vehicle,0,No Person Injured in Vehicle,9,Reported as Unknown,2,No Alcohol Involved,7482,Dodge Ram Pickup,44849,44849,0,No,1,"Two-Way, Not Divided",2,Two lanes,50,50 MPH,1,Straight,1,Level,1,Dry,0,No Controls,0,No Controls,1,Going Straight,1,Going Straight,62,From opposite direction  over left lane line,99,Unknown/Not Reported,1,Tracking,1,Stayed in original travel lane,69,J69-Trafficway Vehicle Turning-Turn Across Path-Initial Opposite Directions (Going Straight),402,"Changing Trafficway, Vehicle Turning-Turn Across Path, Initial Opposite Directions [Going Straight]"
202304643513,1,47,47,9,2,"Midwest (OH, IN, IL, MI, WI, MN, ND, SD, NE, IA, MO, KS)",2,Rural Area,5,Stratum 5 - NLMY PV Serious Injury,4153,37.760238212,1,1,January,16,4:00pm-4:59pm,3,3,35,Embankment,0,The First Harmful Event was Not a Collision with a Motor Vehicle In-Transport,1,01,1,Motor Vehicle In-Transport (Inside or Outside the Trafficway),0,No,WAU4FBFL7AA1,WAU4FBFL7AA1,2010,2010,2010,2010,582,Audi,3146,A4,15,Wagon,32,Audi,43,6,Station Wagon (excluding van and truck based),0,Not Applicable,11,"Class 1: 6,000 lbs. or less (2,722 kg or less)",11,"Class 1: 6,000 lbs. or less (2,722 kg or less)",0,No Trailers,777777777777,No Trailing Units,777777777777,No Trailing Units,777777777777,No Trailing Units,77,No Trailing Units,77,No Trailing Units,77,No Trailing Units,0,Not an Articulated Vehicle,00000000000,Not Applicable,0,Not Applicable,0,Not Applicable,0,Not Applicable,0,Not Applicable (N/A),1,No,0,Not Applicable,0,Not Applicable,0,Not Applicable,0,Not Applicable,0,Not a Bus,0,No Special Use Noted,0,Not Applicable,999,Reported as Unknown,7,Not Applicable,3,Rollover,3,On Median/Separator,12,12 Clock Point,12,12 Clock Point,6,Disabling Damage,6,Towed,1,Rollover/Overturn,1,Rollover/Overturn,0,No or Not Reported,1,Yes,3,Suspected Serious Injury (A),3,Suspected Serious Injury (A),1,1,1,1,9,Reported as Unknown,2,No Alcohol Involved,32043,Audi A4,44691,44691,0,No,2,"Two-Way, Divided, Unprotected Median",3,Three lanes,70,70 MPH,1,Straight,1,Level,2,Wet,0,No Controls,0,No Controls,1,Going Straight,1,Going Straight,12,Off the edge of the road on the left side,99,Unknown/Not Reported,1,Tracking,4,Departed roadway,6,B6-Single Driver-Left Roadside Departure-Drive Off Road,102,Single Driver-Left Roadside Departure
202304645763,1,51,51,10,3,"South (MD, DE, DC, WV, VA, KY, TN, NC, SC, GA, FL, AL, MS, LA, AR, OK, TX)",1,Urban Area,2,Stratum 2 - Not a MV Occupant Any Injury,1080,23.169736911,1,1,January,19,7:00pm-7:59pm,50,50,8,Pedestrian,0,The First Harmful Event was Not a Collision with a Motor Vehicle In-Transport,99,Unknown,1,Motor Vehicle In-Transport (Inside or Outside the Trafficway),1,Yes,999999999999,Reported as Unknown,9999,Unknown,2012,2012,99999,Unknown,99999,Unknown,13,Sedan/Saloon,99,Unknown Make,399,8,"Sedan/Hardtop, number of doors unknown",0,Not Applicable,11,"Class 1: 6,000 lbs. or less (2,722 kg or less)",12,"Class 2: 6,001 - 10,000 lbs. (2,722 - 4,536 kg)",0,No Trailers,777777777777,No Trailing Units,777777777777,No Trailing Units,777777777777,No Trailing Units,77,No Trailing Units,77,No Trailing Units,77,No Trailing Units,0,Not an Articulated Vehicle,00000000000,Not Applicable,0,Not Applicable,0,Not Applicable,0,Not Applicable,0,Not Applicable (N/A),1,No,0,Not Applicable,0,Not Applicable,0,Not Applicable,0,Not Applicable,0,Not a Bus,99,Reported as Unknown,9,Reported as Unknown,998,Not Reported,7,Not Applicable,0,No Rollover,0,No Rollover,12,12 Clock Point,12,12 Clock Point,8,Not Reported,5,Not Towed,8,Pedestrian,8,Pedestrian,0,No or Not Reported,1,Yes,0,No Apparent Injury (O),0,No Apparent Injury (O),0,No Person Injured in Vehicle,0,No Person Injured in Vehicle,9,Reported as Unknown,2,No Alcohol Involved,99399,Unknown Make Unknown (automobile),99999,Reported as Unknown,9,Reported as Unknown,1,"Two-Way, Not Divided",2,Two lanes,20,20 MPH,1,Straight,1,Level,1,Dry,20,Stop Sign,3,Device Functioning Properly,1,Going Straight,1,Going Straight,80,Pedestrian in road,99,Unknown/Not Reported,1,Tracking,1,Stayed in original travel lane,13,C13-Single Driver-Forward Impact-Pedestrian/ Animal,103,Single Driver-Struck Object While Moving Forward
202304645770,1,63,63,16,3,"South (MD, DE, DC, WV, VA, KY, TN, NC, SC, GA, FL, AL, MS, LA, AR, OK, TX)",2,Rural Area,8,Stratum 8 - NLMY PV Minor Injury,4135,131.11775453,3,1,January,7,7:00am-7:59am,53,53,12,Motor Vehicle In-Transport,6,Angle,1,01,1,Motor Vehicle In-Transport (Inside or Outside the Trafficway),0,No,WDDHF5GB7AA2,WDDHF5GB7AA2,2010,2010,2010,2010,449,Mercedes-Benz,2081,E-Class,13,Sedan/Saloon,42,Mercedes-Benz,48,4,"4-door sedan, hardtop",0,Not Applicable,11,"Class 1: 6,000 lbs. or less (2,722 kg or less)",11,"Class 1: 6,000 lbs. or less (2,722 kg or less)",0,No Trailers,777777777777,No Trailing Units,777777777777,No Trailing Units,777777777777,No Trailing Units,77,No Trailing Units,77,No Trailing Units,77,No Trailing Units,0,Not an Articulated Vehicle,00000000000,Not Applicable,0,Not Applicable,0,Not Applicable,0,Not Applicable,0,Not Applicable (N/A),1,No,0,Not Applicable,0,Not Applicable,0,Not Applicable,0,Not Applicable,0,Not a Bus,0,No Special Use Noted,0,Not Applicable,998,Not Reported,0,No Underride or Override,0,No Rollover,0,No Rollover,12,12 Clock Point,12,12 Clock Point,2,Minor Damage,6,Towed,12,Motor Vehicle In-Transport,12,Motor Vehicle In-Transport,0,No or Not Reported,1,Yes,1,Possible Injury (C),1,Possible Injury (C),1,1,1,1,9,Reported as Unknown,2,No Alcohol Involved,42048,Mercedes-Benz E Class (97 on),75604,75604,0,No,1,"Two-Way, Not Divided",5,Five lanes,98,Not Reported,1,Straight,8,Not Reported,98,Not Reported,3,Traffic control signal(on colors) not known whether or not Pedestrian Signal,3,Device Functioning Properly,1,Going Straight,1,Going Straight,66,"From crossing street, across path",99,Unknown/Not Reported,1,Tracking,1,Stayed in original travel lane,86,L86-Intersecting Paths-Straight Paths-Striking from the Right,501,"Intersecting Paths-Straight Paths, Striking from the Right"
202304645770,2,63,63,16,3,"South (MD, DE, DC, WV, VA, KY, TN, NC, SC, GA, FL, AL, MS, LA, AR, OK, TX)",2,Rural Area,8,Stratum 8 - NLMY PV Minor Injury,4135,131.11775453,3,1,January,7,7:00am-7:59am,53,53,12,Motor Vehicle In-Transport,6,Angle,1,01,1,Motor Vehicle In-Transport (Inside or Outside the Trafficway),0,No,5N1AR2MN7DC6,5N1AR2MN7DC6,2013,2013,2013,2013,478,Nissan,1911,Pathfinder,8,Crossover Utility Vehicle (CUV),35,Nissan/Datsun,401,14,"Compact Utility (Utility Vehicle Categories ""Small"" and ""Midsize"")",0,Not Applicable,11,"Class 1: 6,000 lbs. or less (2,722 kg or less)",11,"Class 1: 6,000 lbs. or less (2,722 kg or less)",0,No Trailers,777777777777,No Trailing Units,777777777777,No Trailing Units,777777777777,No Trailing Units,77,No Trailing Units,77,No Trailing Units,77,No Trailing Units,0,Not an Articulated Vehicle,00000000000,Not Applicable,0,Not Applicable,0,Not Applicable,0,Not Applicable,0,Not Applicable (N/A),1,No,0,Not Applicable,0,Not Applicable,0,Not Applicable,0,Not Applicable,0,Not a Bus,0,No Special Use Noted,0,Not Applicable,998,Not Reported,8,Not Reported,0,No Rollover,0,No Rollover,12,12 Clock Point,12,12 Clock Point,2,Minor Damage,8,Not Reported,12,Motor Vehicle In-Transport,12,Motor Vehicle In-Transport,0,No or Not Reported,1,Yes,0,No Apparent Injury (O),0,No Apparent Injury (O),0,No Person Injured in Vehicle,0,No Person Injured in Vehicle,9,Reported as Unknown,2,No Alcohol Involved,35401,Nissan/Datsun Pathfinder,75662,75662,0,No,1,"Two-Way, Not Divided",5,Five lanes,40,40 MPH,1,Straight,1,Level,1,Dry,3,Traffic control signal(on colors) not known whether or not Pedestrian Signal,3,Device Functioning Properly,1,Going Straight,1,Going Straight,60,From adjacent lane (same direction) over left lane line,99,Unknown/Not Reported,1,Tracking,1,Stayed in original travel lane,98,M98-Other Crash Type,998,Other Crash Type
202304645770,3,63,63,16,3,"South (MD, DE, DC, WV, VA, KY, TN, NC, SC, GA, FL, AL, MS, LA, AR, OK, TX)",2,Rural Area,8,Stratum 8 - NLMY PV Minor Injury,4135,131.11775453,3,1,January,7,7:00am-7:59am,53,53,12,Motor Vehicle In-Transport,6,Angle,1,01,1,Motor Vehicle In-Transport (Inside or Outside the Trafficway),0,No,5N1AA08A56N7,5N1AA08A56N7,2006,2006,2006,2006,478,Nissan,1915,Armada,7,Sport Utility Vehicle (SUV)/Multi-Purpose Vehicle (MPV),35,Nissan/Datsun,421,15,"Large utility (ANSI D16.1 Utility Vehicle Categories and ""Full Size"" and ""Large"")",0,Not Applicable,12,"Class 2: 6,001 - 10,000 lbs. (2,722 - 4,536 kg)",12,"Class 2: 6,001 - 10,000 lbs. (2,722 - 4,536 kg)",0,No Trailers,777777777777,No Trailing Units,777777777777,No Trailing Units,777777777777,No Trailing Units,77,No Trailing Units,77,No Trailing Units,77,No Trailing Units,0,Not an Articulated Vehicle,00000000000,Not Applicable,0,Not Applicable,0,Not Applicable,0,Not Applicable,0,Not Applicable (N/A),1,No,0,Not Applicable,0,Not Applicable,0,Not Applicable,0,Not Applicable,0,Not a Bus,0,No Special Use Noted,0,Not Applicable,998,Not Reported,0,No Underride or Override,0,No Rollover,0,No Rollover,83,Right-Back Side,83,Right-Back Side,2,Minor Damage,8,Not Reported,12,Motor Vehicle In-Transport,12,Motor Vehicle In-Transport,0,No or Not Reported,1,Yes,0,No Apparent Injury (O),0,No Apparent Injury (O),0,No Person Injured in Vehicle,0,No Person Injured in Vehicle,9,Reported as Unknown,1,Alcohol Involved,35421,Nissan/Datsun Pathfinder Armada,75605,75605,0,No,1,"Two-Way, Not Divided",5,Five lanes,40,40 MPH,1,Straight,1,Level,1,Dry,3,Traffic control signal(on colors) not known whether or not Pedestrian Signal,3,Device Functioning Properly,1,Going Straight,1,Going Straight,17,Crossing Over (Passing Through) Junction,99,Unknown/Not Reported,1,Tracking,1,Stayed in original travel lane,87,L87-Intersecting Paths-Straight Paths-Struck on the Right,502,"Intersecting Paths-Straight Paths, Struck on the Right"
202304645773,1,59,59,10,3,"South (MD, DE, DC, WV, VA, KY, TN, NC, SC, GA, FL, AL, MS, LA, AR, OK, TX)",1,Urban Area,8,Stratum 8 - NLMY PV Minor Injury,4137,136.09449501,2,1,January,14,2:00pm-2:59pm,12,12,12,Motor Vehicle In-Transport,6,Angle,2,02,1,Motor Vehicle In-Transport (Inside or Outside the Trafficway),0,No,1HGCV1F35KA1,1HGCV1F35KA1,2019,2019,2019,2019,474,Honda,1861,Accord,13,Sedan/Saloon,37,Honda,32,4,"4-door sedan, hardtop",0,Not Applicable,11,"Class 1: 6,000 lbs. or less (2,722 kg or less)",11,"Class 1: 6,000 lbs. or less (2,722 kg or less)",0,No Trailers,777777777777,No Trailing Units,777777777777,No Trailing Units,777777777777,No Trailing Units,77,No Trailing Units,77,No Trailing Units,77,No Trailing Units,0,Not an Articulated Vehicle,00000000000,Not Applicable,0,Not Applicable,0,Not Applicable,0,Not Applicable,0,Not Applicable (N/A),1,No,0,Not Applicable,0,Not Applicable,0,Not Applicable,0,Not Applicable,0,Not a Bus,0,No Special Use Noted,0,Not Applicable,10,010 MPH,0,No Underride or Override,0,No Rollover,0,No Rollover,7,7 Clock Point,7,7 Clock Point,6,Disabling Damage,6,Towed,12,Motor Vehicle In-Transport,12,Motor Vehicle In-Transport,0,No or Not Reported,1,Yes,0,No Apparent Injury (O),0,No Apparent Injury (O),0,No Person Injured in Vehicle,0,No Person Injured in Vehicle,2,No Alcohol Involved,2,No Alcohol Involved,37032,"Honda Accord (Note: For Crosstour model years 2010 and 2011 only. For Crosstour model years 2012-2015, see vehicle model 37-405)",33125,33125,0,No,1,"Two-Way, Not Divided",4,Four lanes,30,30 MPH,1,Straight,1,Level,1,Dry,0,No Controls,0,No Controls,11,Turning Left,11,Turning Left,15,Turning Left,99,Unknown/Not Reported,1,Tracking,2,"Stayed on roadway, but left original travel lane",74,J74-Trafficway Vehicle Turning-Turn Across Path-Specifics Other,407,"Changing Trafficway, Vehicle Turning-Turn Across Path, Other or Unknown"
202304645773,2,59,59,10,3,"South (MD, DE, DC, WV, VA, KY, TN, NC, SC, GA, FL, AL, MS, LA, AR, OK, TX)",1,Urban Area,8,Stratum 8 - NLMY PV Minor Injury,4137,136.09449501,2,1,January,14,2:00pm-2:59pm,12,12,12,Motor Vehicle In-Transport,6,Angle,2,02,1,Motor Vehicle In-Transport (Inside or Outside the Trafficway),0,No,1G1JC5SH5E41,1G1JC5SH5E41,2014,2014,2014,2014,467,Chevrolet,1835,Sonic,13,Sedan/Saloon,20,Chevrolet,28,4,"4-door sedan, hardtop",0,Not Applicable,11,"Class 1: 6,000 lbs. or less (2,722 kg or less)",11,"Class 1: 6,000 lbs. or less (2,722 kg or less)",0,No Trailers,777777777777,No Trailing Units,777777777777,No Trailing Units,777777777777,No Trailing Units,77,No Trailing Units,77,No Trailing Units,77,No Trailing Units,0,Not an Articulated Vehicle,00000000000,Not Applicable,0,Not Applicable,0,Not Applicable,0,Not Applicable,0,Not Applicable (N/A),1,No,0,Not Applicable,0,Not Applicable,0,Not Applicable,0,Not Applicable,0,Not a Bus,0,No Special Use Noted,0,Not Applicable,25,025 MPH,0,No Underride or Override,0,No Rollover,0,No Rollover,12,12 Clock Point,12,12 Clock Point,4,Functional Damage,5,Not Towed,12,Motor Vehicle In-Transport,12,Motor Vehicle In-Transport,0,No or Not Reported,1,Yes,1,Possible Injury (C),1,Possible Injury (C),2,2,2,2,2,No Alcohol Involved,2,No Alcohol Involved,20028,Chevrolet Sonic,33054,33054,0,No,1,"Two-Way, Not Divided",4,Four lanes,30,30 MPH,1,Straight,1,Level,1,Dry,0,No Controls,0,No Controls,1,Going Straight,1,Going Straight,61,From adjacent lane (same direction) over right lane line,99,Unknown/Not Reported,1,Tracking,1,Stayed in original travel lane,74,J74-Trafficway Vehicle Turning-Turn Across Path-Specifics Other,407,"Changing Trafficway, Vehicle Turning-Turn Across Path, Other or Unknown"
202304645872,1,59,59,10,3,"South (MD, DE, DC, WV, VA, KY, TN, NC, SC, GA, FL, AL, MS, LA, AR, OK, TX)",1,Urban Area,9,Stratum 9 - LMY PV No Injuries in Crash,4137,142.15884183,2,1,January,12,12:00pm-12:59pm,45,45,12,Motor Vehicle In-Transport,6,Angle,2,02,1,Motor Vehicle In-Transport (Inside or Outside the Trafficway),0,No,3N1BC13E37L3,3N1BC13E37L3,2007,2007,2007,2007,478,Nissan,1894,Versa,5,Hatchback/Liftback/Notchback,35,Nissan/Datsun,50,5,5-door/4-door hatchback,0,Not Applicable,11,"Class 1: 6,000 lbs. or less (2,722 kg or less)",11,"Class 1: 6,000 lbs. or less (2,722 kg or less)",0,No Trailers,777777777777,No Trailing Units,777777777777,No Trailing Units,777777777777,No Trailing Units,77,No Trailing Units,77,No Trailing Units,77,No Trailing Units,0,Not an Articulated Vehicle,00000000000,Not Applicable,0,Not Applicable,0,Not Applicable,0,Not Applicable,0,Not Applicable (N/A),1,No,0,Not Applicable,0,Not Applicable,0,Not Applicable,0,Not Applicable,0,Not a Bus,0,No Special Use Noted,0,Not Applicable,998,Not Reported,8,Not Reported,0,No Rollover,0,No Rollover,12,12 Clock Point,12,12 Clock Point,4,Functional Damage,5,Not Towed,12,Motor Vehicle In-Transport,12,Motor Vehicle In-Transport,0,No or Not Reported,1,Yes,0,No Apparent Injury (O),0,No Apparent Injury (O),0,No Person Injured in Vehicle,0,No Person Injured in Vehicle,2,No Alcohol Involved,2,No Alcohol Involved,35050,Nissan/Datsun Versa,33015,33015,0,No,1,"Two-Way, Not Divided",8,Not Reported,98,Not Reported,1,Straight,1,Level,98,Not Reported,20,Stop Sign,3,Device Functioning Properly,11,Turning Left,11,Turning Left,15,Turning Left,1,No Avoidance Maneuver,1,Tracking,1,Stayed in original travel lane,76,K76-Trafficway Vehicle Turning-Turn Into Path-Turn Into Same Direction (Turning Left),408,"Changing Trafficway, Vehicle Turning-Turn Into Path, Turn into Same Direction [Turning Left]"
202304645872,2,59,59,10,3,"South (MD, DE, DC, WV, VA, KY, TN, NC, SC, GA, FL, AL, MS, LA, AR, OK, TX)",1,Urban Area,9,Stratum 9 - LMY PV No Injuries in Crash,4137,142.15884183,2,1,January,12,12:00pm-12:59pm,45,45,12,Motor Vehicle In-Transport,6,Angle,1,01,1,Motor Vehicle In-Transport (Inside or Outside the Trafficway),0,No,1GNERFKW0KJ3,1GNERFKW0KJ3,2019,2019,2019,2019,467,Chevrolet,1853,Traverse,7,Sport Utility Vehicle (SUV)/Multi-Purpose Vehicle (MPV),20,Chevrolet,423,15,"Large utility (ANSI D16.1 Utility Vehicle Categories and ""Full Size"" and ""Large"")",0,Not Applicable,12,"Class 2: 6,001 - 10,000 lbs. (2,722 - 4,536 kg)",12,"Class 2: 6,001 - 10,000 lbs. (2,722 - 4,536 kg)",0,No Trailers,777777777777,No Trailing Units,777777777777,No Trailing Units,777777777777,No Trailing Units,77,No Trailing Units,77,No Trailing Units,77,No Trailing Units,0,Not an Articulated Vehicle,00000000000,Not Applicable,0,Not Applicable,0,Not Applicable,0,Not Applicable,0,Not Applicable (N/A),1,No,0,Not Applicable,0,Not Applicable,0,Not Applicable,0,Not Applicable,0,Not a Bus,0,No Special Use Noted,0,Not Applicable,998,Not Reported,8,Not Reported,0,No Rollover,0,No Rollover,62,Left-Front Side,62,Left-Front Side,4,Functional Damage,5,Not Towed,12,Motor Vehicle In-Transport,12,Motor Vehicle In-Transport,0,No or Not Reported,1,Yes,0,No Apparent Injury (O),0,No Apparent Injury (O),0,No Person Injured in Vehicle,0,No Person Injured in Vehicle,2,No Alcohol Involved,2,No Alcohol Involved,20423,Chevrolet Traverse (2013 on.  For 2009-2012 see model 024.),33172,33172,0,No,1,"Two-Way, Not Divided",8,Not Reported,98,Not Reported,1,Straight,1,Level,1,Dry,0,No Controls,0,No Controls,1,Going Straight,1,Going Straight,65,"From crossing street, turning into same direction",99,Unknown/Not Reported,1,Tracking,1,Stayed in original travel lane,77,K77-Trafficway Vehicle Turning-Turn Into Path-Turn Into Same Direction (Going Straight),409,"Changing Trafficway, Vehicle Turning-Turn Into Path, Turn into Same Direction [Going Straight, Other Vehicle Turning Left]"
202304646050,1,65,65,13,3,"South (MD, DE, DC, WV, VA, KY, TN, NC, SC, GA, FL, AL, MS, LA, AR, OK, TX)",1,Urban Area,7,Stratum 7 - M/H Truck or Bus,4138,159.50253429,2,1,January,16,4:00pm-4:59pm,20,20,12,Motor Vehicle In-Transport,6,Angle,2,02,1,Motor Vehicle In-Transport (Inside or Outside the Trafficway),0,No,SALAK2D42CA6,SALAK2D42CA6,2012,2012,2012,2012,444,Land Rover,2245,LR4,7,Sport Utility Vehicle (SUV)/Multi-Purpose Vehicle (MPV),62,Land Rover,423,15,"Large utility (ANSI D16.1 Utility Vehicle Categories and ""Full Size"" and ""Large"")",0,Not Applicable,12,"Class 2: 6,001 - 10,000 lbs. (2,722 - 4,536 kg)",12,"Class 2: 6,001 - 10,000 lbs. (2,722 - 4,536 kg)",0,No Trailers,777777777777,No Trailing Units,777777777777,No Trailing Units,777777777777,No Trailing Units,77,No Trailing Units,77,No Trailing Units,77,No Trailing Units,0,Not an Articulated Vehicle,00000000000,Not Applicable,0,Not Applicable,0,Not Applicable,0,Not Applicable,0,Not Applicable (N/A),1,No,0,Not Applicable,0,Not Applicable,0,Not Applicable,0,Not Applicable,0,Not a Bus,0,No Special Use Noted,0,Not Applicable,0,Stopped Motor Vehicle In- Transport,8,Not Reported,0,No Rollover,0,No Rollover,7,7 Clock Point,7,7 Clock Point,2,Minor Damage,6,Towed,12,Motor Vehicle In-Transport,12,Motor Vehicle In-Transport,0,No or Not Reported,1,Yes,0,No Apparent Injury (O),0,No Apparent Injury (O),0,No Person Injured in Vehicle,0,No Person Injured in Vehicle,9,Reported as Unknown,2,No Alcohol Involved,62423,Land Rover LR3/LR4,75206,75206,0,No,4,One-Way Trafficway,2,Two lanes,40,40 MPH,1,Straight,1,Level,1,Dry,20,Stop Sign,3,Device Functioning Properly,5,Stopped in Roadway,5,Stopped in Roadway,53,Traveling in same direction with higher speed,1,No Avoidance Maneuver,1,Tracking,1,Stayed in original travel lane,74,J74-Trafficway Vehicle Turning-Turn Across Path-Specifics Other,407,"Changing Trafficway, Vehicle Turning-Turn Across Path, Other or Unknown"
202304646050,2,65,65,13,3,"South (MD, DE, DC, WV, VA, KY, TN, NC, SC, GA, FL, AL, MS, LA, AR, OK, TX)",1,Urban Area,7,Stratum 7 - M/H Truck or Bus,4138,159.50253429,2,1,January,16,4:00pm-4:59pm,20,20,12,Motor Vehicle In-Transport,6,Angle,1,01,1,Motor Vehicle In-Transport (Inside or Outside the Trafficway),0,No,3AKBHLDV3MSM,3AKBHLDV3MSM,2021,2021,2021,2021,450,Freightliner,2501,Cascadia,66,Truck-Tractor,82,Freightliner,881,66,"Truck-tractor (Cab only, or with any number of trailing unit; any weight)",0,Not Applicable,18,"Class 8: 33,001 lbs. and above (14,969 kg and above)",18,"Class 8: 33,001 lbs. and above (14,969 kg and above)",0,No Trailers,777777777777,No Trailing Units,777777777777,No Trailing Units,777777777777,No Trailing Units,77,No Trailing Units,77,No Trailing Units,77,No Trailing Units,0,Not an Articulated Vehicle,5701408446,5701408446,57,US DOT,1408446,01408446,5,Truck Tractor (Bobtail),96,No Cargo Body Type,1,No,0,Not Applicable,0,Not Applicable,0,Not Applicable,0,Not Applicable,0,Not a Bus,0,No Special Use Noted,0,Not Applicable,998,Not Reported,8,Not Reported,0,No Rollover,0,No Rollover,1,1 Clock Point,1,1 Clock Point,2,Minor Damage,8,Not Reported,12,Motor Vehicle In-Transport,12,Motor Vehicle In-Transport,0,No or Not Reported,1,Yes,0,No Apparent Injury (O),0,No Apparent Injury (O),0,No Person Injured in Vehicle,0,No Person Injured in Vehicle,9,Reported as Unknown,2,No Alcohol Involved,82881,Freightliner Medium/Heavy - CBE,75172,75172,0,No,4,One-Way Trafficway,2,Two lanes,40,40 MPH,1,Straight,1,Level,1,Dry,20,Stop Sign,3,Device Functioning Properly,10,Turning Right,10,Turning Right,50,Other vehicle stopped,99,Unknown/Not Reported,1,Tracking,1,Stayed in original travel lane,74,J74-Trafficway Vehicle Turning-Turn Across Path-Specifics Other,407,"Changing Trafficway, Vehicle Turning-Turn Across Path, Other or Unknown"
202304646074,1,28,28,11,3,"South (MD, DE, DC, WV, VA, KY, TN, NC, SC, GA, FL, AL, MS, LA, AR, OK, TX)",1,Urban Area,10,Stratum 10 - Other,4139,223.21940771,2,1,January,15,3:00pm-3:59pm,29,29,12,Motor Vehicle In-Transport,1,Front-to-Rear,1,01,1,Motor Vehicle In-Transport (Inside or Outside the Trafficway),0,No,KM8J3CA4XJU7,KM8J3CA4XJU7,2018,2018,2018,2018,498,Hyundai,2058,Tucson,7,Sport Utility Vehicle (SUV)/Multi-Purpose Vehicle (MPV),55,Hyundai,402,14,"Compact Utility (Utility Vehicle Categories ""Small"" and ""Midsize"")",0,Not Applicable,11,"Class 1: 6,000 lbs. or less (2,722 kg or less)",11,"Class 1: 6,000 lbs. or less (2,722 kg or less)",0,No Trailers,777777777777,No Trailing Units,777777777777,No Trailing Units,777777777777,No Trailing Units,77,No Trailing Units,77,No Trailing Units,77,No Trailing Units,0,Not an Articulated Vehicle,00000000000,Not Applicable,0,Not Applicable,0,Not Applicable,0,Not Applicable,0,Not Applicable (N/A),1,No,0,Not Applicable,0,Not Applicable,0,Not Applicable,0,Not Applicable,0,Not a Bus,0,No Special Use Noted,0,Not Applicable,15,015 MPH,8,Not Reported,0,No Rollover,0,No Rollover,12,12 Clock Point,12,12 Clock Point,4,Functional Damage,5,Not Towed,12,Motor Vehicle In-Transport,12,Motor Vehicle In-Transport,0,No or Not Reported,1,Yes,0,No Apparent Injury (O),0,No Apparent Injury (O),0,No Person Injured in Vehicle,0,No Person Injured in Vehicle,2,No Alcohol Involved,2,No Alcohol Involved,55402,Hyundai Tucson,33160,33160,0,No,7,"Two-Way Divided, Unknown if Unprotected Median or Positive Median Barrier",8,Not Reported,35,35 MPH,1,Straight,1,Level,1,Dry,3,Traffic control signal(on colors) not known whether or not Pedestrian Signal,3,Device Functioning Properly,1,Going Straight,1,Going Straight,50,Other vehicle stopped,99,Unknown/Not Reported,1,Tracking,1,Stayed in original travel lane,20,"D20-Same Trafficway, Same Direction-Rear End-Stopped",202,"Same Trafficway, Same Direction-Rear End, Lead Vehicle"
202304646074,2,28,28,11,3,"South (MD, DE, DC, WV, VA, KY, TN, NC, SC, GA, FL, AL, MS, LA, AR, OK, TX)",1,Urban Area,10,Stratum 10 - Other,4139,223.21940771,2,1,January,15,3:00pm-3:59pm,29,29,12,Motor Vehicle In-Transport,1,Front-to-Rear,1,01,1,Motor Vehicle In-Transport (Inside or Outside the Trafficway),0,No,1GCWGAFF9G11,1GCWGAFF9G11,2016,2016,2016,2016,467,Chevrolet,1848,Express,95,Cargo Van,20,Chevrolet,461,21,"Large Van-Includes van-based buses (B150-B350, Sportsman, Royal Maxiwagon, Ram, Tradesman,...)",0,Not Applicable,12,"Class 2: 6,001 - 10,000 lbs. (2,722 - 4,536 kg)",12,"Class 2: 6,001 - 10,000 lbs. (2,722 - 4,536 kg)",0,No Trailers,777777777777,No Trailing Units,777777777777,No Trailing Units,777777777777,No Trailing Units,77,No Trailing Units,77,No Trailing Units,77,No Trailing Units,0,Not an Articulated Vehicle,00000000000,Not Applicable,0,Not Applicable,0,Not Applicable,0,Not Applicable,0,Not Applicable (N/A),1,No,0,Not Applicable,0,Not Applicable,0,Not Applicable,0,Not Applicable,0,Not a Bus,0,No Special Use Noted,0,Not Applicable,0,Stopped Motor Vehicle In- Transport,8,Not Reported,0,No Rollover,0,No Rollover,6,6 Clock Point,6,6 Clock Point,4,Functional Damage,5,Not Towed,12,Motor Vehicle In-Transport,12,Motor Vehicle In-Transport,0,No or Not Reported,1,Yes,0,No Apparent Injury (O),0,No Apparent Injury (O),0,No Person Injured in Vehicle,0,No Person Injured in Vehicle,2,No Alcohol Involved,2,No Alcohol Involved,20461,Chevrolet G-series van,33027,33027,0,No,7,"Two-Way Divided, Unknown if Unprotected Median or Positive Median Barrier",8,Not Reported,35,35 MPH,1,Straight,1,Level,1,Dry,3,Traffic control signal(on colors) not known whether or not Pedestrian Signal,3,Device Functioning Properly,5,Stopped in Roadway,5,Stopped in Roadway,53,Traveling in same direction with higher speed,1,No Avoidance Maneuver,1,Tracking,1,Stayed in original travel lane,22,"D22-Same Trafficway, Same Direction-Rear End-Stopped, Left",201,"Same Trafficway, Same Direction-Rear End, Trailing Vehicle"
202304646154,1,12,12,12,3,"South (MD, DE, DC, WV, VA, KY, TN, NC, SC, GA, FL, AL, MS, LA, AR, OK, TX)",1,Urban Area,8,Stratum 8 - NLMY PV Minor Injury,4142,135.18572704,3,1,January,9,9:00am-9:59am,32,32,12,Motor Vehicle In-Transport,1,Front-to-Rear,1,01,1,Motor Vehicle In-Transport (Inside or Outside the Trafficway),0,No,WMWSU3C57BT2,WMWSU3C57BT2,2011,2011,2011,2011,456,MINI,1862,Hardtop,5,Hatchback/Liftback/Notchback,69,Other Import,54,3,3-door/2-door hatchback,0,Not Applicable,11,"Class 1: 6,000 lbs. or less (2,722 kg or less)",11,"Class 1: 6,000 lbs. or less (2,722 kg or less)",0,No Trailers,777777777777,No Trailing Units,777777777777,No Trailing Units,777777777777,No Trailing Units,77,No Trailing Units,77,No Trailing Units,77,No Trailing Units,0,Not an Articulated Vehicle,00000000000,Not Applicable,0,Not Applicable,0,Not Applicable,0,Not Applicable,0,Not Applicable (N/A),1,No,0,Not Applicable,0,Not Applicable,0,Not Applicable,0,Not Applicable,0,Not a Bus,0,No Special Use Noted,0,Not Applicable,20,020 MPH,8,Not Reported,0,No Rollover,0,No Rollover,12,12 Clock Point,12,12 Clock Point,4,Functional Damage,8,Not Reported,12,Motor Vehicle In-Transport,12,Motor Vehicle In-Transport,0,No or Not Reported,1,Yes,0,No Apparent Injury (O),0,No Apparent Injury (O),0,No Person Injured in Vehicle,0,No Person Injured in Vehicle,2,No Alcohol Involved,2,No Alcohol Involved,69054,Other Import Mini-Cooper,33596,33596,0,No,7,"Two-Way Divided, Unknown if Unprotected Median or Positive Median Barrier",4,Four lanes,45,45 MPH,1,Straight,1,Level,1,Dry,3,Traffic control signal(on colors) not known whether or not Pedestrian Signal,3,Device Functioning Properly,1,Going Straight,1,Going Straight,50,Other vehicle stopped,16,Braking,1,Tracking,1,Stayed in original travel lane,20,"D20-Same Trafficway, Same Direction-Rear End-Stopped",202,"Same Trafficway, Same Direction-Rear End, Lead Vehicle"
202304646154,2,12,12,12,3,"South (MD, DE, DC, WV, VA, KY, TN, NC, SC, GA, FL, AL, MS, LA, AR, OK, TX)",1,Urban Area,8,Stratum 8 - NLMY PV Minor Injury,4142,135.18572704,3,1,January,9,9:00am-9:59am,32,32,12,Motor Vehicle In-Transport,1,Front-to-Rear,1,01,1,Motor Vehicle In-Transport (Inside or Outside the Trafficway),0,No,1B7HC13YX1J2,1B7HC13YX1J2,2001,2001,2001,2001,476,Dodge,1938,Ram,60,Pickup,7,Dodge,482,34,Light Pickup,0,Not Applicable,12,"Class 2: 6,001 - 10,000 lbs. (2,722 - 4,536 kg)",12,"Class 2: 6,001 - 10,000 lbs. (2,722 - 4,536 kg)",0,No Trailers,777777777777,No Trailing Units,777777777777,No Trailing Units,777777777777,No Trailing Units,77,No Trailing Units,77,No Trailing Units,77,No Trailing Units,0,Not an Articulated Vehicle,00000000000,Not Applicable,0,Not Applicable,0,Not Applicable,0,Not Applicable,0,Not Applicable (N/A),1,No,0,Not Applicable,0,Not Applicable,0,Not Applicable,0,Not Applicable,0,Not a Bus,0,No Special Use Noted,0,Not Applicable,0,Stopped Motor Vehicle In- Transport,8,Not Reported,0,No Rollover,0,No Rollover,6,6 Clock Point,6,6 Clock Point,2,Minor Damage,8,Not Reported,12,Motor Vehicle In-Transport,12,Motor Vehicle In-Transport,0,No or Not Reported,1,Yes,2,Suspected Minor Injury (B),2,Suspected Minor Injury (B),1,1,1,1,2,No Alcohol Involved,2,No Alcohol Involved,7482,Dodge Ram Pickup,33511,33511,0,No,7,"Two-Way Divided, Unknown if Unprotected Median or Positive Median Barrier",4,Four lanes,45,45 MPH,1,Straight,1,Level,1,Dry,3,Traffic control signal(on colors) not known whether or not Pedestrian Signal,3,Device Functioning Properly,5,Stopped in Roadway,5,Stopped in Roadway,53,Traveling in same direction with higher speed,1,No Avoidance Maneuver,1,Tracking,1,Stayed in original travel lane,21,"D21-Same Trafficway, Same Direction-Rear End-Stopped, Straight",201,"Same Trafficway, Same Direction-Rear End, Trailing Vehicle"
202304646154,3,12,12,12,3,"South (MD, DE, DC, WV, VA, KY, TN, NC, SC, GA, FL, AL, MS, LA, AR, OK, TX)",1,Urban Area,8,Stratum 8 - NLMY PV Minor Injury,4142,135.18572704,3,1,January,9,9:00am-9:59am,32,32,12,Motor Vehicle In-Transport,1,Front-to-Rear,1,01,1,Motor Vehicle In-Transport (Inside or Outside the Trafficway),0,No,1FM5K7DH3HGA,1FM5K7DH3HGA,2017,2017,2017,2017,460,Ford,1800,Explorer,7,Sport Utility Vehicle (SUV)/Multi-Purpose Vehicle (MPV),12,Ford,401,14,"Compact Utility (Utility Vehicle Categories ""Small"" and ""Midsize"")",0,Not Applicable,12,"Class 2: 6,001 - 10,000 lbs. (2,722 - 4,536 kg)",12,"Class 2: 6,001 - 10,000 lbs. (2,722 - 4,536 kg)",0,No Trailers,777777777777,No Trailing Units,777777777777,No Trailing Units,777777777777,No Trailing Units,77,No Trailing Units,77,No Trailing Units,77,No Trailing Units,0,Not an Articulated Vehicle,00000000000,Not Applicable,0,Not Applicable,0,Not Applicable,0,Not Applicable,0,Not Applicable (N/A),1,No,0,Not Applicable,0,Not Applicable,0,Not Applicable,0,Not Applicable,0,Not a Bus,0,No Special Use Noted,0,Not Applicable,998,Not Reported,8,Not Reported,0,No Rollover,0,No Rollover,6,6 Clock Point,6,6 Clock Point,0,No Damage,8,Not Reported,12,Motor Vehicle In-Transport,12,Motor Vehicle In-Transport,0,No or Not Reported,1,Yes,0,No Apparent Injury (O),0,No Apparent Injury (O),0,No Person Injured in Vehicle,0,No Person Injured in Vehicle,2,No Alcohol Involved,2,No Alcohol Involved,12401,"Ford Bronco (thru 1977)/Bronco II/Explorer/Explorer Sport (Explorer for 1990-2018 only.  For model years 2019 on, see 12-425.)",33511,33511,0,No,7,"Two-Way Divided, Unknown if Unprotected Median or Positive Median Barrier",4,Four lanes,45,45 MPH,1,Straight,1,Level,1,Dry,3,Traffic control signal(on colors) not known whether or not Pedestrian Signal,3,Device Functioning Properly,4,Starting in Road,4,Starting in Road,53,Traveling in same direction with higher speed,99,Unknown/Not Reported,1,Tracking,1,Stayed in original travel lane,98,M98-Other Crash Type,998,Other Crash Type
202304646161,2,12,12,12,3,"South (MD, DE, DC, WV, VA, KY, TN, NC, SC, GA, FL, AL, MS, LA, AR, OK, TX)",1,Urban Area,7,Stratum 7 - M/H Truck or Bus,4142,159.26096295,1,1,January,16,4:00pm-4:59pm,22,22,14,Parked Motor Vehicle,0,The First Harmful Event was Not a Collision with a Motor Vehicle In-Transport,1,01,1,Motor Vehicle In-Transport (Inside or Outside the Trafficway),0,No,1FDXE4FS5ADA,1FDXE4FS5ADA,2010,2010,2010,2010,460,Ford,1819,E-450,62,Incomplete - Cutaway,12,Ford,870,61,"Single-unit straight truck or Cab-Chassis (GVWR range 10,001 to 19,500 lbs.)",95,Cargo Van,14,"Class 4: 14,001 - 16,000 lbs. (6,350 - 7,258 kg)",14,"Class 4: 14,001 - 16,000 lbs. (6,350 - 7,258 kg)",0,No Trailers,777777777777,No Trailing Units,777777777777,No Trailing Units,777777777777,No Trailing Units,77,No Trailing Units,77,No Trailing Units,77,No Trailing Units,0,Not an Articulated Vehicle,77777777777,Not Reported,77,Not Reported,777777777,Not Reported,1,"Single-Unit Truck (2- axle and GVWR more than 10,000 lbs)",1,Van/Enclosed Box,1,No,0,Not Applicable,0,Not Applicable,0,Not Applicable,0,Not Applicable,0,Not a Bus,0,No Special Use Noted,0,Not Applicable,30,030 MPH,8,Not Reported,0,No Rollover,0,No Rollover,13,Top,13,Top,4,Functional Damage,8,Not Reported,14,Parked Motor Vehicle,14,Parked Motor Vehicle,0,No or Not Reported,1,Yes,0,No Apparent Injury (O),0,No Apparent Injury (O),0,No Person Injured in Vehicle,0,No Person Injured in Vehicle,2,No Alcohol Involved,2,No Alcohol Involved,12870,Ford Medium/Heavy Van-Based Vehicle,33543,33543,0,No,7,"Two-Way Divided, Unknown if Unprotected Median or Positive Median Barrier",8,Not Reported,30,30 MPH,1,Straight,1,Level,1,Dry,0,No Controls,0,No Controls,1,Going Straight,1,Going Straight,19,Unknown travel direction,99,Unknown/Not Reported,1,Tracking,4,Departed roadway,11,C11-Single Driver-Forward Impact-Parked Veh.,103,Single Driver-Struck Object While Moving Forward
202304646182,1,12,12,12,3,"South (MD, DE, DC, WV, VA, KY, TN, NC, SC, GA, FL, AL, MS, LA, AR, OK, TX)",1,Urban Area,2,Stratum 2 - Not a MV Occupant Any Injury,4142,23.455463743,1,1,January,20,8:00pm-8:59pm,0,0,15,Non-Motorist on Personal Conveyance,0,The First Harmful Event was Not a Collision with a Motor Vehicle In-Transport,1,01,1,Motor Vehicle In-Transport (Inside or Outside the Trafficway),0,No,4T1BG22K81U0,4T1BG22K81U0,2001,2001,2001,2001,448,Toyota,2469,Camry,13,Sedan/Saloon,49,Toyota,40,4,"4-door sedan, hardtop",0,Not Applicable,11,"Class 1: 6,000 lbs. or less (2,722 kg or less)",11,"Class 1: 6,000 lbs. or less (2,722 kg or less)",0,No Trailers,777777777777,No Trailing Units,777777777777,No Trailing Units,777777777777,No Trailing Units,77,No Trailing Units,77,No Trailing Units,77,No Trailing Units,0,Not an Articulated Vehicle,00000000000,Not Applicable,0,Not Applicable,0,Not Applicable,0,Not Applicable,0,Not Applicable (N/A),1,No,0,Not Applicable,0,Not Applicable,0,Not Applicable,0,Not Applicable,0,Not a Bus,0,No Special Use Noted,0,Not Applicable,30,030 MPH,7,Not Applicable,0,No Rollover,0,No Rollover,12,12 Clock Point,12,12 Clock Point,4,Functional Damage,8,Not Reported,15,Non-Motorist on Personal Conveyance,15,Non-Motorist on Personal Conveyance,0,No or Not Reported,1,Yes,0,No Apparent Injury (O),0,No Apparent Injury (O),0,No Person Injured in Vehicle,0,No Person Injured in Vehicle,2,No Alcohol Involved,2,No Alcohol Involved,49040,Toyota Camry,33605,33605,0,No,1,"Two-Way, Not Divided",2,Two lanes,35,35 MPH,1,Straight,1,Level,1,Dry,0,No Controls,0,No Controls,1,Going Straight,1,Going Straight,83,Pedalcyclist or other non-motorist in road,99,Unknown/Not Reported,1,Tracking,1,Stayed in original travel lane,13,C13-Single Driver-Forward Impact-Pedestrian/ Animal,103,Single Driver-Struck Object While Moving Forward
202304646205,1,12,12,12,3,"South (MD, DE, DC, WV, VA, KY, TN, NC, SC, GA, FL, AL, MS, LA, AR, OK, TX)",1,Urban Area,6,Stratum 6 - LMY PV Minor Injury,4142,54.442512321,2,1,January,16,4:00pm-4:59pm,27,27,12,Motor Vehicle In-Transport,1,Front-to-Rear,1,01,1,Motor Vehicle In-Transport (Inside or Outside the Trafficway),0,No,JTJHW31U7600,JTJHW31U7600,2006,2006,2006,2006,515,Lexus,2214,RX,7,Sport Utility Vehicle (SUV)/Multi-Purpose Vehicle (MPV),59,Lexus,403,14,"Compact Utility (Utility Vehicle Categories ""Small"" and ""Midsize"")",0,Not Applicable,11,"Class 1: 6,000 lbs. or less (2,722 kg or less)",11,"Class 1: 6,000 lbs. or less (2,722 kg or less)",0,No Trailers,777777777777,No Trailing Units,777777777777,No Trailing Units,777777777777,No Trailing Units,77,No Trailing Units,77,No Trailing Units,77,No Trailing Units,0,Not an Articulated Vehicle,00000000000,Not Applicable,0,Not Applicable,0,Not Applicable,0,Not Applicable,0,Not Applicable (N/A),1,No,0,Not Applicable,0,Not Applicable,0,Not Applicable,0,Not Applicable,0,Not a Bus,0,No Special Use Noted,0,Not Applicable,5,005 MPH,8,Not Reported,0,No Rollover,0,No Rollover,12,12 Clock Point,12,12 Clock Point,6,Disabling Damage,6,Towed,12,Motor Vehicle In-Transport,12,Motor Vehicle In-Transport,0,No or Not Reported,1,Yes,0,No Apparent Injury (O),0,No Apparent Injury (O),0,No Person Injured in Vehicle,0,No Person Injured in Vehicle,2,No Alcohol Involved,2,No Alcohol Involved,59403,Lexus RX330/350/400h/450h,33635,33635,0,No,7,"Two-Way Divided, Unknown if Unprotected Median or Positive Median Barrier",4,Four lanes,55,55 MPH,1,Straight,1,Level,1,Dry,0,No Controls,0,No Controls,1,Going Straight,1,Going Straight,50,Other vehicle stopped,99,Unknown/Not Reported,1,Tracking,1,Stayed in original travel lane,20,"D20-Same Trafficway, Same Direction-Rear End-Stopped",202,"Same Trafficway, Same Direction-Rear End, Lead Vehicle"
202304646205,2,12,12,12,3,"South (MD, DE, DC, WV, VA, KY, TN, NC, SC, GA, FL, AL, MS, LA, AR, OK, TX)",1,Urban Area,6,Stratum 6 - LMY PV Minor Injury,4142,54.442512321,2,1,January,16,4:00pm-4:59pm,27,27,12,Motor Vehicle In-Transport,1,Front-to-Rear,1,01,1,Motor Vehicle In-Transport (Inside or Outside the Trafficway),0,No,2T3W1RFVXKW0,2T3W1RFVXKW0,2019,2019,2019,2019,448,Toyota,2217,RAV4,7,Sport Utility Vehicle (SUV)/Multi-Purpose Vehicle (MPV),49,Toyota,402,14,"Compact Utility (Utility Vehicle Categories ""Small"" and ""Midsize"")",0,Not Applicable,11,"Class 1: 6,000 lbs. or less (2,722 kg or less)",11,"Class 1: 6,000 lbs. or less (2,722 kg or less)",0,No Trailers,777777777777,No Trailing Units,777777777777,No Trailing Units,777777777777,No Trailing Units,77,No Trailing Units,77,No Trailing Units,77,No Trailing Units,0,Not an Articulated Vehicle,00000000000,Not Applicable,0,Not Applicable,0,Not Applicable,0,Not Applicable,0,Not Applicable (N/A),1,No,0,Not Applicable,0,Not Applicable,0,Not Applicable,0,Not Applicable,0,Not a Bus,0,No Special Use Noted,0,Not Applicable,0,Stopped Motor Vehicle In- Transport,8,Not Reported,0,No Rollover,0,No Rollover,6,6 Clock Point,6,6 Clock Point,4,Functional Damage,6,Towed,12,Motor Vehicle In-Transport,12,Motor Vehicle In-Transport,0,No or Not Reported,1,Yes,2,Suspected Minor Injury (B),2,Suspected Minor Injury (B),1,1,1,1,2,No Alcohol Involved,2,No Alcohol Involved,49402,Toyota RAV4 *,33545,33545,0,No,7,"Two-Way Divided, Unknown if Unprotected Median or Positive Median Barrier",4,Four lanes,55,55 MPH,1,Straight,1,Level,1,Dry,0,No Controls,0,No Controls,5,Stopped in Roadway,5,Stopped in Roadway,53,Traveling in same direction with higher speed,1,No Avoidance Maneuver,1,Tracking,1,Stayed in original travel lane,21,"D21-Same Trafficway, Same Direction-Rear End-Stopped, Straight",201,"Same Trafficway, Same Direction-Rear End, Trailing Vehicle"
202304646224,1,12,12,12,3,"South (MD, DE, DC, WV, VA, KY, TN, NC, SC, GA, FL, AL, MS, LA, AR, OK, TX)",1,Urban Area,9,Stratum 9 - LMY PV No Injuries in Crash,4142,141.83585636,2,1,January,9,9:00am-9:59am,55,55,12,Motor Vehicle In-Transport,7,Sideswipe - Same Direction,1,01,1,Motor Vehicle In-Transport (Inside or Outside the Trafficway),0,No,1FMJU2AT5KEA,1FMJU2AT5KEA,2019,2019,2019,2019,460,Ford,1799,Expedition,7,Sport Utility Vehicle (SUV)/Multi-Purpose Vehicle (MPV),12,Ford,422,15,"Large utility (ANSI D16.1 Utility Vehicle Categories and ""Full Size"" and ""Large"")",0,Not Applicable,12,"Class 2: 6,001 - 10,000 lbs. (2,722 - 4,536 kg)",12,"Class 2: 6,001 - 10,000 lbs. (2,722 - 4,536 kg)",0,No Trailers,777777777777,No Trailing Units,777777777777,No Trailing Units,777777777777,No Trailing Units,77,No Trailing Units,77,No Trailing Units,77,No Trailing Units,0,Not an Articulated Vehicle,00000000000,Not Applicable,0,Not Applicable,0,Not Applicable,0,Not Applicable,0,Not Applicable (N/A),1,No,0,Not Applicable,0,Not Applicable,0,Not Applicable,0,Not Applicable,0,Not a Bus,0,No Special Use Noted,0,Not Applicable,35,035 MPH,0,No Underride or Override,0,No Rollover,0,No Rollover,63,Left-Back Side,63,Left-Back Side,2,Minor Damage,5,Not Towed,12,Motor Vehicle In-Transport,12,Motor Vehicle In-Transport,0,No or Not Reported,1,Yes,0,No Apparent Injury (O),0,No Apparent Injury (O),0,No Person Injured in Vehicle,0,No Person Injured in Vehicle,2,No Alcohol Involved,2,No Alcohol Involved,12422,Ford Expedition,34609,34609,0,No,7,"Two-Way Divided, Unknown if Unprotected Median or Positive Median Barrier",8,Not Reported,45,45 MPH,1,Straight,1,Level,2,Wet,0,No Controls,0,No Controls,15,Changing Lanes,15,Changing Lanes,10,Over the lane line on left side of travel lane,99,Unknown/Not Reported,1,Tracking,2,"Stayed on roadway, but left original travel lane",47,"F47-Same Trafficway, Same Direction-Angle, Sideswipe-Changing Lanes to the Left",208,"Same Trafficway, Same Direction-Sideswipe, Angle, Vehicle on Right"
202304646224,2,12,12,12,3,"South (MD, DE, DC, WV, VA, KY, TN, NC, SC, GA, FL, AL, MS, LA, AR, OK, TX)",1,Urban Area,9,Stratum 9 - LMY PV No Injuries in Crash,4142,141.83585636,2,1,January,9,9:00am-9:59am,55,55,12,Motor Vehicle In-Transport,7,Sideswipe - Same Direction,1,01,1,Motor Vehicle In-Transport (Inside or Outside the Trafficway),0,No,1GC2GUBA4A11,1GC2GUBA4A11,2010,2010,2010,2010,467,Chevrolet,1848,Express,95,Cargo Van,20,Chevrolet,461,21,"Large Van-Includes van-based buses (B150-B350, Sportsman, Royal Maxiwagon, Ram, Tradesman,...)",0,Not Applicable,12,"Class 2: 6,001 - 10,000 lbs. (2,722 - 4,536 kg)",12,"Class 2: 6,001 - 10,000 lbs. (2,722 - 4,536 kg)",0,No Trailers,777777777777,No Trailing Units,777777777777,No Trailing Units,777777777777,No Trailing Units,77,No Trailing Units,77,No Trailing Units,77,No Trailing Units,0,Not an Articulated Vehicle,00000000000,Not Applicable,0,Not Applicable,0,Not Applicable,0,Not Applicable,0,Not Applicable (N/A),1,No,0,Not Applicable,0,Not Applicable,0,Not Applicable,0,Not Applicable,0,Not a Bus,0,No Special Use Noted,0,Not Applicable,20,020 MPH,0,No Underride or Override,0,No Rollover,0,No Rollover,82,Right-Front Side,82,Right-Front Side,2,Minor Damage,5,Not Towed,12,Motor Vehicle In-Transport,12,Motor Vehicle In-Transport,0,No or Not Reported,1,Yes,0,No Apparent Injury (O),0,No Apparent Injury (O),0,No Person Injured in Vehicle,0,No Person Injured in Vehicle,2,No Alcohol Involved,2,No Alcohol Involved,20461,Chevrolet G-series van,33602,33602,0,No,7,"Two-Way Divided, Unknown if Unprotected Median or Positive Median Barrier",8,Not Reported,45,45 MPH,1,Straight,1,Level,2,Wet,0,No Controls,0,No Controls,1,Going Straight,1,Going Straight,61,From adjacent lane (same direction) over right lane line,99,Unknown/Not Reported,1,Tracking,1,Stayed in original travel lane,45,"F45-Same Trafficway, Same Direction-Angle, Sideswipe-Straight Ahead on Left/Right",207,"Same Trafficway, Same Direction-Sideswipe, Angle, Vehicle on Left"
202304646225,1,12,12,12,3,"South (MD, DE, DC, WV, VA, KY, TN, NC, SC, GA, FL, AL, MS, LA, AR, OK, TX)",1,Urban Area,10,Stratum 10 - Other,4142,222.0578669,2,1,January,11,11:00am-11:59am,0,0,12,Motor Vehicle In-Transport,1,Front-to-Rear,1,01,1,Motor Vehicle In-Transport (Inside or Outside the Trafficway),0,No,5NPE24AFXFH0,5NPE24AFXFH0,2015,2015,2015,2015,498,Hyundai,2459,Sonata,13,Sedan/Saloon,55,Hyundai,33,4,"4-door sedan, hardtop",0,Not Applicable,11,"Class 1: 6,000 lbs. or less (2,722 kg or less)",11,"Class 1: 6,000 lbs. or less (2,722 kg or less)",0,No Trailers,777777777777,No Trailing Units,777777777777,No Trailing Units,777777777777,No Trailing Units,77,No Trailing Units,77,No Trailing Units,77,No Trailing Units,0,Not an Articulated Vehicle,00000000000,Not Applicable,0,Not Applicable,0,Not Applicable,0,Not Applicable,0,Not Applicable (N/A),1,No,0,Not Applicable,0,Not Applicable,0,Not Applicable,0,Not Applicable,0,Not a Bus,0,No Special Use Noted,0,Not Applicable,10,010 MPH,8,Not Reported,0,No Rollover,0,No Rollover,12,12 Clock Point,12,12 Clock Point,2,Minor Damage,5,Not Towed,12,Motor Vehicle In-Transport,12,Motor Vehicle In-Transport,0,No or Not Reported,1,Yes,0,No Apparent Injury (O),0,No Apparent Injury (O),0,No Person Injured in Vehicle,0,No Person Injured in Vehicle,2,No Alcohol Involved,2,No Alcohol Involved,55033,Hyundai Sonata,33607,33607,0,No,2,"Two-Way, Divided, Unprotected Median",8,Not Reported,35,35 MPH,1,Straight,1,Level,2,Wet,0,No Controls,0,No Controls,4,Starting in Road,4,Starting in Road,50,Other vehicle stopped,99,Unknown/Not Reported,1,Tracking,1,Stayed in original travel lane,20,"D20-Same Trafficway, Same Direction-Rear End-Stopped",202,"Same Trafficway, Same Direction-Rear End, Lead Vehicle"
202304646225,2,12,12,12,3,"South (MD, DE, DC, WV, VA, KY, TN, NC, SC, GA, FL, AL, MS, LA, AR, OK, TX)",1,Urban Area,10,Stratum 10 - Other,4142,222.0578669,2,1,January,11,11:00am-11:59am,0,0,12,Motor Vehicle In-Transport,1,Front-to-Rear,1,01,1,Motor Vehicle In-Transport (Inside or Outside the Trafficway),0,No,1FMCU59329KB,1FMCU59329KB,2009,2009,2009,2009,460,Ford,1798,Escape,7,Sport Utility Vehicle (SUV)/Multi-Purpose Vehicle (MPV),12,Ford,402,14,"Compact Utility (Utility Vehicle Categories ""Small"" and ""Midsize"")",0,Not Applicable,11,"Class 1: 6,000 lbs. or less (2,722 kg or less)",11,"Class 1: 6,000 lbs. or less (2,722 kg or less)",0,No Trailers,777777777777,No Trailing Units,777777777777,No Trailing Units,777777777777,No Trailing Units,77,No Trailing Units,77,No Trailing Units,77,No Trailing Units,0,Not an Articulated Vehicle,00000000000,Not Applicable,0,Not Applicable,0,Not Applicable,0,Not Applicable,0,Not Applicable (N/A),1,No,0,Not Applicable,0,Not Applicable,0,Not Applicable,0,Not Applicable,0,Not a Bus,0,No Special Use Noted,0,Not Applicable,0,Stopped Motor Vehicle In- Transport,8,Not Reported,0,No Rollover,0,No Rollover,6,6 Clock Point,6,6 Clock Point,2,Minor Damage,5,Not Towed,12,Motor Vehicle In-Transport,12,Motor Vehicle In-Transport,0,No or Not Reported,1,Yes,0,No Apparent Injury (O),0,No Apparent Injury (O),0,No Person Injured in Vehicle,0,No Person Injured in Vehicle,2,No Alcohol Involved,2,No Alcohol Involved,12402,Ford Escape,33605,33605,0,No,2,"Two-Way, Divided, Unprotected Median",8,Not Reported,35,35 MPH,1,Straight,1,Level,2,Wet,0,No Controls,0,No Controls,5,Stopped in Roadway,5,Stopped in Roadway,53,Traveling in same direction with higher speed,1,No Avoidance Maneuver,1,Tracking,1,Stayed in original travel lane,21,"D21-Same Trafficway, Same Direction-Rear End-Stopped, Straight",201,"Same Trafficway, Same Direction-Rear End, Trailing Vehicle"
202304646241,1,75,75,19,3,"South (MD, DE, DC, WV, VA, KY, TN, NC, SC, GA, FL, AL, MS, LA, AR, OK, TX)",2,Rural Area,5,Stratum 5 - NLMY PV Serious Injury,4144,25.061743809,1,1,January,17,5:00pm-5:59pm,58,58,52,Guardrail End,0,The First Harmful Event was Not a Collision with a Motor Vehicle In-Transport,1,01,1,Motor Vehicle In-Transport (Inside or Outside the Trafficway),0,No,5TFDY5F11EX3,5TFDY5F11EX3,2014,2014,2014,2014,448,Toyota,2467,Tundra,60,Pickup,49,Toyota,482,34,Light Pickup,0,Not Applicable,12,"Class 2: 6,001 - 10,000 lbs. (2,722 - 4,536 kg)",12,"Class 2: 6,001 - 10,000 lbs. (2,722 - 4,536 kg)",0,No Trailers,777777777777,No Trailing Units,777777777777,No Trailing Units,777777777777,No Trailing Units,77,No Trailing Units,77,No Trailing Units,77,No Trailing Units,0,Not an Articulated Vehicle,00000000000,Not Applicable,0,Not Applicable,0,Not Applicable,0,Not Applicable,0,Not Applicable (N/A),1,No,0,Not Applicable,0,Not Applicable,0,Not Applicable,0,Not Applicable,0,Not a Bus,0,No Special Use Noted,0,Not Applicable,998,Not Reported,7,Not Applicable,0,No Rollover,0,No Rollover,12,12 Clock Point,12,12 Clock Point,6,Disabling Damage,6,Towed,52,Guardrail End,52,Guardrail End,0,No or Not Reported,1,Yes,3,Suspected Serious Injury (A),3,Suspected Serious Injury (A),1,1,1,1,2,No Alcohol Involved,2,No Alcohol Involved,49482,Toyota Tundra,21740,21740,3,"Yes, Exceeded Speed Limit",1,"Two-Way, Not Divided",2,Two lanes,40,40 MPH,1,Straight,1,Level,1,Dry,97,Not Reported,8,Not Reported,1,Going Straight,1,Going Straight,9,Unknown cause of control loss,99,Unknown/Not Reported,9,Precrash stability unknown,4,Departed roadway,2,A2-Single Driver-Right Roadside Departure-Control/Traction Loss,101,Single Driver-Right Roadside Departure
202304646246,1,78,78,10,3,"South (MD, DE, DC, WV, VA, KY, TN, NC, SC, GA, FL, AL, MS, LA, AR, OK, TX)",1,Urban Area,2,Stratum 2 - Not a MV Occupant Any Injury,4146,23.300984338,1,1,January,20,8:00pm-8:59pm,0,0,8,Pedestrian,0,The First Harmful Event was Not a Collision with a Motor Vehicle In-Transport,2,02,1,Motor Vehicle In-Transport (Inside or Outside the Trafficway),0,No,KNMAT2MT9FP5,KNMAT2MT9FP5,2015,2015,2015,2015,478,Nissan,1913,Rogue,8,Crossover Utility Vehicle (CUV),35,Nissan/Datsun,51,6,Station Wagon (excluding van and truck based),0,Not Applicable,11,"Class 1: 6,000 lbs. or less (2,722 kg or less)",11,"Class 1: 6,000 lbs. or less (2,722 kg or less)",0,No Trailers,777777777777,No Trailing Units,777777777777,No Trailing Units,777777777777,No Trailing Units,77,No Trailing Units,77,No Trailing Units,77,No Trailing Units,0,Not an Articulated Vehicle,00000000000,Not Applicable,0,Not Applicable,0,Not Applicable,0,Not Applicable,0,Not Applicable (N/A),1,No,0,Not Applicable,0,Not Applicable,0,Not Applicable,0,Not Applicable,0,Not a Bus,0,No Special Use Noted,0,Not Applicable,45,045 MPH,7,Not Applicable,0,No Rollover,0,No Rollover,12,12 Clock Point,12,12 Clock Point,2,Minor Damage,8,Not Reported,8,Pedestrian,8,Pedestrian,0,No or Not Reported,1,Yes,0,No Apparent Injury (O),0,No Apparent Injury (O),0,No Person Injured in Vehicle,0,No Person Injured in Vehicle,2,No Alcohol Involved,2,No Alcohol Involved,35051,"Nissan/Datsun Rogue (For 2008-2018 only.  For model years 2019 on, see 35-404.)",33928,33928,0,No,7,"Two-Way Divided, Unknown if Unprotected Median or Positive Median Barrier",6,Six lanes,45,45 MPH,1,Straight,1,Level,1,Dry,3,Traffic control signal(on colors) not known whether or not Pedestrian Signal,3,Device Functioning Properly,1,Going Straight,1,Going Straight,80,Pedestrian in road,99,Unknown/Not Reported,1,Tracking,1,Stayed in original travel lane,13,C13-Single Driver-Forward Impact-Pedestrian/ Animal,103,Single Driver-Struck Object While Moving Forward
202304646254,1,78,78,10,3,"South (MD, DE, DC, WV, VA, KY, TN, NC, SC, GA, FL, AL, MS, LA, AR, OK, TX)",1,Urban Area,8,Stratum 8 - NLMY PV Minor Injury,4146,134.67439368,2,1,January,18,6:00pm-6:59pm,10,10,12,Motor Vehicle In-Transport,6,Angle,1,01,1,Motor Vehicle In-Transport (Inside or Outside the Trafficway),0,No,1ZVHT84N2552,1ZVHT84N2552,2005,2005,2005,2005,460,Ford,1781,Mustang,1,Convertible/Cabriolet,12,Ford,3,1,"Convertible(excludes sun-roof,t-bar)",0,Not Applicable,11,"Class 1: 6,000 lbs. or less (2,722 kg or less)",11,"Class 1: 6,000 lbs. or less (2,722 kg or less)",0,No Trailers,777777777777,No Trailing Units,777777777777,No Trailing Units,777777777777,No Trailing Units,77,No Trailing Units,77,No Trailing Units,77,No Trailing Units,0,Not an Articulated Vehicle,00000000000,Not Applicable,0,Not Applicable,0,Not Applicable,0,Not Applicable,0,Not Applicable (N/A),1,No,0,Not Applicable,0,Not Applicable,0,Not Applicable,0,Not Applicable,0,Not a Bus,0,No Special Use Noted,0,Not Applicable,5,005 MPH,0,No Underride or Override,0,No Rollover,0,No Rollover,83,Right-Back Side,83,Right-Back Side,6,Disabling Damage,6,Towed,12,Motor Vehicle In-Transport,12,Motor Vehicle In-Transport,0,No or Not Reported,1,Yes,1,Possible Injury (C),1,Possible Injury (C),1,1,1,1,2,No Alcohol Involved,2,No Alcohol Involved,12003,Ford Mustang/Mustang II,33901,33901,0,No,1,"Two-Way, Not Divided",2,Two lanes,30,30 MPH,1,Straight,1,Level,1,Dry,0,No Controls,0,No Controls,11,Turning Left,11,Turning Left,15,Turning Left,99,Unknown/Not Reported,1,Tracking,1,Stayed in original travel lane,68,J68-Trafficway Vehicle Turning-Turn Across Path-Initial Opposite Directions (Left/Right),401,"Changing Trafficway, Vehicle Turning-Turn Across Path, Initial Opposite Directions [Left/Right]"
202304646254,2,78,78,10,3,"South (MD, DE, DC, WV, VA, KY, TN, NC, SC, GA, FL, AL, MS, LA, AR, OK, TX)",1,Urban Area,8,Stratum 8 - NLMY PV Minor Injury,4146,134.67439368,2,1,January,18,6:00pm-6:59pm,10,10,12,Motor Vehicle In-Transport,6,Angle,4,04,1,Motor Vehicle In-Transport (Inside or Outside the Trafficway),0,No,1N4AL3APXFC1,1N4AL3APXFC1,2015,2015,2015,2015,478,Nissan,1904,Altima,13,Sedan/Saloon,35,Nissan/Datsun,47,4,"4-door sedan, hardtop",0,Not Applicable,11,"Class 1: 6,000 lbs. or less (2,722 kg or less)",11,"Class 1: 6,000 lbs. or less (2,722 kg or less)",0,No Trailers,777777777777,No Trailing Units,777777777777,No Trailing Units,777777777777,No Trailing Units,77,No Trailing Units,77,No Trailing Units,77,No Trailing Units,0,Not an Articulated Vehicle,00000000000,Not Applicable,0,Not Applicable,0,Not Applicable,0,Not Applicable,0,Not Applicable (N/A),1,No,0,Not Applicable,0,Not Applicable,0,Not Applicable,0,Not Applicable,0,Not a Bus,0,No Special Use Noted,0,Not Applicable,20,020 MPH,0,No Underride or Override,0,No Rollover,0,No Rollover,12,12 Clock Point,12,12 Clock Point,6,Disabling Damage,6,Towed,12,Motor Vehicle In-Transport,12,Motor Vehicle In-Transport,0,No or Not Reported,1,Yes,1,Possible Injury (C),1,Possible Injury (C),1,1,1,1,2,No Alcohol Involved,2,No Alcohol Involved,35047,Nissan/Datsun Altima,33916,33916,0,No,1,"Two-Way, Not Divided",2,Two lanes,30,30 MPH,1,Straight,1,Level,1,Dry,0,No Controls,0,No Controls,1,Going Straight,1,Going Straight,62,From opposite direction  over left lane line,99,Unknown/Not Reported,1,Tracking,1,Stayed in original travel lane,69,J69-Trafficway Vehicle Turning-Turn Across Path-Initial Opposite Directions (Going Straight),402,"Changing Trafficway, Vehicle Turning-Turn Across Path, Initial Opposite Directions [Going Straight]"
202304646294,1,78,78,10,3,"South (MD, DE, DC, WV, VA, KY, TN, NC, SC, GA, FL, AL, MS, LA, AR, OK, TX)",1,Urban Area,2,Stratum 2 - Not a MV Occupant Any Injury,4146,23.300984338,1,1,January,12,12:00pm-12:59pm,10,10,8,Pedestrian,0,The First Harmful Event was Not a Collision with a Motor Vehicle In-Transport,1,01,1,Motor Vehicle In-Transport (Inside or Outside the Trafficway),0,No,JTDKAMFU8N31,JTDKAMFU8N31,2022,2022,2022,2022,448,Toyota,2209,PRIUS,5,Hatchback/Liftback/Notchback,49,Toyota,46,5,5-door/4-door hatchback,0,Not Applicable,11,"Class 1: 6,000 lbs. or less (2,722 kg or less)",11,"Class 1: 6,000 lbs. or less (2,722 kg or less)",0,No Trailers,777777777777,No Trailing Units,777777777777,No Trailing Units,777777777777,No Trailing Units,77,No Trailing Units,77,No Trailing Units,77,No Trailing Units,0,Not an Articulated Vehicle,00000000000,Not Applicable,0,Not Applicable,0,Not Applicable,0,Not Applicable,0,Not Applicable (N/A),1,No,0,Not Applicable,0,Not Applicable,0,Not Applicable,0,Not Applicable,0,Not a Bus,0,No Special Use Noted,0,Not Applicable,5,005 MPH,7,Not Applicable,0,No Rollover,0,No Rollover,12,12 Clock Point,12,12 Clock Point,0,No Damage,5,Not Towed,8,Pedestrian,8,Pedestrian,0,No or Not Reported,1,Yes,0,No Apparent Injury (O),0,No Apparent Injury (O),0,No Person Injured in Vehicle,0,No Person Injured in Vehicle,2,No Alcohol Involved,2,No Alcohol Involved,49046,Toyota Prius *,1701,1701,0,No,1,"Two-Way, Not Divided",8,Not Reported,98,Not Reported,1,Straight,1,Level,1,Dry,0,No Controls,0,No Controls,11,Turning Left,11,Turning Left,80,Pedestrian in road,1,No Avoidance Maneuver,1,Tracking,1,Stayed in original travel lane,13,C13-Single Driver-Forward Impact-Pedestrian/ Animal,103,Single Driver-Struck Object While Moving Forward
202304646314,1,78,78,10,3,"South (MD, DE, DC, WV, VA, KY, TN, NC, SC, GA, FL, AL, MS, LA, AR, OK, TX)",1,Urban Area,10,Stratum 10 - Other,4146,222.24582732,1,1,January,6,6:00am-6:59am,0,0,34,Ditch,0,The First Harmful Event was Not a Collision with a Motor Vehicle In-Transport,1,01,1,Motor Vehicle In-Transport (Inside or Outside the Trafficway),0,No,2HGES165X5H6,2HGES165X5H6,2005,2005,2005,2005,474,Honda,1863,Civic,13,Sedan/Saloon,37,Honda,31,4,"4-door sedan, hardtop",0,Not Applicable,11,"Class 1: 6,000 lbs. or less (2,722 kg or less)",11,"Class 1: 6,000 lbs. or less (2,722 kg or less)",0,No Trailers,777777777777,No Trailing Units,777777777777,No Trailing Units,777777777777,No Trailing Units,77,No Trailing Units,77,No Trailing Units,77,No Trailing Units,0,Not an Articulated Vehicle,00000000000,Not Applicable,0,Not Applicable,0,Not Applicable,0,Not Applicable,0,Not Applicable (N/A),1,No,0,Not Applicable,0,Not Applicable,0,Not Applicable,0,Not Applicable,0,Not a Bus,0,No Special Use Noted,0,Not Applicable,20,020 MPH,7,Not Applicable,0,No Rollover,0,No Rollover,12,12 Clock Point,12,12 Clock Point,2,Minor Damage,5,Not Towed,34,Ditch,34,Ditch,0,No or Not Reported,1,Yes,0,No Apparent Injury (O),0,No Apparent Injury (O),0,No Person Injured in Vehicle,0,No Person Injured in Vehicle,2,No Alcohol Involved,2,No Alcohol Involved,37031,"Honda Civic/CRX, del Sol",34142,34142,0,No,1,"Two-Way, Not Divided",8,Not Reported,25,25 MPH,1,Straight,1,Level,1,Dry,0,No Controls,0,No Controls,11,Turning Left,11,Turning Left,13,Off the edge of the road on the right side,99,Unknown/Not Reported,1,Tracking,4,Departed roadway,1,A1-Single Driver-Right Roadside Departure-Drive Off Road,101,Single Driver-Right Roadside Departure
202304646347,1,40,40,15,3,"South (MD, DE, DC, WV, VA, KY, TN, NC, SC, GA, FL, AL, MS, LA, AR, OK, TX)",1,Urban Area,10,Stratum 10 - Other,4147,221.35366521,2,1,January,8,8:00am-8:59am,6,6,12,Motor Vehicle In-Transport,1,Front-to-Rear,1,01,1,Motor Vehicle In-Transport (Inside or Outside the Trafficway),0,No,1GC1KUEG8JF1,1GC1KUEG8JF1,2018,2018,2018,2018,467,Chevrolet,1850,Silverado,60,Pickup,20,Chevrolet,481,34,Light Pickup,0,Not Applicable,12,"Class 2: 6,001 - 10,000 lbs. (2,722 - 4,536 kg)",12,"Class 2: 6,001 - 10,000 lbs. (2,722 - 4,536 kg)",0,No Trailers,777777777777,No Trailing Units,777777777777,No Trailing Units,777777777777,No Trailing Units,77,No Trailing Units,77,No Trailing Units,77,No Trailing Units,0,Not an Articulated Vehicle,00000000000,Not Applicable,0,Not Applicable,0,Not Applicable,0,Not Applicable,0,Not Applicable (N/A),1,No,0,Not Applicable,0,Not Applicable,0,Not Applicable,0,Not Applicable,0,Not a Bus,0,No Special Use Noted,0,Not Applicable,45,045 MPH,8,Not Reported,0,No Rollover,0,No Rollover,12,12 Clock Point,12,12 Clock Point,7,"Damage Reported, Extent Unknown",8,Not Reported,12,Motor Vehicle In-Transport,12,Motor Vehicle In-Transport,0,No or Not Reported,1,Yes,0,No Apparent Injury (O),0,No Apparent Injury (O),0,No Person Injured in Vehicle,0,No Person Injured in Vehicle,2,No Alcohol Involved,2,No Alcohol Involved,20481,"Chevrolet C, K, R, V-series pickup/Silverado",99998,Not Reported,0,No,3,"Two-Way,  Divided, Positive  Median Barrier",3,Three lanes,55,55 MPH,1,Straight,1,Level,1,Dry,97,Not Reported,8,Not Reported,1,Going Straight,1,Going Straight,52,Traveling in same direction while decelerating,99,Unknown/Not Reported,1,Tracking,1,Stayed in original travel lane,28,"D28-Same Trafficway, Same Direction-Rear End-Decelerating (Slowing)",202,"Same Trafficway, Same Direction-Rear End, Lead Vehicle"
202304646347,2,40,40,15,3,"South (MD, DE, DC, WV, VA, KY, TN, NC, SC, GA, FL, AL, MS, LA, AR, OK, TX)",1,Urban Area,10,Stratum 10 - Other,4147,221.35366521,2,1,January,8,8:00am-8:59am,6,6,12,Motor Vehicle In-Transport,1,Front-to-Rear,1,01,1,Motor Vehicle In-Transport (Inside or Outside the Trafficway),0,No,JM3KFBCM9J03,JM3KFBCM9J03,2018,2018,2018,2018,473,Mazda,2369,CX-5,7,Sport Utility Vehicle (SUV)/Multi-Purpose Vehicle (MPV),41,Mazda,403,14,"Compact Utility (Utility Vehicle Categories ""Small"" and ""Midsize"")",0,Not Applicable,11,"Class 1: 6,000 lbs. or less (2,722 kg or less)",11,"Class 1: 6,000 lbs. or less (2,722 kg or less)",0,No Trailers,777777777777,No Trailing Units,777777777777,No Trailing Units,777777777777,No Trailing Units,77,No Trailing Units,77,No Trailing Units,77,No Trailing Units,0,Not an Articulated Vehicle,00000000000,Not Applicable,0,Not Applicable,0,Not Applicable,0,Not Applicable,0,Not Applicable (N/A),1,No,0,Not Applicable,0,Not Applicable,0,Not Applicable,0,Not Applicable,0,Not a Bus,0,No Special Use Noted,0,Not Applicable,45,045 MPH,8,Not Reported,0,No Rollover,0,No Rollover,6,6 Clock Point,6,6 Clock Point,7,"Damage Reported, Extent Unknown",8,Not Reported,12,Motor Vehicle In-Transport,12,Motor Vehicle In-Transport,0,No or Not Reported,1,Yes,0,No Apparent Injury (O),0,No Apparent Injury (O),0,No Person Injured in Vehicle,0,No Person Injured in Vehicle,2,No Alcohol Involved,2,No Alcohol Involved,41403,Mazda CX5,99998,Not Reported,0,No,3,"Two-Way,  Divided, Positive  Median Barrier",3,Three lanes,55,55 MPH,1,Straight,1,Level,1,Dry,97,Not Reported,8,Not Reported,2,Decelerating in Road,2,Decelerating in Road,53,Traveling in same direction with higher speed,99,Unknown/Not Reported,1,Tracking,1,Stayed in original travel lane,29,"D29-Same Trafficway, Same Direction-Rear End-Decelerating (Slowing), Going Straight",201,"Same Trafficway, Same Direction-Rear End, Trailing Vehicle"
202304646363,1,77,77,9,2,"Midwest (OH, IN, IL, MI, WI, MN, ND, SD, NE, IA, MO, KS)",2,Rural Area,10,Stratum 10 - Other,4151,217.37927863,1,1,January,6,6:00am-6:59am,50,50,11,Live Animal,0,The First Harmful Event was Not a Collision with a Motor Vehicle In-Transport,1,01,1,Motor Vehicle In-Transport (Inside or Outside the Trafficway),0,No,1FTFW1ET4BFC,1FTFW1ET4BFC,2011,2011,2011,2011,460,Ford,1801,F-150,60,Pickup,12,Ford,481,34,Light Pickup,0,Not Applicable,12,"Class 2: 6,001 - 10,000 lbs. (2,722 - 4,536 kg)",12,"Class 2: 6,001 - 10,000 lbs. (2,722 - 4,536 kg)",0,No Trailers,777777777777,No Trailing Units,777777777777,No Trailing Units,777777777777,No Trailing Units,77,No Trailing Units,77,No Trailing Units,77,No Trailing Units,0,Not an Articulated Vehicle,00000000000,Not Applicable,0,Not Applicable,0,Not Applicable,0,Not Applicable,0,Not Applicable (N/A),1,No,0,Not Applicable,0,Not Applicable,0,Not Applicable,0,Not Applicable,0,Not a Bus,0,No Special Use Noted,0,Not Applicable,998,Not Reported,7,Not Applicable,0,No Rollover,0,No Rollover,12,12 Clock Point,12,12 Clock Point,6,Disabling Damage,6,Towed,11,Live Animal,11,Live Animal,0,No or Not Reported,1,Yes,0,No Apparent Injury (O),0,No Apparent Injury (O),0,No Person Injured in Vehicle,0,No Person Injured in Vehicle,9,Reported as Unknown,2,No Alcohol Involved,12481,Ford F-Series pickup,99998,Not Reported,0,No,7,"Two-Way Divided, Unknown if Unprotected Median or Positive Median Barrier",2,Two lanes,98,Not Reported,1,Straight,8,Not Reported,98,Not Reported,97,Not Reported,8,Not Reported,1,Going Straight,1,Going Straight,88,Animal approaching road,99,Unknown/Not Reported,1,Tracking,1,Stayed in original travel lane,13,C13-Single Driver-Forward Impact-Pedestrian/ Animal,103,Single Driver-Struck Object While Moving Forward
202304646373,1,39,39,7,2,"Midwest (OH, IN, IL, MI, WI, MN, ND, SD, NE, IA, MO, KS)",1,Urban Area,9,Stratum 9 - LMY PV No Injuries in Crash,4154,134.35656935,2,1,January,9,9:00am-9:59am,42,42,12,Motor Vehicle In-Transport,6,Angle,1,01,1,Motor Vehicle In-Transport (Inside or Outside the Trafficway),0,No,3N1AB7AP0EY2,3N1AB7AP0EY2,2014,2014,2014,2014,478,Nissan,1907,Sentra,13,Sedan/Saloon,35,Nissan/Datsun,43,4,"4-door sedan, hardtop",0,Not Applicable,11,"Class 1: 6,000 lbs. or less (2,722 kg or less)",11,"Class 1: 6,000 lbs. or less (2,722 kg or less)",0,No Trailers,777777777777,No Trailing Units,777777777777,No Trailing Units,777777777777,No Trailing Units,77,No Trailing Units,77,No Trailing Units,77,No Trailing Units,0,Not an Articulated Vehicle,00000000000,Not Applicable,0,Not Applicable,0,Not Applicable,0,Not Applicable,0,Not Applicable (N/A),1,No,0,Not Applicable,0,Not Applicable,0,Not Applicable,0,Not Applicable,0,Not a Bus,0,No Special Use Noted,0,Not Applicable,998,Not Reported,8,Not Reported,0,No Rollover,0,No Rollover,12,12 Clock Point,12,12 Clock Point,4,Functional Damage,5,Not Towed,12,Motor Vehicle In-Transport,12,Motor Vehicle In-Transport,0,No or Not Reported,1,Yes,0,No Apparent Injury (O),0,No Apparent Injury (O),0,No Person Injured in Vehicle,0,No Person Injured in Vehicle,2,No Alcohol Involved,2,No Alcohol Involved,35043,Nissan/Datsun Sentra,55112,55112,0,No,2,"Two-Way, Divided, Unprotected Median",3,Three lanes,50,50 MPH,1,Straight,1,Level,4,Ice/Frost,3,Traffic control signal(on colors) not known whether or not Pedestrian Signal,3,Device Functioning Properly,1,Going Straight,1,Going Straight,62,From opposite direction  over left lane line,99,Unknown/Not Reported,1,Tracking,1,Stayed in original travel lane,69,J69-Trafficway Vehicle Turning-Turn Across Path-Initial Opposite Directions (Going Straight),402,"Changing Trafficway, Vehicle Turning-Turn Across Path, Initial Opposite Directions [Going Straight]"
202304646373,2,39,39,7,2,"Midwest (OH, IN, IL, MI, WI, MN, ND, SD, NE, IA, MO, KS)",1,Urban Area,9,Stratum 9 - LMY PV No Injuries in Crash,4154,134.35656935,2,1,January,9,9:00am-9:59am,42,42,12,Motor Vehicle In-Transport,6,Angle,1,01,1,Motor Vehicle In-Transport (Inside or Outside the Trafficway),0,No,JM3KFBCM3P01,JM3KFBCM3P01,2023,2023,2023,2023,473,Mazda,2369,CX-5,7,Sport Utility Vehicle (SUV)/Multi-Purpose Vehicle (MPV),41,Mazda,403,14,"Compact Utility (Utility Vehicle Categories ""Small"" and ""Midsize"")",0,Not Applicable,11,"Class 1: 6,000 lbs. or less (2,722 kg or less)",11,"Class 1: 6,000 lbs. or less (2,722 kg or less)",0,No Trailers,777777777777,No Trailing Units,777777777777,No Trailing Units,777777777777,No Trailing Units,77,No Trailing Units,77,No Trailing Units,77,No Trailing Units,0,Not an Articulated Vehicle,00000000000,Not Applicable,0,Not Applicable,0,Not Applicable,0,Not Applicable,0,Not Applicable (N/A),1,No,0,Not Applicable,0,Not Applicable,0,Not Applicable,0,Not Applicable,0,Not a Bus,0,No Special Use Noted,0,Not Applicable,998,Not Reported,8,Not Reported,0,No Rollover,0,No Rollover,3,3 Clock Point,3,3 Clock Point,4,Functional Damage,5,Not Towed,12,Motor Vehicle In-Transport,12,Motor Vehicle In-Transport,0,No or Not Reported,1,Yes,0,No Apparent Injury (O),0,No Apparent Injury (O),0,No Person Injured in Vehicle,0,No Person Injured in Vehicle,2,No Alcohol Involved,2,No Alcohol Involved,41403,Mazda CX5,55112,55112,0,No,2,"Two-Way, Divided, Unprotected Median",3,Three lanes,35,35 MPH,1,Straight,1,Level,4,Ice/Frost,3,Traffic control signal(on colors) not known whether or not Pedestrian Signal,3,Device Functioning Properly,11,Turning Left,11,Turning Left,15,Turning Left,99,Unknown/Not Reported,1,Tracking,1,Stayed in original travel lane,68,J68-Trafficway Vehicle Turning-Turn Across Path-Initial Opposite Directions (Left/Right),401,"Changing Trafficway, Vehicle Turning-Turn Across Path, Initial Opposite Directions [Left/Right]"
202304646374,1,39,39,7,2,"Midwest (OH, IN, IL, MI, WI, MN, ND, SD, NE, IA, MO, KS)",1,Urban Area,10,Stratum 10 - Other,4154,210.86019124,1,1,January,10,10:00am-10:59am,15,15,14,Parked Motor Vehicle,0,The First Harmful Event was Not a Collision with a Motor Vehicle In-Transport,99,Unknown,1,Motor Vehicle In-Transport (Inside or Outside the Trafficway),1,Yes,888888888888,Not Reported,9999,Unknown,2017,2017,474,Honda,99999,Unknown,5,Hatchback/Liftback/Notchback,37,Honda,399,7,"Hatchback, number of doors unknown",0,Not Applicable,11,"Class 1: 6,000 lbs. or less (2,722 kg or less)",12,"Class 2: 6,001 - 10,000 lbs. (2,722 - 4,536 kg)",0,No Trailers,777777777777,No Trailing Units,777777777777,No Trailing Units,777777777777,No Trailing Units,77,No Trailing Units,77,No Trailing Units,77,No Trailing Units,0,Not an Articulated Vehicle,00000000000,Not Applicable,0,Not Applicable,0,Not Applicable,0,Not Applicable,0,Not Applicable (N/A),1,No,0,Not Applicable,0,Not Applicable,0,Not Applicable,0,Not Applicable,0,Not a Bus,0,No Special Use Noted,0,Not Applicable,998,Not Reported,8,Not Reported,0,No Rollover,0,No Rollover,1,1 Clock Point,1,1 Clock Point,4,Functional Damage,5,Not Towed,14,Parked Motor Vehicle,14,Parked Motor Vehicle,0,No or Not Reported,1,Yes,9,Unknown/Not Reported,0,No Apparent Injury (O),99,All Persons in Vehicle are unknown if Injured,0,No Person Injured in Vehicle,9,Reported as Unknown,2,No Alcohol Involved,37399,Honda Unknown (automobile),99998,Not Reported,0,No,1,"Two-Way, Not Divided",2,Two lanes,25,25 MPH,1,Straight,1,Level,3,Snow,0,No Controls,0,No Controls,1,Going Straight,1,Going Straight,11,Over the lane line on right side of travel lane,99,Unknown/Not Reported,1,Tracking,4,Departed roadway,11,C11-Single Driver-Forward Impact-Parked Veh.,103,Single Driver-Struck Object While Moving Forward
202304646389,1,39,39,7,2,"Midwest (OH, IN, IL, MI, WI, MN, ND, SD, NE, IA, MO, KS)",1,Urban Area,8,Stratum 8 - NLMY PV Minor Injury,4154,128.45262486,3,1,January,15,3:00pm-3:59pm,22,22,12,Motor Vehicle In-Transport,6,Angle,3,03,1,Motor Vehicle In-Transport (Inside or Outside the Trafficway),0,No,1C6RR7XT2JS3,1C6RR7XT2JS3,2018,2018,2018,2018,496,Ram,13620,1500,60,Pickup,7,Dodge,482,34,Light Pickup,0,Not Applicable,12,"Class 2: 6,001 - 10,000 lbs. (2,722 - 4,536 kg)",12,"Class 2: 6,001 - 10,000 lbs. (2,722 - 4,536 kg)",0,No Trailers,777777777777,No Trailing Units,777777777777,No Trailing Units,777777777777,No Trailing Units,77,No Trailing Units,77,No Trailing Units,77,No Trailing Units,0,Not an Articulated Vehicle,00000000000,Not Applicable,0,Not Applicable,0,Not Applicable,0,Not Applicable,0,Not Applicable (N/A),1,No,0,Not Applicable,0,Not Applicable,0,Not Applicable,0,Not Applicable,0,Not a Bus,5,Police,5,"Emergency Operation, Emergency Warning Equipment in Use",998,Not Reported,8,Not Reported,0,No Rollover,0,No Rollover,12,12 Clock Point,12,12 Clock Point,6,Disabling Damage,6,Towed,12,Motor Vehicle In-Transport,12,Motor Vehicle In-Transport,0,No or Not Reported,1,Yes,0,No Apparent Injury (O),0,No Apparent Injury (O),0,No Person Injured in Vehicle,0,No Person Injured in Vehicle,2,No Alcohol Involved,2,No Alcohol Involved,7482,Dodge Ram Pickup,55102,55102,0,No,2,"Two-Way, Divided, Unprotected Median",3,Three lanes,20,20 MPH,1,Straight,1,Level,98,Not Reported,3,Traffic control signal(on colors) not known whether or not Pedestrian Signal,3,Device Functioning Properly,1,Going Straight,1,Going Straight,66,"From crossing street, across path",99,Unknown/Not Reported,1,Tracking,1,Stayed in original travel lane,88,L88-Intersecting Paths-Straight Paths-Striking from the Left,503,"Intersecting Paths-Straight Paths, Striking from the Left"
202304646389,2,39,39,7,2,"Midwest (OH, IN, IL, MI, WI, MN, ND, SD, NE, IA, MO, KS)",1,Urban Area,8,Stratum 8 - NLMY PV Minor Injury,4154,128.45262486,3,1,January,15,3:00pm-3:59pm,22,22,12,Motor Vehicle In-Transport,6,Angle,1,01,1,Motor Vehicle In-Transport (Inside or Outside the Trafficway),0,No,1Y1SK5285YZ4,1Y1SK5285YZ4,2000,2000,2000,2000,467,Chevrolet,3531,Geo Prizm,13,Sedan/Saloon,20,Chevrolet,32,4,"4-door sedan, hardtop",0,Not Applicable,11,"Class 1: 6,000 lbs. or less (2,722 kg or less)",11,"Class 1: 6,000 lbs. or less (2,722 kg or less)",0,No Trailers,777777777777,No Trailing Units,777777777777,No Trailing Units,777777777777,No Trailing Units,77,No Trailing Units,77,No Trailing Units,77,No Trailing Units,0,Not an Articulated Vehicle,00000000000,Not Applicable,0,Not Applicable,0,Not Applicable,0,Not Applicable,0,Not Applicable (N/A),1,No,0,Not Applicable,0,Not Applicable,0,Not Applicable,0,Not Applicable,0,Not a Bus,0,No Special Use Noted,0,Not Applicable,998,Not Reported,8,Not Reported,0,No Rollover,0,No Rollover,62,Left-Front Side,62,Left-Front Side,6,Disabling Damage,6,Towed,12,Motor Vehicle In-Transport,12,Motor Vehicle In-Transport,0,No or Not Reported,1,Yes,1,Possible Injury (C),1,Possible Injury (C),1,1,1,1,2,No Alcohol Involved,2,No Alcohol Involved,20032,Chevrolet Nova/Geo Prizm/Prism,55104,55104,9,Reported as Unknown,2,"Two-Way, Divided, Unprotected Median",3,Three lanes,20,20 MPH,1,Straight,1,Level,3,Snow,3,Traffic control signal(on colors) not known whether or not Pedestrian Signal,3,Device Functioning Properly,1,Going Straight,1,Going Straight,17,Crossing Over (Passing Through) Junction,99,Unknown/Not Reported,1,Tracking,1,Stayed in original travel lane,89,L89-Intersecting Paths-Straight Paths-Struck on the left,504,"Intersecting Paths-Straight Paths, Struck on the Left"
202304646389,3,39,39,7,2,"Midwest (OH, IN, IL, MI, WI, MN, ND, SD, NE, IA, MO, KS)",1,Urban Area,8,Stratum 8 - NLMY PV Minor Injury,4154,128.45262486,3,1,January,15,3:00pm-3:59pm,22,22,12,Motor Vehicle In-Transport,6,Angle,1,01,1,Motor Vehicle In-Transport (Inside or Outside the Trafficway),0,No,4S4BRCGC2B34,4S4BRCGC2B34,2011,2011,2011,2011,523,Subaru,2233,Outback,7,Sport Utility Vehicle (SUV)/Multi-Purpose Vehicle (MPV),48,Subaru,45,6,Station Wagon (excluding van and truck based),0,Not Applicable,11,"Class 1: 6,000 lbs. or less (2,722 kg or less)",11,"Class 1: 6,000 lbs. or less (2,722 kg or less)",0,No Trailers,777777777777,No Trailing Units,777777777777,No Trailing Units,777777777777,No Trailing Units,77,No Trailing Units,77,No Trailing Units,77,No Trailing Units,0,Not an Articulated Vehicle,00000000000,Not Applicable,0,Not Applicable,0,Not Applicable,0,Not Applicable,0,Not Applicable (N/A),1,No,0,Not Applicable,0,Not Applicable,0,Not Applicable,0,Not Applicable,0,Not a Bus,0,No Special Use Noted,0,Not Applicable,0,Stopped Motor Vehicle In- Transport,8,Not Reported,0,No Rollover,0,No Rollover,12,12 Clock Point,12,12 Clock Point,2,Minor Damage,5,Not Towed,12,Motor Vehicle In-Transport,12,Motor Vehicle In-Transport,0,No or Not Reported,1,Yes,0,No Apparent Injury (O),0,No Apparent Injury (O),0,No Person Injured in Vehicle,0,No Person Injured in Vehicle,2,No Alcohol Involved,2,No Alcohol Involved,48045,Subaru Outback (2003 on)(see 034 for prior to 2003),55442,55442,0,No,2,"Two-Way, Divided, Unprotected Median",3,Three lanes,20,20 MPH,1,Straight,1,Level,98,Not Reported,3,Traffic control signal(on colors) not known whether or not Pedestrian Signal,3,Device Functioning Properly,5,Stopped in Roadway,5,Stopped in Roadway,66,"From crossing street, across path",1,No Avoidance Maneuver,1,Tracking,1,Stayed in original travel lane,98,M98-Other Crash Type,998,Other Crash Type
202304646401,1,49,49,21,4,"West (MT, ID, WA, OR, CA, NV, NM, AZ, UT, CO, WY, AK, HI)",1,Urban Area,10,Stratum 10 - Other,4015,239.0037764,1,1,January,9,9:00am-9:59am,20,20,30,Utility Pole/Light Support,0,The First Harmful Event was Not a Collision with a Motor Vehicle In-Transport,1,01,1,Motor Vehicle In-Transport (Inside or Outside the Trafficway),0,No,888888888888,Not Reported,2016,2016,2016,2016,515,Lexus,2214,RX,7,Sport Utility Vehicle (SUV)/Multi-Purpose Vehicle (MPV),59,Lexus,403,14,"Compact Utility (Utility Vehicle Categories ""Small"" and ""Midsize"")",0,Not Applicable,11,"Class 1: 6,000 lbs. or less (2,722 kg or less)",12,"Class 2: 6,001 - 10,000 lbs. (2,722 - 4,536 kg)",0,No Trailers,777777777777,No Trailing Units,777777777777,No Trailing Units,777777777777,No Trailing Units,77,No Trailing Units,77,No Trailing Units,77,No Trailing Units,0,Not an Articulated Vehicle,00000000000,Not Applicable,0,Not Applicable,0,Not Applicable,0,Not Applicable,0,Not Applicable (N/A),1,No,0,Not Applicable,0,Not Applicable,0,Not Applicable,0,Not Applicable,0,Not a Bus,0,No Special Use Noted,0,Not Applicable,55,055 MPH,7,Not Applicable,0,No Rollover,0,No Rollover,12,12 Clock Point,12,12 Clock Point,7,"Damage Reported, Extent Unknown",6,Towed,30,Utility Pole/Light Support,30,Utility Pole/Light Support,0,No or Not Reported,1,Yes,0,No Apparent Injury (O),0,No Apparent Injury (O),0,No Person Injured in Vehicle,0,No Person Injured in Vehicle,2,No Alcohol Involved,2,No Alcohol Involved,59403,Lexus RX330/350/400h/450h,95670,95670,4,"Yes, Too Fast for Conditions",1,"Two-Way, Not Divided",2,Two lanes,55,55 MPH,1,Straight,8,Not Reported,6,Water (Standing or Moving),97,Not Reported,8,Not Reported,1,Going Straight,1,Going Straight,6,Traveling Too Fast for Conditions or Road Configuration,99,Unknown/Not Reported,9,Precrash stability unknown,4,Departed roadway,2,A2-Single Driver-Right Roadside Departure-Control/Traction Loss,101,Single Driver-Right Roadside Departure
202304646421,1,35,35,13,3,"South (MD, DE, DC, WV, VA, KY, TN, NC, SC, GA, FL, AL, MS, LA, AR, OK, TX)",1,Urban Area,9,Stratum 9 - LMY PV No Injuries in Crash,4141,141.63889146,2,1,January,12,12:00pm-12:59pm,2,2,12,Motor Vehicle In-Transport,6,Angle,1,01,1,Motor Vehicle In-Transport (Inside or Outside the Trafficway),0,No,1GCEC14X78Z1,1GCEC14X78Z1,2008,2008,2008,2008,467,Chevrolet,1850,Silverado,60,Pickup,20,Chevrolet,481,34,Light Pickup,0,Not Applicable,12,"Class 2: 6,001 - 10,000 lbs. (2,722 - 4,536 kg)",12,"Class 2: 6,001 - 10,000 lbs. (2,722 - 4,536 kg)",0,No Trailers,777777777777,No Trailing Units,777777777777,No Trailing Units,777777777777,No Trailing Units,77,No Trailing Units,77,No Trailing Units,77,No Trailing Units,0,Not an Articulated Vehicle,00000000000,Not Applicable,0,Not Applicable,0,Not Applicable,0,Not Applicable,0,Not Applicable (N/A),1,No,0,Not Applicable,0,Not Applicable,0,Not Applicable,0,Not Applicable,0,Not a Bus,0,No Special Use Noted,0,Not Applicable,998,Not Reported,0,No Underride or Override,0,No Rollover,0,No Rollover,5,5 Clock Point,5,5 Clock Point,2,Minor Damage,5,Not Towed,12,Motor Vehicle In-Transport,12,Motor Vehicle In-Transport,0,No or Not Reported,1,Yes,0,No Apparent Injury (O),0,No Apparent Injury (O),0,No Person Injured in Vehicle,0,No Person Injured in Vehicle,2,No Alcohol Involved,2,No Alcohol Involved,20481,"Chevrolet C, K, R, V-series pickup/Silverado",37037,37037,0,No,8,Not Reported,8,Not Reported,35,35 MPH,1,Straight,8,Not Reported,1,Dry,0,No Controls,0,No Controls,6,Passing or Overtaking Another Vehicle,6,Passing or Overtaking Another Vehicle,17,Crossing Over (Passing Through) Junction,99,Unknown/Not Reported,1,Tracking,2,"Stayed on roadway, but left original travel lane",73,J73-Trafficway Vehicle Turning-Turn Across Path-Initial Same Directions (Going Straight),406,"Changing Trafficway, Vehicle Turning-Turn Across Path, Initial Same Directions [Going Straight, Other Vehicle Turning Left]"
202304646421,2,35,35,13,3,"South (MD, DE, DC, WV, VA, KY, TN, NC, SC, GA, FL, AL, MS, LA, AR, OK, TX)",1,Urban Area,9,Stratum 9 - LMY PV No Injuries in Crash,4141,141.63889146,2,1,January,12,12:00pm-12:59pm,2,2,12,Motor Vehicle In-Transport,6,Angle,1,01,1,Motor Vehicle In-Transport (Inside or Outside the Trafficway),0,No,KNDJ23AU0N78,KNDJ23AU0N78,2022,2022,2022,2022,499,Kia,2460,Soul,7,Sport Utility Vehicle (SUV)/Multi-Purpose Vehicle (MPV),63,KIA,498,14,"Compact Utility (Utility Vehicle Categories ""Small"" and ""Midsize"")",0,Not Applicable,11,"Class 1: 6,000 lbs. or less (2,722 kg or less)",11,"Class 1: 6,000 lbs. or less (2,722 kg or less)",0,No Trailers,777777777777,No Trailing Units,777777777777,No Trailing Units,777777777777,No Trailing Units,77,No Trailing Units,77,No Trailing Units,77,No Trailing Units,0,Not an Articulated Vehicle,00000000000,Not Applicable,0,Not Applicable,0,Not Applicable,0,Not Applicable,0,Not Applicable (N/A),1,No,0,Not Applicable,0,Not Applicable,0,Not Applicable,0,Not Applicable,0,Not a Bus,0,No Special Use Noted,0,Not Applicable,998,Not Reported,0,No Underride or Override,0,No Rollover,0,No Rollover,11,11 Clock Point,11,11 Clock Point,4,Functional Damage,5,Not Towed,12,Motor Vehicle In-Transport,12,Motor Vehicle In-Transport,0,No or Not Reported,1,Yes,0,No Apparent Injury (O),0,No Apparent Injury (O),0,No Person Injured in Vehicle,0,No Person Injured in Vehicle,2,No Alcohol Involved,2,No Alcohol Involved,63498,KIA Other (Light Truck),37087,37087,0,No,8,Not Reported,8,Not Reported,35,35 MPH,1,Straight,8,Not Reported,1,Dry,0,No Controls,0,No Controls,11,Turning Left,11,Turning Left,15,Turning Left,99,Unknown/Not Reported,1,Tracking,1,Stayed in original travel lane,72,J72-Trafficway Vehicle Turning-Turn Across Path-Initial Same Directions (Turning Left),405,"Changing Trafficway, Vehicle Turning-Turn Across Path, Initial Same Directions [Turning Left]"
202304646462,1,58,58,6,2,"Midwest (OH, IN, IL, MI, WI, MN, ND, SD, NE, IA, MO, KS)",1,Urban Area,7,Stratum 7 - M/H Truck or Bus,4143,153.81694225,4,1,January,17,5:00pm-5:59pm,0,0,12,Motor Vehicle In-Transport,1,Front-to-Rear,1,01,1,Motor Vehicle In-Transport (Inside or Outside the Trafficway),0,No,KNAFE1219854,KNAFE1219854,2008,2008,2008,2008,499,Kia,5499,Spectra,13,Sedan/Saloon,63,KIA,33,4,"4-door sedan, hardtop",0,Not Applicable,11,"Class 1: 6,000 lbs. or less (2,722 kg or less)",11,"Class 1: 6,000 lbs. or less (2,722 kg or less)",0,No Trailers,777777777777,No Trailing Units,777777777777,No Trailing Units,777777777777,No Trailing Units,77,No Trailing Units,77,No Trailing Units,77,No Trailing Units,0,Not an Articulated Vehicle,00000000000,Not Applicable,0,Not Applicable,0,Not Applicable,0,Not Applicable,0,Not Applicable (N/A),1,No,0,Not Applicable,0,Not Applicable,0,Not Applicable,0,Not Applicable,0,Not a Bus,0,No Special Use Noted,0,Not Applicable,998,Not Reported,8,Not Reported,0,No Rollover,0,No Rollover,12,12 Clock Point,12,12 Clock Point,2,Minor Damage,5,Not Towed,12,Motor Vehicle In-Transport,12,Motor Vehicle In-Transport,0,No or Not Reported,1,Yes,0,No Apparent Injury (O),0,No Apparent Injury (O),0,No Person Injured in Vehicle,0,No Person Injured in Vehicle,2,No Alcohol Involved,2,No Alcohol Involved,63033,KIA Spectra/Spectra5,53718,53718,4,"Yes, Too Fast for Conditions",1,"Two-Way, Not Divided",2,Two lanes,35,35 MPH,1,Straight,1,Level,2,Wet,3,Traffic control signal(on colors) not known whether or not Pedestrian Signal,3,Device Functioning Properly,2,Decelerating in Road,2,Decelerating in Road,50,Other vehicle stopped,99,Unknown/Not Reported,1,Tracking,1,Stayed in original travel lane,20,"D20-Same Trafficway, Same Direction-Rear End-Stopped",202,"Same Trafficway, Same Direction-Rear End, Lead Vehicle"
202304646462,2,58,58,6,2,"Midwest (OH, IN, IL, MI, WI, MN, ND, SD, NE, IA, MO, KS)",1,Urban Area,7,Stratum 7 - M/H Truck or Bus,4143,153.81694225,4,1,January,17,5:00pm-5:59pm,0,0,12,Motor Vehicle In-Transport,1,Front-to-Rear,1,01,1,Motor Vehicle In-Transport (Inside or Outside the Trafficway),0,No,4T1BF3EK1AU5,4T1BF3EK1AU5,2010,2010,2010,2010,448,Toyota,2469,Camry,13,Sedan/Saloon,49,Toyota,40,4,"4-door sedan, hardtop",0,Not Applicable,11,"Class 1: 6,000 lbs. or less (2,722 kg or less)",11,"Class 1: 6,000 lbs. or less (2,722 kg or less)",0,No Trailers,777777777777,No Trailing Units,777777777777,No Trailing Units,777777777777,No Trailing Units,77,No Trailing Units,77,No Trailing Units,77,No Trailing Units,0,Not an Articulated Vehicle,00000000000,Not Applicable,0,Not Applicable,0,Not Applicable,0,Not Applicable,0,Not Applicable (N/A),1,No,0,Not Applicable,0,Not Applicable,0,Not Applicable,0,Not Applicable,0,Not a Bus,0,No Special Use Noted,0,Not Applicable,0,Stopped Motor Vehicle In- Transport,8,Not Reported,0,No Rollover,0,No Rollover,6,6 Clock Point,6,6 Clock Point,6,Disabling Damage,6,Towed,12,Motor Vehicle In-Transport,12,Motor Vehicle In-Transport,0,No or Not Reported,1,Yes,0,No Apparent Injury (O),0,No Apparent Injury (O),0,No Person Injured in Vehicle,0,No Person Injured in Vehicle,2,No Alcohol Involved,2,No Alcohol Involved,49040,Toyota Camry,53531,53531,0,No,1,"Two-Way, Not Divided",2,Two lanes,35,35 MPH,1,Straight,1,Level,2,Wet,3,Traffic control signal(on colors) not known whether or not Pedestrian Signal,3,Device Functioning Properly,5,Stopped in Roadway,5,Stopped in Roadway,53,Traveling in same direction with higher speed,1,No Avoidance Maneuver,1,Tracking,1,Stayed in original travel lane,21,"D21-Same Trafficway, Same Direction-Rear End-Stopped, Straight",201,"Same Trafficway, Same Direction-Rear End, Trailing Vehicle"
202304646462,3,58,58,6,2,"Midwest (OH, IN, IL, MI, WI, MN, ND, SD, NE, IA, MO, KS)",1,Urban Area,7,Stratum 7 - M/H Truck or Bus,4143,153.81694225,4,1,January,17,5:00pm-5:59pm,0,0,12,Motor Vehicle In-Transport,1,Front-to-Rear,1,01,1,Motor Vehicle In-Transport (Inside or Outside the Trafficway),0,No,4T1BF28B34U3,4T1BF28B34U3,2004,2004,2004,2004,448,Toyota,2465,Avalon,13,Sedan/Saloon,49,Toyota,43,4,"4-door sedan, hardtop",0,Not Applicable,11,"Class 1: 6,000 lbs. or less (2,722 kg or less)",11,"Class 1: 6,000 lbs. or less (2,722 kg or less)",0,No Trailers,777777777777,No Trailing Units,777777777777,No Trailing Units,777777777777,No Trailing Units,77,No Trailing Units,77,No Trailing Units,77,No Trailing Units,0,Not an Articulated Vehicle,00000000000,Not Applicable,0,Not Applicable,0,Not Applicable,0,Not Applicable,0,Not Applicable (N/A),1,No,0,Not Applicable,0,Not Applicable,0,Not Applicable,0,Not Applicable,0,Not a Bus,0,No Special Use Noted,0,Not Applicable,0,Stopped Motor Vehicle In- Transport,8,Not Reported,0,No Rollover,0,No Rollover,6,6 Clock Point,6,6 Clock Point,4,Functional Damage,5,Not Towed,12,Motor Vehicle In-Transport,12,Motor Vehicle In-Transport,0,No or Not Reported,1,Yes,2,Suspected Minor Injury (B),2,Suspected Minor Injury (B),1,1,1,1,2,No Alcohol Involved,2,No Alcohol Involved,49043,Toyota Avalon,53527,53527,0,No,1,"Two-Way, Not Divided",2,Two lanes,35,35 MPH,1,Straight,1,Level,2,Wet,3,Traffic control signal(on colors) not known whether or not Pedestrian Signal,3,Device Functioning Properly,5,Stopped in Roadway,5,Stopped in Roadway,53,Traveling in same direction with higher speed,1,No Avoidance Maneuver,1,Tracking,1,Stayed in original travel lane,98,M98-Other Crash Type,998,Other Crash Type
202304646462,4,58,58,6,2,"Midwest (OH, IN, IL, MI, WI, MN, ND, SD, NE, IA, MO, KS)",1,Urban Area,7,Stratum 7 - M/H Truck or Bus,4143,153.81694225,4,1,January,17,5:00pm-5:59pm,0,0,12,Motor Vehicle In-Transport,1,Front-to-Rear,1,01,1,Motor Vehicle In-Transport (Inside or Outside the Trafficway),0,No,1HTMMAAM5DH1,1HTMMAAM5DH1,2013,2013,2013,2013,526,International,2649,MA025,11,Truck,84,International Harvester/Navistar,881,62,"Single-unit straight truck or Cab-Chassis (GVWR range 19,501 to 26,000 lbs.)",0,Not Applicable,16,"Class 6: 19,501 - 26,000 lbs. (8,845 - 11,794 kg)",16,"Class 6: 19,501 - 26,000 lbs. (8,845 - 11,794 kg)",0,No Trailers,777777777777,No Trailing Units,777777777777,No Trailing Units,777777777777,No Trailing Units,77,No Trailing Units,77,No Trailing Units,77,No Trailing Units,0,Not an Articulated Vehicle,573082181,573082181,57,US DOT,3082181,3082181,1,"Single-Unit Truck (2- axle and GVWR more than 10,000 lbs)",1,Van/Enclosed Box,1,No,0,Not Applicable,0,Not Applicable,0,Not Applicable,0,Not Applicable,0,Not a Bus,0,No Special Use Noted,0,Not Applicable,0,Stopped Motor Vehicle In- Transport,8,Not Reported,0,No Rollover,0,No Rollover,6,6 Clock Point,6,6 Clock Point,2,Minor Damage,5,Not Towed,12,Motor Vehicle In-Transport,12,Motor Vehicle In-Transport,0,No or Not Reported,1,Yes,0,No Apparent Injury (O),0,No Apparent Injury (O),0,No Person Injured in Vehicle,0,No Person Injured in Vehicle,2,No Alcohol Involved,2,No Alcohol Involved,84881,International Harvester/Navistar Medium/Heavy - CBE,53559,53559,0,No,1,"Two-Way, Not Divided",2,Two lanes,35,35 MPH,1,Straight,1,Level,2,Wet,3,Traffic control signal(on colors) not known whether or not Pedestrian Signal,3,Device Functioning Properly,5,Stopped in Roadway,5,Stopped in Roadway,53,Traveling in same direction with higher speed,1,No Avoidance Maneuver,1,Tracking,1,Stayed in original travel lane,98,M98-Other Crash Type,998,Other Crash Type
202304646466,1,75,75,19,3,"South (MD, DE, DC, WV, VA, KY, TN, NC, SC, GA, FL, AL, MS, LA, AR, OK, TX)",2,Rural Area,10,Stratum 10 - Other,4144,213.71816658,2,1,January,21,9:00pm-9:59pm,33,33,24,Guardrail Face,0,The First Harmful Event was Not a Collision with a Motor Vehicle In-Transport,1,01,1,Motor Vehicle In-Transport (Inside or Outside the Trafficway),0,No,888888888888,Not Reported,2015,2015,2015,2015,467,Chevrolet,1832,Cruze,13,Sedan/Saloon,20,Chevrolet,25,8,"Sedan/Hardtop, number of doors unknown",0,Not Applicable,11,"Class 1: 6,000 lbs. or less (2,722 kg or less)",11,"Class 1: 6,000 lbs. or less (2,722 kg or less)",0,No Trailers,777777777777,No Trailing Units,777777777777,No Trailing Units,777777777777,No Trailing Units,77,No Trailing Units,77,No Trailing Units,77,No Trailing Units,0,Not an Articulated Vehicle,00000000000,Not Applicable,0,Not Applicable,0,Not Applicable,0,Not Applicable,0,Not Applicable (N/A),1,No,0,Not Applicable,0,Not Applicable,0,Not Applicable,0,Not Applicable,0,Not a Bus,0,No Special Use Noted,0,Not Applicable,998,Not Reported,8,Not Reported,0,No Rollover,0,No Rollover,12,12 Clock Point,12,12 Clock Point,6,Disabling Damage,6,Towed,12,Motor Vehicle In-Transport,12,Motor Vehicle In-Transport,0,No or Not Reported,1,Yes,0,No Apparent Injury (O),0,No Apparent Injury (O),0,No Person Injured in Vehicle,0,No Person Injured in Vehicle,2,No Alcohol Involved,2,No Alcohol Involved,20025,Chevrolet Cruze,15205,15205,4,"Yes, Too Fast for Conditions",3,"Two-Way,  Divided, Positive  Median Barrier",3,Three lanes,70,70 MPH,1,Straight,1,Level,4,Ice/Frost,0,No Controls,0,No Controls,1,Going Straight,1,Going Straight,6,Traveling Too Fast for Conditions or Road Configuration,99,Unknown/Not Reported,2,Skidding longitudinally  rotation less than 30 degrees,4,Departed roadway,2,A2-Single Driver-Right Roadside Departure-Control/Traction Loss,101,Single Driver-Right Roadside Departure
202304646466,2,75,75,19,3,"South (MD, DE, DC, WV, VA, KY, TN, NC, SC, GA, FL, AL, MS, LA, AR, OK, TX)",2,Rural Area,10,Stratum 10 - Other,4144,213.71816658,2,1,January,21,9:00pm-9:59pm,33,33,24,Guardrail Face,0,The First Harmful Event was Not a Collision with a Motor Vehicle In-Transport,1,01,1,Motor Vehicle In-Transport (Inside or Outside the Trafficway),0,No,5TBDV54128S4,5TBDV54128S4,2008,2008,2008,2008,448,Toyota,2467,Tundra,60,Pickup,49,Toyota,482,34,Light Pickup,0,Not Applicable,12,"Class 2: 6,001 - 10,000 lbs. (2,722 - 4,536 kg)",12,"Class 2: 6,001 - 10,000 lbs. (2,722 - 4,536 kg)",1,One Trailer,53BLTEB22FU0,53BLTEB22FU0,777777777777,No Trailing Units,777777777777,No Trailing Units,98,Not Reported,77,No Trailing Units,77,No Trailing Units,1,No,00000000000,Not Applicable,0,Not Applicable,0,Not Applicable,0,Not Applicable,0,Not Applicable (N/A),1,No,0,Not Applicable,0,Not Applicable,0,Not Applicable,0,Not Applicable,0,Not a Bus,0,No Special Use Noted,0,Not Applicable,998,Not Reported,8,Not Reported,3,Rollover,3,On Median/Separator,2,2 Clock Point,2,2 Clock Point,6,Disabling Damage,6,Towed,12,Motor Vehicle In-Transport,12,Motor Vehicle In-Transport,0,No or Not Reported,1,Yes,0,No Apparent Injury (O),0,No Apparent Injury (O),0,No Person Injured in Vehicle,0,No Person Injured in Vehicle,2,No Alcohol Involved,2,No Alcohol Involved,49482,Toyota Tundra,26559,26559,0,No,3,"Two-Way,  Divided, Positive  Median Barrier",3,Three lanes,70,70 MPH,1,Straight,1,Level,4,Ice/Frost,0,No Controls,0,No Controls,1,Going Straight,1,Going Straight,61,From adjacent lane (same direction) over right lane line,99,Unknown/Not Reported,1,Tracking,1,Stayed in original travel lane,98,M98-Other Crash Type,998,Other Crash Type
202304646514,1,83,83,13,3,"South (MD, DE, DC, WV, VA, KY, TN, NC, SC, GA, FL, AL, MS, LA, AR, OK, TX)",1,Urban Area,10,Stratum 10 - Other,4148,223.23894247,2,1,January,13,1:00pm-1:59pm,55,55,12,Motor Vehicle In-Transport,7,Sideswipe - Same Direction,1,01,1,Motor Vehicle In-Transport (Inside or Outside the Trafficway),0,No,5TDDK3EH2AS0,5TDDK3EH2AS0,2010,2010,2010,2010,448,Toyota,2213,Highlander,7,Sport Utility Vehicle (SUV)/Multi-Purpose Vehicle (MPV),49,Toyota,403,14,"Compact Utility (Utility Vehicle Categories ""Small"" and ""Midsize"")",0,Not Applicable,11,"Class 1: 6,000 lbs. or less (2,722 kg or less)",11,"Class 1: 6,000 lbs. or less (2,722 kg or less)",0,No Trailers,777777777777,No Trailing Units,777777777777,No Trailing Units,777777777777,No Trailing Units,77,No Trailing Units,77,No Trailing Units,77,No Trailing Units,0,Not an Articulated Vehicle,00000000000,Not Applicable,0,Not Applicable,0,Not Applicable,0,Not Applicable,0,Not Applicable (N/A),1,No,0,Not Applicable,0,Not Applicable,0,Not Applicable,0,Not Applicable,0,Not a Bus,0,No Special Use Noted,0,Not Applicable,998,Not Reported,0,No Underride or Override,0,No Rollover,0,No Rollover,1,1 Clock Point,1,1 Clock Point,4,Functional Damage,5,Not Towed,12,Motor Vehicle In-Transport,12,Motor Vehicle In-Transport,0,No or Not Reported,1,Yes,0,No Apparent Injury (O),0,No Apparent Injury (O),0,No Person Injured in Vehicle,0,No Person Injured in Vehicle,2,No Alcohol Involved,2,No Alcohol Involved,49403,Toyota Highlander,38135,38135,0,No,1,"Two-Way, Not Divided",8,Not Reported,45,45 MPH,3,Curve - Left,1,Level,1,Dry,2,Traffic control signal (on colors) with Pedestrian Signal,3,Device Functioning Properly,11,Turning Left,11,Turning Left,11,Over the lane line on right side of travel lane,99,Unknown/Not Reported,1,Tracking,2,"Stayed on roadway, but left original travel lane",74,J74-Trafficway Vehicle Turning-Turn Across Path-Specifics Other,407,"Changing Trafficway, Vehicle Turning-Turn Across Path, Other or Unknown"
202304646514,2,83,83,13,3,"South (MD, DE, DC, WV, VA, KY, TN, NC, SC, GA, FL, AL, MS, LA, AR, OK, TX)",1,Urban Area,10,Stratum 10 - Other,4148,223.23894247,2,1,January,13,1:00pm-1:59pm,55,55,12,Motor Vehicle In-Transport,7,Sideswipe - Same Direction,1,01,1,Motor Vehicle In-Transport (Inside or Outside the Trafficway),0,No,2G1WC5E39C12,2G1WC5E39C12,2012,2012,2012,2012,467,Chevrolet,1833,Impala,13,Sedan/Saloon,20,Chevrolet,2,4,"4-door sedan, hardtop",0,Not Applicable,11,"Class 1: 6,000 lbs. or less (2,722 kg or less)",11,"Class 1: 6,000 lbs. or less (2,722 kg or less)",0,No Trailers,777777777777,No Trailing Units,777777777777,No Trailing Units,777777777777,No Trailing Units,77,No Trailing Units,77,No Trailing Units,77,No Trailing Units,0,Not an Articulated Vehicle,00000000000,Not Applicable,0,Not Applicable,0,Not Applicable,0,Not Applicable,0,Not Applicable (N/A),1,No,0,Not Applicable,0,Not Applicable,0,Not Applicable,0,Not Applicable,0,Not a Bus,0,No Special Use Noted,0,Not Applicable,998,Not Reported,0,No Underride or Override,0,No Rollover,0,No Rollover,10,10 Clock Point,10,10 Clock Point,4,Functional Damage,5,Not Towed,12,Motor Vehicle In-Transport,12,Motor Vehicle In-Transport,0,No or Not Reported,1,Yes,0,No Apparent Injury (O),0,No Apparent Injury (O),0,No Person Injured in Vehicle,0,No Person Injured in Vehicle,2,No Alcohol Involved,2,No Alcohol Involved,20002,"Chevrolet Impala/Caprice (For SS from 2014 on, use 20-021.)",38011,38011,0,No,1,"Two-Way, Not Divided",8,Not Reported,45,45 MPH,3,Curve - Left,1,Level,1,Dry,2,Traffic control signal (on colors) with Pedestrian Signal,3,Device Functioning Properly,11,Turning Left,11,Turning Left,60,From adjacent lane (same direction) over left lane line,99,Unknown/Not Reported,1,Tracking,1,Stayed in original travel lane,74,J74-Trafficway Vehicle Turning-Turn Across Path-Specifics Other,407,"Changing Trafficway, Vehicle Turning-Turn Across Path, Other or Unknown"
202304646564,1,83,83,13,3,"South (MD, DE, DC, WV, VA, KY, TN, NC, SC, GA, FL, AL, MS, LA, AR, OK, TX)",1,Urban Area,9,Stratum 9 - LMY PV No Injuries in Crash,4148,141.94136347,2,1,January,22,10:00pm-10:59pm,0,0,12,Motor Vehicle In-Transport,7,Sideswipe - Same Direction,1,01,1,Motor Vehicle In-Transport (Inside or Outside the Trafficway),0,No,KMHTC6AD2HU3,KMHTC6AD2HU3,2017,2017,2017,2017,498,Hyundai,2298,Veloster,3,Coupe,55,Hyundai,42,9,Other or Unknown automobile type,0,Not Applicable,11,"Class 1: 6,000 lbs. or less (2,722 kg or less)",11,"Class 1: 6,000 lbs. or less (2,722 kg or less)",0,No Trailers,777777777777,No Trailing Units,777777777777,No Trailing Units,777777777777,No Trailing Units,77,No Trailing Units,77,No Trailing Units,77,No Trailing Units,0,Not an Articulated Vehicle,00000000000,Not Applicable,0,Not Applicable,0,Not Applicable,0,Not Applicable,0,Not Applicable (N/A),1,No,0,Not Applicable,0,Not Applicable,0,Not Applicable,0,Not Applicable,0,Not a Bus,0,No Special Use Noted,0,Not Applicable,998,Not Reported,0,No Underride or Override,0,No Rollover,0,No Rollover,1,1 Clock Point,1,1 Clock Point,4,Functional Damage,5,Not Towed,12,Motor Vehicle In-Transport,12,Motor Vehicle In-Transport,0,No or Not Reported,1,Yes,0,No Apparent Injury (O),0,No Apparent Injury (O),0,No Person Injured in Vehicle,0,No Person Injured in Vehicle,2,No Alcohol Involved,2,No Alcohol Involved,55042,Hyundai Veloster,38128,38128,0,No,1,"Two-Way, Not Divided",8,Not Reported,98,Not Reported,1,Straight,1,Level,1,Dry,2,Traffic control signal (on colors) with Pedestrian Signal,3,Device Functioning Properly,1,Going Straight,1,Going Straight,11,Over the lane line on right side of travel lane,99,Unknown/Not Reported,1,Tracking,2,"Stayed on roadway, but left original travel lane",44,"F44-Same Trafficway, Same Direction-Angle, Sideswipe-Straight Ahead on Left",207,"Same Trafficway, Same Direction-Sideswipe, Angle, Vehicle on Left"
202304646564,2,83,83,13,3,"South (MD, DE, DC, WV, VA, KY, TN, NC, SC, GA, FL, AL, MS, LA, AR, OK, TX)",1,Urban Area,9,Stratum 9 - LMY PV No Injuries in Crash,4148,141.94136347,2,1,January,22,10:00pm-10:59pm,0,0,12,Motor Vehicle In-Transport,7,Sideswipe - Same Direction,2,02,1,Motor Vehicle In-Transport (Inside or Outside the Trafficway),0,No,1N4BL4BV9KC2,1N4BL4BV9KC2,2019,2019,2019,2019,478,Nissan,1904,Altima,13,Sedan/Saloon,35,Nissan/Datsun,47,4,"4-door sedan, hardtop",0,Not Applicable,11,"Class 1: 6,000 lbs. or less (2,722 kg or less)",11,"Class 1: 6,000 lbs. or less (2,722 kg or less)",0,No Trailers,777777777777,No Trailing Units,777777777777,No Trailing Units,777777777777,No Trailing Units,77,No Trailing Units,77,No Trailing Units,77,No Trailing Units,0,Not an Articulated Vehicle,00000000000,Not Applicable,0,Not Applicable,0,Not Applicable,0,Not Applicable,0,Not Applicable (N/A),1,No,0,Not Applicable,0,Not Applicable,0,Not Applicable,0,Not Applicable,0,Not a Bus,0,No Special Use Noted,0,Not Applicable,998,Not Reported,0,No Underride or Override,0,No Rollover,0,No Rollover,8,8 Clock Point,8,8 Clock Point,4,Functional Damage,5,Not Towed,12,Motor Vehicle In-Transport,12,Motor Vehicle In-Transport,0,No or Not Reported,1,Yes,0,No Apparent Injury (O),0,No Apparent Injury (O),0,No Person Injured in Vehicle,0,No Person Injured in Vehicle,2,No Alcohol Involved,2,No Alcohol Involved,35047,Nissan/Datsun Altima,38118,38118,0,No,1,"Two-Way, Not Divided",8,Not Reported,98,Not Reported,1,Straight,1,Level,1,Dry,2,Traffic control signal (on colors) with Pedestrian Signal,3,Device Functioning Properly,1,Going Straight,1,Going Straight,60,From adjacent lane (same direction) over left lane line,99,Unknown/Not Reported,1,Tracking,1,Stayed in original travel lane,45,"F45-Same Trafficway, Same Direction-Angle, Sideswipe-Straight Ahead on Left/Right",208,"Same Trafficway, Same Direction-Sideswipe, Angle, Vehicle on Right"
202304646590,1,25,25,8,2,"Midwest (OH, IN, IL, MI, WI, MN, ND, SD, NE, IA, MO, KS)",1,Urban Area,10,Stratum 10 - Other,4150,218.84769319,2,1,January,10,10:00am-10:59am,0,0,12,Motor Vehicle In-Transport,1,Front-to-Rear,2,02,1,Motor Vehicle In-Transport (Inside or Outside the Trafficway),0,No,JA4AD2A32JJ0,JA4AD2A32JJ0,2018,2018,2018,2018,481,Mitsubishi,2163,Outlander,7,Sport Utility Vehicle (SUV)/Multi-Purpose Vehicle (MPV),52,Mitsubishi,47,6,Station Wagon (excluding van and truck based),0,Not Applicable,11,"Class 1: 6,000 lbs. or less (2,722 kg or less)",11,"Class 1: 6,000 lbs. or less (2,722 kg or less)",0,No Trailers,777777777777,No Trailing Units,777777777777,No Trailing Units,777777777777,No Trailing Units,77,No Trailing Units,77,No Trailing Units,77,No Trailing Units,0,Not an Articulated Vehicle,00000000000,Not Applicable,0,Not Applicable,0,Not Applicable,0,Not Applicable,0,Not Applicable (N/A),1,No,0,Not Applicable,0,Not Applicable,0,Not Applicable,0,Not Applicable,0,Not a Bus,0,No Special Use Noted,0,Not Applicable,0,Stopped Motor Vehicle In- Transport,8,Not Reported,0,No Rollover,0,No Rollover,6,6 Clock Point,6,6 Clock Point,2,Minor Damage,5,Not Towed,12,Motor Vehicle In-Transport,12,Motor Vehicle In-Transport,0,No or Not Reported,1,Yes,0,No Apparent Injury (O),0,No Apparent Injury (O),0,No Person Injured in Vehicle,0,No Person Injured in Vehicle,9,Reported as Unknown,2,No Alcohol Involved,52047,"Mitsubishi Outlander (For 2003-2018 only.  For model years 2019 on, see 52-404.)",44412,44412,0,No,1,"Two-Way, Not Divided",5,Five lanes,35,35 MPH,1,Straight,1,Level,2,Wet,3,Traffic control signal(on colors) not known whether or not Pedestrian Signal,3,Device Functioning Properly,5,Stopped in Roadway,5,Stopped in Roadway,53,Traveling in same direction with higher speed,1,No Avoidance Maneuver,1,Tracking,1,Stayed in original travel lane,21,"D21-Same Trafficway, Same Direction-Rear End-Stopped, Straight",201,"Same Trafficway, Same Direction-Rear End, Trailing Vehicle"
202304646590,2,25,25,8,2,"Midwest (OH, IN, IL, MI, WI, MN, ND, SD, NE, IA, MO, KS)",1,Urban Area,10,Stratum 10 - Other,4150,218.84769319,2,1,January,10,10:00am-10:59am,0,0,12,Motor Vehicle In-Transport,1,Front-to-Rear,1,01,1,Motor Vehicle In-Transport (Inside or Outside the Trafficway),0,No,1C6RR7LG8GS2,1C6RR7LG8GS2,2016,2016,2016,2016,496,Ram,13620,1500,60,Pickup,7,Dodge,482,34,Light Pickup,0,Not Applicable,12,"Class 2: 6,001 - 10,000 lbs. (2,722 - 4,536 kg)",12,"Class 2: 6,001 - 10,000 lbs. (2,722 - 4,536 kg)",0,No Trailers,777777777777,No Trailing Units,777777777777,No Trailing Units,777777777777,No Trailing Units,77,No Trailing Units,77,No Trailing Units,77,No Trailing Units,0,Not an Articulated Vehicle,00000000000,Not Applicable,0,Not Applicable,0,Not Applicable,0,Not Applicable,0,Not Applicable (N/A),1,No,0,Not Applicable,0,Not Applicable,0,Not Applicable,0,Not Applicable,0,Not a Bus,0,No Special Use Noted,0,Not Applicable,5,005 MPH,8,Not Reported,0,No Rollover,0,No Rollover,12,12 Clock Point,12,12 Clock Point,2,Minor Damage,5,Not Towed,12,Motor Vehicle In-Transport,12,Motor Vehicle In-Transport,0,No or Not Reported,1,Yes,0,No Apparent Injury (O),0,No Apparent Injury (O),0,No Person Injured in Vehicle,0,No Person Injured in Vehicle,9,Reported as Unknown,2,No Alcohol Involved,7482,Dodge Ram Pickup,44601,44601,0,No,1,"Two-Way, Not Divided",5,Five lanes,35,35 MPH,1,Straight,1,Level,2,Wet,3,Traffic control signal(on colors) not known whether or not Pedestrian Signal,3,Device Functioning Properly,4,Starting in Road,4,Starting in Road,50,Other vehicle stopped,99,Unknown/Not Reported,1,Tracking,1,Stayed in original travel lane,20,"D20-Same Trafficway, Same Direction-Rear End-Stopped",202,"Same Trafficway, Same Direction-Rear End, Lead Vehicle"
202304646592,1,25,25,8,2,"Midwest (OH, IN, IL, MI, WI, MN, ND, SD, NE, IA, MO, KS)",1,Urban Area,8,Stratum 8 - NLMY PV Minor Injury,4150,131.83084766,1,1,January,19,7:00pm-7:59pm,50,50,59,Traffic Sign Support,0,The First Harmful Event was Not a Collision with a Motor Vehicle In-Transport,1,01,1,Motor Vehicle In-Transport (Inside or Outside the Trafficway),0,No,2G2WP5526711,2G2WP5526711,2007,2007,2007,2007,536,Pontiac,4262,Grand Prix,13,Sedan/Saloon,22,Pontiac,20,4,"4-door sedan, hardtop",0,Not Applicable,11,"Class 1: 6,000 lbs. or less (2,722 kg or less)",11,"Class 1: 6,000 lbs. or less (2,722 kg or less)",0,No Trailers,777777777777,No Trailing Units,777777777777,No Trailing Units,777777777777,No Trailing Units,77,No Trailing Units,77,No Trailing Units,77,No Trailing Units,0,Not an Articulated Vehicle,00000000000,Not Applicable,0,Not Applicable,0,Not Applicable,0,Not Applicable,0,Not Applicable (N/A),1,No,0,Not Applicable,0,Not Applicable,0,Not Applicable,0,Not Applicable,0,Not a Bus,0,No Special Use Noted,0,Not Applicable,999,Reported as Unknown,7,Not Applicable,0,No Rollover,0,No Rollover,12,12 Clock Point,12,12 Clock Point,6,Disabling Damage,6,Towed,59,Traffic Sign Support,59,Traffic Sign Support,0,No or Not Reported,1,Yes,2,Suspected Minor Injury (B),2,Suspected Minor Injury (B),1,1,1,1,9,Reported as Unknown,2,No Alcohol Involved,22020,Pontiac Grand Prix (FWD),44515,44515,0,No,3,"Two-Way,  Divided, Positive  Median Barrier",8,Not Reported,65,65 MPH,1,Straight,1,Level,2,Wet,0,No Controls,0,No Controls,1,Going Straight,1,Going Straight,12,Off the edge of the road on the left side,99,Unknown/Not Reported,1,Tracking,4,Departed roadway,6,B6-Single Driver-Left Roadside Departure-Drive Off Road,102,Single Driver-Left Roadside Departure
202304646595,1,25,25,8,2,"Midwest (OH, IN, IL, MI, WI, MN, ND, SD, NE, IA, MO, KS)",1,Urban Area,9,Stratum 9 - LMY PV No Injuries in Crash,4150,138.4046856,1,1,January,8,8:00am-8:59am,7,7,24,Guardrail Face,0,The First Harmful Event was Not a Collision with a Motor Vehicle In-Transport,1,01,1,Motor Vehicle In-Transport (Inside or Outside the Trafficway),0,No,2FMPK4K95KBC,2FMPK4K95KBC,2019,2019,2019,2019,460,Ford,1797,Edge,7,Sport Utility Vehicle (SUV)/Multi-Purpose Vehicle (MPV),12,Ford,424,15,"Large utility (ANSI D16.1 Utility Vehicle Categories and ""Full Size"" and ""Large"")",0,Not Applicable,11,"Class 1: 6,000 lbs. or less (2,722 kg or less)",11,"Class 1: 6,000 lbs. or less (2,722 kg or less)",0,No Trailers,777777777777,No Trailing Units,777777777777,No Trailing Units,777777777777,No Trailing Units,77,No Trailing Units,77,No Trailing Units,77,No Trailing Units,0,Not an Articulated Vehicle,00000000000,Not Applicable,0,Not Applicable,0,Not Applicable,0,Not Applicable,0,Not Applicable (N/A),1,No,0,Not Applicable,0,Not Applicable,0,Not Applicable,0,Not Applicable,0,Not a Bus,0,No Special Use Noted,0,Not Applicable,68,068 MPH,7,Not Applicable,0,No Rollover,0,No Rollover,1,1 Clock Point,1,1 Clock Point,6,Disabling Damage,6,Towed,24,Guardrail Face,24,Guardrail Face,0,No or Not Reported,1,Yes,0,No Apparent Injury (O),0,No Apparent Injury (O),0,No Person Injured in Vehicle,0,No Person Injured in Vehicle,9,Reported as Unknown,2,No Alcohol Involved,12424,"Ford Edge(For 2019 on.  For model years 2007-2018, see 12-024.)",16063,16063,0,No,7,"Two-Way Divided, Unknown if Unprotected Median or Positive Median Barrier",2,Two lanes,70,70 MPH,1,Straight,2,"Grade, Unknown Slope",2,Wet,0,No Controls,0,No Controls,1,Going Straight,1,Going Straight,13,Off the edge of the road on the right side,99,Unknown/Not Reported,1,Tracking,4,Departed roadway,1,A1-Single Driver-Right Roadside Departure-Drive Off Road,101,Single Driver-Right Roadside Departure
202304646596,1,77,77,9,2,"Midwest (OH, IN, IL, MI, WI, MN, ND, SD, NE, IA, MO, KS)",2,Rural Area,8,Stratum 8 - NLMY PV Minor Injury,4151,132.36109359,1,1,January,17,5:00pm-5:59pm,41,41,11,Live Animal,0,The First Harmful Event was Not a Collision with a Motor Vehicle In-Transport,2,02,1,Motor Vehicle In-Transport (Inside or Outside the Trafficway),0,No,1FM5K8D84FGB,1FM5K8D84FGB,2015,2015,2015,2015,460,Ford,1800,Explorer,7,Sport Utility Vehicle (SUV)/Multi-Purpose Vehicle (MPV),12,Ford,401,14,"Compact Utility (Utility Vehicle Categories ""Small"" and ""Midsize"")",0,Not Applicable,12,"Class 2: 6,001 - 10,000 lbs. (2,722 - 4,536 kg)",12,"Class 2: 6,001 - 10,000 lbs. (2,722 - 4,536 kg)",0,No Trailers,777777777777,No Trailing Units,777777777777,No Trailing Units,777777777777,No Trailing Units,77,No Trailing Units,77,No Trailing Units,77,No Trailing Units,0,Not an Articulated Vehicle,00000000000,Not Applicable,0,Not Applicable,0,Not Applicable,0,Not Applicable,0,Not Applicable (N/A),1,No,0,Not Applicable,0,Not Applicable,0,Not Applicable,0,Not Applicable,0,Not a Bus,0,No Special Use Noted,0,Not Applicable,998,Not Reported,7,Not Applicable,0,No Rollover,0,No Rollover,12,12 Clock Point,12,12 Clock Point,6,Disabling Damage,6,Towed,11,Live Animal,11,Live Animal,0,No or Not Reported,1,Yes,1,Possible Injury (C),1,Possible Injury (C),1,1,1,1,9,Reported as Unknown,2,No Alcohol Involved,12401,"Ford Bronco (thru 1977)/Bronco II/Explorer/Explorer Sport (Explorer for 1990-2018 only.  For model years 2019 on, see 12-425.)",99998,Not Reported,0,No,8,Not Reported,2,Two lanes,55,55 MPH,1,Straight,1,Level,1,Dry,0,No Controls,0,No Controls,1,Going Straight,1,Going Straight,88,Animal approaching road,99,Unknown/Not Reported,1,Tracking,1,Stayed in original travel lane,13,C13-Single Driver-Forward Impact-Pedestrian/ Animal,103,Single Driver-Struck Object While Moving Forward
202304646607,1,67,67,8,2,"Midwest (OH, IN, IL, MI, WI, MN, ND, SD, NE, IA, MO, KS)",1,Urban Area,8,Stratum 8 - NLMY PV Minor Injury,4152,131.12772881,1,1,January,11,11:00am-11:59am,17,17,44,"Pavement Surface Irregularity (Ruts, Potholes, Grates, etc.)",0,The First Harmful Event was Not a Collision with a Motor Vehicle In-Transport,1,01,1,Motor Vehicle In-Transport (Inside or Outside the Trafficway),0,No,4T1BF28B0YU0,4T1BF28B0YU0,2000,2000,2000,2000,448,Toyota,2465,Avalon,13,Sedan/Saloon,49,Toyota,43,4,"4-door sedan, hardtop",0,Not Applicable,11,"Class 1: 6,000 lbs. or less (2,722 kg or less)",11,"Class 1: 6,000 lbs. or less (2,722 kg or less)",0,No Trailers,777777777777,No Trailing Units,777777777777,No Trailing Units,777777777777,No Trailing Units,77,No Trailing Units,77,No Trailing Units,77,No Trailing Units,0,Not an Articulated Vehicle,00000000000,Not Applicable,0,Not Applicable,0,Not Applicable,0,Not Applicable,0,Not Applicable (N/A),1,No,0,Not Applicable,0,Not Applicable,0,Not Applicable,0,Not Applicable,0,Not a Bus,0,No Special Use Noted,0,Not Applicable,65,065 MPH,7,Not Applicable,0,No Rollover,0,No Rollover,0,Non-Collision,0,Non-Collision,6,Disabling Damage,8,Not Reported,42,Tree (Standing Only),42,Tree (Standing Only),0,No or Not Reported,1,Yes,1,Possible Injury (C),1,Possible Injury (C),1,1,1,1,9,Reported as Unknown,2,No Alcohol Involved,49043,Toyota Avalon,43080,43080,0,No,7,"Two-Way Divided, Unknown if Unprotected Median or Positive Median Barrier",2,Two lanes,65,65 MPH,1,Straight,1,Level,2,Wet,0,No Controls,0,No Controls,1,Going Straight,1,Going Straight,98,Other critical precrash event (specify:),99,Unknown/Not Reported,1,Tracking,1,Stayed in original travel lane,0,M0-No Impact,0,No Impact
202304646640,1,39,39,7,2,"Midwest (OH, IN, IL, MI, WI, MN, ND, SD, NE, IA, MO, KS)",1,Urban Area,6,Stratum 6 - LMY PV Minor Injury,4154,51.955064137,2,1,January,15,3:00pm-3:59pm,8,8,12,Motor Vehicle In-Transport,7,Sideswipe - Same Direction,1,01,1,Motor Vehicle In-Transport (Inside or Outside the Trafficway),0,No,1C4PJMDX0LD5,1C4PJMDX0LD5,2020,2020,2020,2020,483,Jeep,1945,Cherokee,7,Sport Utility Vehicle (SUV)/Multi-Purpose Vehicle (MPV),2,Jeep / Kaiser-Jeep / Willys- Jeep,404,14,"Compact Utility (Utility Vehicle Categories ""Small"" and ""Midsize"")",0,Not Applicable,11,"Class 1: 6,000 lbs. or less (2,722 kg or less)",11,"Class 1: 6,000 lbs. or less (2,722 kg or less)",0,No Trailers,777777777777,No Trailing Units,777777777777,No Trailing Units,777777777777,No Trailing Units,77,No Trailing Units,77,No Trailing Units,77,No Trailing Units,0,Not an Articulated Vehicle,00000000000,Not Applicable,0,Not Applicable,0,Not Applicable,0,Not Applicable,0,Not Applicable (N/A),1,No,0,Not Applicable,0,Not Applicable,0,Not Applicable,0,Not Applicable,0,Not a Bus,0,No Special Use Noted,0,Not Applicable,998,Not Reported,0,No Underride or Override,0,No Rollover,0,No Rollover,7,7 Clock Point,7,7 Clock Point,2,Minor Damage,6,Towed,12,Motor Vehicle In-Transport,12,Motor Vehicle In-Transport,0,No or Not Reported,1,Yes,2,Suspected Minor Injury (B),2,Suspected Minor Injury (B),1,1,1,1,2,No Alcohol Involved,2,No Alcohol Involved,2404,Jeep / Kaiser-Jeep / Willys- Jeep Cherokee (1984-on) (For Grand Cherokee for 2014 on use 02-422.),55119,55119,0,No,7,"Two-Way Divided, Unknown if Unprotected Median or Positive Median Barrier",4,Four lanes,55,55 MPH,1,Straight,1,Level,3,Snow,97,Not Reported,8,Not Reported,1,Going Straight,1,Going Straight,60,From adjacent lane (same direction) over left lane line,99,Unknown/Not Reported,1,Tracking,1,Stayed in original travel lane,45,"F45-Same Trafficway, Same Direction-Angle, Sideswipe-Straight Ahead on Left/Right",208,"Same Trafficway, Same Direction-Sideswipe, Angle, Vehicle on Right"
202304646640,2,39,39,7,2,"Midwest (OH, IN, IL, MI, WI, MN, ND, SD, NE, IA, MO, KS)",1,Urban Area,6,Stratum 6 - LMY PV Minor Injury,4154,51.955064137,2,1,January,15,3:00pm-3:59pm,8,8,12,Motor Vehicle In-Transport,7,Sideswipe - Same Direction,99,Unknown,1,Motor Vehicle In-Transport (Inside or Outside the Trafficway),1,Yes,888888888888,Not Reported,9998,Not Reported,2010,2010,99998,Not Reported,99998,Not Reported,998,Not Reported,97,Not Reported,997,98,Not Reported,0,Not Applicable,98,Not Reported,98,Not Reported,0,No Trailers,777777777777,No Trailing Units,777777777777,No Trailing Units,777777777777,No Trailing Units,77,No Trailing Units,77,No Trailing Units,77,No Trailing Units,0,Not an Articulated Vehicle,99999999999,Unknown,99,Unknown,999999999,Unknown,99,Unknown,99,Unknown,1,No,0,Not Applicable,0,Not Applicable,0,Not Applicable,0,Not Applicable,99,Reported as Unknown,0,No Special Use Noted,0,Not Applicable,998,Not Reported,0,No Underride or Override,0,No Rollover,0,No Rollover,1,1 Clock Point,1,1 Clock Point,8,Not Reported,5,Not Towed,12,Motor Vehicle In-Transport,12,Motor Vehicle In-Transport,0,No or Not Reported,1,Yes,9,Unknown/Not Reported,0,No Apparent Injury (O),99,All Persons in Vehicle are unknown if Injured,0,No Person Injured in Vehicle,9,Reported as Unknown,1,Alcohol Involved,97997,Not Reported Not Reported,99998,Not Reported,0,No,7,"Two-Way Divided, Unknown if Unprotected Median or Positive Median Barrier",4,Four lanes,55,55 MPH,1,Straight,1,Level,3,Snow,97,Not Reported,8,Not Reported,1,Going Straight,1,Going Straight,11,Over the lane line on right side of travel lane,99,Unknown/Not Reported,1,Tracking,2,"Stayed on roadway, but left original travel lane",44,"F44-Same Trafficway, Same Direction-Angle, Sideswipe-Straight Ahead on Left",207,"Same Trafficway, Same Direction-Sideswipe, Angle, Vehicle on Left"
202304646787,1,59,59,10,3,"South (MD, DE, DC, WV, VA, KY, TN, NC, SC, GA, FL, AL, MS, LA, AR, OK, TX)",1,Urban Area,9,Stratum 9 - LMY PV No Injuries in Crash,4137,142.15884183,2,1,January,17,5:00pm-5:59pm,35,35,12,Motor Vehicle In-Transport,7,Sideswipe - Same Direction,1,01,1,Motor Vehicle In-Transport (Inside or Outside the Trafficway),0,No,3N1AB8CV1LY2,3N1AB8CV1LY2,2020,2020,2020,2020,478,Nissan,1907,Sentra,13,Sedan/Saloon,35,Nissan/Datsun,43,4,"4-door sedan, hardtop",0,Not Applicable,11,"Class 1: 6,000 lbs. or less (2,722 kg or less)",11,"Class 1: 6,000 lbs. or less (2,722 kg or less)",0,No Trailers,777777777777,No Trailing Units,777777777777,No Trailing Units,777777777777,No Trailing Units,77,No Trailing Units,77,No Trailing Units,77,No Trailing Units,0,Not an Articulated Vehicle,00000000000,Not Applicable,0,Not Applicable,0,Not Applicable,0,Not Applicable,0,Not Applicable (N/A),1,No,0,Not Applicable,0,Not Applicable,0,Not Applicable,0,Not Applicable,0,Not a Bus,0,No Special Use Noted,0,Not Applicable,15,015 MPH,0,No Underride or Override,0,No Rollover,0,No Rollover,82,Right-Front Side,82,Right-Front Side,2,Minor Damage,5,Not Towed,12,Motor Vehicle In-Transport,12,Motor Vehicle In-Transport,0,No or Not Reported,1,Yes,0,No Apparent Injury (O),0,No Apparent Injury (O),0,No Person Injured in Vehicle,0,No Person Injured in Vehicle,2,No Alcohol Involved,2,No Alcohol Involved,35043,Nissan/Datsun Sentra,33193,33193,0,No,1,"Two-Way, Not Divided",8,Not Reported,35,35 MPH,1,Straight,1,Level,1,Dry,0,No Controls,0,No Controls,15,Changing Lanes,15,Changing Lanes,11,Over the lane line on right side of travel lane,99,Unknown/Not Reported,1,Tracking,2,"Stayed on roadway, but left original travel lane",46,"F46-Same Trafficway, Same Direction-Angle, Sideswipe-Changing Lanes to the Right",207,"Same Trafficway, Same Direction-Sideswipe, Angle, Vehicle on Left"
202304646787,2,59,59,10,3,"South (MD, DE, DC, WV, VA, KY, TN, NC, SC, GA, FL, AL, MS, LA, AR, OK, TX)",1,Urban Area,9,Stratum 9 - LMY PV No Injuries in Crash,4137,142.15884183,2,1,January,17,5:00pm-5:59pm,35,35,12,Motor Vehicle In-Transport,7,Sideswipe - Same Direction,1,01,1,Motor Vehicle In-Transport (Inside or Outside the Trafficway),0,No,KL4CJ1SB8JB7,KL4CJ1SB8JB7,2018,2018,2018,2018,468,Buick,1842,Encore,7,Sport Utility Vehicle (SUV)/Multi-Purpose Vehicle (MPV),18,Buick / Opel,404,14,"Compact Utility (Utility Vehicle Categories ""Small"" and ""Midsize"")",0,Not Applicable,11,"Class 1: 6,000 lbs. or less (2,722 kg or less)",11,"Class 1: 6,000 lbs. or less (2,722 kg or less)",0,No Trailers,777777777777,No Trailing Units,777777777777,No Trailing Units,777777777777,No Trailing Units,77,No Trailing Units,77,No Trailing Units,77,No Trailing Units,0,Not an Articulated Vehicle,00000000000,Not Applicable,0,Not Applicable,0,Not Applicable,0,Not Applicable,0,Not Applicable (N/A),1,No,0,Not Applicable,0,Not Applicable,0,Not Applicable,0,Not Applicable,0,Not a Bus,0,No Special Use Noted,0,Not Applicable,20,020 MPH,0,No Underride or Override,0,No Rollover,0,No Rollover,63,Left-Back Side,63,Left-Back Side,2,Minor Damage,5,Not Towed,12,Motor Vehicle In-Transport,12,Motor Vehicle In-Transport,0,No or Not Reported,1,Yes,0,No Apparent Injury (O),0,No Apparent Injury (O),0,No Person Injured in Vehicle,0,No Person Injured in Vehicle,2,No Alcohol Involved,2,No Alcohol Involved,18404,Buick / Opel Encore,33155,33155,0,No,1,"Two-Way, Not Divided",8,Not Reported,35,35 MPH,1,Straight,1,Level,1,Dry,0,No Controls,0,No Controls,1,Going Straight,1,Going Straight,60,From adjacent lane (same direction) over left lane line,99,Unknown/Not Reported,1,Tracking,1,Stayed in original travel lane,45,"F45-Same Trafficway, Same Direction-Angle, Sideswipe-Straight Ahead on Left/Right",208,"Same Trafficway, Same Direction-Sideswipe, Angle, Vehicle on Right"
202304646818,1,59,59,10,3,"South (MD, DE, DC, WV, VA, KY, TN, NC, SC, GA, FL, AL, MS, LA, AR, OK, TX)",1,Urban Area,6,Stratum 6 - LMY PV Minor Injury,4137,54.478662618,2,1,January,15,3:00pm-3:59pm,30,30,12,Motor Vehicle In-Transport,6,Angle,99,Unknown,1,Motor Vehicle In-Transport (Inside or Outside the Trafficway),1,Yes,888888888888,Not Reported,9999,Unknown,2023,2023,99999,Unknown,99999,Unknown,999,Unknown,99,Unknown Make,999,79,Unknown truck type (light/medium/heavy),0,Not Applicable,98,Not Reported,98,Not Reported,0,No Trailers,777777777777,No Trailing Units,777777777777,No Trailing Units,777777777777,No Trailing Units,77,No Trailing Units,77,No Trailing Units,77,No Trailing Units,0,Not an Articulated Vehicle,99999999999,Unknown,99,Unknown,999999999,Unknown,99,Unknown,99,Unknown,1,No,0,Not Applicable,0,Not Applicable,0,Not Applicable,0,Not Applicable,99,Reported as Unknown,99,Reported as Unknown,0,Not Applicable,998,Not Reported,0,No Underride or Override,0,No Rollover,0,No Rollover,12,12 Clock Point,12,12 Clock Point,9,Reported as Unknown,5,Not Towed,12,Motor Vehicle In-Transport,12,Motor Vehicle In-Transport,0,No or Not Reported,1,Yes,9,Unknown/Not Reported,0,No Apparent Injury (O),99,All Persons in Vehicle are unknown if Injured,0,No Person Injured in Vehicle,9,Reported as Unknown,2,No Alcohol Involved,99999,"Unknown Make Unknown (as to automobile, motored cycle, light truck or truck)",99998,Not Reported,0,No,1,"Two-Way, Not Divided",2,Two lanes,98,Not Reported,1,Straight,1,Level,1,Dry,3,Traffic control signal(on colors) not known whether or not Pedestrian Signal,3,Device Functioning Properly,1,Going Straight,1,Going Straight,19,Unknown travel direction,99,Unknown/Not Reported,1,Tracking,1,Stayed in original travel lane,99,M99-Unknown,999,Unknown Crash Type
202304646818,2,59,59,10,3,"South (MD, DE, DC, WV, VA, KY, TN, NC, SC, GA, FL, AL, MS, LA, AR, OK, TX)",1,Urban Area,6,Stratum 6 - LMY PV Minor Injury,4137,54.478662618,2,1,January,15,3:00pm-3:59pm,30,30,12,Motor Vehicle In-Transport,6,Angle,1,01,1,Motor Vehicle In-Transport (Inside or Outside the Trafficway),0,No,1G1BC5SM9K71,1G1BC5SM9K71,2019,2019,2019,2019,467,Chevrolet,1832,Cruze,13,Sedan/Saloon,20,Chevrolet,25,4,"4-door sedan, hardtop",0,Not Applicable,11,"Class 1: 6,000 lbs. or less (2,722 kg or less)",11,"Class 1: 6,000 lbs. or less (2,722 kg or less)",0,No Trailers,777777777777,No Trailing Units,777777777777,No Trailing Units,777777777777,No Trailing Units,77,No Trailing Units,77,No Trailing Units,77,No Trailing Units,0,Not an Articulated Vehicle,00000000000,Not Applicable,0,Not Applicable,0,Not Applicable,0,Not Applicable,0,Not Applicable (N/A),1,No,0,Not Applicable,0,Not Applicable,0,Not Applicable,0,Not Applicable,0,Not a Bus,0,No Special Use Noted,0,Not Applicable,30,030 MPH,0,No Underride or Override,0,No Rollover,0,No Rollover,1,1 Clock Point,1,1 Clock Point,6,Disabling Damage,6,Towed,12,Motor Vehicle In-Transport,12,Motor Vehicle In-Transport,0,No or Not Reported,1,Yes,2,Suspected Minor Injury (B),2,Suspected Minor Injury (B),1,1,1,1,2,No Alcohol Involved,2,No Alcohol Involved,20025,Chevrolet Cruze,33033,33033,0,No,7,"Two-Way Divided, Unknown if Unprotected Median or Positive Median Barrier",2,Two lanes,45,45 MPH,1,Straight,1,Level,98,Not Reported,3,Traffic control signal(on colors) not known whether or not Pedestrian Signal,3,Device Functioning Properly,1,Going Straight,1,Going Straight,68,"From crossing street, intended path not known",99,Unknown/Not Reported,1,Tracking,1,Stayed in original travel lane,99,M99-Unknown,999,Unknown Crash Type
202304646824,1,28,28,11,3,"South (MD, DE, DC, WV, VA, KY, TN, NC, SC, GA, FL, AL, MS, LA, AR, OK, TX)",1,Urban Area,9,Stratum 9 - LMY PV No Injuries in Crash,4139,141.34570405,2,1,January,19,7:00pm-7:59pm,33,33,12,Motor Vehicle In-Transport,1,Front-to-Rear,1,01,1,Motor Vehicle In-Transport (Inside or Outside the Trafficway),0,No,1C4JJXP63NW1,1C4JJXP63NW1,2022,2022,2022,2022,483,Jeep,1943,Wrangler,7,Sport Utility Vehicle (SUV)/Multi-Purpose Vehicle (MPV),2,Jeep / Kaiser-Jeep / Willys- Jeep,403,14,"Compact Utility (Utility Vehicle Categories ""Small"" and ""Midsize"")",0,Not Applicable,12,"Class 2: 6,001 - 10,000 lbs. (2,722 - 4,536 kg)",12,"Class 2: 6,001 - 10,000 lbs. (2,722 - 4,536 kg)",0,No Trailers,777777777777,No Trailing Units,777777777777,No Trailing Units,777777777777,No Trailing Units,77,No Trailing Units,77,No Trailing Units,77,No Trailing Units,0,Not an Articulated Vehicle,00000000000,Not Applicable,0,Not Applicable,0,Not Applicable,0,Not Applicable,0,Not Applicable (N/A),1,No,0,Not Applicable,0,Not Applicable,0,Not Applicable,0,Not Applicable,0,Not a Bus,0,No Special Use Noted,0,Not Applicable,10,010 MPH,8,Not Reported,0,No Rollover,0,No Rollover,12,12 Clock Point,12,12 Clock Point,4,Functional Damage,5,Not Towed,12,Motor Vehicle In-Transport,12,Motor Vehicle In-Transport,0,No or Not Reported,1,Yes,0,No Apparent Injury (O),0,No Apparent Injury (O),0,No Person Injured in Vehicle,0,No Person Injured in Vehicle,2,No Alcohol Involved,2,No Alcohol Involved,2403,Jeep / Kaiser-Jeep / Willys- Jeep YJ series/Wrangler,33181,33181,0,No,1,"Two-Way, Not Divided",2,Two lanes,25,25 MPH,1,Straight,1,Level,1,Dry,3,Traffic control signal(on colors) not known whether or not Pedestrian Signal,3,Device Functioning Properly,1,Going Straight,1,Going Straight,50,Other vehicle stopped,99,Unknown/Not Reported,1,Tracking,1,Stayed in original travel lane,20,"D20-Same Trafficway, Same Direction-Rear End-Stopped",202,"Same Trafficway, Same Direction-Rear End, Lead Vehicle"
202304646824,2,28,28,11,3,"South (MD, DE, DC, WV, VA, KY, TN, NC, SC, GA, FL, AL, MS, LA, AR, OK, TX)",1,Urban Area,9,Stratum 9 - LMY PV No Injuries in Crash,4139,141.34570405,2,1,January,19,7:00pm-7:59pm,33,33,12,Motor Vehicle In-Transport,1,Front-to-Rear,1,01,1,Motor Vehicle In-Transport (Inside or Outside the Trafficway),0,No,JTDS4RCE9LJ0,JTDS4RCE9LJ0,2020,2020,2020,2020,448,Toyota,2208,Corolla,13,Sedan/Saloon,49,Toyota,32,4,"4-door sedan, hardtop",0,Not Applicable,11,"Class 1: 6,000 lbs. or less (2,722 kg or less)",11,"Class 1: 6,000 lbs. or less (2,722 kg or less)",0,No Trailers,777777777777,No Trailing Units,777777777777,No Trailing Units,777777777777,No Trailing Units,77,No Trailing Units,77,No Trailing Units,77,No Trailing Units,0,Not an Articulated Vehicle,00000000000,Not Applicable,0,Not Applicable,0,Not Applicable,0,Not Applicable,0,Not Applicable (N/A),1,No,0,Not Applicable,0,Not Applicable,0,Not Applicable,0,Not Applicable,0,Not a Bus,0,No Special Use Noted,0,Not Applicable,0,Stopped Motor Vehicle In- Transport,8,Not Reported,0,No Rollover,0,No Rollover,6,6 Clock Point,6,6 Clock Point,2,Minor Damage,5,Not Towed,12,Motor Vehicle In-Transport,12,Motor Vehicle In-Transport,0,No or Not Reported,1,Yes,0,No Apparent Injury (O),0,No Apparent Injury (O),0,No Person Injured in Vehicle,0,No Person Injured in Vehicle,2,No Alcohol Involved,2,No Alcohol Involved,49032,Toyota Corolla,33178,33178,0,No,1,"Two-Way, Not Divided",2,Two lanes,25,25 MPH,1,Straight,1,Level,1,Dry,3,Traffic control signal(on colors) not known whether or not Pedestrian Signal,3,Device Functioning Properly,5,Stopped in Roadway,5,Stopped in Roadway,53,Traveling in same direction with higher speed,1,No Avoidance Maneuver,1,Tracking,1,Stayed in original travel lane,21,"D21-Same Trafficway, Same Direction-Rear End-Stopped, Straight",201,"Same Trafficway, Same Direction-Rear End, Trailing Vehicle"
202304646843,1,28,28,11,3,"South (MD, DE, DC, WV, VA, KY, TN, NC, SC, GA, FL, AL, MS, LA, AR, OK, TX)",1,Urban Area,6,Stratum 6 - LMY PV Minor Injury,4139,54.461391025,3,1,January,10,10:00am-10:59am,29,29,12,Motor Vehicle In-Transport,6,Angle,1,01,1,Motor Vehicle In-Transport (Inside or Outside the Trafficway),0,No,1G6DM5RK5N01,1G6DM5RK5N01,2022,2022,2022,2022,469,Cadillac,26603,CT5,13,Sedan/Saloon,19,Cadillac,27,4,"4-door sedan, hardtop",0,Not Applicable,11,"Class 1: 6,000 lbs. or less (2,722 kg or less)",11,"Class 1: 6,000 lbs. or less (2,722 kg or less)",0,No Trailers,777777777777,No Trailing Units,777777777777,No Trailing Units,777777777777,No Trailing Units,77,No Trailing Units,77,No Trailing Units,77,No Trailing Units,0,Not an Articulated Vehicle,00000000000,Not Applicable,0,Not Applicable,0,Not Applicable,0,Not Applicable,0,Not Applicable (N/A),1,No,0,Not Applicable,0,Not Applicable,0,Not Applicable,0,Not Applicable,0,Not a Bus,0,No Special Use Noted,0,Not Applicable,25,025 MPH,8,Not Reported,0,No Rollover,0,No Rollover,12,12 Clock Point,12,12 Clock Point,6,Disabling Damage,6,Towed,12,Motor Vehicle In-Transport,12,Motor Vehicle In-Transport,0,No or Not Reported,1,Yes,2,Suspected Minor Injury (B),2,Suspected Minor Injury (B),1,1,1,1,2,No Alcohol Involved,2,No Alcohol Involved,19027,Cadillac CT5,33009,33009,0,No,1,"Two-Way, Not Divided",2,Two lanes,30,30 MPH,1,Straight,1,Level,1,Dry,20,Stop Sign,3,Device Functioning Properly,1,Going Straight,1,Going Straight,17,Crossing Over (Passing Through) Junction,99,Unknown/Not Reported,1,Tracking,1,Stayed in original travel lane,86,L86-Intersecting Paths-Straight Paths-Striking from the Right,501,"Intersecting Paths-Straight Paths, Striking from the Right"
202304646843,2,28,28,11,3,"South (MD, DE, DC, WV, VA, KY, TN, NC, SC, GA, FL, AL, MS, LA, AR, OK, TX)",1,Urban Area,6,Stratum 6 - LMY PV Minor Injury,4139,54.461391025,3,1,January,10,10:00am-10:59am,29,29,12,Motor Vehicle In-Transport,6,Angle,1,01,1,Motor Vehicle In-Transport (Inside or Outside the Trafficway),0,No,5NMZU3LB6HH0,5NMZU3LB6HH0,2017,2017,2017,2017,498,Hyundai,16694,Santa Fe Sport,7,Sport Utility Vehicle (SUV)/Multi-Purpose Vehicle (MPV),55,Hyundai,401,14,"Compact Utility (Utility Vehicle Categories ""Small"" and ""Midsize"")",0,Not Applicable,11,"Class 1: 6,000 lbs. or less (2,722 kg or less)",11,"Class 1: 6,000 lbs. or less (2,722 kg or less)",0,No Trailers,777777777777,No Trailing Units,777777777777,No Trailing Units,777777777777,No Trailing Units,77,No Trailing Units,77,No Trailing Units,77,No Trailing Units,0,Not an Articulated Vehicle,00000000000,Not Applicable,0,Not Applicable,0,Not Applicable,0,Not Applicable,0,Not Applicable (N/A),1,No,0,Not Applicable,0,Not Applicable,0,Not Applicable,0,Not Applicable,0,Not a Bus,0,No Special Use Noted,0,Not Applicable,25,025 MPH,8,Not Reported,0,No Rollover,0,No Rollover,1,1 Clock Point,1,1 Clock Point,6,Disabling Damage,6,Towed,12,Motor Vehicle In-Transport,12,Motor Vehicle In-Transport,0,No or Not Reported,1,Yes,1,Possible Injury (C),1,Possible Injury (C),1,1,1,1,2,No Alcohol Involved,2,No Alcohol Involved,55401,Hyundai Santa Fe,33025,33025,0,No,1,"Two-Way, Not Divided",2,Two lanes,30,30 MPH,1,Straight,1,Level,98,Not Reported,0,No Controls,0,No Controls,1,Going Straight,1,Going Straight,66,"From crossing street, across path",99,Unknown/Not Reported,1,Tracking,1,Stayed in original travel lane,87,L87-Intersecting Paths-Straight Paths-Struck on the Right,502,"Intersecting Paths-Straight Paths, Struck on the Right"
202304646843,3,28,28,11,3,"South (MD, DE, DC, WV, VA, KY, TN, NC, SC, GA, FL, AL, MS, LA, AR, OK, TX)",1,Urban Area,6,Stratum 6 - LMY PV Minor Injury,4139,54.461391025,3,1,January,10,10:00am-10:59am,29,29,12,Motor Vehicle In-Transport,6,Angle,1,01,1,Motor Vehicle In-Transport (Inside or Outside the Trafficway),0,No,1GNKRHKDXEJ3,1GNKRHKDXEJ3,2014,2014,2014,2014,467,Chevrolet,1853,Traverse,7,Sport Utility Vehicle (SUV)/Multi-Purpose Vehicle (MPV),20,Chevrolet,423,15,"Large utility (ANSI D16.1 Utility Vehicle Categories and ""Full Size"" and ""Large"")",0,Not Applicable,12,"Class 2: 6,001 - 10,000 lbs. (2,722 - 4,536 kg)",12,"Class 2: 6,001 - 10,000 lbs. (2,722 - 4,536 kg)",0,No Trailers,777777777777,No Trailing Units,777777777777,No Trailing Units,777777777777,No Trailing Units,77,No Trailing Units,77,No Trailing Units,77,No Trailing Units,0,Not an Articulated Vehicle,00000000000,Not Applicable,0,Not Applicable,0,Not Applicable,0,Not Applicable,0,Not Applicable (N/A),1,No,0,Not Applicable,0,Not Applicable,0,Not Applicable,0,Not Applicable,0,Not a Bus,0,No Special Use Noted,0,Not Applicable,25,025 MPH,8,Not Reported,0,No Rollover,0,No Rollover,12,12 Clock Point,12,12 Clock Point,4,Functional Damage,5,Not Towed,12,Motor Vehicle In-Transport,12,Motor Vehicle In-Transport,0,No or Not Reported,1,Yes,0,No Apparent Injury (O),0,No Apparent Injury (O),0,No Person Injured in Vehicle,0,No Person Injured in Vehicle,2,No Alcohol Involved,2,No Alcohol Involved,20423,Chevrolet Traverse (2013 on.  For 2009-2012 see model 024.),33004,33004,0,No,1,"Two-Way, Not Divided",2,Two lanes,30,30 MPH,1,Straight,1,Level,1,Dry,0,No Controls,0,No Controls,1,Going Straight,1,Going Straight,66,"From crossing street, across path",99,Unknown/Not Reported,1,Tracking,1,Stayed in original travel lane,98,M98-Other Crash Type,998,Other Crash Type
202304646875,1,28,28,11,3,"South (MD, DE, DC, WV, VA, KY, TN, NC, SC, GA, FL, AL, MS, LA, AR, OK, TX)",1,Urban Area,8,Stratum 8 - NLMY PV Minor Injury,4139,135.09245684,2,1,January,14,2:00pm-2:59pm,32,32,12,Motor Vehicle In-Transport,6,Angle,1,01,1,Motor Vehicle In-Transport (Inside or Outside the Trafficway),0,No,1C4RDHDG7GC4,1C4RDHDG7GC4,2016,2016,2016,2016,476,Dodge,3508,Durango,7,Sport Utility Vehicle (SUV)/Multi-Purpose Vehicle (MPV),7,Dodge,422,15,"Large utility (ANSI D16.1 Utility Vehicle Categories and ""Full Size"" and ""Large"")",0,Not Applicable,12,"Class 2: 6,001 - 10,000 lbs. (2,722 - 4,536 kg)",12,"Class 2: 6,001 - 10,000 lbs. (2,722 - 4,536 kg)",0,No Trailers,777777777777,No Trailing Units,777777777777,No Trailing Units,777777777777,No Trailing Units,77,No Trailing Units,77,No Trailing Units,77,No Trailing Units,0,Not an Articulated Vehicle,00000000000,Not Applicable,0,Not Applicable,0,Not Applicable,0,Not Applicable,0,Not Applicable (N/A),1,No,0,Not Applicable,0,Not Applicable,0,Not Applicable,0,Not Applicable,0,Not a Bus,0,No Special Use Noted,0,Not Applicable,30,030 MPH,8,Not Reported,0,No Rollover,0,No Rollover,12,12 Clock Point,12,12 Clock Point,4,Functional Damage,5,Not Towed,12,Motor Vehicle In-Transport,12,Motor Vehicle In-Transport,0,No or Not Reported,1,Yes,0,No Apparent Injury (O),0,No Apparent Injury (O),0,No Person Injured in Vehicle,0,No Person Injured in Vehicle,2,No Alcohol Involved,2,No Alcohol Involved,7422,Dodge Durango (2004 on; see 402 for 1998-2003 models),33063,33063,0,No,7,"Two-Way Divided, Unknown if Unprotected Median or Positive Median Barrier",4,Four lanes,45,45 MPH,1,Straight,1,Level,1,Dry,3,Traffic control signal(on colors) not known whether or not Pedestrian Signal,3,Device Functioning Properly,11,Turning Left,11,Turning Left,15,Turning Left,99,Unknown/Not Reported,1,Tracking,1,Stayed in original travel lane,68,J68-Trafficway Vehicle Turning-Turn Across Path-Initial Opposite Directions (Left/Right),401,"Changing Trafficway, Vehicle Turning-Turn Across Path, Initial Opposite Directions [Left/Right]"
202304646875,2,28,28,11,3,"South (MD, DE, DC, WV, VA, KY, TN, NC, SC, GA, FL, AL, MS, LA, AR, OK, TX)",1,Urban Area,8,Stratum 8 - NLMY PV Minor Injury,4139,135.09245684,2,1,January,14,2:00pm-2:59pm,32,32,12,Motor Vehicle In-Transport,6,Angle,1,01,1,Motor Vehicle In-Transport (Inside or Outside the Trafficway),0,No,5NPE24AF0GH3,5NPE24AF0GH3,2016,2016,2016,2016,498,Hyundai,2459,Sonata,13,Sedan/Saloon,55,Hyundai,33,4,"4-door sedan, hardtop",0,Not Applicable,11,"Class 1: 6,000 lbs. or less (2,722 kg or less)",11,"Class 1: 6,000 lbs. or less (2,722 kg or less)",0,No Trailers,777777777777,No Trailing Units,777777777777,No Trailing Units,777777777777,No Trailing Units,77,No Trailing Units,77,No Trailing Units,77,No Trailing Units,0,Not an Articulated Vehicle,00000000000,Not Applicable,0,Not Applicable,0,Not Applicable,0,Not Applicable,0,Not Applicable (N/A),1,No,0,Not Applicable,0,Not Applicable,0,Not Applicable,0,Not Applicable,0,Not a Bus,0,No Special Use Noted,0,Not Applicable,45,045 MPH,8,Not Reported,0,No Rollover,0,No Rollover,11,11 Clock Point,11,11 Clock Point,4,Functional Damage,5,Not Towed,12,Motor Vehicle In-Transport,12,Motor Vehicle In-Transport,0,No or Not Reported,1,Yes,2,Suspected Minor Injury (B),2,Suspected Minor Injury (B),1,1,1,1,2,No Alcohol Involved,2,No Alcohol Involved,55033,Hyundai Sonata,33311,33311,0,No,7,"Two-Way Divided, Unknown if Unprotected Median or Positive Median Barrier",3,Three lanes,45,45 MPH,1,Straight,1,Level,1,Dry,3,Traffic control signal(on colors) not known whether or not Pedestrian Signal,3,Device Functioning Properly,1,Going Straight,1,Going Straight,62,From opposite direction  over left lane line,99,Unknown/Not Reported,1,Tracking,1,Stayed in original travel lane,69,J69-Trafficway Vehicle Turning-Turn Across Path-Initial Opposite Directions (Going Straight),402,"Changing Trafficway, Vehicle Turning-Turn Across Path, Initial Opposite Directions [Going Straight]"
202304646924,1,12,12,12,3,"South (MD, DE, DC, WV, VA, KY, TN, NC, SC, GA, FL, AL, MS, LA, AR, OK, TX)",1,Urban Area,5,Stratum 5 - NLMY PV Serious Injury,4142,26.121574002,3,1,January,8,8:00am-8:59am,33,33,12,Motor Vehicle In-Transport,2,Front-to-Front,1,01,1,Motor Vehicle In-Transport (Inside or Outside the Trafficway),0,No,1G8AJ55F27Z2,1G8AJ55F27Z2,2007,2007,2007,2007,1056,Saturn,4781,Ion,13,Sedan/Saloon,24,Saturn,7,4,"4-door sedan, hardtop",0,Not Applicable,11,"Class 1: 6,000 lbs. or less (2,722 kg or less)",11,"Class 1: 6,000 lbs. or less (2,722 kg or less)",0,No Trailers,777777777777,No Trailing Units,777777777777,No Trailing Units,777777777777,No Trailing Units,77,No Trailing Units,77,No Trailing Units,77,No Trailing Units,0,Not an Articulated Vehicle,00000000000,Not Applicable,0,Not Applicable,0,Not Applicable,0,Not Applicable,0,Not Applicable (N/A),1,No,0,Not Applicable,0,Not Applicable,0,Not Applicable,0,Not Applicable,0,Not a Bus,0,No Special Use Noted,0,Not Applicable,60,060 MPH,8,Not Reported,0,No Rollover,0,No Rollover,12,12 Clock Point,12,12 Clock Point,6,Disabling Damage,6,Towed,12,Motor Vehicle In-Transport,12,Motor Vehicle In-Transport,0,No or Not Reported,1,Yes,3,Suspected Serious Injury (A),3,Suspected Serious Injury (A),1,1,1,1,2,No Alcohol Involved,2,No Alcohol Involved,24007,Saturn Ion,33573,33573,0,No,3,"Two-Way,  Divided, Positive  Median Barrier",4,Four lanes,70,70 MPH,1,Straight,1,Level,1,Dry,0,No Controls,0,No Controls,2,Decelerating in Road,2,Decelerating in Road,9,Unknown cause of control loss,99,Unknown/Not Reported,3,Skidding laterally clockwise rotation,2,"Stayed on roadway, but left original travel lane",52,"G52-Same Trafficway, Opposite Direction-Head-On-Specifics Other",303,"Same Trafficway, Opposite Direction-Lateral Move, Other or Unknown"
202304646924,2,12,12,12,3,"South (MD, DE, DC, WV, VA, KY, TN, NC, SC, GA, FL, AL, MS, LA, AR, OK, TX)",1,Urban Area,5,Stratum 5 - NLMY PV Serious Injury,4142,26.121574002,3,1,January,8,8:00am-8:59am,33,33,12,Motor Vehicle In-Transport,2,Front-to-Front,2,02,1,Motor Vehicle In-Transport (Inside or Outside the Trafficway),0,No,3AKJHHDR2LSK,3AKJHHDR2LSK,2020,2020,2020,2020,450,Freightliner,2501,Cascadia,66,Truck-Tractor,82,Freightliner,881,66,"Truck-tractor (Cab only, or with any number of trailing unit; any weight)",0,Not Applicable,18,"Class 8: 33,001 lbs. and above (14,969 kg and above)",18,"Class 8: 33,001 lbs. and above (14,969 kg and above)",1,One Trailer,1GR1A9623LB1,1GR1A9623LB1,777777777777,No Trailing Units,777777777777,No Trailing Units,98,Not Reported,77,No Trailing Units,77,No Trailing Units,1,No,5735568,5735568,57,US DOT,35568,35568,6,Truck Tractor/Semi-Trailer,1,Van/Enclosed Box,1,No,0,Not Applicable,0,Not Applicable,0,Not Applicable,0,Not Applicable,0,Not a Bus,0,No Special Use Noted,0,Not Applicable,50,050 MPH,8,Not Reported,0,No Rollover,0,No Rollover,12,12 Clock Point,12,12 Clock Point,6,Disabling Damage,6,Towed,12,Motor Vehicle In-Transport,12,Motor Vehicle In-Transport,0,No or Not Reported,1,Yes,1,Possible Injury (C),1,Possible Injury (C),2,2,2,2,2,No Alcohol Involved,2,No Alcohol Involved,82881,Freightliner Medium/Heavy - CBE,32131,32131,0,No,3,"Two-Way,  Divided, Positive  Median Barrier",4,Four lanes,70,70 MPH,1,Straight,1,Level,1,Dry,0,No Controls,0,No Controls,1,Going Straight,1,Going Straight,60,From adjacent lane (same direction) over left lane line,99,Unknown/Not Reported,1,Tracking,1,Stayed in original travel lane,52,"G52-Same Trafficway, Opposite Direction-Head-On-Specifics Other",303,"Same Trafficway, Opposite Direction-Lateral Move, Other or Unknown"
202304646924,3,12,12,12,3,"South (MD, DE, DC, WV, VA, KY, TN, NC, SC, GA, FL, AL, MS, LA, AR, OK, TX)",1,Urban Area,5,Stratum 5 - NLMY PV Serious Injury,4142,26.121574002,3,1,January,8,8:00am-8:59am,33,33,12,Motor Vehicle In-Transport,2,Front-to-Front,1,01,1,Motor Vehicle In-Transport (Inside or Outside the Trafficway),0,No,3C63RRHL6EG1,3C63RRHL6EG1,2014,2014,2014,2014,496,Ram,13622,3500,60,Pickup,7,Dodge,880,67,"Medium/heavy Pickup (GVWR greater than 10,000 lbs.)",0,Not Applicable,13,"Class 3: 10,001 - 14,000 lbs. (4,536 - 6,350 kg)",13,"Class 3: 10,001 - 14,000 lbs. (4,536 - 6,350 kg)",1,One Trailer,58SGB4024ME0,58SGB4024ME0,777777777777,No Trailing Units,777777777777,No Trailing Units,98,Not Reported,77,No Trailing Units,77,No Trailing Units,1,No,573450997,573450997,57,US DOT,3450997,3450997,4,Truck Pulling Trailer(s),3,Flatbed,1,No,0,Not Applicable,0,Not Applicable,0,Not Applicable,0,Not Applicable,0,Not a Bus,0,No Special Use Noted,0,Not Applicable,45,045 MPH,0,No Underride or Override,0,No Rollover,0,No Rollover,1,1 Clock Point,1,1 Clock Point,6,Disabling Damage,6,Towed,12,Motor Vehicle In-Transport,12,Motor Vehicle In-Transport,0,No or Not Reported,1,Yes,1,Possible Injury (C),1,Possible Injury (C),1,1,1,1,2,No Alcohol Involved,2,No Alcohol Involved,7880,"Dodge Medium/Heavy Pickup (pickup-style only - over 10,000 lbs)",33573,33573,0,No,3,"Two-Way,  Divided, Positive  Median Barrier",4,Four lanes,70,70 MPH,1,Straight,1,Level,1,Dry,0,No Controls,0,No Controls,1,Going Straight,1,Going Straight,64,"From Parking Lane/Shoulder, Median/Crossover, Roadside",99,Unknown/Not Reported,1,Tracking,1,Stayed in original travel lane,98,M98-Other Crash Type,998,Other Crash Type
202304646962,1,12,12,12,3,"South (MD, DE, DC, WV, VA, KY, TN, NC, SC, GA, FL, AL, MS, LA, AR, OK, TX)",1,Urban Area,8,Stratum 8 - NLMY PV Minor Injury,4142,135.18572704,2,1,January,9,9:00am-9:59am,11,11,12,Motor Vehicle In-Transport,6,Angle,1,01,1,Motor Vehicle In-Transport (Inside or Outside the Trafficway),0,No,2G4WB52K1312,2G4WB52K1312,2003,2003,2003,2003,468,Buick,1822,Regal,13,Sedan/Saloon,18,Buick / Opel,20,4,"4-door sedan, hardtop",0,Not Applicable,11,"Class 1: 6,000 lbs. or less (2,722 kg or less)",11,"Class 1: 6,000 lbs. or less (2,722 kg or less)",0,No Trailers,777777777777,No Trailing Units,777777777777,No Trailing Units,777777777777,No Trailing Units,77,No Trailing Units,77,No Trailing Units,77,No Trailing Units,0,Not an Articulated Vehicle,00000000000,Not Applicable,0,Not Applicable,0,Not Applicable,0,Not Applicable,0,Not Applicable (N/A),1,No,0,Not Applicable,0,Not Applicable,0,Not Applicable,0,Not Applicable,0,Not a Bus,0,No Special Use Noted,0,Not Applicable,15,015 MPH,0,No Underride or Override,0,No Rollover,0,No Rollover,12,12 Clock Point,12,12 Clock Point,4,Functional Damage,5,Not Towed,12,Motor Vehicle In-Transport,12,Motor Vehicle In-Transport,0,No or Not Reported,1,Yes,0,No Apparent Injury (O),0,No Apparent Injury (O),0,No Person Injured in Vehicle,0,No Person Injured in Vehicle,2,No Alcohol Involved,2,No Alcohol Involved,18020,Buick / Opel Regal (FWD),33607,33607,0,No,1,"Two-Way, Not Divided",8,Not Reported,25,25 MPH,1,Straight,1,Level,98,Not Reported,20,Stop Sign,3,Device Functioning Properly,1,Going Straight,1,Going Straight,17,Crossing Over (Passing Through) Junction,99,Unknown/Not Reported,1,Tracking,1,Stayed in original travel lane,88,L88-Intersecting Paths-Straight Paths-Striking from the Left,503,"Intersecting Paths-Straight Paths, Striking from the Left"
202304646962,2,12,12,12,3,"South (MD, DE, DC, WV, VA, KY, TN, NC, SC, GA, FL, AL, MS, LA, AR, OK, TX)",1,Urban Area,8,Stratum 8 - NLMY PV Minor Injury,4142,135.18572704,2,1,January,9,9:00am-9:59am,11,11,12,Motor Vehicle In-Transport,6,Angle,1,01,1,Motor Vehicle In-Transport (Inside or Outside the Trafficway),0,No,1HGCG32572A0,1HGCG32572A0,2002,2002,2002,2002,474,Honda,1861,Accord,3,Coupe,37,Honda,32,2,"2-door sedan,hardtop,coupe",0,Not Applicable,11,"Class 1: 6,000 lbs. or less (2,722 kg or less)",11,"Class 1: 6,000 lbs. or less (2,722 kg or less)",0,No Trailers,777777777777,No Trailing Units,777777777777,No Trailing Units,777777777777,No Trailing Units,77,No Trailing Units,77,No Trailing Units,77,No Trailing Units,0,Not an Articulated Vehicle,00000000000,Not Applicable,0,Not Applicable,0,Not Applicable,0,Not Applicable,0,Not Applicable (N/A),1,No,0,Not Applicable,0,Not Applicable,0,Not Applicable,0,Not Applicable,0,Not a Bus,0,No Special Use Noted,0,Not Applicable,25,025 MPH,0,No Underride or Override,0,No Rollover,0,No Rollover,8,8 Clock Point,8,8 Clock Point,6,Disabling Damage,6,Towed,12,Motor Vehicle In-Transport,12,Motor Vehicle In-Transport,0,No or Not Reported,1,Yes,1,Possible Injury (C),1,Possible Injury (C),1,1,1,1,2,No Alcohol Involved,2,No Alcohol Involved,37032,"Honda Accord (Note: For Crosstour model years 2010 and 2011 only. For Crosstour model years 2012-2015, see vehicle model 37-405)",33602,33602,0,No,1,"Two-Way, Not Divided",8,Not Reported,25,25 MPH,1,Straight,1,Level,1,Dry,0,No Controls,0,No Controls,1,Going Straight,1,Going Straight,66,"From crossing street, across path",99,Unknown/Not Reported,1,Tracking,1,Stayed in original travel lane,89,L89-Intersecting Paths-Straight Paths-Struck on the left,504,"Intersecting Paths-Straight Paths, Struck on the Left"
202304647003,1,78,78,10,3,"South (MD, DE, DC, WV, VA, KY, TN, NC, SC, GA, FL, AL, MS, LA, AR, OK, TX)",1,Urban Area,9,Stratum 9 - LMY PV No Injuries in Crash,4146,141.59880277,2,1,January,7,7:00am-7:59am,40,40,12,Motor Vehicle In-Transport,1,Front-to-Rear,1,01,1,Motor Vehicle In-Transport (Inside or Outside the Trafficway),0,No,5TFTX4CNXFX0,5TFTX4CNXFX0,2015,2015,2015,2015,448,Toyota,2223,Tacoma,60,Pickup,49,Toyota,472,34,Light Pickup,0,Not Applicable,11,"Class 1: 6,000 lbs. or less (2,722 kg or less)",11,"Class 1: 6,000 lbs. or less (2,722 kg or less)",0,No Trailers,777777777777,No Trailing Units,777777777777,No Trailing Units,777777777777,No Trailing Units,77,No Trailing Units,77,No Trailing Units,77,No Trailing Units,0,Not an Articulated Vehicle,00000000000,Not Applicable,0,Not Applicable,0,Not Applicable,0,Not Applicable,0,Not Applicable (N/A),1,No,0,Not Applicable,0,Not Applicable,0,Not Applicable,0,Not Applicable,0,Not a Bus,0,No Special Use Noted,0,Not Applicable,10,010 MPH,8,Not Reported,0,No Rollover,0,No Rollover,12,12 Clock Point,12,12 Clock Point,2,Minor Damage,5,Not Towed,12,Motor Vehicle In-Transport,12,Motor Vehicle In-Transport,0,No or Not Reported,1,Yes,0,No Apparent Injury (O),0,No Apparent Injury (O),0,No Person Injured in Vehicle,0,No Person Injured in Vehicle,2,No Alcohol Involved,2,No Alcohol Involved,49472,Toyota Tacoma,33175,33175,0,No,7,"Two-Way Divided, Unknown if Unprotected Median or Positive Median Barrier",3,Three lanes,45,45 MPH,1,Straight,1,Level,1,Dry,0,No Controls,0,No Controls,1,Going Straight,1,Going Straight,50,Other vehicle stopped,16,Braking,1,Tracking,1,Stayed in original travel lane,20,"D20-Same Trafficway, Same Direction-Rear End-Stopped",202,"Same Trafficway, Same Direction-Rear End, Lead Vehicle"
202304647003,2,78,78,10,3,"South (MD, DE, DC, WV, VA, KY, TN, NC, SC, GA, FL, AL, MS, LA, AR, OK, TX)",1,Urban Area,9,Stratum 9 - LMY PV No Injuries in Crash,4146,141.59880277,2,1,January,7,7:00am-7:59am,40,40,12,Motor Vehicle In-Transport,1,Front-to-Rear,1,01,1,Motor Vehicle In-Transport (Inside or Outside the Trafficway),0,No,JTDS4RCE2LJ0,JTDS4RCE2LJ0,2020,2020,2020,2020,448,Toyota,2208,Corolla,13,Sedan/Saloon,49,Toyota,32,4,"4-door sedan, hardtop",0,Not Applicable,11,"Class 1: 6,000 lbs. or less (2,722 kg or less)",11,"Class 1: 6,000 lbs. or less (2,722 kg or less)",0,No Trailers,777777777777,No Trailing Units,777777777777,No Trailing Units,777777777777,No Trailing Units,77,No Trailing Units,77,No Trailing Units,77,No Trailing Units,0,Not an Articulated Vehicle,00000000000,Not Applicable,0,Not Applicable,0,Not Applicable,0,Not Applicable,0,Not Applicable (N/A),1,No,0,Not Applicable,0,Not Applicable,0,Not Applicable,0,Not Applicable,0,Not a Bus,0,No Special Use Noted,0,Not Applicable,0,Stopped Motor Vehicle In- Transport,8,Not Reported,0,No Rollover,0,No Rollover,6,6 Clock Point,6,6 Clock Point,2,Minor Damage,5,Not Towed,12,Motor Vehicle In-Transport,12,Motor Vehicle In-Transport,0,No or Not Reported,1,Yes,0,No Apparent Injury (O),0,No Apparent Injury (O),0,No Person Injured in Vehicle,0,No Person Injured in Vehicle,2,No Alcohol Involved,2,No Alcohol Involved,49032,Toyota Corolla,33033,33033,0,No,7,"Two-Way Divided, Unknown if Unprotected Median or Positive Median Barrier",3,Three lanes,45,45 MPH,1,Straight,1,Level,1,Dry,0,No Controls,0,No Controls,5,Stopped in Roadway,5,Stopped in Roadway,53,Traveling in same direction with higher speed,1,No Avoidance Maneuver,1,Tracking,1,Stayed in original travel lane,21,"D21-Same Trafficway, Same Direction-Rear End-Stopped, Straight",201,"Same Trafficway, Same Direction-Rear End, Trailing Vehicle"
202304647071,1,22,22,5,1,"Northeast (PA, NJ, NY, NH, VT, RI, MA, ME, CT)",2,Rural Area,10,Stratum 10 - Other,4149,222.74751596,1,1,January,16,4:00pm-4:59pm,1,1,34,Ditch,0,The First Harmful Event was Not a Collision with a Motor Vehicle In-Transport,1,01,1,Motor Vehicle In-Transport (Inside or Outside the Trafficway),0,No,1D7HU18217S1,1D7HU18217S1,2007,2007,2007,2007,476,Dodge,1938,Ram,60,Pickup,7,Dodge,482,34,Light Pickup,0,Not Applicable,12,"Class 2: 6,001 - 10,000 lbs. (2,722 - 4,536 kg)",12,"Class 2: 6,001 - 10,000 lbs. (2,722 - 4,536 kg)",0,No Trailers,777777777777,No Trailing Units,777777777777,No Trailing Units,777777777777,No Trailing Units,77,No Trailing Units,77,No Trailing Units,77,No Trailing Units,0,Not an Articulated Vehicle,00000000000,Not Applicable,0,Not Applicable,0,Not Applicable,0,Not Applicable,0,Not Applicable (N/A),1,No,0,Not Applicable,0,Not Applicable,0,Not Applicable,0,Not Applicable,0,Not a Bus,0,No Special Use Noted,0,Not Applicable,998,Not Reported,7,Not Applicable,0,No Rollover,0,No Rollover,98,Not Reported,12,12 Clock Point,2,Minor Damage,5,Not Towed,42,Tree (Standing Only),42,Tree (Standing Only),0,No or Not Reported,1,Yes,0,No Apparent Injury (O),0,No Apparent Injury (O),0,No Person Injured in Vehicle,0,No Person Injured in Vehicle,2,No Alcohol Involved,2,No Alcohol Involved,7482,Dodge Ram Pickup,4330,4330,4,"Yes, Too Fast for Conditions",1,"Two-Way, Not Divided",2,Two lanes,35,35 MPH,1,Straight,6,Downhill,10,Slush,0,No Controls,0,No Controls,1,Going Straight,1,Going Straight,6,Traveling Too Fast for Conditions or Road Configuration,99,Unknown/Not Reported,3,Skidding laterally clockwise rotation,4,Departed roadway,2,A2-Single Driver-Right Roadside Departure-Control/Traction Loss,101,Single Driver-Right Roadside Departure
202304647076,1,77,77,9,2,"Midwest (OH, IN, IL, MI, WI, MN, ND, SD, NE, IA, MO, KS)",2,Rural Area,9,Stratum 9 - LMY PV No Injuries in Crash,4151,138.14428062,1,1,January,2,2:00am-2:59am,30,30,11,Live Animal,0,The First Harmful Event was Not a Collision with a Motor Vehicle In-Transport,1,01,1,Motor Vehicle In-Transport (Inside or Outside the Trafficway),0,No,1FMCU9J96LUB,1FMCU9J96LUB,2020,2020,2020,2020,460,Ford,1798,Escape,7,Sport Utility Vehicle (SUV)/Multi-Purpose Vehicle (MPV),12,Ford,402,14,"Compact Utility (Utility Vehicle Categories ""Small"" and ""Midsize"")",0,Not Applicable,11,"Class 1: 6,000 lbs. or less (2,722 kg or less)",11,"Class 1: 6,000 lbs. or less (2,722 kg or less)",0,No Trailers,777777777777,No Trailing Units,777777777777,No Trailing Units,777777777777,No Trailing Units,77,No Trailing Units,77,No Trailing Units,77,No Trailing Units,0,Not an Articulated Vehicle,00000000000,Not Applicable,0,Not Applicable,0,Not Applicable,0,Not Applicable,0,Not Applicable (N/A),1,No,0,Not Applicable,0,Not Applicable,0,Not Applicable,0,Not Applicable,0,Not a Bus,0,No Special Use Noted,0,Not Applicable,998,Not Reported,7,Not Applicable,0,No Rollover,0,No Rollover,12,12 Clock Point,12,12 Clock Point,6,Disabling Damage,6,Towed,11,Live Animal,11,Live Animal,0,No or Not Reported,1,Yes,9,Unknown/Not Reported,0,No Apparent Injury (O),99,All Persons in Vehicle are unknown if Injured,0,No Person Injured in Vehicle,9,Reported as Unknown,2,No Alcohol Involved,12402,Ford Escape,99998,Not Reported,0,No,8,Not Reported,2,Two lanes,98,Not Reported,1,Straight,8,Not Reported,98,Not Reported,97,Not Reported,8,Not Reported,1,Going Straight,1,Going Straight,89,Animal -unknown location,99,Unknown/Not Reported,1,Tracking,1,Stayed in original travel lane,13,C13-Single Driver-Forward Impact-Pedestrian/ Animal,103,Single Driver-Struck Object While Moving Forward
202304647096,1,39,39,7,2,"Midwest (OH, IN, IL, MI, WI, MN, ND, SD, NE, IA, MO, KS)",1,Urban Area,10,Stratum 10 - Other,4154,210.86019124,1,1,January,10,10:00am-10:59am,21,21,25,Concrete Traffic Barrier,0,The First Harmful Event was Not a Collision with a Motor Vehicle In-Transport,1,01,1,Motor Vehicle In-Transport (Inside or Outside the Trafficway),0,No,55SWF6EB1HU2,55SWF6EB1HU2,2017,2017,2017,2017,449,Mercedes-Benz,2085,C-Class,13,Sedan/Saloon,42,Mercedes-Benz,42,4,"4-door sedan, hardtop",0,Not Applicable,11,"Class 1: 6,000 lbs. or less (2,722 kg or less)",11,"Class 1: 6,000 lbs. or less (2,722 kg or less)",0,No Trailers,777777777777,No Trailing Units,777777777777,No Trailing Units,777777777777,No Trailing Units,77,No Trailing Units,77,No Trailing Units,77,No Trailing Units,0,Not an Articulated Vehicle,00000000000,Not Applicable,0,Not Applicable,0,Not Applicable,0,Not Applicable,0,Not Applicable (N/A),1,No,0,Not Applicable,0,Not Applicable,0,Not Applicable,0,Not Applicable,0,Not a Bus,0,No Special Use Noted,0,Not Applicable,998,Not Reported,7,Not Applicable,0,No Rollover,0,No Rollover,12,12 Clock Point,12,12 Clock Point,6,Disabling Damage,6,Towed,25,Concrete Traffic Barrier,25,Concrete Traffic Barrier,0,No or Not Reported,1,Yes,0,No Apparent Injury (O),0,No Apparent Injury (O),0,No Person Injured in Vehicle,0,No Person Injured in Vehicle,2,No Alcohol Involved,2,No Alcohol Involved,42042,Mercedes-Benz C Class (94 on),55117,55117,4,"Yes, Too Fast for Conditions",6,Entrance/Exit Ramp,2,Two lanes,55,55 MPH,2,Curve - Right,1,Level,4,Ice/Frost,0,No Controls,0,No Controls,14,Negotiating a Curve,14,Negotiating a Curve,6,Traveling Too Fast for Conditions or Road Configuration,99,Unknown/Not Reported,4,Skidding laterally counterclockwise rotation,4,Departed roadway,6,B6-Single Driver-Left Roadside Departure-Drive Off Road,102,Single Driver-Left Roadside Departure
202304647111,1,39,39,7,2,"Midwest (OH, IN, IL, MI, WI, MN, ND, SD, NE, IA, MO, KS)",1,Urban Area,9,Stratum 9 - LMY PV No Injuries in Crash,4154,134.35656935,2,1,January,17,5:00pm-5:59pm,17,17,12,Motor Vehicle In-Transport,1,Front-to-Rear,1,01,1,Motor Vehicle In-Transport (Inside or Outside the Trafficway),0,No,1C4NJDEB5HD1,1C4NJDEB5HD1,2017,2017,2017,2017,483,Jeep,1946,Compass,7,Sport Utility Vehicle (SUV)/Multi-Purpose Vehicle (MPV),2,Jeep / Kaiser-Jeep / Willys- Jeep,1,6,Station Wagon (excluding van and truck based),0,Not Applicable,11,"Class 1: 6,000 lbs. or less (2,722 kg or less)",11,"Class 1: 6,000 lbs. or less (2,722 kg or less)",0,No Trailers,777777777777,No Trailing Units,777777777777,No Trailing Units,777777777777,No Trailing Units,77,No Trailing Units,77,No Trailing Units,77,No Trailing Units,0,Not an Articulated Vehicle,00000000000,Not Applicable,0,Not Applicable,0,Not Applicable,0,Not Applicable,0,Not Applicable (N/A),1,No,0,Not Applicable,0,Not Applicable,0,Not Applicable,0,Not Applicable,0,Not a Bus,0,No Special Use Noted,0,Not Applicable,998,Not Reported,8,Not Reported,0,No Rollover,0,No Rollover,12,12 Clock Point,12,12 Clock Point,0,No Damage,5,Not Towed,12,Motor Vehicle In-Transport,12,Motor Vehicle In-Transport,0,No or Not Reported,1,Yes,0,No Apparent Injury (O),0,No Apparent Injury (O),0,No Person Injured in Vehicle,0,No Person Injured in Vehicle,2,No Alcohol Involved,2,No Alcohol Involved,2001,Jeep / Kaiser-Jeep / Willys- Jeep Compass,55025,55025,4,"Yes, Too Fast for Conditions",2,"Two-Way, Divided, Unprotected Median",3,Three lanes,35,35 MPH,1,Straight,1,Level,4,Ice/Frost,3,Traffic control signal(on colors) not known whether or not Pedestrian Signal,3,Device Functioning Properly,2,Decelerating in Road,2,Decelerating in Road,6,Traveling Too Fast for Conditions or Road Configuration,16,Braking,2,Skidding longitudinally  rotation less than 30 degrees,1,Stayed in original travel lane,32,"D32-Same Trafficway, Same Direction-Rear End-Specifics Other",203,"Same Trafficway, Same Direction-Rear End, Other or Unknown"
202304647111,2,39,39,7,2,"Midwest (OH, IN, IL, MI, WI, MN, ND, SD, NE, IA, MO, KS)",1,Urban Area,9,Stratum 9 - LMY PV No Injuries in Crash,4154,134.35656935,2,1,January,17,5:00pm-5:59pm,17,17,12,Motor Vehicle In-Transport,1,Front-to-Rear,1,01,1,Motor Vehicle In-Transport (Inside or Outside the Trafficway),0,No,1FM5K8AB4LGB,1FM5K8AB4LGB,2020,2020,2020,2020,460,Ford,1800,Explorer,7,Sport Utility Vehicle (SUV)/Multi-Purpose Vehicle (MPV),12,Ford,425,15,"Large utility (ANSI D16.1 Utility Vehicle Categories and ""Full Size"" and ""Large"")",0,Not Applicable,12,"Class 2: 6,001 - 10,000 lbs. (2,722 - 4,536 kg)",12,"Class 2: 6,001 - 10,000 lbs. (2,722 - 4,536 kg)",0,No Trailers,777777777777,No Trailing Units,777777777777,No Trailing Units,777777777777,No Trailing Units,77,No Trailing Units,77,No Trailing Units,77,No Trailing Units,0,Not an Articulated Vehicle,00000000000,Not Applicable,0,Not Applicable,0,Not Applicable,0,Not Applicable,0,Not Applicable (N/A),1,No,0,Not Applicable,0,Not Applicable,0,Not Applicable,0,Not Applicable,0,Not a Bus,5,Police,2,"Non-Emergency, Non-Transport",0,Stopped Motor Vehicle In- Transport,8,Not Reported,0,No Rollover,0,No Rollover,6,6 Clock Point,6,6 Clock Point,2,Minor Damage,5,Not Towed,12,Motor Vehicle In-Transport,12,Motor Vehicle In-Transport,0,No or Not Reported,1,Yes,0,No Apparent Injury (O),0,No Apparent Injury (O),0,No Person Injured in Vehicle,0,No Person Injured in Vehicle,2,No Alcohol Involved,2,No Alcohol Involved,12425,Ford Explorer (For 2019 on.  For model years 1990-2018 see 12-401.),55025,55025,0,No,2,"Two-Way, Divided, Unprotected Median",3,Three lanes,35,35 MPH,1,Straight,1,Level,4,Ice/Frost,3,Traffic control signal(on colors) not known whether or not Pedestrian Signal,3,Device Functioning Properly,5,Stopped in Roadway,5,Stopped in Roadway,53,Traveling in same direction with higher speed,1,No Avoidance Maneuver,1,Tracking,1,Stayed in original travel lane,32,"D32-Same Trafficway, Same Direction-Rear End-Specifics Other",203,"Same Trafficway, Same Direction-Rear End, Other or Unknown"
202304647132,1,60,60,21,4,"West (MT, ID, WA, OR, CA, NV, NM, AZ, UT, CO, WY, AK, HI)",1,Urban Area,8,Stratum 8 - NLMY PV Minor Injury,232,155.41241244,2,1,January,18,6:00pm-6:59pm,21,21,12,Motor Vehicle In-Transport,6,Angle,1,01,1,Motor Vehicle In-Transport (Inside or Outside the Trafficway),0,No,888888888888,Not Reported,2010,2010,2010,2010,448,Toyota,2469,Camry,999,Unknown,49,Toyota,40,9,Other or Unknown automobile type,0,Not Applicable,11,"Class 1: 6,000 lbs. or less (2,722 kg or less)",12,"Class 2: 6,001 - 10,000 lbs. (2,722 - 4,536 kg)",0,No Trailers,777777777777,No Trailing Units,777777777777,No Trailing Units,777777777777,No Trailing Units,77,No Trailing Units,77,No Trailing Units,77,No Trailing Units,0,Not an Articulated Vehicle,00000000000,Not Applicable,0,Not Applicable,0,Not Applicable,0,Not Applicable,0,Not Applicable (N/A),1,No,0,Not Applicable,0,Not Applicable,0,Not Applicable,0,Not Applicable,0,Not a Bus,0,No Special Use Noted,0,Not Applicable,998,Not Reported,8,Not Reported,0,No Rollover,0,No Rollover,12,12 Clock Point,12,12 Clock Point,7,"Damage Reported, Extent Unknown",5,Not Towed,12,Motor Vehicle In-Transport,12,Motor Vehicle In-Transport,0,No or Not Reported,1,Yes,1,Possible Injury (C),1,Possible Injury (C),1,1,1,1,2,No Alcohol Involved,2,No Alcohol Involved,49040,Toyota Camry,92805,92805,0,No,1,"Two-Way, Not Divided",2,Two lanes,25,25 MPH,1,Straight,8,Not Reported,98,Not Reported,20,Stop Sign,3,Device Functioning Properly,1,Going Straight,1,Going Straight,17,Crossing Over (Passing Through) Junction,99,Unknown/Not Reported,1,Tracking,1,Stayed in original travel lane,88,L88-Intersecting Paths-Straight Paths-Striking from the Left,503,"Intersecting Paths-Straight Paths, Striking from the Left"
202304647132,2,60,60,21,4,"West (MT, ID, WA, OR, CA, NV, NM, AZ, UT, CO, WY, AK, HI)",1,Urban Area,8,Stratum 8 - NLMY PV Minor Injury,232,155.41241244,2,1,January,18,6:00pm-6:59pm,21,21,12,Motor Vehicle In-Transport,6,Angle,1,01,1,Motor Vehicle In-Transport (Inside or Outside the Trafficway),0,No,888888888888,Not Reported,2018,2018,2018,2018,448,Toyota,2217,RAV4,7,Sport Utility Vehicle (SUV)/Multi-Purpose Vehicle (MPV),49,Toyota,402,14,"Compact Utility (Utility Vehicle Categories ""Small"" and ""Midsize"")",0,Not Applicable,11,"Class 1: 6,000 lbs. or less (2,722 kg or less)",12,"Class 2: 6,001 - 10,000 lbs. (2,722 - 4,536 kg)",0,No Trailers,777777777777,No Trailing Units,777777777777,No Trailing Units,777777777777,No Trailing Units,77,No Trailing Units,77,No Trailing Units,77,No Trailing Units,0,Not an Articulated Vehicle,00000000000,Not Applicable,0,Not Applicable,0,Not Applicable,0,Not Applicable,0,Not Applicable (N/A),1,No,0,Not Applicable,0,Not Applicable,0,Not Applicable,0,Not Applicable,0,Not a Bus,0,No Special Use Noted,0,Not Applicable,998,Not Reported,8,Not Reported,0,No Rollover,0,No Rollover,11,11 Clock Point,11,11 Clock Point,7,"Damage Reported, Extent Unknown",5,Not Towed,12,Motor Vehicle In-Transport,12,Motor Vehicle In-Transport,0,No or Not Reported,1,Yes,0,No Apparent Injury (O),0,No Apparent Injury (O),0,No Person Injured in Vehicle,0,No Person Injured in Vehicle,2,No Alcohol Involved,2,No Alcohol Involved,49402,Toyota RAV4 *,92805,92805,0,No,1,"Two-Way, Not Divided",2,Two lanes,30,30 MPH,1,Straight,8,Not Reported,2,Wet,20,Stop Sign,3,Device Functioning Properly,1,Going Straight,1,Going Straight,66,"From crossing street, across path",99,Unknown/Not Reported,1,Tracking,1,Stayed in original travel lane,89,L89-Intersecting Paths-Straight Paths-Struck on the left,504,"Intersecting Paths-Straight Paths, Struck on the Left"
202304647135,1,10,10,21,4,"West (MT, ID, WA, OR, CA, NV, NM, AZ, UT, CO, WY, AK, HI)",1,Urban Area,6,Stratum 6 - LMY PV Minor Injury,318,65.921269697,2,1,January,8,8:00am-8:59am,0,0,12,Motor Vehicle In-Transport,1,Front-to-Rear,1,01,1,Motor Vehicle In-Transport (Inside or Outside the Trafficway),0,No,2C3CDXAG0LH1,2C3CDXAG0LH1,2020,2020,2020,2020,476,Dodge,1895,Charger,13,Sedan/Saloon,7,Dodge,24,4,"4-door sedan, hardtop",0,Not Applicable,11,"Class 1: 6,000 lbs. or less (2,722 kg or less)",11,"Class 1: 6,000 lbs. or less (2,722 kg or less)",0,No Trailers,777777777777,No Trailing Units,777777777777,No Trailing Units,777777777777,No Trailing Units,77,No Trailing Units,77,No Trailing Units,77,No Trailing Units,0,Not an Articulated Vehicle,00000000000,Not Applicable,0,Not Applicable,0,Not Applicable,0,Not Applicable,0,Not Applicable (N/A),1,No,0,Not Applicable,0,Not Applicable,0,Not Applicable,0,Not Applicable,0,Not a Bus,5,Police,8,Not Reported,45,045 MPH,8,Not Reported,0,No Rollover,0,No Rollover,12,12 Clock Point,12,12 Clock Point,4,Functional Damage,5,Not Towed,12,Motor Vehicle In-Transport,12,Motor Vehicle In-Transport,0,No or Not Reported,1,Yes,0,No Apparent Injury (O),0,No Apparent Injury (O),0,No Person Injured in Vehicle,0,No Person Injured in Vehicle,2,No Alcohol Involved,2,No Alcohol Involved,7024,Dodge Charger,95605,95605,4,"Yes, Too Fast for Conditions",3,"Two-Way,  Divided, Positive  Median Barrier",6,Six lanes,65,65 MPH,1,Straight,1,Level,1,Dry,97,Not Reported,8,Not Reported,1,Going Straight,1,Going Straight,52,Traveling in same direction while decelerating,16,Braking,1,Tracking,1,Stayed in original travel lane,28,"D28-Same Trafficway, Same Direction-Rear End-Decelerating (Slowing)",202,"Same Trafficway, Same Direction-Rear End, Lead Vehicle"
202304647135,2,10,10,21,4,"West (MT, ID, WA, OR, CA, NV, NM, AZ, UT, CO, WY, AK, HI)",1,Urban Area,6,Stratum 6 - LMY PV Minor Injury,318,65.921269697,2,1,January,8,8:00am-8:59am,0,0,12,Motor Vehicle In-Transport,1,Front-to-Rear,2,02,1,Motor Vehicle In-Transport (Inside or Outside the Trafficway),0,No,JTNKHMBXXM11,JTNKHMBXXM11,2021,2021,2021,2021,448,Toyota,17213,C-HR,8,Crossover Utility Vehicle (CUV),49,Toyota,405,14,"Compact Utility (Utility Vehicle Categories ""Small"" and ""Midsize"")",0,Not Applicable,11,"Class 1: 6,000 lbs. or less (2,722 kg or less)",11,"Class 1: 6,000 lbs. or less (2,722 kg or less)",0,No Trailers,777777777777,No Trailing Units,777777777777,No Trailing Units,777777777777,No Trailing Units,77,No Trailing Units,77,No Trailing Units,77,No Trailing Units,0,Not an Articulated Vehicle,00000000000,Not Applicable,0,Not Applicable,0,Not Applicable,0,Not Applicable,0,Not Applicable (N/A),1,No,0,Not Applicable,0,Not Applicable,0,Not Applicable,0,Not Applicable,0,Not a Bus,0,No Special Use Noted,0,Not Applicable,60,060 MPH,8,Not Reported,0,No Rollover,0,No Rollover,6,6 Clock Point,6,6 Clock Point,4,Functional Damage,5,Not Towed,12,Motor Vehicle In-Transport,12,Motor Vehicle In-Transport,0,No or Not Reported,1,Yes,2,Suspected Minor Injury (B),2,Suspected Minor Injury (B),1,1,1,1,2,No Alcohol Involved,2,No Alcohol Involved,49405,Toyota C-HR,95116,95116,0,No,3,"Two-Way,  Divided, Positive  Median Barrier",6,Six lanes,65,65 MPH,1,Straight,1,Level,1,Dry,97,Not Reported,8,Not Reported,2,Decelerating in Road,2,Decelerating in Road,53,Traveling in same direction with higher speed,99,Unknown/Not Reported,1,Tracking,1,Stayed in original travel lane,29,"D29-Same Trafficway, Same Direction-Rear End-Decelerating (Slowing), Going Straight",201,"Same Trafficway, Same Direction-Rear End, Trailing Vehicle"
202304647155,1,35,35,13,3,"South (MD, DE, DC, WV, VA, KY, TN, NC, SC, GA, FL, AL, MS, LA, AR, OK, TX)",1,Urban Area,10,Stratum 10 - Other,4141,222.47241975,2,1,January,12,12:00pm-12:59pm,45,45,12,Motor Vehicle In-Transport,6,Angle,1,01,1,Motor Vehicle In-Transport (Inside or Outside the Trafficway),0,No,JTLKT324X640,JTLKT324X640,2006,2006,2006,2006,448,Toyota,2210,SCION xB,7,Sport Utility Vehicle (SUV)/Multi-Purpose Vehicle (MPV),49,Toyota,49,6,Station Wagon (excluding van and truck based),0,Not Applicable,11,"Class 1: 6,000 lbs. or less (2,722 kg or less)",11,"Class 1: 6,000 lbs. or less (2,722 kg or less)",0,No Trailers,777777777777,No Trailing Units,777777777777,No Trailing Units,777777777777,No Trailing Units,77,No Trailing Units,77,No Trailing Units,77,No Trailing Units,0,Not an Articulated Vehicle,00000000000,Not Applicable,0,Not Applicable,0,Not Applicable,0,Not Applicable,0,Not Applicable (N/A),1,No,0,Not Applicable,0,Not Applicable,0,Not Applicable,0,Not Applicable,0,Not a Bus,0,No Special Use Noted,0,Not Applicable,998,Not Reported,0,No Underride or Override,0,No Rollover,0,No Rollover,11,11 Clock Point,11,11 Clock Point,6,Disabling Damage,6,Towed,12,Motor Vehicle In-Transport,12,Motor Vehicle In-Transport,0,No or Not Reported,1,Yes,0,No Apparent Injury (O),0,No Apparent Injury (O),0,No Person Injured in Vehicle,0,No Person Injured in Vehicle,2,No Alcohol Involved,2,No Alcohol Involved,49049,Toyota Scion xB (2004-2011 only.  See Scion for 2012 on.),31730,31730,0,No,5,"Two-Way, Not Divided With a Continuous Left-Turn Lane",5,Five lanes,40,40 MPH,1,Straight,1,Level,1,Dry,2,Traffic control signal (on colors) with Pedestrian Signal,3,Device Functioning Properly,1,Going Straight,1,Going Straight,17,Crossing Over (Passing Through) Junction,99,Unknown/Not Reported,1,Tracking,1,Stayed in original travel lane,89,L89-Intersecting Paths-Straight Paths-Struck on the left,504,"Intersecting Paths-Straight Paths, Struck on the Left"
202304647155,2,35,35,13,3,"South (MD, DE, DC, WV, VA, KY, TN, NC, SC, GA, FL, AL, MS, LA, AR, OK, TX)",1,Urban Area,10,Stratum 10 - Other,4141,222.47241975,2,1,January,12,12:00pm-12:59pm,45,45,12,Motor Vehicle In-Transport,6,Angle,3,03,1,Motor Vehicle In-Transport (Inside or Outside the Trafficway),0,No,1FMCU0G92GUB,1FMCU0G92GUB,2016,2016,2016,2016,460,Ford,1798,Escape,7,Sport Utility Vehicle (SUV)/Multi-Purpose Vehicle (MPV),12,Ford,402,14,"Compact Utility (Utility Vehicle Categories ""Small"" and ""Midsize"")",0,Not Applicable,11,"Class 1: 6,000 lbs. or less (2,722 kg or less)",11,"Class 1: 6,000 lbs. or less (2,722 kg or less)",0,No Trailers,777777777777,No Trailing Units,777777777777,No Trailing Units,777777777777,No Trailing Units,77,No Trailing Units,77,No Trailing Units,77,No Trailing Units,0,Not an Articulated Vehicle,00000000000,Not Applicable,0,Not Applicable,0,Not Applicable,0,Not Applicable,0,Not Applicable (N/A),1,No,0,Not Applicable,0,Not Applicable,0,Not Applicable,0,Not Applicable,0,Not a Bus,0,No Special Use Noted,0,Not Applicable,998,Not Reported,0,No Underride or Override,0,No Rollover,0,No Rollover,12,12 Clock Point,12,12 Clock Point,4,Functional Damage,5,Not Towed,12,Motor Vehicle In-Transport,12,Motor Vehicle In-Transport,0,No or Not Reported,1,Yes,0,No Apparent Injury (O),0,No Apparent Injury (O),0,No Person Injured in Vehicle,0,No Person Injured in Vehicle,2,No Alcohol Involved,2,No Alcohol Involved,12402,Ford Escape,37130,37130,0,No,5,"Two-Way, Not Divided With a Continuous Left-Turn Lane",3,Three lanes,30,30 MPH,1,Straight,1,Level,1,Dry,2,Traffic control signal (on colors) with Pedestrian Signal,3,Device Functioning Properly,1,Going Straight,1,Going Straight,66,"From crossing street, across path",99,Unknown/Not Reported,1,Tracking,1,Stayed in original travel lane,88,L88-Intersecting Paths-Straight Paths-Striking from the Left,503,"Intersecting Paths-Straight Paths, Striking from the Left"
202304647159,1,35,35,13,3,"South (MD, DE, DC, WV, VA, KY, TN, NC, SC, GA, FL, AL, MS, LA, AR, OK, TX)",1,Urban Area,3,Stratum 3 - Motorcycle Any Injury,4141,26.208475541,1,1,January,11,11:00am-11:59am,23,23,24,Guardrail Face,0,The First Harmful Event was Not a Collision with a Motor Vehicle In-Transport,1,01,1,Motor Vehicle In-Transport (Inside or Outside the Trafficway),0,No,56KMSB112K31,56KMSB112K31,2019,2019,2019,2019,1768,Indian Motorcycle,11924,Scout Sixty,82,Motorcycle - Cruiser,98,Other Make,706,80,Two Wheel Motorcycle (excluding motor scooters),0,Not Applicable,11,"Class 1: 6,000 lbs. or less (2,722 kg or less)",11,"Class 1: 6,000 lbs. or less (2,722 kg or less)",0,No Trailers,777777777777,No Trailing Units,777777777777,No Trailing Units,777777777777,No Trailing Units,77,No Trailing Units,77,No Trailing Units,77,No Trailing Units,0,Not an Articulated Vehicle,00000000000,Not Applicable,0,Not Applicable,0,Not Applicable,0,Not Applicable,0,Not Applicable (N/A),1,No,0,Not Applicable,0,Not Applicable,0,Not Applicable,0,Not Applicable,0,Not a Bus,0,No Special Use Noted,0,Not Applicable,998,Not Reported,7,Not Applicable,8,Not Applicable,8,Not Applicable,1,1 Clock Point,1,1 Clock Point,6,Disabling Damage,6,Towed,24,Guardrail Face,24,Guardrail Face,0,No or Not Reported,1,Yes,1,Possible Injury (C),1,Possible Injury (C),1,1,1,1,2,No Alcohol Involved,2,No Alcohol Involved,98706,Other Make 750cc or greater,35976,35976,0,No,1,"Two-Way, Not Divided",8,Not Reported,55,55 MPH,3,Curve - Left,1,Level,1,Dry,0,No Controls,0,No Controls,14,Negotiating a Curve,14,Negotiating a Curve,13,Off the edge of the road on the right side,99,Unknown/Not Reported,1,Tracking,4,Departed roadway,1,A1-Single Driver-Right Roadside Departure-Drive Off Road,101,Single Driver-Right Roadside Departure
202304647188,1,32,32,17,3,"South (MD, DE, DC, WV, VA, KY, TN, NC, SC, GA, FL, AL, MS, LA, AR, OK, TX)",2,Rural Area,9,Stratum 9 - LMY PV No Injuries in Crash,4145,139.52294719,1,1,January,5,5:00am-5:59am,13,13,35,Embankment,0,The First Harmful Event was Not a Collision with a Motor Vehicle In-Transport,1,01,1,Motor Vehicle In-Transport (Inside or Outside the Trafficway),0,No,1GCGTBEN8M12,1GCGTBEN8M12,2021,2021,2021,2021,467,Chevrolet,4086,Colorado,60,Pickup,20,Chevrolet,473,34,Light Pickup,0,Not Applicable,11,"Class 1: 6,000 lbs. or less (2,722 kg or less)",11,"Class 1: 6,000 lbs. or less (2,722 kg or less)",0,No Trailers,777777777777,No Trailing Units,777777777777,No Trailing Units,777777777777,No Trailing Units,77,No Trailing Units,77,No Trailing Units,77,No Trailing Units,0,Not an Articulated Vehicle,00000000000,Not Applicable,0,Not Applicable,0,Not Applicable,0,Not Applicable,0,Not Applicable (N/A),1,No,0,Not Applicable,0,Not Applicable,0,Not Applicable,0,Not Applicable,0,Not a Bus,0,No Special Use Noted,0,Not Applicable,998,Not Reported,7,Not Applicable,0,No Rollover,0,No Rollover,1,1 Clock Point,1,1 Clock Point,6,Disabling Damage,6,Towed,35,Embankment,35,Embankment,0,No or Not Reported,1,Yes,0,No Apparent Injury (O),0,No Apparent Injury (O),0,No Person Injured in Vehicle,0,No Person Injured in Vehicle,2,No Alcohol Involved,2,No Alcohol Involved,20473,Chevrolet Colorado,37725,37725,0,No,1,"Two-Way, Not Divided",8,Not Reported,30,30 MPH,3,Curve - Left,1,Level,1,Dry,0,No Controls,0,No Controls,14,Negotiating a Curve,14,Negotiating a Curve,3,"Disabling vehicle failure (e.g., wheel fell off) (specify:)",99,Unknown/Not Reported,1,Tracking,4,Departed roadway,2,A2-Single Driver-Right Roadside Departure-Control/Traction Loss,101,Single Driver-Right Roadside Departure
202304647214,1,83,83,13,3,"South (MD, DE, DC, WV, VA, KY, TN, NC, SC, GA, FL, AL, MS, LA, AR, OK, TX)",1,Urban Area,5,Stratum 5 - NLMY PV Serious Injury,4148,25.929429426,1,1,January,2,2:00am-2:59am,12,12,30,Utility Pole/Light Support,0,The First Harmful Event was Not a Collision with a Motor Vehicle In-Transport,3,03,1,Motor Vehicle In-Transport (Inside or Outside the Trafficway),0,No,5NPDH4AEXGH7,5NPDH4AEXGH7,2016,2016,2016,2016,498,Hyundai,2735,Elantra,13,Sedan/Saloon,55,Hyundai,35,4,"4-door sedan, hardtop",0,Not Applicable,11,"Class 1: 6,000 lbs. or less (2,722 kg or less)",11,"Class 1: 6,000 lbs. or less (2,722 kg or less)",0,No Trailers,777777777777,No Trailing Units,777777777777,No Trailing Units,777777777777,No Trailing Units,77,No Trailing Units,77,No Trailing Units,77,No Trailing Units,0,Not an Articulated Vehicle,00000000000,Not Applicable,0,Not Applicable,0,Not Applicable,0,Not Applicable,0,Not Applicable (N/A),1,No,0,Not Applicable,0,Not Applicable,0,Not Applicable,0,Not Applicable,0,Not a Bus,0,No Special Use Noted,0,Not Applicable,998,Not Reported,7,Not Applicable,0,No Rollover,0,No Rollover,3,3 Clock Point,3,3 Clock Point,6,Disabling Damage,6,Towed,30,Utility Pole/Light Support,30,Utility Pole/Light Support,0,No or Not Reported,1,Yes,3,Suspected Serious Injury (A),3,Suspected Serious Injury (A),3,3,3,3,2,No Alcohol Involved,2,No Alcohol Involved,55035,Hyundai Elantra,38106,38106,0,No,1,"Two-Way, Not Divided",8,Not Reported,35,35 MPH,1,Straight,1,Level,1,Dry,0,No Controls,0,No Controls,1,Going Straight,1,Going Straight,13,Off the edge of the road on the right side,99,Unknown/Not Reported,1,Tracking,4,Departed roadway,5,A5-Single Driver-Right Roadside Departure-Specifics Unknown,101,Single Driver-Right Roadside Departure
202304647253,1,83,83,13,3,"South (MD, DE, DC, WV, VA, KY, TN, NC, SC, GA, FL, AL, MS, LA, AR, OK, TX)",1,Urban Area,10,Stratum 10 - Other,4148,223.23894247,2,1,January,15,3:00pm-3:59pm,10,10,12,Motor Vehicle In-Transport,1,Front-to-Rear,1,01,1,Motor Vehicle In-Transport (Inside or Outside the Trafficway),0,No,4T1BE46K29U9,4T1BE46K29U9,2009,2009,2009,2009,448,Toyota,2469,Camry,13,Sedan/Saloon,49,Toyota,40,4,"4-door sedan, hardtop",0,Not Applicable,11,"Class 1: 6,000 lbs. or less (2,722 kg or less)",11,"Class 1: 6,000 lbs. or less (2,722 kg or less)",0,No Trailers,777777777777,No Trailing Units,777777777777,No Trailing Units,777777777777,No Trailing Units,77,No Trailing Units,77,No Trailing Units,77,No Trailing Units,0,Not an Articulated Vehicle,00000000000,Not Applicable,0,Not Applicable,0,Not Applicable,0,Not Applicable,0,Not Applicable (N/A),1,No,0,Not Applicable,0,Not Applicable,0,Not Applicable,0,Not Applicable,0,Not a Bus,0,No Special Use Noted,0,Not Applicable,998,Not Reported,8,Not Reported,0,No Rollover,0,No Rollover,12,12 Clock Point,12,12 Clock Point,2,Minor Damage,5,Not Towed,12,Motor Vehicle In-Transport,12,Motor Vehicle In-Transport,0,No or Not Reported,1,Yes,0,No Apparent Injury (O),0,No Apparent Injury (O),0,No Person Injured in Vehicle,0,No Person Injured in Vehicle,2,No Alcohol Involved,2,No Alcohol Involved,49040,Toyota Camry,38106,38106,0,No,3,"Two-Way,  Divided, Positive  Median Barrier",8,Not Reported,55,55 MPH,1,Straight,6,Downhill,1,Dry,0,No Controls,0,No Controls,1,Going Straight,1,Going Straight,51,Traveling in same direction with lower steady speed,16,Braking,1,Tracking,1,Stayed in original travel lane,28,"D28-Same Trafficway, Same Direction-Rear End-Decelerating (Slowing)",202,"Same Trafficway, Same Direction-Rear End, Lead Vehicle"
202304647253,2,83,83,13,3,"South (MD, DE, DC, WV, VA, KY, TN, NC, SC, GA, FL, AL, MS, LA, AR, OK, TX)",1,Urban Area,10,Stratum 10 - Other,4148,223.23894247,2,1,January,15,3:00pm-3:59pm,10,10,12,Motor Vehicle In-Transport,1,Front-to-Rear,1,01,1,Motor Vehicle In-Transport (Inside or Outside the Trafficway),0,No,2T2BZMCA4JC1,2T2BZMCA4JC1,2018,2018,2018,2018,515,Lexus,2214,RX,7,Sport Utility Vehicle (SUV)/Multi-Purpose Vehicle (MPV),59,Lexus,403,14,"Compact Utility (Utility Vehicle Categories ""Small"" and ""Midsize"")",0,Not Applicable,11,"Class 1: 6,000 lbs. or less (2,722 kg or less)",11,"Class 1: 6,000 lbs. or less (2,722 kg or less)",0,No Trailers,777777777777,No Trailing Units,777777777777,No Trailing Units,777777777777,No Trailing Units,77,No Trailing Units,77,No Trailing Units,77,No Trailing Units,0,Not an Articulated Vehicle,00000000000,Not Applicable,0,Not Applicable,0,Not Applicable,0,Not Applicable,0,Not Applicable (N/A),1,No,0,Not Applicable,0,Not Applicable,0,Not Applicable,0,Not Applicable,0,Not a Bus,0,No Special Use Noted,0,Not Applicable,998,Not Reported,8,Not Reported,0,No Rollover,0,No Rollover,6,6 Clock Point,6,6 Clock Point,2,Minor Damage,5,Not Towed,12,Motor Vehicle In-Transport,12,Motor Vehicle In-Transport,0,No or Not Reported,1,Yes,0,No Apparent Injury (O),0,No Apparent Injury (O),0,No Person Injured in Vehicle,0,No Person Injured in Vehicle,2,No Alcohol Involved,2,No Alcohol Involved,59403,Lexus RX330/350/400h/450h,38128,38128,0,No,3,"Two-Way,  Divided, Positive  Median Barrier",8,Not Reported,55,55 MPH,1,Straight,6,Downhill,1,Dry,0,No Controls,0,No Controls,2,Decelerating in Road,2,Decelerating in Road,53,Traveling in same direction with higher speed,99,Unknown/Not Reported,1,Tracking,1,Stayed in original travel lane,29,"D29-Same Trafficway, Same Direction-Rear End-Decelerating (Slowing), Going Straight",201,"Same Trafficway, Same Direction-Rear End, Trailing Vehicle"
202304647282,1,83,83,13,3,"South (MD, DE, DC, WV, VA, KY, TN, NC, SC, GA, FL, AL, MS, LA, AR, OK, TX)",1,Urban Area,6,Stratum 6 - LMY PV Minor Injury,4148,54.752239818,2,1,January,18,6:00pm-6:59pm,20,20,12,Motor Vehicle In-Transport,6,Angle,1,01,1,Motor Vehicle In-Transport (Inside or Outside the Trafficway),0,No,1G1PC5SB7E73,1G1PC5SB7E73,2014,2014,2014,2014,467,Chevrolet,1832,Cruze,13,Sedan/Saloon,20,Chevrolet,25,4,"4-door sedan, hardtop",0,Not Applicable,11,"Class 1: 6,000 lbs. or less (2,722 kg or less)",11,"Class 1: 6,000 lbs. or less (2,722 kg or less)",0,No Trailers,777777777777,No Trailing Units,777777777777,No Trailing Units,777777777777,No Trailing Units,77,No Trailing Units,77,No Trailing Units,77,No Trailing Units,0,Not an Articulated Vehicle,00000000000,Not Applicable,0,Not Applicable,0,Not Applicable,0,Not Applicable,0,Not Applicable (N/A),1,No,0,Not Applicable,0,Not Applicable,0,Not Applicable,0,Not Applicable,0,Not a Bus,0,No Special Use Noted,0,Not Applicable,998,Not Reported,0,No Underride or Override,0,No Rollover,0,No Rollover,12,12 Clock Point,12,12 Clock Point,4,Functional Damage,5,Not Towed,12,Motor Vehicle In-Transport,12,Motor Vehicle In-Transport,0,No or Not Reported,1,Yes,0,No Apparent Injury (O),0,No Apparent Injury (O),0,No Person Injured in Vehicle,0,No Person Injured in Vehicle,2,No Alcohol Involved,2,No Alcohol Involved,20025,Chevrolet Cruze,38134,38134,0,No,2,"Two-Way, Divided, Unprotected Median",8,Not Reported,40,40 MPH,1,Straight,1,Level,1,Dry,20,Stop Sign,3,Device Functioning Properly,11,Turning Left,11,Turning Left,15,Turning Left,99,Unknown/Not Reported,1,Tracking,1,Stayed in original travel lane,68,J68-Trafficway Vehicle Turning-Turn Across Path-Initial Opposite Directions (Left/Right),401,"Changing Trafficway, Vehicle Turning-Turn Across Path, Initial Opposite Directions [Left/Right]"
202304647282,2,83,83,13,3,"South (MD, DE, DC, WV, VA, KY, TN, NC, SC, GA, FL, AL, MS, LA, AR, OK, TX)",1,Urban Area,6,Stratum 6 - LMY PV Minor Injury,4148,54.752239818,2,1,January,18,6:00pm-6:59pm,20,20,12,Motor Vehicle In-Transport,6,Angle,2,02,1,Motor Vehicle In-Transport (Inside or Outside the Trafficway),0,No,1HGCV3F23NA0,1HGCV3F23NA0,2022,2022,2022,2022,474,Honda,1861,Accord,13,Sedan/Saloon,37,Honda,32,4,"4-door sedan, hardtop",0,Not Applicable,11,"Class 1: 6,000 lbs. or less (2,722 kg or less)",11,"Class 1: 6,000 lbs. or less (2,722 kg or less)",0,No Trailers,777777777777,No Trailing Units,777777777777,No Trailing Units,777777777777,No Trailing Units,77,No Trailing Units,77,No Trailing Units,77,No Trailing Units,0,Not an Articulated Vehicle,00000000000,Not Applicable,0,Not Applicable,0,Not Applicable,0,Not Applicable,0,Not Applicable (N/A),1,No,0,Not Applicable,0,Not Applicable,0,Not Applicable,0,Not Applicable,0,Not a Bus,0,No Special Use Noted,0,Not Applicable,998,Not Reported,0,No Underride or Override,0,No Rollover,0,No Rollover,10,10 Clock Point,10,10 Clock Point,6,Disabling Damage,6,Towed,12,Motor Vehicle In-Transport,12,Motor Vehicle In-Transport,0,No or Not Reported,1,Yes,1,Possible Injury (C),1,Possible Injury (C),1,1,1,1,2,No Alcohol Involved,2,No Alcohol Involved,37032,"Honda Accord (Note: For Crosstour model years 2010 and 2011 only. For Crosstour model years 2012-2015, see vehicle model 37-405)",38106,38106,0,No,2,"Two-Way, Divided, Unprotected Median",8,Not Reported,40,40 MPH,1,Straight,1,Level,1,Dry,20,Stop Sign,3,Device Functioning Properly,1,Going Straight,1,Going Straight,62,From opposite direction  over left lane line,99,Unknown/Not Reported,1,Tracking,1,Stayed in original travel lane,69,J69-Trafficway Vehicle Turning-Turn Across Path-Initial Opposite Directions (Going Straight),402,"Changing Trafficway, Vehicle Turning-Turn Across Path, Initial Opposite Directions [Going Straight]"
202304647327,1,67,67,8,2,"Midwest (OH, IN, IL, MI, WI, MN, ND, SD, NE, IA, MO, KS)",1,Urban Area,2,Stratum 2 - Not a MV Occupant Any Injury,4152,37.111869717,1,1,January,18,6:00pm-6:59pm,45,45,8,Pedestrian,0,The First Harmful Event was Not a Collision with a Motor Vehicle In-Transport,99,Unknown,1,Motor Vehicle In-Transport (Inside or Outside the Trafficway),1,Yes,888888888888,Not Reported,9999,Unknown,2007,2007,99999,Unknown,99999,Unknown,999,Unknown,99,Unknown Make,999,99,Unknown body type,0,Not Applicable,98,Not Reported,98,Not Reported,0,No Trailers,777777777777,No Trailing Units,777777777777,No Trailing Units,777777777777,No Trailing Units,77,No Trailing Units,77,No Trailing Units,77,No Trailing Units,0,Not an Articulated Vehicle,99999999999,Unknown,99,Unknown,999999999,Unknown,99,Unknown,99,Unknown,1,No,0,Not Applicable,0,Not Applicable,0,Not Applicable,0,Not Applicable,99,Reported as Unknown,0,No Special Use Noted,0,Not Applicable,998,Not Reported,7,Not Applicable,0,No Rollover,0,No Rollover,99,Reported as Unknown,12,12 Clock Point,8,Not Reported,5,Not Towed,8,Pedestrian,8,Pedestrian,0,No or Not Reported,1,Yes,9,Unknown/Not Reported,0,No Apparent Injury (O),99,All Persons in Vehicle are unknown if Injured,0,No Person Injured in Vehicle,9,Reported as Unknown,2,No Alcohol Involved,99999,"Unknown Make Unknown (as to automobile, motored cycle, light truck or truck)",99998,Not Reported,0,No,2,"Two-Way, Divided, Unprotected Median",2,Two lanes,98,Not Reported,1,Straight,1,Level,2,Wet,0,No Controls,0,No Controls,1,Going Straight,1,Going Straight,82,Pedestrian unknown location,99,Unknown/Not Reported,1,Tracking,3,"Stayed on roadway, not known if left original travel lane",13,C13-Single Driver-Forward Impact-Pedestrian/ Animal,103,Single Driver-Struck Object While Moving Forward
202304647329,1,47,47,9,2,"Midwest (OH, IN, IL, MI, WI, MN, ND, SD, NE, IA, MO, KS)",2,Rural Area,10,Stratum 10 - Other,4153,218.1275432,1,1,January,18,6:00pm-6:59pm,28,28,53,Mail Box,0,The First Harmful Event was Not a Collision with a Motor Vehicle In-Transport,1,01,1,Motor Vehicle In-Transport (Inside or Outside the Trafficway),0,No,3VWLL7AJ9EM4,3VWLL7AJ9EM4,2014,2014,2014,2014,482,Volkswagen,3137,Jetta,13,Sedan/Saloon,30,Volkswagen,40,4,"4-door sedan, hardtop",0,Not Applicable,11,"Class 1: 6,000 lbs. or less (2,722 kg or less)",11,"Class 1: 6,000 lbs. or less (2,722 kg or less)",0,No Trailers,777777777777,No Trailing Units,777777777777,No Trailing Units,777777777777,No Trailing Units,77,No Trailing Units,77,No Trailing Units,77,No Trailing Units,0,Not an Articulated Vehicle,00000000000,Not Applicable,0,Not Applicable,0,Not Applicable,0,Not Applicable,0,Not Applicable (N/A),1,No,0,Not Applicable,0,Not Applicable,0,Not Applicable,0,Not Applicable,0,Not a Bus,0,No Special Use Noted,0,Not Applicable,55,055 MPH,7,Not Applicable,0,No Rollover,0,No Rollover,1,1 Clock Point,1,1 Clock Point,6,Disabling Damage,6,Towed,43,Other Fixed Object,43,Other Fixed Object,0,No or Not Reported,1,Yes,0,No Apparent Injury (O),0,No Apparent Injury (O),0,No Person Injured in Vehicle,0,No Person Injured in Vehicle,9,Reported as Unknown,2,No Alcohol Involved,30040,Volkswagen Jetta/Jetta SportsWagen,43351,43351,0,No,1,"Two-Way, Not Divided",2,Two lanes,55,55 MPH,1,Straight,1,Level,1,Dry,0,No Controls,0,No Controls,1,Going Straight,1,Going Straight,13,Off the edge of the road on the right side,99,Unknown/Not Reported,9,Precrash stability unknown,4,Departed roadway,1,A1-Single Driver-Right Roadside Departure-Drive Off Road,101,Single Driver-Right Roadside Departure
202304647331,1,47,47,9,2,"Midwest (OH, IN, IL, MI, WI, MN, ND, SD, NE, IA, MO, KS)",2,Rural Area,9,Stratum 9 - LMY PV No Injuries in Crash,4153,138.55644026,1,1,January,8,8:00am-8:59am,51,51,11,Live Animal,0,The First Harmful Event was Not a Collision with a Motor Vehicle In-Transport,1,01,1,Motor Vehicle In-Transport (Inside or Outside the Trafficway),0,No,19XFC1F39KE0,19XFC1F39KE0,2019,2019,2019,2019,474,Honda,1863,Civic,13,Sedan/Saloon,37,Honda,31,4,"4-door sedan, hardtop",0,Not Applicable,11,"Class 1: 6,000 lbs. or less (2,722 kg or less)",11,"Class 1: 6,000 lbs. or less (2,722 kg or less)",0,No Trailers,777777777777,No Trailing Units,777777777777,No Trailing Units,777777777777,No Trailing Units,77,No Trailing Units,77,No Trailing Units,77,No Trailing Units,0,Not an Articulated Vehicle,00000000000,Not Applicable,0,Not Applicable,0,Not Applicable,0,Not Applicable,0,Not Applicable (N/A),1,No,0,Not Applicable,0,Not Applicable,0,Not Applicable,0,Not Applicable,0,Not a Bus,0,No Special Use Noted,0,Not Applicable,56,056 MPH,7,Not Applicable,0,No Rollover,0,No Rollover,12,12 Clock Point,12,12 Clock Point,4,Functional Damage,8,Not Reported,11,Live Animal,11,Live Animal,0,No or Not Reported,1,Yes,0,No Apparent Injury (O),0,No Apparent Injury (O),0,No Person Injured in Vehicle,0,No Person Injured in Vehicle,9,Reported as Unknown,2,No Alcohol Involved,37031,"Honda Civic/CRX, del Sol",43302,43302,0,No,1,"Two-Way, Not Divided",2,Two lanes,55,55 MPH,1,Straight,1,Level,1,Dry,0,No Controls,0,No Controls,1,Going Straight,1,Going Straight,89,Animal -unknown location,99,Unknown/Not Reported,1,Tracking,1,Stayed in original travel lane,13,C13-Single Driver-Forward Impact-Pedestrian/ Animal,103,Single Driver-Struck Object While Moving Forward
202304647334,1,47,47,9,2,"Midwest (OH, IN, IL, MI, WI, MN, ND, SD, NE, IA, MO, KS)",2,Rural Area,6,Stratum 6 - LMY PV Minor Injury,4153,52.991202556,1,1,January,19,7:00pm-7:59pm,20,20,34,Ditch,0,The First Harmful Event was Not a Collision with a Motor Vehicle In-Transport,1,01,1,Motor Vehicle In-Transport (Inside or Outside the Trafficway),0,No,3GKALPEVXLL2,3GKALPEVXLL2,2020,2020,2020,2020,472,GMC,1858,Terrain,7,Sport Utility Vehicle (SUV)/Multi-Purpose Vehicle (MPV),23,GMC,402,14,"Compact Utility (Utility Vehicle Categories ""Small"" and ""Midsize"")",0,Not Applicable,11,"Class 1: 6,000 lbs. or less (2,722 kg or less)",11,"Class 1: 6,000 lbs. or less (2,722 kg or less)",0,No Trailers,777777777777,No Trailing Units,777777777777,No Trailing Units,777777777777,No Trailing Units,77,No Trailing Units,77,No Trailing Units,77,No Trailing Units,0,Not an Articulated Vehicle,00000000000,Not Applicable,0,Not Applicable,0,Not Applicable,0,Not Applicable,0,Not Applicable (N/A),1,No,0,Not Applicable,0,Not Applicable,0,Not Applicable,0,Not Applicable,0,Not a Bus,0,No Special Use Noted,0,Not Applicable,67,067 MPH,7,Not Applicable,0,No Rollover,0,No Rollover,12,12 Clock Point,12,12 Clock Point,6,Disabling Damage,6,Towed,2,Fire/Explosion,2,Fire/Explosion,1,Yes,1,Yes,2,Suspected Minor Injury (B),2,Suspected Minor Injury (B),1,1,1,1,9,Reported as Unknown,2,No Alcohol Involved,23402,GMC Terrain,43054,43054,0,No,2,"Two-Way, Divided, Unprotected Median",2,Two lanes,65,65 MPH,3,Curve - Left,1,Level,1,Dry,0,No Controls,0,No Controls,14,Negotiating a Curve,14,Negotiating a Curve,13,Off the edge of the road on the right side,99,Unknown/Not Reported,1,Tracking,4,Departed roadway,1,A1-Single Driver-Right Roadside Departure-Drive Off Road,101,Single Driver-Right Roadside Departure
202304647465,1,48,48,12,3,"South (MD, DE, DC, WV, VA, KY, TN, NC, SC, GA, FL, AL, MS, LA, AR, OK, TX)",1,Urban Area,7,Stratum 7 - M/H Truck or Bus,91,158.90507293,1,1,January,6,6:00am-6:59am,15,15,25,Concrete Traffic Barrier,0,The First Harmful Event was Not a Collision with a Motor Vehicle In-Transport,1,01,1,Motor Vehicle In-Transport (Inside or Outside the Trafficway),0,No,1FD8W3HT3DEA,1FD8W3HT3DEA,2013,2013,2013,2013,460,Ford,1806,F-350,70,Incomplete - Chassis Cab (Double Cab),12,Ford,881,61,"Single-unit straight truck or Cab-Chassis (GVWR range 10,001 to 19,500 lbs.)",11,Truck,13,"Class 3: 10,001 - 14,000 lbs. (4,536 - 6,350 kg)",13,"Class 3: 10,001 - 14,000 lbs. (4,536 - 6,350 kg)",0,No Trailers,777777777777,No Trailing Units,777777777777,No Trailing Units,777777777777,No Trailing Units,77,No Trailing Units,77,No Trailing Units,77,No Trailing Units,0,Not an Articulated Vehicle,88888888888,,88,,888888888,,1,"Single-Unit Truck (2- axle and GVWR more than 10,000 lbs)",97,Other,1,No,0,Not Applicable,0,Not Applicable,0,Not Applicable,0,Not Applicable,0,Not a Bus,0,No Special Use Noted,0,Not Applicable,50,050 MPH,7,Not Applicable,0,No Rollover,0,No Rollover,12,12 Clock Point,12,12 Clock Point,6,Disabling Damage,6,Towed,25,Concrete Traffic Barrier,25,Concrete Traffic Barrier,0,No or Not Reported,1,Yes,0,No Apparent Injury (O),0,No Apparent Injury (O),0,No Person Injured in Vehicle,0,No Person Injured in Vehicle,2,No Alcohol Involved,2,No Alcohol Involved,12881,Ford Medium/Heavy - CBE,37335,37335,0,No,3,"Two-Way,  Divided, Positive  Median Barrier",2,Two lanes,60,60 MPH,1,Straight,1,Level,1,Dry,0,No Controls,0,No Controls,1,Going Straight,1,Going Straight,12,Off the edge of the road on the left side,99,Unknown/Not Reported,1,Tracking,4,Departed roadway,6,B6-Single Driver-Left Roadside Departure-Drive Off Road,102,Single Driver-Left Roadside Departure
202304647468,1,48,48,12,3,"South (MD, DE, DC, WV, VA, KY, TN, NC, SC, GA, FL, AL, MS, LA, AR, OK, TX)",1,Urban Area,5,Stratum 5 - NLMY PV Serious Injury,85,25.91980976,2,1,January,13,1:00pm-1:59pm,8,8,12,Motor Vehicle In-Transport,6,Angle,1,01,1,Motor Vehicle In-Transport (Inside or Outside the Trafficway),0,No,2T3ZF4DV4BW0,2T3ZF4DV4BW0,2011,2011,2011,2011,448,Toyota,2217,RAV4,7,Sport Utility Vehicle (SUV)/Multi-Purpose Vehicle (MPV),49,Toyota,402,14,"Compact Utility (Utility Vehicle Categories ""Small"" and ""Midsize"")",0,Not Applicable,11,"Class 1: 6,000 lbs. or less (2,722 kg or less)",11,"Class 1: 6,000 lbs. or less (2,722 kg or less)",0,No Trailers,777777777777,No Trailing Units,777777777777,No Trailing Units,777777777777,No Trailing Units,77,No Trailing Units,77,No Trailing Units,77,No Trailing Units,0,Not an Articulated Vehicle,00000000000,Not Applicable,0,Not Applicable,0,Not Applicable,0,Not Applicable,0,Not Applicable (N/A),1,No,0,Not Applicable,0,Not Applicable,0,Not Applicable,0,Not Applicable,0,Not a Bus,0,No Special Use Noted,0,Not Applicable,10,010 MPH,8,Not Reported,0,No Rollover,0,No Rollover,11,11 Clock Point,11,11 Clock Point,6,Disabling Damage,6,Towed,12,Motor Vehicle In-Transport,12,Motor Vehicle In-Transport,0,No or Not Reported,1,Yes,3,Suspected Serious Injury (A),3,Suspected Serious Injury (A),1,1,1,1,2,No Alcohol Involved,2,No Alcohol Involved,49402,Toyota RAV4 *,35613,35613,0,No,1,"Two-Way, Not Divided",2,Two lanes,45,45 MPH,1,Straight,1,Level,1,Dry,20,Stop Sign,3,Device Functioning Properly,11,Turning Left,11,Turning Left,15,Turning Left,99,Unknown/Not Reported,1,Tracking,1,Stayed in original travel lane,82,K82-Trafficway Vehicle Turning-Turn Into Path-Turn Into Opposite Directions (Turning Left),414,"Changing Trafficway, Vehicle Turning-Turn Into Path, Turn into Opposite Directions [Turning Left]"
202304647468,2,48,48,12,3,"South (MD, DE, DC, WV, VA, KY, TN, NC, SC, GA, FL, AL, MS, LA, AR, OK, TX)",1,Urban Area,5,Stratum 5 - NLMY PV Serious Injury,85,25.91980976,2,1,January,13,1:00pm-1:59pm,8,8,12,Motor Vehicle In-Transport,6,Angle,1,01,1,Motor Vehicle In-Transport (Inside or Outside the Trafficway),0,No,WBAEB53559C2,WBAEB53559C2,2009,2009,2009,2009,452,BMW,1732,650i,1,Convertible/Cabriolet,34,BMW,36,1,"Convertible(excludes sun-roof,t-bar)",0,Not Applicable,11,"Class 1: 6,000 lbs. or less (2,722 kg or less)",11,"Class 1: 6,000 lbs. or less (2,722 kg or less)",0,No Trailers,777777777777,No Trailing Units,777777777777,No Trailing Units,777777777777,No Trailing Units,77,No Trailing Units,77,No Trailing Units,77,No Trailing Units,0,Not an Articulated Vehicle,00000000000,Not Applicable,0,Not Applicable,0,Not Applicable,0,Not Applicable,0,Not Applicable (N/A),1,No,0,Not Applicable,0,Not Applicable,0,Not Applicable,0,Not Applicable,0,Not a Bus,0,No Special Use Noted,0,Not Applicable,60,060 MPH,8,Not Reported,0,No Rollover,0,No Rollover,12,12 Clock Point,12,12 Clock Point,6,Disabling Damage,6,Towed,12,Motor Vehicle In-Transport,12,Motor Vehicle In-Transport,0,No or Not Reported,1,Yes,1,Possible Injury (C),1,Possible Injury (C),1,1,1,1,2,No Alcohol Involved,2,No Alcohol Involved,34036,BMW 6-series,35810,35810,0,No,2,"Two-Way, Divided, Unprotected Median",2,Two lanes,60,60 MPH,1,Straight,1,Level,1,Dry,0,No Controls,0,No Controls,1,Going Straight,1,Going Straight,67,"From crossing street, turning into opposite direction",6,Steering left,1,Tracking,1,Stayed in original travel lane,83,K83-Trafficway Vehicle Turning-Turn Into Path-Turn Into Opposite Directions (Going Straight),415,"Changing Trafficway, Vehicle Turning-Turn Into Path, Turn into Opposite Directions [Going Straight, Other Vehicle Turning Left]"
202304647475,1,48,48,12,3,"South (MD, DE, DC, WV, VA, KY, TN, NC, SC, GA, FL, AL, MS, LA, AR, OK, TX)",1,Urban Area,10,Stratum 10 - Other,85,223.42002683,1,1,January,12,12:00pm-12:59pm,5,5,57,Cable Barrier,0,The First Harmful Event was Not a Collision with a Motor Vehicle In-Transport,1,01,1,Motor Vehicle In-Transport (Inside or Outside the Trafficway),0,No,1G1PE5SBXG72,1G1PE5SBXG72,2016,2016,2016,2016,467,Chevrolet,34069,Cruze Limited,13,Sedan/Saloon,20,Chevrolet,25,4,"4-door sedan, hardtop",0,Not Applicable,11,"Class 1: 6,000 lbs. or less (2,722 kg or less)",11,"Class 1: 6,000 lbs. or less (2,722 kg or less)",0,No Trailers,777777777777,No Trailing Units,777777777777,No Trailing Units,777777777777,No Trailing Units,77,No Trailing Units,77,No Trailing Units,77,No Trailing Units,0,Not an Articulated Vehicle,00000000000,Not Applicable,0,Not Applicable,0,Not Applicable,0,Not Applicable,0,Not Applicable (N/A),1,No,0,Not Applicable,0,Not Applicable,0,Not Applicable,0,Not Applicable,0,Not a Bus,0,No Special Use Noted,0,Not Applicable,70,070 MPH,7,Not Applicable,0,No Rollover,0,No Rollover,12,12 Clock Point,12,12 Clock Point,6,Disabling Damage,6,Towed,57,Cable Barrier,57,Cable Barrier,0,No or Not Reported,1,Yes,0,No Apparent Injury (O),0,No Apparent Injury (O),0,No Person Injured in Vehicle,0,No Person Injured in Vehicle,2,No Alcohol Involved,2,No Alcohol Involved,20025,Chevrolet Cruze,35611,35611,0,No,3,"Two-Way,  Divided, Positive  Median Barrier",2,Two lanes,70,70 MPH,1,Straight,1,Level,2,Wet,0,No Controls,0,No Controls,1,Going Straight,1,Going Straight,60,From adjacent lane (same direction) over left lane line,7,Steering right,2,Skidding longitudinally  rotation less than 30 degrees,4,Departed roadway,7,B7-Single Driver-Left Roadside Departure-Control/Traction Loss,102,Single Driver-Left Roadside Departure
202304647500,1,48,48,12,3,"South (MD, DE, DC, WV, VA, KY, TN, NC, SC, GA, FL, AL, MS, LA, AR, OK, TX)",1,Urban Area,10,Stratum 10 - Other,91,223.42002683,2,1,January,20,8:00pm-8:59pm,45,45,12,Motor Vehicle In-Transport,1,Front-to-Rear,1,01,1,Motor Vehicle In-Transport (Inside or Outside the Trafficway),0,No,3VWL17AJ4HM4,3VWL17AJ4HM4,2017,2017,2017,2017,482,Volkswagen,3137,Jetta,13,Sedan/Saloon,30,Volkswagen,40,4,"4-door sedan, hardtop",0,Not Applicable,11,"Class 1: 6,000 lbs. or less (2,722 kg or less)",11,"Class 1: 6,000 lbs. or less (2,722 kg or less)",0,No Trailers,777777777777,No Trailing Units,777777777777,No Trailing Units,777777777777,No Trailing Units,77,No Trailing Units,77,No Trailing Units,77,No Trailing Units,0,Not an Articulated Vehicle,00000000000,Not Applicable,0,Not Applicable,0,Not Applicable,0,Not Applicable,0,Not Applicable (N/A),1,No,0,Not Applicable,0,Not Applicable,0,Not Applicable,0,Not Applicable,0,Not a Bus,0,No Special Use Noted,0,Not Applicable,45,045 MPH,8,Not Reported,0,No Rollover,0,No Rollover,12,12 Clock Point,12,12 Clock Point,6,Disabling Damage,6,Towed,12,Motor Vehicle In-Transport,12,Motor Vehicle In-Transport,0,No or Not Reported,1,Yes,0,No Apparent Injury (O),0,No Apparent Injury (O),0,No Person Injured in Vehicle,0,No Person Injured in Vehicle,2,No Alcohol Involved,2,No Alcohol Involved,30040,Volkswagen Jetta/Jetta SportsWagen,88001,88001,0,No,1,"Two-Way, Not Divided",2,Two lanes,45,45 MPH,1,Straight,1,Level,1,Dry,97,Not Reported,8,Not Reported,1,Going Straight,1,Going Straight,52,Traveling in same direction while decelerating,16,Braking,1,Tracking,1,Stayed in original travel lane,28,"D28-Same Trafficway, Same Direction-Rear End-Decelerating (Slowing)",202,"Same Trafficway, Same Direction-Rear End, Lead Vehicle"
202304647500,2,48,48,12,3,"South (MD, DE, DC, WV, VA, KY, TN, NC, SC, GA, FL, AL, MS, LA, AR, OK, TX)",1,Urban Area,10,Stratum 10 - Other,91,223.42002683,2,1,January,20,8:00pm-8:59pm,45,45,12,Motor Vehicle In-Transport,1,Front-to-Rear,1,01,1,Motor Vehicle In-Transport (Inside or Outside the Trafficway),0,No,1C4RDHDG6JC2,1C4RDHDG6JC2,2018,2018,2018,2018,476,Dodge,3508,Durango,7,Sport Utility Vehicle (SUV)/Multi-Purpose Vehicle (MPV),7,Dodge,422,15,"Large utility (ANSI D16.1 Utility Vehicle Categories and ""Full Size"" and ""Large"")",0,Not Applicable,12,"Class 2: 6,001 - 10,000 lbs. (2,722 - 4,536 kg)",12,"Class 2: 6,001 - 10,000 lbs. (2,722 - 4,536 kg)",0,No Trailers,777777777777,No Trailing Units,777777777777,No Trailing Units,777777777777,No Trailing Units,77,No Trailing Units,77,No Trailing Units,77,No Trailing Units,0,Not an Articulated Vehicle,00000000000,Not Applicable,0,Not Applicable,0,Not Applicable,0,Not Applicable,0,Not Applicable (N/A),1,No,0,Not Applicable,0,Not Applicable,0,Not Applicable,0,Not Applicable,0,Not a Bus,0,No Special Use Noted,0,Not Applicable,10,010 MPH,8,Not Reported,0,No Rollover,0,No Rollover,6,6 Clock Point,6,6 Clock Point,4,Functional Damage,5,Not Towed,12,Motor Vehicle In-Transport,12,Motor Vehicle In-Transport,0,No or Not Reported,1,Yes,0,No Apparent Injury (O),0,No Apparent Injury (O),0,No Person Injured in Vehicle,0,No Person Injured in Vehicle,2,No Alcohol Involved,2,No Alcohol Involved,7422,Dodge Durango (2004 on; see 402 for 1998-2003 models),35773,35773,0,No,1,"Two-Way, Not Divided",2,Two lanes,45,45 MPH,1,Straight,1,Level,1,Dry,97,Not Reported,8,Not Reported,2,Decelerating in Road,2,Decelerating in Road,53,Traveling in same direction with higher speed,99,Unknown/Not Reported,1,Tracking,1,Stayed in original travel lane,29,"D29-Same Trafficway, Same Direction-Rear End-Decelerating (Slowing), Going Straight",201,"Same Trafficway, Same Direction-Rear End, Trailing Vehicle"
202304647523,1,48,48,12,3,"South (MD, DE, DC, WV, VA, KY, TN, NC, SC, GA, FL, AL, MS, LA, AR, OK, TX)",1,Urban Area,9,Stratum 9 - LMY PV No Injuries in Crash,91,141.52948435,2,1,January,2,2:00am-2:59am,55,55,12,Motor Vehicle In-Transport,6,Angle,2,02,1,Motor Vehicle In-Transport (Inside or Outside the Trafficway),0,No,3GKALMEV9KL2,3GKALMEV9KL2,2019,2019,2019,2019,472,GMC,1858,Terrain,7,Sport Utility Vehicle (SUV)/Multi-Purpose Vehicle (MPV),23,GMC,402,14,"Compact Utility (Utility Vehicle Categories ""Small"" and ""Midsize"")",0,Not Applicable,11,"Class 1: 6,000 lbs. or less (2,722 kg or less)",11,"Class 1: 6,000 lbs. or less (2,722 kg or less)",0,No Trailers,777777777777,No Trailing Units,777777777777,No Trailing Units,777777777777,No Trailing Units,77,No Trailing Units,77,No Trailing Units,77,No Trailing Units,0,Not an Articulated Vehicle,00000000000,Not Applicable,0,Not Applicable,0,Not Applicable,0,Not Applicable,0,Not Applicable (N/A),1,No,0,Not Applicable,0,Not Applicable,0,Not Applicable,0,Not Applicable,0,Not a Bus,0,No Special Use Noted,0,Not Applicable,10,010 MPH,8,Not Reported,0,No Rollover,0,No Rollover,5,5 Clock Point,5,5 Clock Point,6,Disabling Damage,6,Towed,12,Motor Vehicle In-Transport,12,Motor Vehicle In-Transport,0,No or Not Reported,1,Yes,0,No Apparent Injury (O),0,No Apparent Injury (O),0,No Person Injured in Vehicle,0,No Person Injured in Vehicle,2,No Alcohol Involved,2,No Alcohol Involved,23402,GMC Terrain,35759,35759,0,No,1,"Two-Way, Not Divided",3,Three lanes,40,40 MPH,1,Straight,1,Level,2,Wet,20,Stop Sign,3,Device Functioning Properly,1,Going Straight,1,Going Straight,17,Crossing Over (Passing Through) Junction,99,Unknown/Not Reported,1,Tracking,1,Stayed in original travel lane,87,L87-Intersecting Paths-Straight Paths-Struck on the Right,502,"Intersecting Paths-Straight Paths, Struck on the Right"
202304647523,2,48,48,12,3,"South (MD, DE, DC, WV, VA, KY, TN, NC, SC, GA, FL, AL, MS, LA, AR, OK, TX)",1,Urban Area,9,Stratum 9 - LMY PV No Injuries in Crash,91,141.52948435,2,1,January,2,2:00am-2:59am,55,55,12,Motor Vehicle In-Transport,6,Angle,3,03,1,Motor Vehicle In-Transport (Inside or Outside the Trafficway),0,No,2G4WS52MXV14,2G4WS52MXV14,1997,1997,1997,1997,468,Buick,8843,Century,13,Sedan/Saloon,18,Buick / Opel,7,4,"4-door sedan, hardtop",0,Not Applicable,11,"Class 1: 6,000 lbs. or less (2,722 kg or less)",11,"Class 1: 6,000 lbs. or less (2,722 kg or less)",0,No Trailers,777777777777,No Trailing Units,777777777777,No Trailing Units,777777777777,No Trailing Units,77,No Trailing Units,77,No Trailing Units,77,No Trailing Units,0,Not an Articulated Vehicle,00000000000,Not Applicable,0,Not Applicable,0,Not Applicable,0,Not Applicable,0,Not Applicable (N/A),1,No,0,Not Applicable,0,Not Applicable,0,Not Applicable,0,Not Applicable,0,Not a Bus,0,No Special Use Noted,0,Not Applicable,45,045 MPH,8,Not Reported,0,No Rollover,0,No Rollover,12,12 Clock Point,12,12 Clock Point,2,Minor Damage,5,Not Towed,12,Motor Vehicle In-Transport,12,Motor Vehicle In-Transport,0,No or Not Reported,1,Yes,0,No Apparent Injury (O),0,No Apparent Injury (O),0,No Person Injured in Vehicle,0,No Person Injured in Vehicle,2,No Alcohol Involved,2,No Alcohol Involved,18007,Buick / Opel Century,35750,35750,0,No,1,"Two-Way, Not Divided",2,Two lanes,45,45 MPH,1,Straight,1,Level,2,Wet,97,Not Reported,8,Not Reported,1,Going Straight,1,Going Straight,66,"From crossing street, across path",99,Unknown/Not Reported,1,Tracking,1,Stayed in original travel lane,86,L86-Intersecting Paths-Straight Paths-Striking from the Right,501,"Intersecting Paths-Straight Paths, Striking from the Right"
202304647526,1,48,48,12,3,"South (MD, DE, DC, WV, VA, KY, TN, NC, SC, GA, FL, AL, MS, LA, AR, OK, TX)",1,Urban Area,6,Stratum 6 - LMY PV Minor Injury,91,53.070005145,1,1,January,9,9:00am-9:59am,40,40,1,Rollover/Overturn,0,The First Harmful Event was Not a Collision with a Motor Vehicle In-Transport,2,02,1,Motor Vehicle In-Transport (Inside or Outside the Trafficway),0,No,1FM5K8AB5NGA,1FM5K8AB5NGA,2022,2022,2022,2022,460,Ford,1800,Explorer,7,Sport Utility Vehicle (SUV)/Multi-Purpose Vehicle (MPV),12,Ford,425,15,"Large utility (ANSI D16.1 Utility Vehicle Categories and ""Full Size"" and ""Large"")",0,Not Applicable,12,"Class 2: 6,001 - 10,000 lbs. (2,722 - 4,536 kg)",12,"Class 2: 6,001 - 10,000 lbs. (2,722 - 4,536 kg)",0,No Trailers,777777777777,No Trailing Units,777777777777,No Trailing Units,777777777777,No Trailing Units,77,No Trailing Units,77,No Trailing Units,77,No Trailing Units,0,Not an Articulated Vehicle,00000000000,Not Applicable,0,Not Applicable,0,Not Applicable,0,Not Applicable,0,Not Applicable (N/A),1,No,0,Not Applicable,0,Not Applicable,0,Not Applicable,0,Not Applicable,0,Not a Bus,5,Police,5,"Emergency Operation, Emergency Warning Equipment in Use",45,045 MPH,7,Not Applicable,3,Rollover,5,On Roadside,0,Non-Collision,0,Non-Collision,6,Disabling Damage,6,Towed,1,Rollover/Overturn,1,Rollover/Overturn,0,No or Not Reported,1,Yes,2,Suspected Minor Injury (B),2,Suspected Minor Injury (B),2,2,2,2,2,No Alcohol Involved,2,No Alcohol Involved,12425,Ford Explorer (For 2019 on.  For model years 1990-2018 see 12-401.),35757,35757,0,No,1,"Two-Way, Not Divided",2,Two lanes,35,35 MPH,2,Curve - Right,6,Downhill,2,Wet,97,Not Reported,8,Not Reported,14,Negotiating a Curve,14,Negotiating a Curve,12,Off the edge of the road on the left side,99,Unknown/Not Reported,9,Precrash stability unknown,4,Departed roadway,6,B6-Single Driver-Left Roadside Departure-Drive Off Road,102,Single Driver-Left Roadside Departure
202304647545,1,48,48,12,3,"South (MD, DE, DC, WV, VA, KY, TN, NC, SC, GA, FL, AL, MS, LA, AR, OK, TX)",1,Urban Area,6,Stratum 6 - LMY PV Minor Injury,87,53.070005145,2,1,January,9,9:00am-9:59am,57,57,12,Motor Vehicle In-Transport,1,Front-to-Rear,1,01,1,Motor Vehicle In-Transport (Inside or Outside the Trafficway),0,No,2T2HZMDA9LC2,2T2HZMDA9LC2,2020,2020,2020,2020,515,Lexus,2214,RX,7,Sport Utility Vehicle (SUV)/Multi-Purpose Vehicle (MPV),59,Lexus,403,14,"Compact Utility (Utility Vehicle Categories ""Small"" and ""Midsize"")",0,Not Applicable,11,"Class 1: 6,000 lbs. or less (2,722 kg or less)",11,"Class 1: 6,000 lbs. or less (2,722 kg or less)",0,No Trailers,777777777777,No Trailing Units,777777777777,No Trailing Units,777777777777,No Trailing Units,77,No Trailing Units,77,No Trailing Units,77,No Trailing Units,0,Not an Articulated Vehicle,00000000000,Not Applicable,0,Not Applicable,0,Not Applicable,0,Not Applicable,0,Not Applicable (N/A),1,No,0,Not Applicable,0,Not Applicable,0,Not Applicable,0,Not Applicable,0,Not a Bus,0,No Special Use Noted,0,Not Applicable,999,Reported as Unknown,8,Not Reported,0,No Rollover,0,No Rollover,12,12 Clock Point,12,12 Clock Point,2,Minor Damage,5,Not Towed,12,Motor Vehicle In-Transport,12,Motor Vehicle In-Transport,0,No or Not Reported,1,Yes,1,Possible Injury (C),1,Possible Injury (C),1,1,1,1,2,No Alcohol Involved,2,No Alcohol Involved,59403,Lexus RX330/350/400h/450h,35757,35757,0,No,1,"Two-Way, Not Divided",2,Two lanes,40,40 MPH,1,Straight,1,Level,1,Dry,0,No Controls,0,No Controls,10,Turning Right,10,Turning Right,51,Traveling in same direction with lower steady speed,1,No Avoidance Maneuver,1,Tracking,1,Stayed in original travel lane,24,"D24-Same Trafficway, Same Direction-Rear End-Slower",202,"Same Trafficway, Same Direction-Rear End, Lead Vehicle"
202304647545,2,48,48,12,3,"South (MD, DE, DC, WV, VA, KY, TN, NC, SC, GA, FL, AL, MS, LA, AR, OK, TX)",1,Urban Area,6,Stratum 6 - LMY PV Minor Injury,87,53.070005145,2,1,January,9,9:00am-9:59am,57,57,12,Motor Vehicle In-Transport,1,Front-to-Rear,5,05,1,Motor Vehicle In-Transport (Inside or Outside the Trafficway),0,No,1GYS3BKJ2HR1,1GYS3BKJ2HR1,2017,2017,2017,2017,469,Cadillac,1843,Escalade,7,Sport Utility Vehicle (SUV)/Multi-Purpose Vehicle (MPV),19,Cadillac,421,15,"Large utility (ANSI D16.1 Utility Vehicle Categories and ""Full Size"" and ""Large"")",0,Not Applicable,12,"Class 2: 6,001 - 10,000 lbs. (2,722 - 4,536 kg)",12,"Class 2: 6,001 - 10,000 lbs. (2,722 - 4,536 kg)",0,No Trailers,777777777777,No Trailing Units,777777777777,No Trailing Units,777777777777,No Trailing Units,77,No Trailing Units,77,No Trailing Units,77,No Trailing Units,0,Not an Articulated Vehicle,00000000000,Not Applicable,0,Not Applicable,0,Not Applicable,0,Not Applicable,0,Not Applicable (N/A),1,No,0,Not Applicable,0,Not Applicable,0,Not Applicable,0,Not Applicable,0,Not a Bus,0,No Special Use Noted,0,Not Applicable,999,Reported as Unknown,8,Not Reported,0,No Rollover,0,No Rollover,6,6 Clock Point,6,6 Clock Point,2,Minor Damage,5,Not Towed,12,Motor Vehicle In-Transport,12,Motor Vehicle In-Transport,0,No or Not Reported,1,Yes,1,Possible Injury (C),1,Possible Injury (C),5,5,5,5,2,No Alcohol Involved,2,No Alcohol Involved,19421,Cadillac Escalade/ESV (from 2004 on; see 431 for 2003 only),35756,35756,0,No,1,"Two-Way, Not Divided",2,Two lanes,45,45 MPH,1,Straight,1,Level,1,Dry,0,No Controls,0,No Controls,10,Turning Right,10,Turning Right,53,Traveling in same direction with higher speed,99,Unknown/Not Reported,1,Tracking,1,Stayed in original travel lane,27,"D27-Same Trafficway, Same Direction-Rear End-Slower, Going Right",201,"Same Trafficway, Same Direction-Rear End, Trailing Vehicle"
202304647548,1,48,48,12,3,"South (MD, DE, DC, WV, VA, KY, TN, NC, SC, GA, FL, AL, MS, LA, AR, OK, TX)",1,Urban Area,9,Stratum 9 - LMY PV No Injuries in Crash,87,141.52948435,2,1,January,16,4:00pm-4:59pm,55,55,12,Motor Vehicle In-Transport,6,Angle,1,01,1,Motor Vehicle In-Transport (Inside or Outside the Trafficway),0,No,1GNSCBE08DR2,1GNSCBE08DR2,2013,2013,2013,2013,467,Chevrolet,1852,Tahoe,7,Sport Utility Vehicle (SUV)/Multi-Purpose Vehicle (MPV),20,Chevrolet,421,15,"Large utility (ANSI D16.1 Utility Vehicle Categories and ""Full Size"" and ""Large"")",0,Not Applicable,12,"Class 2: 6,001 - 10,000 lbs. (2,722 - 4,536 kg)",12,"Class 2: 6,001 - 10,000 lbs. (2,722 - 4,536 kg)",0,No Trailers,777777777777,No Trailing Units,777777777777,No Trailing Units,777777777777,No Trailing Units,77,No Trailing Units,77,No Trailing Units,77,No Trailing Units,0,Not an Articulated Vehicle,00000000000,Not Applicable,0,Not Applicable,0,Not Applicable,0,Not Applicable,0,Not Applicable (N/A),1,No,0,Not Applicable,0,Not Applicable,0,Not Applicable,0,Not Applicable,0,Not a Bus,0,No Special Use Noted,0,Not Applicable,999,Reported as Unknown,8,Not Reported,0,No Rollover,0,No Rollover,12,12 Clock Point,12,12 Clock Point,2,Minor Damage,5,Not Towed,12,Motor Vehicle In-Transport,12,Motor Vehicle In-Transport,0,No or Not Reported,1,Yes,0,No Apparent Injury (O),0,No Apparent Injury (O),0,No Person Injured in Vehicle,0,No Person Injured in Vehicle,2,No Alcohol Involved,2,No Alcohol Involved,20421,Chevrolet Fullsize Blazer/Tahoe,35756,35756,0,No,3,"Two-Way,  Divided, Positive  Median Barrier",4,Four lanes,70,70 MPH,1,Straight,5,Uphill,1,Dry,0,No Controls,0,No Controls,1,Going Straight,1,Going Straight,51,Traveling in same direction with lower steady speed,99,Unknown/Not Reported,1,Tracking,2,"Stayed on roadway, but left original travel lane",48,"F48-Same Trafficway, Same Direction-Angle, Sideswipe-Specifics Other",209,"Same Trafficway, Same Direction-Sideswipe, Angle, Other or Unknown"
202304647548,2,48,48,12,3,"South (MD, DE, DC, WV, VA, KY, TN, NC, SC, GA, FL, AL, MS, LA, AR, OK, TX)",1,Urban Area,9,Stratum 9 - LMY PV No Injuries in Crash,87,141.52948435,2,1,January,16,4:00pm-4:59pm,55,55,12,Motor Vehicle In-Transport,6,Angle,1,01,1,Motor Vehicle In-Transport (Inside or Outside the Trafficway),0,No,5NMS24AJ2MH3,5NMS24AJ2MH3,2021,2021,2021,2021,498,Hyundai,2057,Santa Fe,7,Sport Utility Vehicle (SUV)/Multi-Purpose Vehicle (MPV),55,Hyundai,401,14,"Compact Utility (Utility Vehicle Categories ""Small"" and ""Midsize"")",0,Not Applicable,11,"Class 1: 6,000 lbs. or less (2,722 kg or less)",11,"Class 1: 6,000 lbs. or less (2,722 kg or less)",0,No Trailers,777777777777,No Trailing Units,777777777777,No Trailing Units,777777777777,No Trailing Units,77,No Trailing Units,77,No Trailing Units,77,No Trailing Units,0,Not an Articulated Vehicle,00000000000,Not Applicable,0,Not Applicable,0,Not Applicable,0,Not Applicable,0,Not Applicable (N/A),1,No,0,Not Applicable,0,Not Applicable,0,Not Applicable,0,Not Applicable,0,Not a Bus,0,No Special Use Noted,0,Not Applicable,999,Reported as Unknown,8,Not Reported,0,No Rollover,0,No Rollover,8,8 Clock Point,8,8 Clock Point,2,Minor Damage,5,Not Towed,12,Motor Vehicle In-Transport,12,Motor Vehicle In-Transport,0,No or Not Reported,1,Yes,0,No Apparent Injury (O),0,No Apparent Injury (O),0,No Person Injured in Vehicle,0,No Person Injured in Vehicle,2,No Alcohol Involved,2,No Alcohol Involved,55401,Hyundai Santa Fe,35803,35803,0,No,3,"Two-Way,  Divided, Positive  Median Barrier",4,Four lanes,70,70 MPH,1,Straight,5,Uphill,1,Dry,0,No Controls,0,No Controls,1,Going Straight,1,Going Straight,53,Traveling in same direction with higher speed,99,Unknown/Not Reported,1,Tracking,2,"Stayed on roadway, but left original travel lane",48,"F48-Same Trafficway, Same Direction-Angle, Sideswipe-Specifics Other",209,"Same Trafficway, Same Direction-Sideswipe, Angle, Other or Unknown"
202304647554,1,48,48,12,3,"South (MD, DE, DC, WV, VA, KY, TN, NC, SC, GA, FL, AL, MS, LA, AR, OK, TX)",1,Urban Area,7,Stratum 7 - M/H Truck or Bus,87,158.90507293,2,1,January,8,8:00am-8:59am,19,19,12,Motor Vehicle In-Transport,7,Sideswipe - Same Direction,2,02,1,Motor Vehicle In-Transport (Inside or Outside the Trafficway),0,No,3HSDZAPR3KN3,3HSDZAPR3KN3,2019,2019,2019,2019,526,International,20852,LT625,66,Truck-Tractor,84,International Harvester/Navistar,881,66,"Truck-tractor (Cab only, or with any number of trailing unit; any weight)",0,Not Applicable,18,"Class 8: 33,001 lbs. and above (14,969 kg and above)",18,"Class 8: 33,001 lbs. and above (14,969 kg and above)",1,One Trailer,888888888888,Not Reported,777777777777,No Trailing Units,777777777777,No Trailing Units,98,Not Reported,77,No Trailing Units,77,No Trailing Units,1,No,77777777777,Not Reported,77,Not Reported,777777777,Not Reported,6,Truck Tractor/Semi-Trailer,3,Flatbed,1,No,0,Not Applicable,0,Not Applicable,0,Not Applicable,0,Not Applicable,0,Not a Bus,0,No Special Use Noted,0,Not Applicable,999,Reported as Unknown,8,Not Reported,0,No Rollover,0,No Rollover,1,1 Clock Point,1,1 Clock Point,2,Minor Damage,5,Not Towed,12,Motor Vehicle In-Transport,12,Motor Vehicle In-Transport,0,No or Not Reported,1,Yes,0,No Apparent Injury (O),0,No Apparent Injury (O),0,No Person Injured in Vehicle,0,No Person Injured in Vehicle,2,No Alcohol Involved,2,No Alcohol Involved,84881,International Harvester/Navistar Medium/Heavy - CBE,29223,29223,0,No,3,"Two-Way,  Divided, Positive  Median Barrier",1,One lane,40,40 MPH,3,Curve - Left,1,Level,1,Dry,21,Yield Sign,3,Device Functioning Properly,12,Making a U-turn,12,Making a U-turn,21,Making a U-Turn,1,No Avoidance Maneuver,1,Tracking,2,"Stayed on roadway, but left original travel lane",98,M98-Other Crash Type,998,Other Crash Type
202304647554,2,48,48,12,3,"South (MD, DE, DC, WV, VA, KY, TN, NC, SC, GA, FL, AL, MS, LA, AR, OK, TX)",1,Urban Area,7,Stratum 7 - M/H Truck or Bus,87,158.90507293,2,1,January,8,8:00am-8:59am,19,19,12,Motor Vehicle In-Transport,7,Sideswipe - Same Direction,1,01,1,Motor Vehicle In-Transport (Inside or Outside the Trafficway),0,No,JF2SJAJC2EH4,JF2SJAJC2EH4,2014,2014,2014,2014,523,Subaru,2234,Forester,7,Sport Utility Vehicle (SUV)/Multi-Purpose Vehicle (MPV),48,Subaru,401,14,"Compact Utility (Utility Vehicle Categories ""Small"" and ""Midsize"")",0,Not Applicable,11,"Class 1: 6,000 lbs. or less (2,722 kg or less)",11,"Class 1: 6,000 lbs. or less (2,722 kg or less)",0,No Trailers,777777777777,No Trailing Units,777777777777,No Trailing Units,777777777777,No Trailing Units,77,No Trailing Units,77,No Trailing Units,77,No Trailing Units,0,Not an Articulated Vehicle,00000000000,Not Applicable,0,Not Applicable,0,Not Applicable,0,Not Applicable,0,Not Applicable (N/A),1,No,0,Not Applicable,0,Not Applicable,0,Not Applicable,0,Not Applicable,0,Not a Bus,0,No Special Use Noted,0,Not Applicable,999,Reported as Unknown,8,Not Reported,0,No Rollover,0,No Rollover,10,10 Clock Point,10,10 Clock Point,4,Functional Damage,5,Not Towed,12,Motor Vehicle In-Transport,12,Motor Vehicle In-Transport,0,No or Not Reported,1,Yes,0,No Apparent Injury (O),0,No Apparent Injury (O),0,No Person Injured in Vehicle,0,No Person Injured in Vehicle,2,No Alcohol Involved,2,No Alcohol Involved,48401,Subaru Forester,35803,35803,0,No,3,"Two-Way,  Divided, Positive  Median Barrier",2,Two lanes,40,40 MPH,1,Straight,1,Level,1,Dry,97,Not Reported,8,Not Reported,1,Going Straight,1,Going Straight,62,From opposite direction  over left lane line,7,Steering right,1,Tracking,4,Departed roadway,98,M98-Other Crash Type,998,Other Crash Type
202304647560,1,48,48,12,3,"South (MD, DE, DC, WV, VA, KY, TN, NC, SC, GA, FL, AL, MS, LA, AR, OK, TX)",1,Urban Area,10,Stratum 10 - Other,87,223.42002683,2,1,January,11,11:00am-11:59am,21,21,12,Motor Vehicle In-Transport,6,Angle,1,01,1,Motor Vehicle In-Transport (Inside or Outside the Trafficway),0,No,1FMCU0G92EUA,1FMCU0G92EUA,2014,2014,2014,2014,460,Ford,1798,Escape,7,Sport Utility Vehicle (SUV)/Multi-Purpose Vehicle (MPV),12,Ford,402,14,"Compact Utility (Utility Vehicle Categories ""Small"" and ""Midsize"")",0,Not Applicable,11,"Class 1: 6,000 lbs. or less (2,722 kg or less)",11,"Class 1: 6,000 lbs. or less (2,722 kg or less)",0,No Trailers,777777777777,No Trailing Units,777777777777,No Trailing Units,777777777777,No Trailing Units,77,No Trailing Units,77,No Trailing Units,77,No Trailing Units,0,Not an Articulated Vehicle,00000000000,Not Applicable,0,Not Applicable,0,Not Applicable,0,Not Applicable,0,Not Applicable (N/A),1,No,0,Not Applicable,0,Not Applicable,0,Not Applicable,0,Not Applicable,0,Not a Bus,0,No Special Use Noted,0,Not Applicable,999,Reported as Unknown,8,Not Reported,0,No Rollover,0,No Rollover,12,12 Clock Point,12,12 Clock Point,4,Functional Damage,6,Towed,12,Motor Vehicle In-Transport,12,Motor Vehicle In-Transport,0,No or Not Reported,1,Yes,0,No Apparent Injury (O),0,No Apparent Injury (O),0,No Person Injured in Vehicle,0,No Person Injured in Vehicle,2,No Alcohol Involved,2,No Alcohol Involved,12402,Ford Escape,35757,35757,0,No,1,"Two-Way, Not Divided",2,Two lanes,45,45 MPH,1,Straight,1,Level,1,Dry,3,Traffic control signal(on colors) not known whether or not Pedestrian Signal,3,Device Functioning Properly,1,Going Straight,1,Going Straight,17,Crossing Over (Passing Through) Junction,99,Unknown/Not Reported,1,Tracking,1,Stayed in original travel lane,83,K83-Trafficway Vehicle Turning-Turn Into Path-Turn Into Opposite Directions (Going Straight),415,"Changing Trafficway, Vehicle Turning-Turn Into Path, Turn into Opposite Directions [Going Straight, Other Vehicle Turning Left]"
202304647560,2,48,48,12,3,"South (MD, DE, DC, WV, VA, KY, TN, NC, SC, GA, FL, AL, MS, LA, AR, OK, TX)",1,Urban Area,10,Stratum 10 - Other,87,223.42002683,2,1,January,11,11:00am-11:59am,21,21,12,Motor Vehicle In-Transport,6,Angle,1,01,1,Motor Vehicle In-Transport (Inside or Outside the Trafficway),0,No,1C4BJWDG8GL3,1C4BJWDG8GL3,2016,2016,2016,2016,483,Jeep,1943,Wrangler,7,Sport Utility Vehicle (SUV)/Multi-Purpose Vehicle (MPV),2,Jeep / Kaiser-Jeep / Willys- Jeep,403,14,"Compact Utility (Utility Vehicle Categories ""Small"" and ""Midsize"")",0,Not Applicable,11,"Class 1: 6,000 lbs. or less (2,722 kg or less)",11,"Class 1: 6,000 lbs. or less (2,722 kg or less)",0,No Trailers,777777777777,No Trailing Units,777777777777,No Trailing Units,777777777777,No Trailing Units,77,No Trailing Units,77,No Trailing Units,77,No Trailing Units,0,Not an Articulated Vehicle,00000000000,Not Applicable,0,Not Applicable,0,Not Applicable,0,Not Applicable,0,Not Applicable (N/A),1,No,0,Not Applicable,0,Not Applicable,0,Not Applicable,0,Not Applicable,0,Not a Bus,0,No Special Use Noted,0,Not Applicable,999,Reported as Unknown,8,Not Reported,0,No Rollover,0,No Rollover,9,9 Clock Point,9,9 Clock Point,2,Minor Damage,5,Not Towed,12,Motor Vehicle In-Transport,12,Motor Vehicle In-Transport,0,No or Not Reported,1,Yes,0,No Apparent Injury (O),0,No Apparent Injury (O),0,No Person Injured in Vehicle,0,No Person Injured in Vehicle,2,No Alcohol Involved,2,No Alcohol Involved,2403,Jeep / Kaiser-Jeep / Willys- Jeep YJ series/Wrangler,35758,35758,0,No,1,"Two-Way, Not Divided",2,Two lanes,45,45 MPH,1,Straight,1,Level,1,Dry,3,Traffic control signal(on colors) not known whether or not Pedestrian Signal,3,Device Functioning Properly,11,Turning Left,11,Turning Left,66,"From crossing street, across path",99,Unknown/Not Reported,1,Tracking,1,Stayed in original travel lane,82,K82-Trafficway Vehicle Turning-Turn Into Path-Turn Into Opposite Directions (Turning Left),414,"Changing Trafficway, Vehicle Turning-Turn Into Path, Turn into Opposite Directions [Turning Left]"
202304647580,1,48,48,12,3,"South (MD, DE, DC, WV, VA, KY, TN, NC, SC, GA, FL, AL, MS, LA, AR, OK, TX)",1,Urban Area,10,Stratum 10 - Other,87,223.42002683,2,1,January,10,10:00am-10:59am,30,30,12,Motor Vehicle In-Transport,6,Angle,1,01,1,Motor Vehicle In-Transport (Inside or Outside the Trafficway),0,No,3N1AB7AP7HL6,3N1AB7AP7HL6,2017,2017,2017,2017,478,Nissan,1907,Sentra,13,Sedan/Saloon,35,Nissan/Datsun,43,4,"4-door sedan, hardtop",0,Not Applicable,11,"Class 1: 6,000 lbs. or less (2,722 kg or less)",11,"Class 1: 6,000 lbs. or less (2,722 kg or less)",0,No Trailers,777777777777,No Trailing Units,777777777777,No Trailing Units,777777777777,No Trailing Units,77,No Trailing Units,77,No Trailing Units,77,No Trailing Units,0,Not an Articulated Vehicle,00000000000,Not Applicable,0,Not Applicable,0,Not Applicable,0,Not Applicable,0,Not Applicable (N/A),1,No,0,Not Applicable,0,Not Applicable,0,Not Applicable,0,Not Applicable,0,Not a Bus,0,No Special Use Noted,0,Not Applicable,999,Reported as Unknown,8,Not Reported,0,No Rollover,0,No Rollover,12,12 Clock Point,12,12 Clock Point,6,Disabling Damage,6,Towed,12,Motor Vehicle In-Transport,12,Motor Vehicle In-Transport,0,No or Not Reported,1,Yes,0,No Apparent Injury (O),0,No Apparent Injury (O),0,No Person Injured in Vehicle,0,No Person Injured in Vehicle,2,No Alcohol Involved,2,No Alcohol Involved,35043,Nissan/Datsun Sentra,35810,35810,0,No,2,"Two-Way, Divided, Unprotected Median",2,Two lanes,45,45 MPH,1,Straight,1,Level,1,Dry,3,Traffic control signal(on colors) not known whether or not Pedestrian Signal,3,Device Functioning Properly,1,Going Straight,1,Going Straight,17,Crossing Over (Passing Through) Junction,16,Braking,1,Tracking,1,Stayed in original travel lane,88,L88-Intersecting Paths-Straight Paths-Striking from the Left,503,"Intersecting Paths-Straight Paths, Striking from the Left"
202304647580,2,48,48,12,3,"South (MD, DE, DC, WV, VA, KY, TN, NC, SC, GA, FL, AL, MS, LA, AR, OK, TX)",1,Urban Area,10,Stratum 10 - Other,87,223.42002683,2,1,January,10,10:00am-10:59am,30,30,12,Motor Vehicle In-Transport,6,Angle,1,01,1,Motor Vehicle In-Transport (Inside or Outside the Trafficway),0,No,2FAHP74WX3X1,2FAHP74WX3X1,2003,2003,2003,2003,460,Ford,1778,Crown Victoria,13,Sedan/Saloon,12,Ford,16,4,"4-door sedan, hardtop",0,Not Applicable,11,"Class 1: 6,000 lbs. or less (2,722 kg or less)",11,"Class 1: 6,000 lbs. or less (2,722 kg or less)",0,No Trailers,777777777777,No Trailing Units,777777777777,No Trailing Units,777777777777,No Trailing Units,77,No Trailing Units,77,No Trailing Units,77,No Trailing Units,0,Not an Articulated Vehicle,00000000000,Not Applicable,0,Not Applicable,0,Not Applicable,0,Not Applicable,0,Not Applicable (N/A),1,No,0,Not Applicable,0,Not Applicable,0,Not Applicable,0,Not Applicable,0,Not a Bus,0,No Special Use Noted,0,Not Applicable,999,Reported as Unknown,8,Not Reported,0,No Rollover,0,No Rollover,11,11 Clock Point,11,11 Clock Point,6,Disabling Damage,6,Towed,12,Motor Vehicle In-Transport,12,Motor Vehicle In-Transport,0,No or Not Reported,1,Yes,0,No Apparent Injury (O),0,No Apparent Injury (O),0,No Person Injured in Vehicle,0,No Person Injured in Vehicle,2,No Alcohol Involved,2,No Alcohol Involved,12016,"Ford Crown Victoria  (For 2011 on, code as vehicle model 398)",35802,35802,0,No,2,"Two-Way, Divided, Unprotected Median",3,Three lanes,40,40 MPH,1,Straight,1,Level,1,Dry,3,Traffic control signal(on colors) not known whether or not Pedestrian Signal,3,Device Functioning Properly,1,Going Straight,1,Going Straight,66,"From crossing street, across path",99,Unknown/Not Reported,1,Tracking,1,Stayed in original travel lane,89,L89-Intersecting Paths-Straight Paths-Struck on the left,504,"Intersecting Paths-Straight Paths, Struck on the Left"
202304647585,1,48,48,12,3,"South (MD, DE, DC, WV, VA, KY, TN, NC, SC, GA, FL, AL, MS, LA, AR, OK, TX)",1,Urban Area,9,Stratum 9 - LMY PV No Injuries in Crash,87,141.52948435,2,1,January,16,4:00pm-4:59pm,15,15,12,Motor Vehicle In-Transport,7,Sideswipe - Same Direction,1,01,1,Motor Vehicle In-Transport (Inside or Outside the Trafficway),0,No,JTDEPMAE8MJ1,JTDEPMAE8MJ1,2021,2021,2021,2021,448,Toyota,2208,Corolla,13,Sedan/Saloon,49,Toyota,32,4,"4-door sedan, hardtop",0,Not Applicable,11,"Class 1: 6,000 lbs. or less (2,722 kg or less)",11,"Class 1: 6,000 lbs. or less (2,722 kg or less)",0,No Trailers,777777777777,No Trailing Units,777777777777,No Trailing Units,777777777777,No Trailing Units,77,No Trailing Units,77,No Trailing Units,77,No Trailing Units,0,Not an Articulated Vehicle,00000000000,Not Applicable,0,Not Applicable,0,Not Applicable,0,Not Applicable,0,Not Applicable (N/A),1,No,0,Not Applicable,0,Not Applicable,0,Not Applicable,0,Not Applicable,0,Not a Bus,0,No Special Use Noted,0,Not Applicable,999,Reported as Unknown,8,Not Reported,0,No Rollover,0,No Rollover,11,11 Clock Point,11,11 Clock Point,2,Minor Damage,5,Not Towed,12,Motor Vehicle In-Transport,12,Motor Vehicle In-Transport,0,No or Not Reported,1,Yes,0,No Apparent Injury (O),0,No Apparent Injury (O),0,No Person Injured in Vehicle,0,No Person Injured in Vehicle,2,No Alcohol Involved,2,No Alcohol Involved,49032,Toyota Corolla,35759,35759,0,No,1,"Two-Way, Not Divided",7,Seven or more lanes,35,35 MPH,1,Straight,1,Level,1,Dry,3,Traffic control signal(on colors) not known whether or not Pedestrian Signal,3,Device Functioning Properly,10,Turning Right,10,Turning Right,16,Turning Right,99,Unknown/Not Reported,1,Tracking,2,"Stayed on roadway, but left original travel lane",74,J74-Trafficway Vehicle Turning-Turn Across Path-Specifics Other,407,"Changing Trafficway, Vehicle Turning-Turn Across Path, Other or Unknown"
202304647585,2,48,48,12,3,"South (MD, DE, DC, WV, VA, KY, TN, NC, SC, GA, FL, AL, MS, LA, AR, OK, TX)",1,Urban Area,9,Stratum 9 - LMY PV No Injuries in Crash,87,141.52948435,2,1,January,16,4:00pm-4:59pm,15,15,12,Motor Vehicle In-Transport,7,Sideswipe - Same Direction,1,01,1,Motor Vehicle In-Transport (Inside or Outside the Trafficway),0,No,1FADP3L96EL1,1FADP3L96EL1,2014,2014,2014,2014,460,Ford,1779,Focus,5,Hatchback/Liftback/Notchback,12,Ford,37,5,5-door/4-door hatchback,0,Not Applicable,11,"Class 1: 6,000 lbs. or less (2,722 kg or less)",11,"Class 1: 6,000 lbs. or less (2,722 kg or less)",0,No Trailers,777777777777,No Trailing Units,777777777777,No Trailing Units,777777777777,No Trailing Units,77,No Trailing Units,77,No Trailing Units,77,No Trailing Units,0,Not an Articulated Vehicle,00000000000,Not Applicable,0,Not Applicable,0,Not Applicable,0,Not Applicable,0,Not Applicable (N/A),1,No,0,Not Applicable,0,Not Applicable,0,Not Applicable,0,Not Applicable,0,Not a Bus,0,No Special Use Noted,0,Not Applicable,999,Reported as Unknown,8,Not Reported,0,No Rollover,0,No Rollover,5,5 Clock Point,5,5 Clock Point,2,Minor Damage,5,Not Towed,12,Motor Vehicle In-Transport,12,Motor Vehicle In-Transport,0,No or Not Reported,1,Yes,0,No Apparent Injury (O),0,No Apparent Injury (O),0,No Person Injured in Vehicle,0,No Person Injured in Vehicle,2,No Alcohol Involved,2,No Alcohol Involved,12037,Ford Focus,35811,35811,0,No,1,"Two-Way, Not Divided",6,Six lanes,35,35 MPH,1,Straight,1,Level,1,Dry,3,Traffic control signal(on colors) not known whether or not Pedestrian Signal,3,Device Functioning Properly,11,Turning Left,11,Turning Left,63,From opposite direction  over right lane line,99,Unknown/Not Reported,1,Tracking,1,Stayed in original travel lane,74,J74-Trafficway Vehicle Turning-Turn Across Path-Specifics Other,407,"Changing Trafficway, Vehicle Turning-Turn Across Path, Other or Unknown"
202304647590,1,48,48,12,3,"South (MD, DE, DC, WV, VA, KY, TN, NC, SC, GA, FL, AL, MS, LA, AR, OK, TX)",1,Urban Area,9,Stratum 9 - LMY PV No Injuries in Crash,87,141.52948435,1,1,January,15,3:00pm-3:59pm,17,17,18,Other Object (not fixed),0,The First Harmful Event was Not a Collision with a Motor Vehicle In-Transport,1,01,1,Motor Vehicle In-Transport (Inside or Outside the Trafficway),0,No,JTDEPRAE3LJ1,JTDEPRAE3LJ1,2020,2020,2020,2020,448,Toyota,2208,Corolla,13,Sedan/Saloon,49,Toyota,32,4,"4-door sedan, hardtop",0,Not Applicable,11,"Class 1: 6,000 lbs. or less (2,722 kg or less)",11,"Class 1: 6,000 lbs. or less (2,722 kg or less)",0,No Trailers,777777777777,No Trailing Units,777777777777,No Trailing Units,777777777777,No Trailing Units,77,No Trailing Units,77,No Trailing Units,77,No Trailing Units,0,Not an Articulated Vehicle,00000000000,Not Applicable,0,Not Applicable,0,Not Applicable,0,Not Applicable,0,Not Applicable (N/A),1,No,0,Not Applicable,0,Not Applicable,0,Not Applicable,0,Not Applicable,0,Not a Bus,0,No Special Use Noted,0,Not Applicable,999,Reported as Unknown,7,Not Applicable,0,No Rollover,0,No Rollover,12,12 Clock Point,12,12 Clock Point,2,Minor Damage,5,Not Towed,18,Other Object (not fixed),18,Other Object (not fixed),0,No or Not Reported,1,Yes,0,No Apparent Injury (O),0,No Apparent Injury (O),0,No Person Injured in Vehicle,0,No Person Injured in Vehicle,2,No Alcohol Involved,2,No Alcohol Involved,49032,Toyota Corolla,35601,35601,0,No,3,"Two-Way,  Divided, Positive  Median Barrier",3,Three lanes,70,70 MPH,1,Straight,1,Level,1,Dry,97,Not Reported,8,Not Reported,1,Going Straight,1,Going Straight,90,Object in road,1,No Avoidance Maneuver,1,Tracking,1,Stayed in original travel lane,12,C12-Single Driver-Forward Impact-Sta. Object,103,Single Driver-Struck Object While Moving Forward
202304647607,1,48,48,12,3,"South (MD, DE, DC, WV, VA, KY, TN, NC, SC, GA, FL, AL, MS, LA, AR, OK, TX)",1,Urban Area,8,Stratum 8 - NLMY PV Minor Injury,87,134.13956402,3,1,January,15,3:00pm-3:59pm,53,53,12,Motor Vehicle In-Transport,1,Front-to-Rear,1,01,1,Motor Vehicle In-Transport (Inside or Outside the Trafficway),0,No,1FTPF12V07KC,1FTPF12V07KC,2007,2007,2007,2007,460,Ford,1801,F-150,60,Pickup,12,Ford,481,34,Light Pickup,0,Not Applicable,12,"Class 2: 6,001 - 10,000 lbs. (2,722 - 4,536 kg)",12,"Class 2: 6,001 - 10,000 lbs. (2,722 - 4,536 kg)",0,No Trailers,777777777777,No Trailing Units,777777777777,No Trailing Units,777777777777,No Trailing Units,77,No Trailing Units,77,No Trailing Units,77,No Trailing Units,0,Not an Articulated Vehicle,00000000000,Not Applicable,0,Not Applicable,0,Not Applicable,0,Not Applicable,0,Not Applicable (N/A),1,No,0,Not Applicable,0,Not Applicable,0,Not Applicable,0,Not Applicable,0,Not a Bus,0,No Special Use Noted,0,Not Applicable,999,Reported as Unknown,8,Not Reported,0,No Rollover,0,No Rollover,12,12 Clock Point,12,12 Clock Point,6,Disabling Damage,6,Towed,12,Motor Vehicle In-Transport,12,Motor Vehicle In-Transport,0,No or Not Reported,1,Yes,1,Possible Injury (C),1,Possible Injury (C),1,1,1,1,2,No Alcohol Involved,2,No Alcohol Involved,12481,Ford F-Series pickup,35810,35810,0,No,1,"Two-Way, Not Divided",4,Four lanes,50,50 MPH,1,Straight,1,Level,1,Dry,0,No Controls,0,No Controls,1,Going Straight,1,Going Straight,52,Traveling in same direction while decelerating,99,Unknown/Not Reported,1,Tracking,1,Stayed in original travel lane,98,M98-Other Crash Type,998,Other Crash Type
202304647607,2,48,48,12,3,"South (MD, DE, DC, WV, VA, KY, TN, NC, SC, GA, FL, AL, MS, LA, AR, OK, TX)",1,Urban Area,8,Stratum 8 - NLMY PV Minor Injury,87,134.13956402,3,1,January,15,3:00pm-3:59pm,53,53,12,Motor Vehicle In-Transport,1,Front-to-Rear,1,01,1,Motor Vehicle In-Transport (Inside or Outside the Trafficway),0,No,KMHGN4JE8GU1,KMHGN4JE8GU1,2016,2016,2016,2016,498,Hyundai,2774,Genesis,13,Sedan/Saloon,55,Hyundai,41,4,"4-door sedan, hardtop",0,Not Applicable,11,"Class 1: 6,000 lbs. or less (2,722 kg or less)",11,"Class 1: 6,000 lbs. or less (2,722 kg or less)",0,No Trailers,777777777777,No Trailing Units,777777777777,No Trailing Units,777777777777,No Trailing Units,77,No Trailing Units,77,No Trailing Units,77,No Trailing Units,0,Not an Articulated Vehicle,00000000000,Not Applicable,0,Not Applicable,0,Not Applicable,0,Not Applicable,0,Not Applicable (N/A),1,No,0,Not Applicable,0,Not Applicable,0,Not Applicable,0,Not Applicable,0,Not a Bus,0,No Special Use Noted,0,Not Applicable,999,Reported as Unknown,8,Not Reported,0,No Rollover,0,No Rollover,12,12 Clock Point,12,12 Clock Point,4,Functional Damage,6,Towed,12,Motor Vehicle In-Transport,12,Motor Vehicle In-Transport,0,No or Not Reported,1,Yes,1,Possible Injury (C),1,Possible Injury (C),1,1,1,1,2,No Alcohol Involved,2,No Alcohol Involved,55041,"Hyundai Genesis (For 2009-2016 only. For model years 2017 on, see 55-043, 55-044 and 55-046)",35601,35601,0,No,1,"Two-Way, Not Divided",4,Four lanes,50,50 MPH,1,Straight,1,Level,1,Dry,0,No Controls,0,No Controls,1,Going Straight,1,Going Straight,52,Traveling in same direction while decelerating,99,Unknown/Not Reported,1,Tracking,1,Stayed in original travel lane,28,"D28-Same Trafficway, Same Direction-Rear End-Decelerating (Slowing)",202,"Same Trafficway, Same Direction-Rear End, Lead Vehicle"
202304647607,3,48,48,12,3,"South (MD, DE, DC, WV, VA, KY, TN, NC, SC, GA, FL, AL, MS, LA, AR, OK, TX)",1,Urban Area,8,Stratum 8 - NLMY PV Minor Injury,87,134.13956402,3,1,January,15,3:00pm-3:59pm,53,53,12,Motor Vehicle In-Transport,1,Front-to-Rear,1,01,1,Motor Vehicle In-Transport (Inside or Outside the Trafficway),0,No,SHHFK7H58JU2,SHHFK7H58JU2,2018,2018,2018,2018,474,Honda,1863,Civic,5,Hatchback/Liftback/Notchback,37,Honda,31,5,5-door/4-door hatchback,0,Not Applicable,11,"Class 1: 6,000 lbs. or less (2,722 kg or less)",11,"Class 1: 6,000 lbs. or less (2,722 kg or less)",0,No Trailers,777777777777,No Trailing Units,777777777777,No Trailing Units,777777777777,No Trailing Units,77,No Trailing Units,77,No Trailing Units,77,No Trailing Units,0,Not an Articulated Vehicle,00000000000,Not Applicable,0,Not Applicable,0,Not Applicable,0,Not Applicable,0,Not Applicable (N/A),1,No,0,Not Applicable,0,Not Applicable,0,Not Applicable,0,Not Applicable,0,Not a Bus,0,No Special Use Noted,0,Not Applicable,999,Reported as Unknown,8,Not Reported,0,No Rollover,0,No Rollover,6,6 Clock Point,6,6 Clock Point,2,Minor Damage,5,Not Towed,12,Motor Vehicle In-Transport,12,Motor Vehicle In-Transport,0,No or Not Reported,1,Yes,0,No Apparent Injury (O),0,No Apparent Injury (O),0,No Person Injured in Vehicle,0,No Person Injured in Vehicle,2,No Alcohol Involved,2,No Alcohol Involved,37031,"Honda Civic/CRX, del Sol",35758,35758,0,No,1,"Two-Way, Not Divided",4,Four lanes,50,50 MPH,1,Straight,1,Level,1,Dry,0,No Controls,0,No Controls,2,Decelerating in Road,2,Decelerating in Road,53,Traveling in same direction with higher speed,99,Unknown/Not Reported,1,Tracking,1,Stayed in original travel lane,29,"D29-Same Trafficway, Same Direction-Rear End-Decelerating (Slowing), Going Straight",201,"Same Trafficway, Same Direction-Rear End, Trailing Vehicle"
202304647614,1,48,48,12,3,"South (MD, DE, DC, WV, VA, KY, TN, NC, SC, GA, FL, AL, MS, LA, AR, OK, TX)",1,Urban Area,10,Stratum 10 - Other,87,223.42002683,2,1,January,15,3:00pm-3:59pm,5,5,12,Motor Vehicle In-Transport,1,Front-to-Rear,1,01,1,Motor Vehicle In-Transport (Inside or Outside the Trafficway),0,No,1FMJU1H57AEA,1FMJU1H57AEA,2010,2010,2010,2010,460,Ford,1799,Expedition,7,Sport Utility Vehicle (SUV)/Multi-Purpose Vehicle (MPV),12,Ford,422,15,"Large utility (ANSI D16.1 Utility Vehicle Categories and ""Full Size"" and ""Large"")",0,Not Applicable,12,"Class 2: 6,001 - 10,000 lbs. (2,722 - 4,536 kg)",12,"Class 2: 6,001 - 10,000 lbs. (2,722 - 4,536 kg)",0,No Trailers,777777777777,No Trailing Units,777777777777,No Trailing Units,777777777777,No Trailing Units,77,No Trailing Units,77,No Trailing Units,77,No Trailing Units,0,Not an Articulated Vehicle,00000000000,Not Applicable,0,Not Applicable,0,Not Applicable,0,Not Applicable,0,Not Applicable (N/A),1,No,0,Not Applicable,0,Not Applicable,0,Not Applicable,0,Not Applicable,0,Not a Bus,0,No Special Use Noted,0,Not Applicable,999,Reported as Unknown,8,Not Reported,0,No Rollover,0,No Rollover,12,12 Clock Point,12,12 Clock Point,2,Minor Damage,5,Not Towed,12,Motor Vehicle In-Transport,12,Motor Vehicle In-Transport,0,No or Not Reported,1,Yes,0,No Apparent Injury (O),0,No Apparent Injury (O),0,No Person Injured in Vehicle,0,No Person Injured in Vehicle,2,No Alcohol Involved,2,No Alcohol Involved,12422,Ford Expedition,35758,35758,0,No,1,"Two-Way, Not Divided",3,Three lanes,98,Not Reported,1,Straight,1,Level,1,Dry,3,Traffic control signal(on colors) not known whether or not Pedestrian Signal,3,Device Functioning Properly,3,Accelerating in Road,3,Accelerating in Road,50,Other vehicle stopped,99,Unknown/Not Reported,1,Tracking,1,Stayed in original travel lane,20,"D20-Same Trafficway, Same Direction-Rear End-Stopped",202,"Same Trafficway, Same Direction-Rear End, Lead Vehicle"
202304647614,2,48,48,12,3,"South (MD, DE, DC, WV, VA, KY, TN, NC, SC, GA, FL, AL, MS, LA, AR, OK, TX)",1,Urban Area,10,Stratum 10 - Other,87,223.42002683,2,1,January,15,3:00pm-3:59pm,5,5,12,Motor Vehicle In-Transport,1,Front-to-Rear,2,02,1,Motor Vehicle In-Transport (Inside or Outside the Trafficway),0,No,1FTSX20R28ED,1FTSX20R28ED,2008,2008,2008,2008,460,Ford,1805,F-250,60,Pickup,12,Ford,481,34,Light Pickup,0,Not Applicable,12,"Class 2: 6,001 - 10,000 lbs. (2,722 - 4,536 kg)",12,"Class 2: 6,001 - 10,000 lbs. (2,722 - 4,536 kg)",0,No Trailers,777777777777,No Trailing Units,777777777777,No Trailing Units,777777777777,No Trailing Units,77,No Trailing Units,77,No Trailing Units,77,No Trailing Units,0,Not an Articulated Vehicle,00000000000,Not Applicable,0,Not Applicable,0,Not Applicable,0,Not Applicable,0,Not Applicable (N/A),1,No,0,Not Applicable,0,Not Applicable,0,Not Applicable,0,Not Applicable,0,Not a Bus,0,No Special Use Noted,0,Not Applicable,0,Stopped Motor Vehicle In- Transport,8,Not Reported,0,No Rollover,0,No Rollover,6,6 Clock Point,6,6 Clock Point,2,Minor Damage,5,Not Towed,12,Motor Vehicle In-Transport,12,Motor Vehicle In-Transport,0,No or Not Reported,1,Yes,0,No Apparent Injury (O),0,No Apparent Injury (O),0,No Person Injured in Vehicle,0,No Person Injured in Vehicle,2,No Alcohol Involved,2,No Alcohol Involved,12481,Ford F-Series pickup,35739,35739,0,No,1,"Two-Way, Not Divided",3,Three lanes,98,Not Reported,1,Straight,1,Level,1,Dry,3,Traffic control signal(on colors) not known whether or not Pedestrian Signal,3,Device Functioning Properly,5,Stopped in Roadway,5,Stopped in Roadway,53,Traveling in same direction with higher speed,1,No Avoidance Maneuver,1,Tracking,1,Stayed in original travel lane,21,"D21-Same Trafficway, Same Direction-Rear End-Stopped, Straight",201,"Same Trafficway, Same Direction-Rear End, Trailing Vehicle"
202304647633,1,48,48,12,3,"South (MD, DE, DC, WV, VA, KY, TN, NC, SC, GA, FL, AL, MS, LA, AR, OK, TX)",1,Urban Area,9,Stratum 9 - LMY PV No Injuries in Crash,87,141.52948435,2,1,January,14,2:00pm-2:59pm,15,15,12,Motor Vehicle In-Transport,1,Front-to-Rear,1,01,1,Motor Vehicle In-Transport (Inside or Outside the Trafficway),0,No,5TBRT34113S3,5TBRT34113S3,2003,2003,2003,2003,448,Toyota,2467,Tundra,60,Pickup,49,Toyota,482,34,Light Pickup,0,Not Applicable,12,"Class 2: 6,001 - 10,000 lbs. (2,722 - 4,536 kg)",12,"Class 2: 6,001 - 10,000 lbs. (2,722 - 4,536 kg)",1,One Trailer,888888888888,Not Reported,777777777777,No Trailing Units,777777777777,No Trailing Units,98,Not Reported,77,No Trailing Units,77,No Trailing Units,1,No,88888888888,,88,,888888888,,4,Truck Pulling Trailer(s),98,Unknown Cargo Body Type,1,No,0,Not Applicable,0,Not Applicable,0,Not Applicable,0,Not Applicable,0,Not a Bus,0,No Special Use Noted,0,Not Applicable,999,Reported as Unknown,8,Not Reported,0,No Rollover,0,No Rollover,12,12 Clock Point,12,12 Clock Point,2,Minor Damage,6,Towed,12,Motor Vehicle In-Transport,12,Motor Vehicle In-Transport,0,No or Not Reported,1,Yes,0,No Apparent Injury (O),0,No Apparent Injury (O),0,No Person Injured in Vehicle,0,No Person Injured in Vehicle,2,No Alcohol Involved,2,No Alcohol Involved,49482,Toyota Tundra,35811,35811,0,No,3,"Two-Way,  Divided, Positive  Median Barrier",8,Not Reported,45,45 MPH,1,Straight,1,Level,1,Dry,3,Traffic control signal(on colors) not known whether or not Pedestrian Signal,3,Device Functioning Properly,1,Going Straight,1,Going Straight,50,Other vehicle stopped,99,Unknown/Not Reported,1,Tracking,1,Stayed in original travel lane,20,"D20-Same Trafficway, Same Direction-Rear End-Stopped",202,"Same Trafficway, Same Direction-Rear End, Lead Vehicle"
202304647633,2,48,48,12,3,"South (MD, DE, DC, WV, VA, KY, TN, NC, SC, GA, FL, AL, MS, LA, AR, OK, TX)",1,Urban Area,9,Stratum 9 - LMY PV No Injuries in Crash,87,141.52948435,2,1,January,14,2:00pm-2:59pm,15,15,12,Motor Vehicle In-Transport,1,Front-to-Rear,1,01,1,Motor Vehicle In-Transport (Inside or Outside the Trafficway),0,No,1FT7W2BT5KEG,1FT7W2BT5KEG,2019,2019,2019,2019,460,Ford,1805,F-250,60,Pickup,12,Ford,481,34,Light Pickup,0,Not Applicable,12,"Class 2: 6,001 - 10,000 lbs. (2,722 - 4,536 kg)",12,"Class 2: 6,001 - 10,000 lbs. (2,722 - 4,536 kg)",0,No Trailers,777777777777,No Trailing Units,777777777777,No Trailing Units,777777777777,No Trailing Units,77,No Trailing Units,77,No Trailing Units,77,No Trailing Units,0,Not an Articulated Vehicle,00000000000,Not Applicable,0,Not Applicable,0,Not Applicable,0,Not Applicable,0,Not Applicable (N/A),1,No,0,Not Applicable,0,Not Applicable,0,Not Applicable,0,Not Applicable,0,Not a Bus,0,No Special Use Noted,0,Not Applicable,0,Stopped Motor Vehicle In- Transport,8,Not Reported,0,No Rollover,0,No Rollover,6,6 Clock Point,6,6 Clock Point,2,Minor Damage,5,Not Towed,12,Motor Vehicle In-Transport,12,Motor Vehicle In-Transport,0,No or Not Reported,1,Yes,0,No Apparent Injury (O),0,No Apparent Injury (O),0,No Person Injured in Vehicle,0,No Person Injured in Vehicle,2,No Alcohol Involved,2,No Alcohol Involved,12481,Ford F-Series pickup,35976,35976,0,No,3,"Two-Way,  Divided, Positive  Median Barrier",8,Not Reported,45,45 MPH,1,Straight,1,Level,1,Dry,3,Traffic control signal(on colors) not known whether or not Pedestrian Signal,3,Device Functioning Properly,5,Stopped in Roadway,5,Stopped in Roadway,53,Traveling in same direction with higher speed,1,No Avoidance Maneuver,1,Tracking,1,Stayed in original travel lane,22,"D22-Same Trafficway, Same Direction-Rear End-Stopped, Left",201,"Same Trafficway, Same Direction-Rear End, Trailing Vehicle"
202304647641,1,48,48,12,3,"South (MD, DE, DC, WV, VA, KY, TN, NC, SC, GA, FL, AL, MS, LA, AR, OK, TX)",1,Urban Area,10,Stratum 10 - Other,87,223.42002683,2,1,January,19,7:00pm-7:59pm,30,30,12,Motor Vehicle In-Transport,6,Angle,3,03,1,Motor Vehicle In-Transport (Inside or Outside the Trafficway),0,No,1GTFG15W0X10,1GTFG15W0X10,1999,1999,1999,1999,472,GMC,1856,Savana,95,Cargo Van,23,GMC,461,21,"Large Van-Includes van-based buses (B150-B350, Sportsman, Royal Maxiwagon, Ram, Tradesman,...)",0,Not Applicable,12,"Class 2: 6,001 - 10,000 lbs. (2,722 - 4,536 kg)",12,"Class 2: 6,001 - 10,000 lbs. (2,722 - 4,536 kg)",0,No Trailers,777777777777,No Trailing Units,777777777777,No Trailing Units,777777777777,No Trailing Units,77,No Trailing Units,77,No Trailing Units,77,No Trailing Units,0,Not an Articulated Vehicle,00000000000,Not Applicable,0,Not Applicable,0,Not Applicable,0,Not Applicable,0,Not Applicable (N/A),1,No,0,Not Applicable,0,Not Applicable,0,Not Applicable,0,Not Applicable,0,Not a Bus,0,No Special Use Noted,0,Not Applicable,998,Not Reported,8,Not Reported,0,No Rollover,0,No Rollover,12,12 Clock Point,12,12 Clock Point,6,Disabling Damage,6,Towed,12,Motor Vehicle In-Transport,12,Motor Vehicle In-Transport,0,No or Not Reported,1,Yes,0,No Apparent Injury (O),0,No Apparent Injury (O),0,No Person Injured in Vehicle,0,No Person Injured in Vehicle,2,No Alcohol Involved,2,No Alcohol Involved,23461,GMC G-series van/Savana,35805,35805,0,No,1,"Two-Way, Not Divided",4,Four lanes,40,40 MPH,1,Straight,1,Level,1,Dry,3,Traffic control signal(on colors) not known whether or not Pedestrian Signal,3,Device Functioning Properly,11,Turning Left,11,Turning Left,15,Turning Left,99,Unknown/Not Reported,1,Tracking,1,Stayed in original travel lane,68,J68-Trafficway Vehicle Turning-Turn Across Path-Initial Opposite Directions (Left/Right),401,"Changing Trafficway, Vehicle Turning-Turn Across Path, Initial Opposite Directions [Left/Right]"
202304647641,2,48,48,12,3,"South (MD, DE, DC, WV, VA, KY, TN, NC, SC, GA, FL, AL, MS, LA, AR, OK, TX)",1,Urban Area,10,Stratum 10 - Other,87,223.42002683,2,1,January,19,7:00pm-7:59pm,30,30,12,Motor Vehicle In-Transport,6,Angle,3,03,1,Motor Vehicle In-Transport (Inside or Outside the Trafficway),0,No,1GNDX03E14D1,1GNDX03E14D1,2004,2004,2004,2004,467,Chevrolet,8883,Venture,9,Van,20,Chevrolet,443,20,"Minivan (Chrysler Town and Country, Caravan, Grand Caravan, Voyager, Voyager, Honda-Odyssey, ...)",0,Not Applicable,11,"Class 1: 6,000 lbs. or less (2,722 kg or less)",11,"Class 1: 6,000 lbs. or less (2,722 kg or less)",0,No Trailers,777777777777,No Trailing Units,777777777777,No Trailing Units,777777777777,No Trailing Units,77,No Trailing Units,77,No Trailing Units,77,No Trailing Units,0,Not an Articulated Vehicle,00000000000,Not Applicable,0,Not Applicable,0,Not Applicable,0,Not Applicable,0,Not Applicable (N/A),1,No,0,Not Applicable,0,Not Applicable,0,Not Applicable,0,Not Applicable,0,Not a Bus,0,No Special Use Noted,0,Not Applicable,999,Reported as Unknown,8,Not Reported,0,No Rollover,0,No Rollover,11,11 Clock Point,11,11 Clock Point,6,Disabling Damage,6,Towed,12,Motor Vehicle In-Transport,12,Motor Vehicle In-Transport,0,No or Not Reported,1,Yes,0,No Apparent Injury (O),0,No Apparent Injury (O),0,No Person Injured in Vehicle,0,No Person Injured in Vehicle,2,No Alcohol Involved,2,No Alcohol Involved,20443,Chevrolet Venture,35805,35805,0,No,1,"Two-Way, Not Divided",4,Four lanes,40,40 MPH,1,Straight,1,Level,1,Dry,3,Traffic control signal(on colors) not known whether or not Pedestrian Signal,3,Device Functioning Properly,1,Going Straight,1,Going Straight,62,From opposite direction  over left lane line,99,Unknown/Not Reported,1,Tracking,1,Stayed in original travel lane,69,J69-Trafficway Vehicle Turning-Turn Across Path-Initial Opposite Directions (Going Straight),402,"Changing Trafficway, Vehicle Turning-Turn Across Path, Initial Opposite Directions [Going Straight]"
202304647654,1,48,48,12,3,"South (MD, DE, DC, WV, VA, KY, TN, NC, SC, GA, FL, AL, MS, LA, AR, OK, TX)",1,Urban Area,6,Stratum 6 - LMY PV Minor Injury,87,53.070005145,2,1,January,19,7:00pm-7:59pm,50,50,12,Motor Vehicle In-Transport,8,Sideswipe - Opposite Direction,1,01,1,Motor Vehicle In-Transport (Inside or Outside the Trafficway),0,No,4S3BP6169773,4S3BP6169773,2007,2007,2007,2007,523,Subaru,2232,Legacy,15,Wagon,48,Subaru,34,6,Station Wagon (excluding van and truck based),0,Not Applicable,11,"Class 1: 6,000 lbs. or less (2,722 kg or less)",11,"Class 1: 6,000 lbs. or less (2,722 kg or less)",0,No Trailers,777777777777,No Trailing Units,777777777777,No Trailing Units,777777777777,No Trailing Units,77,No Trailing Units,77,No Trailing Units,77,No Trailing Units,0,Not an Articulated Vehicle,00000000000,Not Applicable,0,Not Applicable,0,Not Applicable,0,Not Applicable,0,Not Applicable (N/A),1,No,0,Not Applicable,0,Not Applicable,0,Not Applicable,0,Not Applicable,0,Not a Bus,0,No Special Use Noted,0,Not Applicable,998,Not Reported,8,Not Reported,0,No Rollover,0,No Rollover,11,11 Clock Point,11,11 Clock Point,6,Disabling Damage,6,Towed,12,Motor Vehicle In-Transport,12,Motor Vehicle In-Transport,0,No or Not Reported,1,Yes,0,No Apparent Injury (O),0,No Apparent Injury (O),0,No Person Injured in Vehicle,0,No Person Injured in Vehicle,2,No Alcohol Involved,2,No Alcohol Involved,48034,Subaru Legacy/Outback(prior to 2003 only; see 045 for 2003 on),35802,35802,0,No,1,"Two-Way, Not Divided",2,Two lanes,98,Not Reported,2,Curve - Right,2,"Grade, Unknown Slope",1,Dry,0,No Controls,0,No Controls,2,Decelerating in Road,2,Decelerating in Road,10,Over the lane line on left side of travel lane,99,Unknown/Not Reported,1,Tracking,2,"Stayed on roadway, but left original travel lane",64,"I64-Same Trafficway, Opposite Direction-Angle, Sideswipe-Lateral Move (Left/Right)",301,"Same Trafficway, Opposite Direction-Lateral Move [Left/Right], Head-On, Sideswipe, or Angle"
202304647654,2,48,48,12,3,"South (MD, DE, DC, WV, VA, KY, TN, NC, SC, GA, FL, AL, MS, LA, AR, OK, TX)",1,Urban Area,6,Stratum 6 - LMY PV Minor Injury,87,53.070005145,2,1,January,19,7:00pm-7:59pm,50,50,12,Motor Vehicle In-Transport,8,Sideswipe - Opposite Direction,1,01,1,Motor Vehicle In-Transport (Inside or Outside the Trafficway),0,No,2T3W1RFV9MC0,2T3W1RFV9MC0,2021,2021,2021,2021,448,Toyota,2217,RAV4,7,Sport Utility Vehicle (SUV)/Multi-Purpose Vehicle (MPV),49,Toyota,402,14,"Compact Utility (Utility Vehicle Categories ""Small"" and ""Midsize"")",0,Not Applicable,11,"Class 1: 6,000 lbs. or less (2,722 kg or less)",11,"Class 1: 6,000 lbs. or less (2,722 kg or less)",0,No Trailers,777777777777,No Trailing Units,777777777777,No Trailing Units,777777777777,No Trailing Units,77,No Trailing Units,77,No Trailing Units,77,No Trailing Units,0,Not an Articulated Vehicle,00000000000,Not Applicable,0,Not Applicable,0,Not Applicable,0,Not Applicable,0,Not Applicable (N/A),1,No,0,Not Applicable,0,Not Applicable,0,Not Applicable,0,Not Applicable,0,Not a Bus,0,No Special Use Noted,0,Not Applicable,998,Not Reported,8,Not Reported,0,No Rollover,0,No Rollover,11,11 Clock Point,11,11 Clock Point,6,Disabling Damage,6,Towed,12,Motor Vehicle In-Transport,12,Motor Vehicle In-Transport,0,No or Not Reported,1,Yes,2,Suspected Minor Injury (B),2,Suspected Minor Injury (B),1,1,1,1,2,No Alcohol Involved,2,No Alcohol Involved,49402,Toyota RAV4 *,35801,35801,0,No,1,"Two-Way, Not Divided",2,Two lanes,98,Not Reported,3,Curve - Left,2,"Grade, Unknown Slope",1,Dry,0,No Controls,0,No Controls,14,Negotiating a Curve,14,Negotiating a Curve,62,From opposite direction  over left lane line,99,Unknown/Not Reported,1,Tracking,1,Stayed in original travel lane,65,"I65-Same Trafficway, Opposite Direction-Angle, Sideswipe-Lateral Move (Going Straight)",302,"Same Trafficway, Opposite Direction-Lateral Move [Going Straight], Head-On, Sideswipe, or Angle"
202304647677,1,48,48,12,3,"South (MD, DE, DC, WV, VA, KY, TN, NC, SC, GA, FL, AL, MS, LA, AR, OK, TX)",1,Urban Area,9,Stratum 9 - LMY PV No Injuries in Crash,90,141.52948435,1,1,January,6,6:00am-6:59am,49,49,11,Live Animal,0,The First Harmful Event was Not a Collision with a Motor Vehicle In-Transport,1,01,1,Motor Vehicle In-Transport (Inside or Outside the Trafficway),0,No,2C3CDZAG7NH2,2C3CDZAG7NH2,2022,2022,2022,2022,476,Dodge,1893,Challenger,13,Sedan/Saloon,7,Dodge,28,2,"2-door sedan,hardtop,coupe",0,Not Applicable,11,"Class 1: 6,000 lbs. or less (2,722 kg or less)",11,"Class 1: 6,000 lbs. or less (2,722 kg or less)",0,No Trailers,777777777777,No Trailing Units,777777777777,No Trailing Units,777777777777,No Trailing Units,77,No Trailing Units,77,No Trailing Units,77,No Trailing Units,0,Not an Articulated Vehicle,00000000000,Not Applicable,0,Not Applicable,0,Not Applicable,0,Not Applicable,0,Not Applicable (N/A),1,No,0,Not Applicable,0,Not Applicable,0,Not Applicable,0,Not Applicable,0,Not a Bus,0,No Special Use Noted,0,Not Applicable,35,035 MPH,7,Not Applicable,0,No Rollover,0,No Rollover,12,12 Clock Point,12,12 Clock Point,2,Minor Damage,5,Not Towed,11,Live Animal,11,Live Animal,0,No or Not Reported,1,Yes,0,No Apparent Injury (O),0,No Apparent Injury (O),0,No Person Injured in Vehicle,0,No Person Injured in Vehicle,2,No Alcohol Involved,2,No Alcohol Involved,7028,Dodge Challenger (2008 on; for 1970-74 see model 005),35773,35773,0,No,5,"Two-Way, Not Divided With a Continuous Left-Turn Lane",3,Three lanes,35,35 MPH,1,Straight,5,Uphill,1,Dry,0,No Controls,0,No Controls,1,Going Straight,1,Going Straight,87,Animal in road,16,Braking,1,Tracking,1,Stayed in original travel lane,13,C13-Single Driver-Forward Impact-Pedestrian/ Animal,103,Single Driver-Struck Object While Moving Forward
202304647680,1,48,48,12,3,"South (MD, DE, DC, WV, VA, KY, TN, NC, SC, GA, FL, AL, MS, LA, AR, OK, TX)",1,Urban Area,10,Stratum 10 - Other,90,223.42002683,2,1,January,16,4:00pm-4:59pm,40,40,12,Motor Vehicle In-Transport,1,Front-to-Rear,1,01,1,Motor Vehicle In-Transport (Inside or Outside the Trafficway),0,No,5YFBURHE2EP1,5YFBURHE2EP1,2014,2014,2014,2014,448,Toyota,2208,Corolla,13,Sedan/Saloon,49,Toyota,32,4,"4-door sedan, hardtop",0,Not Applicable,11,"Class 1: 6,000 lbs. or less (2,722 kg or less)",11,"Class 1: 6,000 lbs. or less (2,722 kg or less)",0,No Trailers,777777777777,No Trailing Units,777777777777,No Trailing Units,777777777777,No Trailing Units,77,No Trailing Units,77,No Trailing Units,77,No Trailing Units,0,Not an Articulated Vehicle,00000000000,Not Applicable,0,Not Applicable,0,Not Applicable,0,Not Applicable,0,Not Applicable (N/A),1,No,0,Not Applicable,0,Not Applicable,0,Not Applicable,0,Not Applicable,0,Not a Bus,0,No Special Use Noted,0,Not Applicable,70,070 MPH,8,Not Reported,0,No Rollover,0,No Rollover,12,12 Clock Point,12,12 Clock Point,6,Disabling Damage,6,Towed,12,Motor Vehicle In-Transport,12,Motor Vehicle In-Transport,0,No or Not Reported,1,Yes,0,No Apparent Injury (O),0,No Apparent Injury (O),0,No Person Injured in Vehicle,0,No Person Injured in Vehicle,2,No Alcohol Involved,2,No Alcohol Involved,49032,Toyota Corolla,35739,35739,0,No,3,"Two-Way,  Divided, Positive  Median Barrier",3,Three lanes,70,70 MPH,1,Straight,6,Downhill,1,Dry,0,No Controls,0,No Controls,1,Going Straight,1,Going Straight,51,Traveling in same direction with lower steady speed,99,Unknown/Not Reported,1,Tracking,1,Stayed in original travel lane,24,"D24-Same Trafficway, Same Direction-Rear End-Slower",202,"Same Trafficway, Same Direction-Rear End, Lead Vehicle"
202304647680,2,48,48,12,3,"South (MD, DE, DC, WV, VA, KY, TN, NC, SC, GA, FL, AL, MS, LA, AR, OK, TX)",1,Urban Area,10,Stratum 10 - Other,90,223.42002683,2,1,January,16,4:00pm-4:59pm,40,40,12,Motor Vehicle In-Transport,1,Front-to-Rear,1,01,1,Motor Vehicle In-Transport (Inside or Outside the Trafficway),0,No,5NPEB4AC1CH4,5NPEB4AC1CH4,2012,2012,2012,2012,498,Hyundai,2459,Sonata,13,Sedan/Saloon,55,Hyundai,33,4,"4-door sedan, hardtop",0,Not Applicable,11,"Class 1: 6,000 lbs. or less (2,722 kg or less)",11,"Class 1: 6,000 lbs. or less (2,722 kg or less)",0,No Trailers,777777777777,No Trailing Units,777777777777,No Trailing Units,777777777777,No Trailing Units,77,No Trailing Units,77,No Trailing Units,77,No Trailing Units,0,Not an Articulated Vehicle,00000000000,Not Applicable,0,Not Applicable,0,Not Applicable,0,Not Applicable,0,Not Applicable (N/A),1,No,0,Not Applicable,0,Not Applicable,0,Not Applicable,0,Not Applicable,0,Not a Bus,0,No Special Use Noted,0,Not Applicable,50,050 MPH,8,Not Reported,0,No Rollover,0,No Rollover,6,6 Clock Point,6,6 Clock Point,6,Disabling Damage,6,Towed,12,Motor Vehicle In-Transport,12,Motor Vehicle In-Transport,0,No or Not Reported,1,Yes,0,No Apparent Injury (O),0,No Apparent Injury (O),0,No Person Injured in Vehicle,0,No Person Injured in Vehicle,2,No Alcohol Involved,2,No Alcohol Involved,55033,Hyundai Sonata,35810,35810,0,No,3,"Two-Way,  Divided, Positive  Median Barrier",3,Three lanes,70,70 MPH,1,Straight,6,Downhill,1,Dry,0,No Controls,0,No Controls,1,Going Straight,1,Going Straight,53,Traveling in same direction with higher speed,99,Unknown/Not Reported,1,Tracking,1,Stayed in original travel lane,25,"D25-Same Trafficway, Same Direction-Rear End-Slower, Going Straight",201,"Same Trafficway, Same Direction-Rear End, Trailing Vehicle"
202304647690,1,48,48,12,3,"South (MD, DE, DC, WV, VA, KY, TN, NC, SC, GA, FL, AL, MS, LA, AR, OK, TX)",1,Urban Area,7,Stratum 7 - M/H Truck or Bus,92,158.90507292,2,1,January,13,1:00pm-1:59pm,23,23,12,Motor Vehicle In-Transport,1,Front-to-Rear,99,Unknown,1,Motor Vehicle In-Transport (Inside or Outside the Trafficway),1,Yes,5FNYF3H54CB0,5FNYF3H54CB0,2012,2012,2012,2012,474,Honda,1864,Pilot,7,Sport Utility Vehicle (SUV)/Multi-Purpose Vehicle (MPV),37,Honda,421,15,"Large utility (ANSI D16.1 Utility Vehicle Categories and ""Full Size"" and ""Large"")",0,Not Applicable,11,"Class 1: 6,000 lbs. or less (2,722 kg or less)",11,"Class 1: 6,000 lbs. or less (2,722 kg or less)",0,No Trailers,777777777777,No Trailing Units,777777777777,No Trailing Units,777777777777,No Trailing Units,77,No Trailing Units,77,No Trailing Units,77,No Trailing Units,0,Not an Articulated Vehicle,00000000000,Not Applicable,0,Not Applicable,0,Not Applicable,0,Not Applicable,0,Not Applicable (N/A),1,No,0,Not Applicable,0,Not Applicable,0,Not Applicable,0,Not Applicable,0,Not a Bus,0,No Special Use Noted,0,Not Applicable,999,Reported as Unknown,8,Not Reported,0,No Rollover,0,No Rollover,12,12 Clock Point,12,12 Clock Point,2,Minor Damage,5,Not Towed,12,Motor Vehicle In-Transport,12,Motor Vehicle In-Transport,0,No or Not Reported,1,Yes,0,No Apparent Injury (O),0,No Apparent Injury (O),0,No Person Injured in Vehicle,0,No Person Injured in Vehicle,9,Reported as Unknown,2,No Alcohol Involved,37421,Honda Pilot,99998,Not Reported,9,Reported as Unknown,3,"Two-Way,  Divided, Positive  Median Barrier",2,Two lanes,45,45 MPH,1,Straight,1,Level,2,Wet,0,No Controls,0,No Controls,1,Going Straight,1,Going Straight,51,Traveling in same direction with lower steady speed,99,Unknown/Not Reported,1,Tracking,1,Stayed in original travel lane,24,"D24-Same Trafficway, Same Direction-Rear End-Slower",202,"Same Trafficway, Same Direction-Rear End, Lead Vehicle"
202304647690,2,48,48,12,3,"South (MD, DE, DC, WV, VA, KY, TN, NC, SC, GA, FL, AL, MS, LA, AR, OK, TX)",1,Urban Area,7,Stratum 7 - M/H Truck or Bus,92,158.90507292,2,1,January,13,1:00pm-1:59pm,23,23,12,Motor Vehicle In-Transport,1,Front-to-Rear,1,01,1,Motor Vehicle In-Transport (Inside or Outside the Trafficway),0,No,3AKJHHDR5MSM,3AKJHHDR5MSM,2021,2021,2021,2021,450,Freightliner,2501,Cascadia,66,Truck-Tractor,82,Freightliner,881,66,"Truck-tractor (Cab only, or with any number of trailing unit; any weight)",0,Not Applicable,18,"Class 8: 33,001 lbs. and above (14,969 kg and above)",18,"Class 8: 33,001 lbs. and above (14,969 kg and above)",1,One Trailer,888888888888,Not Reported,777777777777,No Trailing Units,777777777777,No Trailing Units,98,Not Reported,77,No Trailing Units,77,No Trailing Units,1,No,77777777777,Not Reported,77,Not Reported,777777777,Not Reported,6,Truck Tractor/Semi-Trailer,98,Unknown Cargo Body Type,1,No,0,Not Applicable,0,Not Applicable,0,Not Applicable,0,Not Applicable,0,Not a Bus,0,No Special Use Noted,0,Not Applicable,999,Reported as Unknown,8,Not Reported,0,No Rollover,0,No Rollover,6,6 Clock Point,6,6 Clock Point,2,Minor Damage,5,Not Towed,12,Motor Vehicle In-Transport,12,Motor Vehicle In-Transport,0,No or Not Reported,1,Yes,0,No Apparent Injury (O),0,No Apparent Injury (O),0,No Person Injured in Vehicle,0,No Person Injured in Vehicle,2,No Alcohol Involved,2,No Alcohol Involved,82881,Freightliner Medium/Heavy - CBE,29520,29520,0,No,3,"Two-Way,  Divided, Positive  Median Barrier",2,Two lanes,45,45 MPH,1,Straight,1,Level,2,Wet,0,No Controls,0,No Controls,1,Going Straight,1,Going Straight,53,Traveling in same direction with higher speed,99,Unknown/Not Reported,1,Tracking,1,Stayed in original travel lane,25,"D25-Same Trafficway, Same Direction-Rear End-Slower, Going Straight",201,"Same Trafficway, Same Direction-Rear End, Trailing Vehicle"
202304647706,1,70,70,16,3,"South (MD, DE, DC, WV, VA, KY, TN, NC, SC, GA, FL, AL, MS, LA, AR, OK, TX)",2,Rural Area,10,Stratum 10 - Other,46,217.74927367,2,1,January,2,2:00am-2:59am,5,5,12,Motor Vehicle In-Transport,1,Front-to-Rear,1,01,1,Motor Vehicle In-Transport (Inside or Outside the Trafficway),0,No,KMHCG45C45U5,KMHCG45C45U5,2005,2005,2005,2005,498,Hyundai,2773,Accent,13,Sedan/Saloon,55,Hyundai,36,4,"4-door sedan, hardtop",0,Not Applicable,11,"Class 1: 6,000 lbs. or less (2,722 kg or less)",11,"Class 1: 6,000 lbs. or less (2,722 kg or less)",0,No Trailers,777777777777,No Trailing Units,777777777777,No Trailing Units,777777777777,No Trailing Units,77,No Trailing Units,77,No Trailing Units,77,No Trailing Units,0,Not an Articulated Vehicle,00000000000,Not Applicable,0,Not Applicable,0,Not Applicable,0,Not Applicable,0,Not Applicable (N/A),1,No,0,Not Applicable,0,Not Applicable,0,Not Applicable,0,Not Applicable,0,Not a Bus,0,No Special Use Noted,0,Not Applicable,10,010 MPH,8,Not Reported,0,No Rollover,0,No Rollover,12,12 Clock Point,12,12 Clock Point,2,Minor Damage,5,Not Towed,12,Motor Vehicle In-Transport,12,Motor Vehicle In-Transport,0,No or Not Reported,1,Yes,0,No Apparent Injury (O),0,No Apparent Injury (O),0,No Person Injured in Vehicle,0,No Person Injured in Vehicle,2,No Alcohol Involved,2,No Alcohol Involved,55036,Hyundai Accent,36776,36776,0,No,1,"Two-Way, Not Divided",2,Two lanes,45,45 MPH,1,Straight,1,Level,1,Dry,20,Stop Sign,3,Device Functioning Properly,2,Decelerating in Road,2,Decelerating in Road,50,Other vehicle stopped,1,No Avoidance Maneuver,1,Tracking,1,Stayed in original travel lane,33,"D33-Same Trafficway, Same Direction-Rear End-Specifics Unknown",203,"Same Trafficway, Same Direction-Rear End, Other or Unknown"
202304647706,2,70,70,16,3,"South (MD, DE, DC, WV, VA, KY, TN, NC, SC, GA, FL, AL, MS, LA, AR, OK, TX)",2,Rural Area,10,Stratum 10 - Other,46,217.74927367,2,1,January,2,2:00am-2:59am,5,5,12,Motor Vehicle In-Transport,1,Front-to-Rear,1,01,1,Motor Vehicle In-Transport (Inside or Outside the Trafficway),0,No,3KPFL4A72HE1,3KPFL4A72HE1,2017,2017,2017,2017,499,Kia,2462,Forte,13,Sedan/Saloon,63,KIA,38,4,"4-door sedan, hardtop",0,Not Applicable,11,"Class 1: 6,000 lbs. or less (2,722 kg or less)",11,"Class 1: 6,000 lbs. or less (2,722 kg or less)",0,No Trailers,777777777777,No Trailing Units,777777777777,No Trailing Units,777777777777,No Trailing Units,77,No Trailing Units,77,No Trailing Units,77,No Trailing Units,0,Not an Articulated Vehicle,00000000000,Not Applicable,0,Not Applicable,0,Not Applicable,0,Not Applicable,0,Not Applicable (N/A),1,No,0,Not Applicable,0,Not Applicable,0,Not Applicable,0,Not Applicable,0,Not a Bus,0,No Special Use Noted,0,Not Applicable,0,Stopped Motor Vehicle In- Transport,8,Not Reported,0,No Rollover,0,No Rollover,6,6 Clock Point,6,6 Clock Point,2,Minor Damage,5,Not Towed,12,Motor Vehicle In-Transport,12,Motor Vehicle In-Transport,0,No or Not Reported,1,Yes,0,No Apparent Injury (O),0,No Apparent Injury (O),0,No Person Injured in Vehicle,0,No Person Injured in Vehicle,2,No Alcohol Involved,2,No Alcohol Involved,63038,KIA Forte,35462,35462,0,No,1,"Two-Way, Not Divided",2,Two lanes,45,45 MPH,1,Straight,1,Level,1,Dry,20,Stop Sign,3,Device Functioning Properly,5,Stopped in Roadway,5,Stopped in Roadway,53,Traveling in same direction with higher speed,1,No Avoidance Maneuver,1,Tracking,1,Stayed in original travel lane,33,"D33-Same Trafficway, Same Direction-Rear End-Specifics Unknown",203,"Same Trafficway, Same Direction-Rear End, Other or Unknown"
202304647711,1,70,70,16,3,"South (MD, DE, DC, WV, VA, KY, TN, NC, SC, GA, FL, AL, MS, LA, AR, OK, TX)",2,Rural Area,8,Stratum 8 - NLMY PV Minor Injury,138,130.17867369,2,1,January,11,11:00am-11:59am,44,44,12,Motor Vehicle In-Transport,2,Front-to-Front,1,01,1,Motor Vehicle In-Transport (Inside or Outside the Trafficway),0,No,JTMRJREV0GD0,JTMRJREV0GD0,2016,2016,2016,2016,448,Toyota,2217,RAV4,7,Sport Utility Vehicle (SUV)/Multi-Purpose Vehicle (MPV),49,Toyota,402,14,"Compact Utility (Utility Vehicle Categories ""Small"" and ""Midsize"")",0,Not Applicable,11,"Class 1: 6,000 lbs. or less (2,722 kg or less)",11,"Class 1: 6,000 lbs. or less (2,722 kg or less)",0,No Trailers,777777777777,No Trailing Units,777777777777,No Trailing Units,777777777777,No Trailing Units,77,No Trailing Units,77,No Trailing Units,77,No Trailing Units,0,Not an Articulated Vehicle,00000000000,Not Applicable,0,Not Applicable,0,Not Applicable,0,Not Applicable,0,Not Applicable (N/A),1,No,0,Not Applicable,0,Not Applicable,0,Not Applicable,0,Not Applicable,0,Not a Bus,0,No Special Use Noted,0,Not Applicable,55,055 MPH,8,Not Reported,0,No Rollover,0,No Rollover,12,12 Clock Point,12,12 Clock Point,6,Disabling Damage,6,Towed,12,Motor Vehicle In-Transport,12,Motor Vehicle In-Transport,0,No or Not Reported,1,Yes,1,Possible Injury (C),1,Possible Injury (C),1,1,1,1,2,No Alcohol Involved,2,No Alcohol Involved,49402,Toyota RAV4 *,35456,35456,0,No,2,"Two-Way, Divided, Unprotected Median",4,Four lanes,55,55 MPH,1,Straight,6,Downhill,1,Dry,3,Traffic control signal(on colors) not known whether or not Pedestrian Signal,3,Device Functioning Properly,1,Going Straight,1,Going Straight,17,Crossing Over (Passing Through) Junction,99,Unknown/Not Reported,1,Tracking,1,Stayed in original travel lane,69,J69-Trafficway Vehicle Turning-Turn Across Path-Initial Opposite Directions (Going Straight),402,"Changing Trafficway, Vehicle Turning-Turn Across Path, Initial Opposite Directions [Going Straight]"
202304647711,2,70,70,16,3,"South (MD, DE, DC, WV, VA, KY, TN, NC, SC, GA, FL, AL, MS, LA, AR, OK, TX)",2,Rural Area,8,Stratum 8 - NLMY PV Minor Injury,138,130.17867369,2,1,January,11,11:00am-11:59am,44,44,12,Motor Vehicle In-Transport,2,Front-to-Front,1,01,1,Motor Vehicle In-Transport (Inside or Outside the Trafficway),0,No,1FTNF1CT7DKD,1FTNF1CT7DKD,2013,2013,2013,2013,460,Ford,1801,F-150,60,Pickup,12,Ford,481,34,Light Pickup,0,Not Applicable,12,"Class 2: 6,001 - 10,000 lbs. (2,722 - 4,536 kg)",12,"Class 2: 6,001 - 10,000 lbs. (2,722 - 4,536 kg)",1,One Trailer,888888888888,Not Reported,777777777777,No Trailing Units,777777777777,No Trailing Units,98,Not Reported,77,No Trailing Units,77,No Trailing Units,1,No,00000000000,Not Applicable,0,Not Applicable,0,Not Applicable,0,Not Applicable,0,Not Applicable (N/A),1,No,0,Not Applicable,0,Not Applicable,0,Not Applicable,0,Not Applicable,0,Not a Bus,0,No Special Use Noted,0,Not Applicable,10,010 MPH,8,Not Reported,0,No Rollover,0,No Rollover,12,12 Clock Point,12,12 Clock Point,6,Disabling Damage,6,Towed,12,Motor Vehicle In-Transport,12,Motor Vehicle In-Transport,0,No or Not Reported,1,Yes,1,Possible Injury (C),1,Possible Injury (C),1,1,1,1,2,No Alcohol Involved,2,No Alcohol Involved,12481,Ford F-Series pickup,35456,35456,0,No,2,"Two-Way, Divided, Unprotected Median",4,Four lanes,55,55 MPH,1,Straight,5,Uphill,1,Dry,3,Traffic control signal(on colors) not known whether or not Pedestrian Signal,3,Device Functioning Properly,11,Turning Left,11,Turning Left,15,Turning Left,99,Unknown/Not Reported,1,Tracking,1,Stayed in original travel lane,68,J68-Trafficway Vehicle Turning-Turn Across Path-Initial Opposite Directions (Left/Right),401,"Changing Trafficway, Vehicle Turning-Turn Across Path, Initial Opposite Directions [Left/Right]"
202304647713,1,70,70,16,3,"South (MD, DE, DC, WV, VA, KY, TN, NC, SC, GA, FL, AL, MS, LA, AR, OK, TX)",2,Rural Area,7,Stratum 7 - M/H Truck or Bus,138,157.45147116,2,1,January,14,2:00pm-2:59pm,17,17,12,Motor Vehicle In-Transport,9,Rear-to-Side,1,01,1,Motor Vehicle In-Transport (Inside or Outside the Trafficway),0,No,3C7WRMDL7HG6,3C7WRMDL7HG6,2017,2017,2017,2017,496,Ram,13625,5500,74,Incomplete - Chassis Cab (Number of Cab Unknown),7,Dodge,881,61,"Single-unit straight truck or Cab-Chassis (GVWR range 10,001 to 19,500 lbs.)",11,Truck,15,"Class 5: 16,001 - 19,500 lbs. (7,258 - 8,845 kg)",15,"Class 5: 16,001 - 19,500 lbs. (7,258 - 8,845 kg)",0,No Trailers,777777777777,No Trailing Units,777777777777,No Trailing Units,777777777777,No Trailing Units,77,No Trailing Units,77,No Trailing Units,77,No Trailing Units,0,Not an Articulated Vehicle,77777777777,Not Reported,77,Not Reported,777777777,Not Reported,1,"Single-Unit Truck (2- axle and GVWR more than 10,000 lbs)",3,Flatbed,1,No,0,Not Applicable,0,Not Applicable,0,Not Applicable,0,Not Applicable,0,Not a Bus,0,No Special Use Noted,0,Not Applicable,3,003 MPH,8,Not Reported,0,No Rollover,0,No Rollover,9,9 Clock Point,9,9 Clock Point,2,Minor Damage,5,Not Towed,12,Motor Vehicle In-Transport,12,Motor Vehicle In-Transport,0,No or Not Reported,1,Yes,0,No Apparent Injury (O),0,No Apparent Injury (O),0,No Person Injured in Vehicle,0,No Person Injured in Vehicle,2,No Alcohol Involved,2,No Alcohol Involved,7881,Dodge Medium/Heavy - CBE,35474,35474,0,No,1,"Two-Way, Not Divided",2,Two lanes,45,45 MPH,8,Not Reported,8,Not Reported,1,Dry,20,Stop Sign,3,Device Functioning Properly,11,Turning Left,11,Turning Left,50,Other vehicle stopped,99,Unknown/Not Reported,1,Tracking,1,Stayed in original travel lane,84,K84-Trafficway Vehicle Turning-Turn Into Path-Specifics Other,416,"Changing Trafficway, Vehicle Turning-Turn into Path, Other or Unknown"
202304647713,2,70,70,16,3,"South (MD, DE, DC, WV, VA, KY, TN, NC, SC, GA, FL, AL, MS, LA, AR, OK, TX)",2,Rural Area,7,Stratum 7 - M/H Truck or Bus,138,157.45147116,2,1,January,14,2:00pm-2:59pm,17,17,12,Motor Vehicle In-Transport,9,Rear-to-Side,2,02,1,Motor Vehicle In-Transport (Inside or Outside the Trafficway),0,No,1GKEC13Z73R2,1GKEC13Z73R2,2003,2003,2003,2003,472,GMC,1859,Yukon,7,Sport Utility Vehicle (SUV)/Multi-Purpose Vehicle (MPV),23,GMC,421,15,"Large utility (ANSI D16.1 Utility Vehicle Categories and ""Full Size"" and ""Large"")",0,Not Applicable,12,"Class 2: 6,001 - 10,000 lbs. (2,722 - 4,536 kg)",12,"Class 2: 6,001 - 10,000 lbs. (2,722 - 4,536 kg)",0,No Trailers,777777777777,No Trailing Units,777777777777,No Trailing Units,777777777777,No Trailing Units,77,No Trailing Units,77,No Trailing Units,77,No Trailing Units,0,Not an Articulated Vehicle,00000000000,Not Applicable,0,Not Applicable,0,Not Applicable,0,Not Applicable,0,Not Applicable (N/A),1,No,0,Not Applicable,0,Not Applicable,0,Not Applicable,0,Not Applicable,0,Not a Bus,0,No Special Use Noted,0,Not Applicable,0,Stopped Motor Vehicle In- Transport,8,Not Reported,0,No Rollover,0,No Rollover,6,6 Clock Point,6,6 Clock Point,4,Functional Damage,5,Not Towed,12,Motor Vehicle In-Transport,12,Motor Vehicle In-Transport,0,No or Not Reported,1,Yes,0,No Apparent Injury (O),0,No Apparent Injury (O),0,No Person Injured in Vehicle,0,No Person Injured in Vehicle,2,No Alcohol Involved,2,No Alcohol Involved,23421,GMC Fullsize Jimmy/Yukon,35456,35456,0,No,2,"Two-Way, Divided, Unprotected Median",3,Three lanes,45,45 MPH,1,Straight,1,Level,1,Dry,0,No Controls,0,No Controls,5,Stopped in Roadway,5,Stopped in Roadway,53,Traveling in same direction with higher speed,1,No Avoidance Maneuver,1,Tracking,1,Stayed in original travel lane,84,K84-Trafficway Vehicle Turning-Turn Into Path-Specifics Other,416,"Changing Trafficway, Vehicle Turning-Turn into Path, Other or Unknown"
202304647721,1,70,70,16,3,"South (MD, DE, DC, WV, VA, KY, TN, NC, SC, GA, FL, AL, MS, LA, AR, OK, TX)",2,Rural Area,5,Stratum 5 - NLMY PV Serious Injury,46,26.785767508,2,1,January,15,3:00pm-3:59pm,30,30,12,Motor Vehicle In-Transport,6,Angle,2,02,1,Motor Vehicle In-Transport (Inside or Outside the Trafficway),0,No,1N4AL21E49N4,1N4AL21E49N4,2009,2009,2009,2009,478,Nissan,1904,Altima,13,Sedan/Saloon,35,Nissan/Datsun,47,4,"4-door sedan, hardtop",0,Not Applicable,11,"Class 1: 6,000 lbs. or less (2,722 kg or less)",11,"Class 1: 6,000 lbs. or less (2,722 kg or less)",0,No Trailers,777777777777,No Trailing Units,777777777777,No Trailing Units,777777777777,No Trailing Units,77,No Trailing Units,77,No Trailing Units,77,No Trailing Units,0,Not an Articulated Vehicle,00000000000,Not Applicable,0,Not Applicable,0,Not Applicable,0,Not Applicable,0,Not Applicable (N/A),1,No,0,Not Applicable,0,Not Applicable,0,Not Applicable,0,Not Applicable,0,Not a Bus,0,No Special Use Noted,0,Not Applicable,55,055 MPH,0,No Underride or Override,0,No Rollover,0,No Rollover,12,12 Clock Point,12,12 Clock Point,6,Disabling Damage,6,Towed,12,Motor Vehicle In-Transport,12,Motor Vehicle In-Transport,0,No or Not Reported,1,Yes,3,Suspected Serious Injury (A),3,Suspected Serious Injury (A),1,1,1,1,2,No Alcohol Involved,2,No Alcohol Involved,35047,Nissan/Datsun Altima,35401,35401,0,No,1,"Two-Way, Not Divided",2,Two lanes,55,55 MPH,2,Curve - Right,5,Uphill,1,Dry,97,Not Reported,8,Not Reported,14,Negotiating a Curve,14,Negotiating a Curve,10,Over the lane line on left side of travel lane,6,Steering left,1,Tracking,2,"Stayed on roadway, but left original travel lane",64,"I64-Same Trafficway, Opposite Direction-Angle, Sideswipe-Lateral Move (Left/Right)",301,"Same Trafficway, Opposite Direction-Lateral Move [Left/Right], Head-On, Sideswipe, or Angle"
202304647721,2,70,70,16,3,"South (MD, DE, DC, WV, VA, KY, TN, NC, SC, GA, FL, AL, MS, LA, AR, OK, TX)",2,Rural Area,5,Stratum 5 - NLMY PV Serious Injury,46,26.785767508,2,1,January,15,3:00pm-3:59pm,30,30,12,Motor Vehicle In-Transport,6,Angle,1,01,1,Motor Vehicle In-Transport (Inside or Outside the Trafficway),0,No,1N4AL3APXHC4,1N4AL3APXHC4,2017,2017,2017,2017,478,Nissan,1904,Altima,13,Sedan/Saloon,35,Nissan/Datsun,47,4,"4-door sedan, hardtop",0,Not Applicable,11,"Class 1: 6,000 lbs. or less (2,722 kg or less)",11,"Class 1: 6,000 lbs. or less (2,722 kg or less)",0,No Trailers,777777777777,No Trailing Units,777777777777,No Trailing Units,777777777777,No Trailing Units,77,No Trailing Units,77,No Trailing Units,77,No Trailing Units,0,Not an Articulated Vehicle,00000000000,Not Applicable,0,Not Applicable,0,Not Applicable,0,Not Applicable,0,Not Applicable (N/A),1,No,0,Not Applicable,0,Not Applicable,0,Not Applicable,0,Not Applicable,0,Not a Bus,0,No Special Use Noted,0,Not Applicable,40,040 MPH,0,No Underride or Override,0,No Rollover,0,No Rollover,8,8 Clock Point,8,8 Clock Point,6,Disabling Damage,6,Towed,12,Motor Vehicle In-Transport,12,Motor Vehicle In-Transport,0,No or Not Reported,1,Yes,1,Possible Injury (C),1,Possible Injury (C),1,1,1,1,2,No Alcohol Involved,2,No Alcohol Involved,35047,Nissan/Datsun Altima,35453,35453,0,No,1,"Two-Way, Not Divided",2,Two lanes,55,55 MPH,3,Curve - Left,6,Downhill,1,Dry,97,Not Reported,8,Not Reported,14,Negotiating a Curve,14,Negotiating a Curve,62,From opposite direction  over left lane line,7,Steering right,1,Tracking,4,Departed roadway,65,"I65-Same Trafficway, Opposite Direction-Angle, Sideswipe-Lateral Move (Going Straight)",302,"Same Trafficway, Opposite Direction-Lateral Move [Going Straight], Head-On, Sideswipe, or Angle"
202304647724,1,70,70,16,3,"South (MD, DE, DC, WV, VA, KY, TN, NC, SC, GA, FL, AL, MS, LA, AR, OK, TX)",2,Rural Area,10,Stratum 10 - Other,138,217.74927367,2,1,January,6,6:00am-6:59am,53,53,12,Motor Vehicle In-Transport,1,Front-to-Rear,1,01,1,Motor Vehicle In-Transport (Inside or Outside the Trafficway),0,No,1GNEC13T25R1,1GNEC13T25R1,2005,2005,2005,2005,467,Chevrolet,1852,Tahoe,7,Sport Utility Vehicle (SUV)/Multi-Purpose Vehicle (MPV),20,Chevrolet,421,15,"Large utility (ANSI D16.1 Utility Vehicle Categories and ""Full Size"" and ""Large"")",0,Not Applicable,12,"Class 2: 6,001 - 10,000 lbs. (2,722 - 4,536 kg)",12,"Class 2: 6,001 - 10,000 lbs. (2,722 - 4,536 kg)",0,No Trailers,777777777777,No Trailing Units,777777777777,No Trailing Units,777777777777,No Trailing Units,77,No Trailing Units,77,No Trailing Units,77,No Trailing Units,0,Not an Articulated Vehicle,00000000000,Not Applicable,0,Not Applicable,0,Not Applicable,0,Not Applicable,0,Not Applicable (N/A),1,No,0,Not Applicable,0,Not Applicable,0,Not Applicable,0,Not Applicable,0,Not a Bus,0,No Special Use Noted,0,Not Applicable,999,Reported as Unknown,8,Not Reported,0,No Rollover,0,No Rollover,12,12 Clock Point,12,12 Clock Point,2,Minor Damage,5,Not Towed,12,Motor Vehicle In-Transport,12,Motor Vehicle In-Transport,0,No or Not Reported,1,Yes,0,No Apparent Injury (O),0,No Apparent Injury (O),0,No Person Injured in Vehicle,0,No Person Injured in Vehicle,2,No Alcohol Involved,2,No Alcohol Involved,20421,Chevrolet Fullsize Blazer/Tahoe,35490,35490,0,No,4,One-Way Trafficway,5,Five lanes,45,45 MPH,1,Straight,1,Level,2,Wet,3,Traffic control signal(on colors) not known whether or not Pedestrian Signal,3,Device Functioning Properly,1,Going Straight,1,Going Straight,50,Other vehicle stopped,16,Braking,1,Tracking,1,Stayed in original travel lane,20,"D20-Same Trafficway, Same Direction-Rear End-Stopped",202,"Same Trafficway, Same Direction-Rear End, Lead Vehicle"
202304647724,2,70,70,16,3,"South (MD, DE, DC, WV, VA, KY, TN, NC, SC, GA, FL, AL, MS, LA, AR, OK, TX)",2,Rural Area,10,Stratum 10 - Other,138,217.74927367,2,1,January,6,6:00am-6:59am,53,53,12,Motor Vehicle In-Transport,1,Front-to-Rear,1,01,1,Motor Vehicle In-Transport (Inside or Outside the Trafficway),0,No,1HGCP2F77AA0,1HGCP2F77AA0,2010,2010,2010,2010,474,Honda,1861,Accord,13,Sedan/Saloon,37,Honda,32,4,"4-door sedan, hardtop",0,Not Applicable,11,"Class 1: 6,000 lbs. or less (2,722 kg or less)",11,"Class 1: 6,000 lbs. or less (2,722 kg or less)",0,No Trailers,777777777777,No Trailing Units,777777777777,No Trailing Units,777777777777,No Trailing Units,77,No Trailing Units,77,No Trailing Units,77,No Trailing Units,0,Not an Articulated Vehicle,00000000000,Not Applicable,0,Not Applicable,0,Not Applicable,0,Not Applicable,0,Not Applicable (N/A),1,No,0,Not Applicable,0,Not Applicable,0,Not Applicable,0,Not Applicable,0,Not a Bus,0,No Special Use Noted,0,Not Applicable,0,Stopped Motor Vehicle In- Transport,8,Not Reported,0,No Rollover,0,No Rollover,6,6 Clock Point,6,6 Clock Point,2,Minor Damage,5,Not Towed,12,Motor Vehicle In-Transport,12,Motor Vehicle In-Transport,0,No or Not Reported,1,Yes,0,No Apparent Injury (O),0,No Apparent Injury (O),0,No Person Injured in Vehicle,0,No Person Injured in Vehicle,2,No Alcohol Involved,2,No Alcohol Involved,37032,"Honda Accord (Note: For Crosstour model years 2010 and 2011 only. For Crosstour model years 2012-2015, see vehicle model 37-405)",35406,35406,0,No,4,One-Way Trafficway,5,Five lanes,45,45 MPH,1,Straight,1,Level,2,Wet,3,Traffic control signal(on colors) not known whether or not Pedestrian Signal,3,Device Functioning Properly,5,Stopped in Roadway,5,Stopped in Roadway,53,Traveling in same direction with higher speed,1,No Avoidance Maneuver,1,Tracking,1,Stayed in original travel lane,21,"D21-Same Trafficway, Same Direction-Rear End-Stopped, Straight",201,"Same Trafficway, Same Direction-Rear End, Trailing Vehicle"
202304647731,1,70,70,16,3,"South (MD, DE, DC, WV, VA, KY, TN, NC, SC, GA, FL, AL, MS, LA, AR, OK, TX)",2,Rural Area,10,Stratum 10 - Other,46,217.74927367,2,1,January,15,3:00pm-3:59pm,24,24,12,Motor Vehicle In-Transport,6,Angle,1,01,1,Motor Vehicle In-Transport (Inside or Outside the Trafficway),0,No,1C4GJ25BX3B1,1C4GJ25BX3B1,2003,2003,2003,2003,477,Chrysler,15131,Voyager,2,Minivan,6,Chrysler,442,20,"Minivan (Chrysler Town and Country, Caravan, Grand Caravan, Voyager, Voyager, Honda-Odyssey, ...)",0,Not Applicable,11,"Class 1: 6,000 lbs. or less (2,722 kg or less)",11,"Class 1: 6,000 lbs. or less (2,722 kg or less)",0,No Trailers,777777777777,No Trailing Units,777777777777,No Trailing Units,777777777777,No Trailing Units,77,No Trailing Units,77,No Trailing Units,77,No Trailing Units,0,Not an Articulated Vehicle,00000000000,Not Applicable,0,Not Applicable,0,Not Applicable,0,Not Applicable,0,Not Applicable (N/A),1,No,0,Not Applicable,0,Not Applicable,0,Not Applicable,0,Not Applicable,0,Not a Bus,0,No Special Use Noted,0,Not Applicable,10,010 MPH,0,No Underride or Override,0,No Rollover,0,No Rollover,11,11 Clock Point,11,11 Clock Point,2,Minor Damage,5,Not Towed,12,Motor Vehicle In-Transport,12,Motor Vehicle In-Transport,0,No or Not Reported,1,Yes,0,No Apparent Injury (O),0,No Apparent Injury (O),0,No Person Injured in Vehicle,0,No Person Injured in Vehicle,2,No Alcohol Involved,2,No Alcohol Involved,6442,Chrysler Voyager (2000 - 2003; 1984-00 see Plymouth. For 2020 on see 06-444.),35444,35444,0,No,0,Non-Trafficway or Driveway Access,0,Non-Trafficway or Driveway Access,0,No Statutory Limit/Non-Trafficway or Driveway Access,0,Non-Trafficway or Driveway Access,0,Non-Trafficway or Driveway Access,0,Non-Trafficway or Driveway Access,97,Not Reported,8,Not Reported,10,Turning Right,10,Turning Right,16,Turning Right,99,Unknown/Not Reported,1,Tracking,1,Stayed in original travel lane,78,K78-Trafficway Vehicle Turning-Turn Into Path-Turn Into Same Direction (Turning Right),410,"Changing Trafficway, Vehicle Turning-Turn Into Path, Turn into Same Direction [Turning Right]"
202304647731,2,70,70,16,3,"South (MD, DE, DC, WV, VA, KY, TN, NC, SC, GA, FL, AL, MS, LA, AR, OK, TX)",2,Rural Area,10,Stratum 10 - Other,46,217.74927367,2,1,January,15,3:00pm-3:59pm,24,24,12,Motor Vehicle In-Transport,6,Angle,2,02,1,Motor Vehicle In-Transport (Inside or Outside the Trafficway),0,No,1G11C5SA1DF2,1G11C5SA1DF2,2013,2013,2013,2013,467,Chevrolet,1834,Malibu,13,Sedan/Saloon,20,Chevrolet,37,4,"4-door sedan, hardtop",0,Not Applicable,11,"Class 1: 6,000 lbs. or less (2,722 kg or less)",11,"Class 1: 6,000 lbs. or less (2,722 kg or less)",0,No Trailers,777777777777,No Trailing Units,777777777777,No Trailing Units,777777777777,No Trailing Units,77,No Trailing Units,77,No Trailing Units,77,No Trailing Units,0,Not an Articulated Vehicle,00000000000,Not Applicable,0,Not Applicable,0,Not Applicable,0,Not Applicable,0,Not Applicable (N/A),1,No,0,Not Applicable,0,Not Applicable,0,Not Applicable,0,Not Applicable,0,Not a Bus,0,No Special Use Noted,0,Not Applicable,10,010 MPH,0,No Underride or Override,0,No Rollover,0,No Rollover,4,4 Clock Point,4,4 Clock Point,2,Minor Damage,5,Not Towed,12,Motor Vehicle In-Transport,12,Motor Vehicle In-Transport,0,No or Not Reported,1,Yes,0,No Apparent Injury (O),0,No Apparent Injury (O),0,No Person Injured in Vehicle,0,No Person Injured in Vehicle,2,No Alcohol Involved,2,No Alcohol Involved,20037,Chevrolet Malibu/Malibu Maxx,35401,35401,0,No,1,"Two-Way, Not Divided",2,Two lanes,15,15 MPH,1,Straight,1,Level,2,Wet,97,Not Reported,8,Not Reported,1,Going Straight,1,Going Straight,70,"From driveway, turning into same direction",99,Unknown/Not Reported,1,Tracking,1,Stayed in original travel lane,79,K79-Trafficway Vehicle Turning-Turn Into Path-Turn Into Same Direction (Going Straight),411,"Changing Trafficway, Vehicle Turning-Turn Into Path, Turn into Same Direction [Going Straight, Other Vehicle Turning Right]"
202304647738,1,70,70,16,3,"South (MD, DE, DC, WV, VA, KY, TN, NC, SC, GA, FL, AL, MS, LA, AR, OK, TX)",2,Rural Area,9,Stratum 9 - LMY PV No Injuries in Crash,138,138.11173411,2,1,January,23,11:00pm-11:59pm,35,35,12,Motor Vehicle In-Transport,1,Front-to-Rear,1,01,1,Motor Vehicle In-Transport (Inside or Outside the Trafficway),0,No,1N4AL3AP3JC1,1N4AL3AP3JC1,2018,2018,2018,2018,478,Nissan,1904,Altima,13,Sedan/Saloon,35,Nissan/Datsun,47,4,"4-door sedan, hardtop",0,Not Applicable,11,"Class 1: 6,000 lbs. or less (2,722 kg or less)",11,"Class 1: 6,000 lbs. or less (2,722 kg or less)",0,No Trailers,777777777777,No Trailing Units,777777777777,No Trailing Units,777777777777,No Trailing Units,77,No Trailing Units,77,No Trailing Units,77,No Trailing Units,0,Not an Articulated Vehicle,00000000000,Not Applicable,0,Not Applicable,0,Not Applicable,0,Not Applicable,0,Not Applicable (N/A),1,No,0,Not Applicable,0,Not Applicable,0,Not Applicable,0,Not Applicable,0,Not a Bus,0,No Special Use Noted,0,Not Applicable,20,020 MPH,8,Not Reported,0,No Rollover,0,No Rollover,12,12 Clock Point,12,12 Clock Point,6,Disabling Damage,5,Not Towed,12,Motor Vehicle In-Transport,12,Motor Vehicle In-Transport,0,No or Not Reported,1,Yes,0,No Apparent Injury (O),0,No Apparent Injury (O),0,No Person Injured in Vehicle,0,No Person Injured in Vehicle,2,No Alcohol Involved,2,No Alcohol Involved,35047,Nissan/Datsun Altima,36701,36701,0,No,2,"Two-Way, Divided, Unprotected Median",3,Three lanes,25,25 MPH,1,Straight,1,Level,2,Wet,0,No Controls,0,No Controls,1,Going Straight,1,Going Straight,80,Pedestrian in road,6,Steering left,1,Tracking,2,"Stayed on roadway, but left original travel lane",40,"E40-Same Trafficway, Same Direction-Forward Impact-Avoid Collision With Object",204,"Same Trafficway, Same Direction-Forward Impact, Frontal Impact After Maneuver"
202304647738,2,70,70,16,3,"South (MD, DE, DC, WV, VA, KY, TN, NC, SC, GA, FL, AL, MS, LA, AR, OK, TX)",2,Rural Area,9,Stratum 9 - LMY PV No Injuries in Crash,138,138.11173411,2,1,January,23,11:00pm-11:59pm,35,35,12,Motor Vehicle In-Transport,1,Front-to-Rear,1,01,1,Motor Vehicle In-Transport (Inside or Outside the Trafficway),0,No,1FTFW1E58MKD,1FTFW1E58MKD,2021,2021,2021,2021,460,Ford,1801,F-150,60,Pickup,12,Ford,481,34,Light Pickup,0,Not Applicable,12,"Class 2: 6,001 - 10,000 lbs. (2,722 - 4,536 kg)",12,"Class 2: 6,001 - 10,000 lbs. (2,722 - 4,536 kg)",0,No Trailers,777777777777,No Trailing Units,777777777777,No Trailing Units,777777777777,No Trailing Units,77,No Trailing Units,77,No Trailing Units,77,No Trailing Units,0,Not an Articulated Vehicle,00000000000,Not Applicable,0,Not Applicable,0,Not Applicable,0,Not Applicable,0,Not Applicable (N/A),1,No,0,Not Applicable,0,Not Applicable,0,Not Applicable,0,Not Applicable,0,Not a Bus,0,No Special Use Noted,0,Not Applicable,20,020 MPH,8,Not Reported,0,No Rollover,0,No Rollover,6,6 Clock Point,6,6 Clock Point,2,Minor Damage,5,Not Towed,12,Motor Vehicle In-Transport,12,Motor Vehicle In-Transport,0,No or Not Reported,1,Yes,0,No Apparent Injury (O),0,No Apparent Injury (O),0,No Person Injured in Vehicle,0,No Person Injured in Vehicle,2,No Alcohol Involved,2,No Alcohol Involved,12481,Ford F-Series pickup,35401,35401,0,No,2,"Two-Way, Divided, Unprotected Median",3,Three lanes,25,25 MPH,1,Straight,1,Level,2,Wet,0,No Controls,0,No Controls,1,Going Straight,1,Going Straight,61,From adjacent lane (same direction) over right lane line,99,Unknown/Not Reported,1,Tracking,1,Stayed in original travel lane,41,"E41-Same Trafficway, Same Direction-Forward Impact-Avoid Collision With Object",205,"Same Trafficway, Same Direction-Forward Impact, Rear End Impact After Maneuver"
202304647758,1,70,70,16,3,"South (MD, DE, DC, WV, VA, KY, TN, NC, SC, GA, FL, AL, MS, LA, AR, OK, TX)",2,Rural Area,10,Stratum 10 - Other,138,217.74927367,1,1,January,21,9:00pm-9:59pm,40,40,33,Curb,0,The First Harmful Event was Not a Collision with a Motor Vehicle In-Transport,1,01,1,Motor Vehicle In-Transport (Inside or Outside the Trafficway),0,No,2HGFC1F95GH6,2HGFC1F95GH6,2016,2016,2016,2016,474,Honda,1863,Civic,13,Sedan/Saloon,37,Honda,31,4,"4-door sedan, hardtop",0,Not Applicable,11,"Class 1: 6,000 lbs. or less (2,722 kg or less)",11,"Class 1: 6,000 lbs. or less (2,722 kg or less)",0,No Trailers,777777777777,No Trailing Units,777777777777,No Trailing Units,777777777777,No Trailing Units,77,No Trailing Units,77,No Trailing Units,77,No Trailing Units,0,Not an Articulated Vehicle,00000000000,Not Applicable,0,Not Applicable,0,Not Applicable,0,Not Applicable,0,Not Applicable (N/A),1,No,0,Not Applicable,0,Not Applicable,0,Not Applicable,0,Not Applicable,0,Not a Bus,0,No Special Use Noted,0,Not Applicable,45,045 MPH,7,Not Applicable,0,No Rollover,0,No Rollover,11,11 Clock Point,11,11 Clock Point,6,Disabling Damage,6,Towed,33,Curb,33,Curb,0,No or Not Reported,1,Yes,0,No Apparent Injury (O),0,No Apparent Injury (O),0,No Person Injured in Vehicle,0,No Person Injured in Vehicle,2,No Alcohol Involved,2,No Alcohol Involved,37031,"Honda Civic/CRX, del Sol",92694,92694,0,No,2,"Two-Way, Divided, Unprotected Median",3,Three lanes,55,55 MPH,1,Straight,1,Level,1,Dry,3,Traffic control signal(on colors) not known whether or not Pedestrian Signal,3,Device Functioning Properly,1,Going Straight,1,Going Straight,90,Object in road,6,Steering left,1,Tracking,4,Departed roadway,8,"B8-Single Driver-Left Roadside Departure-Avoid Collision With Veh., Ped., Anim.",102,Single Driver-Left Roadside Departure
202304647771,1,70,70,16,3,"South (MD, DE, DC, WV, VA, KY, TN, NC, SC, GA, FL, AL, MS, LA, AR, OK, TX)",2,Rural Area,9,Stratum 9 - LMY PV No Injuries in Crash,138,138.11173411,3,1,January,7,7:00am-7:59am,35,35,12,Motor Vehicle In-Transport,1,Front-to-Rear,2,02,1,Motor Vehicle In-Transport (Inside or Outside the Trafficway),0,No,5YFBU4EE1CP0,5YFBU4EE1CP0,2012,2012,2012,2012,448,Toyota,2208,Corolla,13,Sedan/Saloon,49,Toyota,32,4,"4-door sedan, hardtop",0,Not Applicable,11,"Class 1: 6,000 lbs. or less (2,722 kg or less)",11,"Class 1: 6,000 lbs. or less (2,722 kg or less)",0,No Trailers,777777777777,No Trailing Units,777777777777,No Trailing Units,777777777777,No Trailing Units,77,No Trailing Units,77,No Trailing Units,77,No Trailing Units,0,Not an Articulated Vehicle,00000000000,Not Applicable,0,Not Applicable,0,Not Applicable,0,Not Applicable,0,Not Applicable (N/A),1,No,0,Not Applicable,0,Not Applicable,0,Not Applicable,0,Not Applicable,0,Not a Bus,0,No Special Use Noted,0,Not Applicable,40,040 MPH,8,Not Reported,0,No Rollover,0,No Rollover,12,12 Clock Point,12,12 Clock Point,6,Disabling Damage,6,Towed,12,Motor Vehicle In-Transport,12,Motor Vehicle In-Transport,0,No or Not Reported,1,Yes,0,No Apparent Injury (O),0,No Apparent Injury (O),0,No Person Injured in Vehicle,0,No Person Injured in Vehicle,2,No Alcohol Involved,2,No Alcohol Involved,49032,Toyota Corolla,35405,35405,0,No,2,"Two-Way, Divided, Unprotected Median",2,Two lanes,40,40 MPH,1,Straight,1,Level,1,Dry,0,No Controls,0,No Controls,1,Going Straight,1,Going Straight,50,Other vehicle stopped,99,Unknown/Not Reported,1,Tracking,1,Stayed in original travel lane,20,"D20-Same Trafficway, Same Direction-Rear End-Stopped",202,"Same Trafficway, Same Direction-Rear End, Lead Vehicle"
202304647771,2,70,70,16,3,"South (MD, DE, DC, WV, VA, KY, TN, NC, SC, GA, FL, AL, MS, LA, AR, OK, TX)",2,Rural Area,9,Stratum 9 - LMY PV No Injuries in Crash,138,138.11173411,3,1,January,7,7:00am-7:59am,35,35,12,Motor Vehicle In-Transport,1,Front-to-Rear,1,01,1,Motor Vehicle In-Transport (Inside or Outside the Trafficway),0,No,2CNFLEEC8B63,2CNFLEEC8B63,2011,2011,2011,2011,467,Chevrolet,1847,Equinox,7,Sport Utility Vehicle (SUV)/Multi-Purpose Vehicle (MPV),20,Chevrolet,404,14,"Compact Utility (Utility Vehicle Categories ""Small"" and ""Midsize"")",0,Not Applicable,11,"Class 1: 6,000 lbs. or less (2,722 kg or less)",11,"Class 1: 6,000 lbs. or less (2,722 kg or less)",0,No Trailers,777777777777,No Trailing Units,777777777777,No Trailing Units,777777777777,No Trailing Units,77,No Trailing Units,77,No Trailing Units,77,No Trailing Units,0,Not an Articulated Vehicle,00000000000,Not Applicable,0,Not Applicable,0,Not Applicable,0,Not Applicable,0,Not Applicable (N/A),1,No,0,Not Applicable,0,Not Applicable,0,Not Applicable,0,Not Applicable,0,Not a Bus,0,No Special Use Noted,0,Not Applicable,0,Stopped Motor Vehicle In- Transport,8,Not Reported,0,No Rollover,0,No Rollover,6,6 Clock Point,6,6 Clock Point,6,Disabling Damage,6,Towed,12,Motor Vehicle In-Transport,12,Motor Vehicle In-Transport,0,No or Not Reported,1,Yes,0,No Apparent Injury (O),0,No Apparent Injury (O),0,No Person Injured in Vehicle,0,No Person Injured in Vehicle,2,No Alcohol Involved,2,No Alcohol Involved,20404,Chevrolet Equinox,35405,35405,0,No,2,"Two-Way, Divided, Unprotected Median",2,Two lanes,40,40 MPH,1,Straight,1,Level,1,Dry,0,No Controls,0,No Controls,5,Stopped in Roadway,5,Stopped in Roadway,53,Traveling in same direction with higher speed,1,No Avoidance Maneuver,1,Tracking,1,Stayed in original travel lane,21,"D21-Same Trafficway, Same Direction-Rear End-Stopped, Straight",201,"Same Trafficway, Same Direction-Rear End, Trailing Vehicle"
202304647771,3,70,70,16,3,"South (MD, DE, DC, WV, VA, KY, TN, NC, SC, GA, FL, AL, MS, LA, AR, OK, TX)",2,Rural Area,9,Stratum 9 - LMY PV No Injuries in Crash,138,138.11173411,3,1,January,7,7:00am-7:59am,35,35,12,Motor Vehicle In-Transport,1,Front-to-Rear,3,03,1,Motor Vehicle In-Transport (Inside or Outside the Trafficway),0,No,1GKS2CKD0MR1,1GKS2CKD0MR1,2021,2021,2021,2021,472,GMC,1859,Yukon,7,Sport Utility Vehicle (SUV)/Multi-Purpose Vehicle (MPV),23,GMC,421,15,"Large utility (ANSI D16.1 Utility Vehicle Categories and ""Full Size"" and ""Large"")",0,Not Applicable,12,"Class 2: 6,001 - 10,000 lbs. (2,722 - 4,536 kg)",12,"Class 2: 6,001 - 10,000 lbs. (2,722 - 4,536 kg)",0,No Trailers,777777777777,No Trailing Units,777777777777,No Trailing Units,777777777777,No Trailing Units,77,No Trailing Units,77,No Trailing Units,77,No Trailing Units,0,Not an Articulated Vehicle,00000000000,Not Applicable,0,Not Applicable,0,Not Applicable,0,Not Applicable,0,Not Applicable (N/A),1,No,0,Not Applicable,0,Not Applicable,0,Not Applicable,0,Not Applicable,0,Not a Bus,0,No Special Use Noted,0,Not Applicable,0,Stopped Motor Vehicle In- Transport,8,Not Reported,0,No Rollover,0,No Rollover,6,6 Clock Point,6,6 Clock Point,2,Minor Damage,5,Not Towed,12,Motor Vehicle In-Transport,12,Motor Vehicle In-Transport,0,No or Not Reported,1,Yes,0,No Apparent Injury (O),0,No Apparent Injury (O),0,No Person Injured in Vehicle,0,No Person Injured in Vehicle,2,No Alcohol Involved,2,No Alcohol Involved,23421,GMC Fullsize Jimmy/Yukon,35405,35405,0,No,2,"Two-Way, Divided, Unprotected Median",2,Two lanes,40,40 MPH,1,Straight,1,Level,1,Dry,0,No Controls,0,No Controls,5,Stopped in Roadway,5,Stopped in Roadway,53,Traveling in same direction with higher speed,1,No Avoidance Maneuver,1,Tracking,1,Stayed in original travel lane,98,M98-Other Crash Type,998,Other Crash Type
202304647772,1,70,70,16,3,"South (MD, DE, DC, WV, VA, KY, TN, NC, SC, GA, FL, AL, MS, LA, AR, OK, TX)",2,Rural Area,8,Stratum 8 - NLMY PV Minor Injury,138,130.17867369,1,1,January,12,12:00pm-12:59pm,13,13,14,Parked Motor Vehicle,0,The First Harmful Event was Not a Collision with a Motor Vehicle In-Transport,1,01,1,Motor Vehicle In-Transport (Inside or Outside the Trafficway),0,No,2T2GA31UX6C0,2T2GA31UX6C0,2006,2006,2006,2006,515,Lexus,2214,RX,7,Sport Utility Vehicle (SUV)/Multi-Purpose Vehicle (MPV),59,Lexus,403,14,"Compact Utility (Utility Vehicle Categories ""Small"" and ""Midsize"")",0,Not Applicable,11,"Class 1: 6,000 lbs. or less (2,722 kg or less)",11,"Class 1: 6,000 lbs. or less (2,722 kg or less)",0,No Trailers,777777777777,No Trailing Units,777777777777,No Trailing Units,777777777777,No Trailing Units,77,No Trailing Units,77,No Trailing Units,77,No Trailing Units,0,Not an Articulated Vehicle,00000000000,Not Applicable,0,Not Applicable,0,Not Applicable,0,Not Applicable,0,Not Applicable (N/A),1,No,0,Not Applicable,0,Not Applicable,0,Not Applicable,0,Not Applicable,0,Not a Bus,0,No Special Use Noted,0,Not Applicable,55,055 MPH,8,Not Reported,0,No Rollover,0,No Rollover,1,1 Clock Point,1,1 Clock Point,6,Disabling Damage,6,Towed,14,Parked Motor Vehicle,14,Parked Motor Vehicle,0,No or Not Reported,1,Yes,2,Suspected Minor Injury (B),2,Suspected Minor Injury (B),1,1,1,1,2,No Alcohol Involved,2,No Alcohol Involved,59403,Lexus RX330/350/400h/450h,35401,35401,0,No,2,"Two-Way, Divided, Unprotected Median",2,Two lanes,55,55 MPH,1,Straight,1,Level,1,Dry,0,No Controls,0,No Controls,1,Going Straight,1,Going Straight,11,Over the lane line on right side of travel lane,99,Unknown/Not Reported,1,Tracking,4,Departed roadway,11,C11-Single Driver-Forward Impact-Parked Veh.,103,Single Driver-Struck Object While Moving Forward
202304647774,1,70,70,16,3,"South (MD, DE, DC, WV, VA, KY, TN, NC, SC, GA, FL, AL, MS, LA, AR, OK, TX)",2,Rural Area,8,Stratum 8 - NLMY PV Minor Injury,46,130.17867369,1,1,January,21,9:00pm-9:59pm,8,8,34,Ditch,0,The First Harmful Event was Not a Collision with a Motor Vehicle In-Transport,1,01,1,Motor Vehicle In-Transport (Inside or Outside the Trafficway),0,No,5J6RM4H78FL0,5J6RM4H78FL0,2015,2015,2015,2015,474,Honda,1865,CR-V,7,Sport Utility Vehicle (SUV)/Multi-Purpose Vehicle (MPV),37,Honda,402,14,"Compact Utility (Utility Vehicle Categories ""Small"" and ""Midsize"")",0,Not Applicable,11,"Class 1: 6,000 lbs. or less (2,722 kg or less)",11,"Class 1: 6,000 lbs. or less (2,722 kg or less)",0,No Trailers,777777777777,No Trailing Units,777777777777,No Trailing Units,777777777777,No Trailing Units,77,No Trailing Units,77,No Trailing Units,77,No Trailing Units,0,Not an Articulated Vehicle,00000000000,Not Applicable,0,Not Applicable,0,Not Applicable,0,Not Applicable,0,Not Applicable (N/A),1,No,0,Not Applicable,0,Not Applicable,0,Not Applicable,0,Not Applicable,0,Not a Bus,0,No Special Use Noted,0,Not Applicable,55,055 MPH,7,Not Applicable,0,No Rollover,0,No Rollover,12,12 Clock Point,12,12 Clock Point,6,Disabling Damage,6,Towed,34,Ditch,34,Ditch,0,No or Not Reported,1,Yes,2,Suspected Minor Injury (B),2,Suspected Minor Injury (B),1,1,1,1,2,No Alcohol Involved,2,No Alcohol Involved,37402,Honda CR-V,35473,35473,0,No,1,"Two-Way, Not Divided",2,Two lanes,55,55 MPH,3,Curve - Left,6,Downhill,1,Dry,97,Not Reported,8,Not Reported,14,Negotiating a Curve,14,Negotiating a Curve,13,Off the edge of the road on the right side,99,Unknown/Not Reported,1,Tracking,4,Departed roadway,1,A1-Single Driver-Right Roadside Departure-Drive Off Road,101,Single Driver-Right Roadside Departure
202304647783,1,70,70,16,3,"South (MD, DE, DC, WV, VA, KY, TN, NC, SC, GA, FL, AL, MS, LA, AR, OK, TX)",2,Rural Area,10,Stratum 10 - Other,46,217.74927367,2,1,January,17,5:00pm-5:59pm,10,10,12,Motor Vehicle In-Transport,1,Front-to-Rear,1,01,1,Motor Vehicle In-Transport (Inside or Outside the Trafficway),0,No,5TFAX5GN7HX0,5TFAX5GN7HX0,2017,2017,2017,2017,448,Toyota,2223,Tacoma,60,Pickup,49,Toyota,472,34,Light Pickup,0,Not Applicable,11,"Class 1: 6,000 lbs. or less (2,722 kg or less)",11,"Class 1: 6,000 lbs. or less (2,722 kg or less)",0,No Trailers,777777777777,No Trailing Units,777777777777,No Trailing Units,777777777777,No Trailing Units,77,No Trailing Units,77,No Trailing Units,77,No Trailing Units,0,Not an Articulated Vehicle,00000000000,Not Applicable,0,Not Applicable,0,Not Applicable,0,Not Applicable,0,Not Applicable (N/A),1,No,0,Not Applicable,0,Not Applicable,0,Not Applicable,0,Not Applicable,0,Not a Bus,0,No Special Use Noted,0,Not Applicable,55,055 MPH,8,Not Reported,0,No Rollover,0,No Rollover,12,12 Clock Point,12,12 Clock Point,4,Functional Damage,6,Towed,12,Motor Vehicle In-Transport,12,Motor Vehicle In-Transport,0,No or Not Reported,1,Yes,0,No Apparent Injury (O),0,No Apparent Injury (O),0,No Person Injured in Vehicle,0,No Person Injured in Vehicle,2,No Alcohol Involved,2,No Alcohol Involved,49472,Toyota Tacoma,35474,35474,0,No,1,"Two-Way, Not Divided",2,Two lanes,55,55 MPH,2,Curve - Right,6,Downhill,1,Dry,97,Not Reported,8,Not Reported,14,Negotiating a Curve,14,Negotiating a Curve,50,Other vehicle stopped,16,Braking,1,Tracking,1,Stayed in original travel lane,20,"D20-Same Trafficway, Same Direction-Rear End-Stopped",202,"Same Trafficway, Same Direction-Rear End, Lead Vehicle"
202304647783,2,70,70,16,3,"South (MD, DE, DC, WV, VA, KY, TN, NC, SC, GA, FL, AL, MS, LA, AR, OK, TX)",2,Rural Area,10,Stratum 10 - Other,46,217.74927367,2,1,January,17,5:00pm-5:59pm,10,10,12,Motor Vehicle In-Transport,1,Front-to-Rear,2,02,1,Motor Vehicle In-Transport (Inside or Outside the Trafficway),0,No,3VW167AJ1HM3,3VW167AJ1HM3,2017,2017,2017,2017,482,Volkswagen,3137,Jetta,13,Sedan/Saloon,30,Volkswagen,40,4,"4-door sedan, hardtop",0,Not Applicable,11,"Class 1: 6,000 lbs. or less (2,722 kg or less)",11,"Class 1: 6,000 lbs. or less (2,722 kg or less)",0,No Trailers,777777777777,No Trailing Units,777777777777,No Trailing Units,777777777777,No Trailing Units,77,No Trailing Units,77,No Trailing Units,77,No Trailing Units,0,Not an Articulated Vehicle,00000000000,Not Applicable,0,Not Applicable,0,Not Applicable,0,Not Applicable,0,Not Applicable (N/A),1,No,0,Not Applicable,0,Not Applicable,0,Not Applicable,0,Not Applicable,0,Not a Bus,0,No Special Use Noted,0,Not Applicable,0,Stopped Motor Vehicle In- Transport,8,Not Reported,0,No Rollover,0,No Rollover,6,6 Clock Point,6,6 Clock Point,6,Disabling Damage,6,Towed,12,Motor Vehicle In-Transport,12,Motor Vehicle In-Transport,0,No or Not Reported,1,Yes,0,No Apparent Injury (O),0,No Apparent Injury (O),0,No Person Injured in Vehicle,0,No Person Injured in Vehicle,2,No Alcohol Involved,2,No Alcohol Involved,30040,Volkswagen Jetta/Jetta SportsWagen,35475,35475,0,No,1,"Two-Way, Not Divided",2,Two lanes,55,55 MPH,2,Curve - Right,6,Downhill,1,Dry,97,Not Reported,8,Not Reported,5,Stopped in Roadway,5,Stopped in Roadway,53,Traveling in same direction with higher speed,1,No Avoidance Maneuver,1,Tracking,1,Stayed in original travel lane,22,"D22-Same Trafficway, Same Direction-Rear End-Stopped, Left",201,"Same Trafficway, Same Direction-Rear End, Trailing Vehicle"
202304647790,1,70,70,16,3,"South (MD, DE, DC, WV, VA, KY, TN, NC, SC, GA, FL, AL, MS, LA, AR, OK, TX)",2,Rural Area,10,Stratum 10 - Other,138,217.74927367,2,1,January,14,2:00pm-2:59pm,20,20,12,Motor Vehicle In-Transport,1,Front-to-Rear,1,01,1,Motor Vehicle In-Transport (Inside or Outside the Trafficway),0,No,5NPET4AC9AH6,5NPET4AC9AH6,2010,2010,2010,2010,498,Hyundai,2459,Sonata,13,Sedan/Saloon,55,Hyundai,33,4,"4-door sedan, hardtop",0,Not Applicable,11,"Class 1: 6,000 lbs. or less (2,722 kg or less)",11,"Class 1: 6,000 lbs. or less (2,722 kg or less)",0,No Trailers,777777777777,No Trailing Units,777777777777,No Trailing Units,777777777777,No Trailing Units,77,No Trailing Units,77,No Trailing Units,77,No Trailing Units,0,Not an Articulated Vehicle,00000000000,Not Applicable,0,Not Applicable,0,Not Applicable,0,Not Applicable,0,Not Applicable (N/A),1,No,0,Not Applicable,0,Not Applicable,0,Not Applicable,0,Not Applicable,0,Not a Bus,0,No Special Use Noted,0,Not Applicable,20,020 MPH,8,Not Reported,0,No Rollover,0,No Rollover,12,12 Clock Point,12,12 Clock Point,2,Minor Damage,5,Not Towed,12,Motor Vehicle In-Transport,12,Motor Vehicle In-Transport,0,No or Not Reported,1,Yes,0,No Apparent Injury (O),0,No Apparent Injury (O),0,No Person Injured in Vehicle,0,No Person Injured in Vehicle,2,No Alcohol Involved,2,No Alcohol Involved,55033,Hyundai Sonata,35401,35401,0,No,1,"Two-Way, Not Divided",2,Two lanes,45,45 MPH,1,Straight,1,Level,1,Dry,65,Railway Crossing Device,3,Device Functioning Properly,1,Going Straight,1,Going Straight,52,Traveling in same direction while decelerating,99,Unknown/Not Reported,1,Tracking,1,Stayed in original travel lane,28,"D28-Same Trafficway, Same Direction-Rear End-Decelerating (Slowing)",202,"Same Trafficway, Same Direction-Rear End, Lead Vehicle"
202304647790,2,70,70,16,3,"South (MD, DE, DC, WV, VA, KY, TN, NC, SC, GA, FL, AL, MS, LA, AR, OK, TX)",2,Rural Area,10,Stratum 10 - Other,138,217.74927367,2,1,January,14,2:00pm-2:59pm,20,20,12,Motor Vehicle In-Transport,1,Front-to-Rear,1,01,1,Motor Vehicle In-Transport (Inside or Outside the Trafficway),0,No,1N4AL3AP1EC1,1N4AL3AP1EC1,2014,2014,2014,2014,478,Nissan,1904,Altima,13,Sedan/Saloon,35,Nissan/Datsun,47,4,"4-door sedan, hardtop",0,Not Applicable,11,"Class 1: 6,000 lbs. or less (2,722 kg or less)",11,"Class 1: 6,000 lbs. or less (2,722 kg or less)",0,No Trailers,777777777777,No Trailing Units,777777777777,No Trailing Units,777777777777,No Trailing Units,77,No Trailing Units,77,No Trailing Units,77,No Trailing Units,0,Not an Articulated Vehicle,00000000000,Not Applicable,0,Not Applicable,0,Not Applicable,0,Not Applicable,0,Not Applicable (N/A),1,No,0,Not Applicable,0,Not Applicable,0,Not Applicable,0,Not Applicable,0,Not a Bus,0,No Special Use Noted,0,Not Applicable,3,003 MPH,8,Not Reported,0,No Rollover,0,No Rollover,6,6 Clock Point,6,6 Clock Point,2,Minor Damage,5,Not Towed,12,Motor Vehicle In-Transport,12,Motor Vehicle In-Transport,0,No or Not Reported,1,Yes,0,No Apparent Injury (O),0,No Apparent Injury (O),0,No Person Injured in Vehicle,0,No Person Injured in Vehicle,2,No Alcohol Involved,2,No Alcohol Involved,35047,Nissan/Datsun Altima,35401,35401,0,No,1,"Two-Way, Not Divided",2,Two lanes,45,45 MPH,1,Straight,1,Level,1,Dry,65,Railway Crossing Device,3,Device Functioning Properly,2,Decelerating in Road,2,Decelerating in Road,53,Traveling in same direction with higher speed,99,Unknown/Not Reported,1,Tracking,1,Stayed in original travel lane,29,"D29-Same Trafficway, Same Direction-Rear End-Decelerating (Slowing), Going Straight",201,"Same Trafficway, Same Direction-Rear End, Trailing Vehicle"
202304647801,1,70,70,16,3,"South (MD, DE, DC, WV, VA, KY, TN, NC, SC, GA, FL, AL, MS, LA, AR, OK, TX)",2,Rural Area,6,Stratum 6 - LMY PV Minor Injury,138,52.973715032,2,1,January,2,2:00am-2:59am,14,14,12,Motor Vehicle In-Transport,1,Front-to-Rear,2,02,1,Motor Vehicle In-Transport (Inside or Outside the Trafficway),0,No,1G1FB1RS9L01,1G1FB1RS9L01,2020,2020,2020,2020,467,Chevrolet,1829,Camaro,3,Coupe,20,Chevrolet,9,2,"2-door sedan,hardtop,coupe",0,Not Applicable,11,"Class 1: 6,000 lbs. or less (2,722 kg or less)",11,"Class 1: 6,000 lbs. or less (2,722 kg or less)",0,No Trailers,777777777777,No Trailing Units,777777777777,No Trailing Units,777777777777,No Trailing Units,77,No Trailing Units,77,No Trailing Units,77,No Trailing Units,0,Not an Articulated Vehicle,00000000000,Not Applicable,0,Not Applicable,0,Not Applicable,0,Not Applicable,0,Not Applicable (N/A),1,No,0,Not Applicable,0,Not Applicable,0,Not Applicable,0,Not Applicable,0,Not a Bus,0,No Special Use Noted,0,Not Applicable,45,045 MPH,8,Not Reported,0,No Rollover,0,No Rollover,12,12 Clock Point,12,12 Clock Point,6,Disabling Damage,6,Towed,12,Motor Vehicle In-Transport,12,Motor Vehicle In-Transport,0,No or Not Reported,1,Yes,2,Suspected Minor Injury (B),2,Suspected Minor Injury (B),1,1,1,1,2,No Alcohol Involved,2,No Alcohol Involved,20009,Chevrolet Camaro,35404,35404,0,No,1,"Two-Way, Not Divided",6,Six lanes,45,45 MPH,1,Straight,1,Level,1,Dry,0,No Controls,0,No Controls,1,Going Straight,1,Going Straight,62,From opposite direction  over left lane line,16,Braking,1,Tracking,1,Stayed in original travel lane,98,M98-Other Crash Type,998,Other Crash Type
202304647801,2,70,70,16,3,"South (MD, DE, DC, WV, VA, KY, TN, NC, SC, GA, FL, AL, MS, LA, AR, OK, TX)",2,Rural Area,6,Stratum 6 - LMY PV Minor Injury,138,52.973715032,2,1,January,2,2:00am-2:59am,14,14,12,Motor Vehicle In-Transport,1,Front-to-Rear,99,Unknown,1,Motor Vehicle In-Transport (Inside or Outside the Trafficway),1,Yes,999999999999,Reported as Unknown,9999,Unknown,2009,2009,476,Dodge,99999,Unknown,60,Pickup,7,Dodge,499,39,Unknown (pickup style) light conventional truck type,0,Not Applicable,11,"Class 1: 6,000 lbs. or less (2,722 kg or less)",12,"Class 2: 6,001 - 10,000 lbs. (2,722 - 4,536 kg)",0,No Trailers,777777777777,No Trailing Units,777777777777,No Trailing Units,777777777777,No Trailing Units,77,No Trailing Units,77,No Trailing Units,77,No Trailing Units,0,Not an Articulated Vehicle,00000000000,Not Applicable,0,Not Applicable,0,Not Applicable,0,Not Applicable,0,Not Applicable (N/A),1,No,0,Not Applicable,0,Not Applicable,0,Not Applicable,0,Not Applicable,0,Not a Bus,99,Reported as Unknown,0,Not Applicable,999,Reported as Unknown,8,Not Reported,0,No Rollover,0,No Rollover,6,6 Clock Point,6,6 Clock Point,9,Reported as Unknown,5,Not Towed,12,Motor Vehicle In-Transport,12,Motor Vehicle In-Transport,0,No or Not Reported,1,Yes,0,No Apparent Injury (O),0,No Apparent Injury (O),0,No Person Injured in Vehicle,0,No Person Injured in Vehicle,9,Reported as Unknown,2,No Alcohol Involved,7499,Dodge Unknown (light truck),99998,Not Reported,9,Reported as Unknown,1,"Two-Way, Not Divided",6,Six lanes,45,45 MPH,1,Straight,1,Level,1,Dry,0,No Controls,0,No Controls,12,Making a U-turn,12,Making a U-turn,21,Making a U-Turn,99,Unknown/Not Reported,9,Precrash stability unknown,2,"Stayed on roadway, but left original travel lane",98,M98-Other Crash Type,998,Other Crash Type
202304647816,1,70,70,16,3,"South (MD, DE, DC, WV, VA, KY, TN, NC, SC, GA, FL, AL, MS, LA, AR, OK, TX)",2,Rural Area,2,Stratum 2 - Not a MV Occupant Any Injury,137,26.785767508,1,1,January,22,10:00pm-10:59pm,20,20,8,Pedestrian,0,The First Harmful Event was Not a Collision with a Motor Vehicle In-Transport,1,01,1,Motor Vehicle In-Transport (Inside or Outside the Trafficway),0,No,KMHDH4AE4GU6,KMHDH4AE4GU6,2016,2016,2016,2016,498,Hyundai,2735,Elantra,13,Sedan/Saloon,55,Hyundai,35,4,"4-door sedan, hardtop",0,Not Applicable,11,"Class 1: 6,000 lbs. or less (2,722 kg or less)",11,"Class 1: 6,000 lbs. or less (2,722 kg or less)",0,No Trailers,777777777777,No Trailing Units,777777777777,No Trailing Units,777777777777,No Trailing Units,77,No Trailing Units,77,No Trailing Units,77,No Trailing Units,0,Not an Articulated Vehicle,00000000000,Not Applicable,0,Not Applicable,0,Not Applicable,0,Not Applicable,0,Not Applicable (N/A),1,No,0,Not Applicable,0,Not Applicable,0,Not Applicable,0,Not Applicable,0,Not a Bus,0,No Special Use Noted,0,Not Applicable,55,055 MPH,7,Not Applicable,0,No Rollover,0,No Rollover,10,10 Clock Point,10,10 Clock Point,2,Minor Damage,5,Not Towed,8,Pedestrian,8,Pedestrian,0,No or Not Reported,1,Yes,0,No Apparent Injury (O),0,No Apparent Injury (O),0,No Person Injured in Vehicle,0,No Person Injured in Vehicle,2,No Alcohol Involved,2,No Alcohol Involved,55035,Hyundai Elantra,35473,35473,0,No,2,"Two-Way, Divided, Unprotected Median",5,Five lanes,55,55 MPH,1,Straight,1,Level,1,Dry,0,No Controls,0,No Controls,1,Going Straight,1,Going Straight,80,Pedestrian in road,99,Unknown/Not Reported,1,Tracking,1,Stayed in original travel lane,13,C13-Single Driver-Forward Impact-Pedestrian/ Animal,103,Single Driver-Struck Object While Moving Forward
202304647819,1,70,70,16,3,"South (MD, DE, DC, WV, VA, KY, TN, NC, SC, GA, FL, AL, MS, LA, AR, OK, TX)",2,Rural Area,10,Stratum 10 - Other,137,217.74927367,2,1,January,18,6:00pm-6:59pm,57,57,12,Motor Vehicle In-Transport,1,Front-to-Rear,99,Unknown,1,Motor Vehicle In-Transport (Inside or Outside the Trafficway),1,Yes,999999999999,Reported as Unknown,9999,Unknown,2012,2012,99999,Unknown,99999,Unknown,13,Sedan/Saloon,99,Unknown Make,399,8,"Sedan/Hardtop, number of doors unknown",0,Not Applicable,11,"Class 1: 6,000 lbs. or less (2,722 kg or less)",12,"Class 2: 6,001 - 10,000 lbs. (2,722 - 4,536 kg)",0,No Trailers,777777777777,No Trailing Units,777777777777,No Trailing Units,777777777777,No Trailing Units,77,No Trailing Units,77,No Trailing Units,77,No Trailing Units,0,Not an Articulated Vehicle,00000000000,Not Applicable,0,Not Applicable,0,Not Applicable,0,Not Applicable,0,Not Applicable (N/A),1,No,0,Not Applicable,0,Not Applicable,0,Not Applicable,0,Not Applicable,0,Not a Bus,99,Reported as Unknown,0,Not Applicable,999,Reported as Unknown,8,Not Reported,0,No Rollover,0,No Rollover,12,12 Clock Point,12,12 Clock Point,9,Reported as Unknown,5,Not Towed,12,Motor Vehicle In-Transport,12,Motor Vehicle In-Transport,0,No or Not Reported,1,Yes,0,No Apparent Injury (O),0,No Apparent Injury (O),0,No Person Injured in Vehicle,0,No Person Injured in Vehicle,9,Reported as Unknown,2,No Alcohol Involved,99399,Unknown Make Unknown (automobile),99998,Not Reported,0,No,1,"Two-Way, Not Divided",5,Five lanes,45,45 MPH,1,Straight,6,Downhill,2,Wet,0,No Controls,0,No Controls,1,Going Straight,1,Going Straight,52,Traveling in same direction while decelerating,99,Unknown/Not Reported,1,Tracking,1,Stayed in original travel lane,28,"D28-Same Trafficway, Same Direction-Rear End-Decelerating (Slowing)",202,"Same Trafficway, Same Direction-Rear End, Lead Vehicle"
202304647819,2,70,70,16,3,"South (MD, DE, DC, WV, VA, KY, TN, NC, SC, GA, FL, AL, MS, LA, AR, OK, TX)",2,Rural Area,10,Stratum 10 - Other,137,217.74927367,2,1,January,18,6:00pm-6:59pm,57,57,12,Motor Vehicle In-Transport,1,Front-to-Rear,1,01,1,Motor Vehicle In-Transport (Inside or Outside the Trafficway),0,No,1N4AL3AP9JC2,1N4AL3AP9JC2,2018,2018,2018,2018,478,Nissan,1904,Altima,13,Sedan/Saloon,35,Nissan/Datsun,47,4,"4-door sedan, hardtop",0,Not Applicable,11,"Class 1: 6,000 lbs. or less (2,722 kg or less)",11,"Class 1: 6,000 lbs. or less (2,722 kg or less)",0,No Trailers,777777777777,No Trailing Units,777777777777,No Trailing Units,777777777777,No Trailing Units,77,No Trailing Units,77,No Trailing Units,77,No Trailing Units,0,Not an Articulated Vehicle,00000000000,Not Applicable,0,Not Applicable,0,Not Applicable,0,Not Applicable,0,Not Applicable (N/A),1,No,0,Not Applicable,0,Not Applicable,0,Not Applicable,0,Not Applicable,0,Not a Bus,0,No Special Use Noted,0,Not Applicable,45,045 MPH,8,Not Reported,0,No Rollover,0,No Rollover,6,6 Clock Point,6,6 Clock Point,2,Minor Damage,5,Not Towed,12,Motor Vehicle In-Transport,12,Motor Vehicle In-Transport,0,No or Not Reported,1,Yes,0,No Apparent Injury (O),0,No Apparent Injury (O),0,No Person Injured in Vehicle,0,No Person Injured in Vehicle,2,No Alcohol Involved,2,No Alcohol Involved,35047,Nissan/Datsun Altima,35405,35405,0,No,1,"Two-Way, Not Divided",5,Five lanes,45,45 MPH,1,Straight,6,Downhill,2,Wet,0,No Controls,0,No Controls,1,Going Straight,1,Going Straight,78,Encroachment by other vehicle - details unknown,16,Braking,1,Tracking,1,Stayed in original travel lane,29,"D29-Same Trafficway, Same Direction-Rear End-Decelerating (Slowing), Going Straight",201,"Same Trafficway, Same Direction-Rear End, Trailing Vehicle"
202304647833,1,70,70,16,3,"South (MD, DE, DC, WV, VA, KY, TN, NC, SC, GA, FL, AL, MS, LA, AR, OK, TX)",2,Rural Area,9,Stratum 9 - LMY PV No Injuries in Crash,137,138.11173411,2,1,January,11,11:00am-11:59am,32,32,12,Motor Vehicle In-Transport,7,Sideswipe - Same Direction,1,01,1,Motor Vehicle In-Transport (Inside or Outside the Trafficway),0,No,2HNYD18803H5,2HNYD18803H5,2003,2003,2003,2003,475,Acura,2147,MDX,7,Sport Utility Vehicle (SUV)/Multi-Purpose Vehicle (MPV),54,Acura,421,15,"Large utility (ANSI D16.1 Utility Vehicle Categories and ""Full Size"" and ""Large"")",0,Not Applicable,11,"Class 1: 6,000 lbs. or less (2,722 kg or less)",11,"Class 1: 6,000 lbs. or less (2,722 kg or less)",0,No Trailers,777777777777,No Trailing Units,777777777777,No Trailing Units,777777777777,No Trailing Units,77,No Trailing Units,77,No Trailing Units,77,No Trailing Units,0,Not an Articulated Vehicle,00000000000,Not Applicable,0,Not Applicable,0,Not Applicable,0,Not Applicable,0,Not Applicable (N/A),1,No,0,Not Applicable,0,Not Applicable,0,Not Applicable,0,Not Applicable,0,Not a Bus,0,No Special Use Noted,0,Not Applicable,40,040 MPH,0,No Underride or Override,0,No Rollover,0,No Rollover,10,10 Clock Point,10,10 Clock Point,2,Minor Damage,5,Not Towed,12,Motor Vehicle In-Transport,12,Motor Vehicle In-Transport,0,No or Not Reported,1,Yes,0,No Apparent Injury (O),0,No Apparent Injury (O),0,No Person Injured in Vehicle,0,No Person Injured in Vehicle,2,No Alcohol Involved,2,No Alcohol Involved,54421,Acura MDX,36756,36756,0,No,7,"Two-Way Divided, Unknown if Unprotected Median or Positive Median Barrier",5,Five lanes,50,50 MPH,1,Straight,1,Level,2,Wet,0,No Controls,0,No Controls,15,Changing Lanes,15,Changing Lanes,10,Over the lane line on left side of travel lane,99,Unknown/Not Reported,1,Tracking,2,"Stayed on roadway, but left original travel lane",47,"F47-Same Trafficway, Same Direction-Angle, Sideswipe-Changing Lanes to the Left",208,"Same Trafficway, Same Direction-Sideswipe, Angle, Vehicle on Right"
202304647833,2,70,70,16,3,"South (MD, DE, DC, WV, VA, KY, TN, NC, SC, GA, FL, AL, MS, LA, AR, OK, TX)",2,Rural Area,9,Stratum 9 - LMY PV No Injuries in Crash,137,138.11173411,2,1,January,11,11:00am-11:59am,32,32,12,Motor Vehicle In-Transport,7,Sideswipe - Same Direction,1,01,1,Motor Vehicle In-Transport (Inside or Outside the Trafficway),0,No,JM1BPABL0M13,JM1BPABL0M13,2021,2021,2021,2021,473,Mazda,2074,Mazda3,13,Sedan/Saloon,41,Mazda,51,4,"4-door sedan, hardtop",0,Not Applicable,11,"Class 1: 6,000 lbs. or less (2,722 kg or less)",11,"Class 1: 6,000 lbs. or less (2,722 kg or less)",0,No Trailers,777777777777,No Trailing Units,777777777777,No Trailing Units,777777777777,No Trailing Units,77,No Trailing Units,77,No Trailing Units,77,No Trailing Units,0,Not an Articulated Vehicle,00000000000,Not Applicable,0,Not Applicable,0,Not Applicable,0,Not Applicable,0,Not Applicable (N/A),1,No,0,Not Applicable,0,Not Applicable,0,Not Applicable,0,Not Applicable,0,Not a Bus,0,No Special Use Noted,0,Not Applicable,35,035 MPH,0,No Underride or Override,0,No Rollover,0,No Rollover,2,2 Clock Point,2,2 Clock Point,2,Minor Damage,5,Not Towed,12,Motor Vehicle In-Transport,12,Motor Vehicle In-Transport,0,No or Not Reported,1,Yes,0,No Apparent Injury (O),0,No Apparent Injury (O),0,No Person Injured in Vehicle,0,No Person Injured in Vehicle,2,No Alcohol Involved,2,No Alcohol Involved,41051,Mazda Mazda3,35476,35476,0,No,7,"Two-Way Divided, Unknown if Unprotected Median or Positive Median Barrier",5,Five lanes,50,50 MPH,1,Straight,1,Level,2,Wet,0,No Controls,0,No Controls,1,Going Straight,1,Going Straight,61,From adjacent lane (same direction) over right lane line,99,Unknown/Not Reported,1,Tracking,1,Stayed in original travel lane,45,"F45-Same Trafficway, Same Direction-Angle, Sideswipe-Straight Ahead on Left/Right",207,"Same Trafficway, Same Direction-Sideswipe, Angle, Vehicle on Left"
202304647934,1,51,51,10,3,"South (MD, DE, DC, WV, VA, KY, TN, NC, SC, GA, FL, AL, MS, LA, AR, OK, TX)",1,Urban Area,9,Stratum 9 - LMY PV No Injuries in Crash,1078,141.1359637,2,1,January,14,2:00pm-2:59pm,30,30,12,Motor Vehicle In-Transport,7,Sideswipe - Same Direction,2,02,1,Motor Vehicle In-Transport (Inside or Outside the Trafficway),0,No,3KPA24AD8LE3,3KPA24AD8LE3,2020,2020,2020,2020,499,Kia,2299,Rio,13,Sedan/Saloon,63,KIA,32,4,"4-door sedan, hardtop",0,Not Applicable,11,"Class 1: 6,000 lbs. or less (2,722 kg or less)",11,"Class 1: 6,000 lbs. or less (2,722 kg or less)",0,No Trailers,777777777777,No Trailing Units,777777777777,No Trailing Units,777777777777,No Trailing Units,77,No Trailing Units,77,No Trailing Units,77,No Trailing Units,0,Not an Articulated Vehicle,00000000000,Not Applicable,0,Not Applicable,0,Not Applicable,0,Not Applicable,0,Not Applicable (N/A),1,No,0,Not Applicable,0,Not Applicable,0,Not Applicable,0,Not Applicable,0,Not a Bus,0,No Special Use Noted,0,Not Applicable,998,Not Reported,8,Not Reported,0,No Rollover,0,No Rollover,10,10 Clock Point,10,10 Clock Point,2,Minor Damage,5,Not Towed,12,Motor Vehicle In-Transport,12,Motor Vehicle In-Transport,0,No or Not Reported,1,Yes,0,No Apparent Injury (O),0,No Apparent Injury (O),0,No Person Injured in Vehicle,0,No Person Injured in Vehicle,2,No Alcohol Involved,2,No Alcohol Involved,63032,KIA Rio/Rio5,11230,11230,0,No,2,"Two-Way, Divided, Unprotected Median",3,Three lanes,98,Not Reported,1,Straight,1,Level,1,Dry,3,Traffic control signal(on colors) not known whether or not Pedestrian Signal,3,Device Functioning Properly,11,Turning Left,11,Turning Left,10,Over the lane line on left side of travel lane,1,No Avoidance Maneuver,1,Tracking,2,"Stayed on roadway, but left original travel lane",98,M98-Other Crash Type,998,Other Crash Type
202304647934,2,51,51,10,3,"South (MD, DE, DC, WV, VA, KY, TN, NC, SC, GA, FL, AL, MS, LA, AR, OK, TX)",1,Urban Area,9,Stratum 9 - LMY PV No Injuries in Crash,1078,141.1359637,2,1,January,14,2:00pm-2:59pm,30,30,12,Motor Vehicle In-Transport,7,Sideswipe - Same Direction,2,02,1,Motor Vehicle In-Transport (Inside or Outside the Trafficway),0,No,2GCEC19J0812,2GCEC19J0812,2008,2008,2008,2008,467,Chevrolet,1850,Silverado,60,Pickup,20,Chevrolet,481,34,Light Pickup,0,Not Applicable,12,"Class 2: 6,001 - 10,000 lbs. (2,722 - 4,536 kg)",12,"Class 2: 6,001 - 10,000 lbs. (2,722 - 4,536 kg)",0,No Trailers,777777777777,No Trailing Units,777777777777,No Trailing Units,777777777777,No Trailing Units,77,No Trailing Units,77,No Trailing Units,77,No Trailing Units,0,Not an Articulated Vehicle,00000000000,Not Applicable,0,Not Applicable,0,Not Applicable,0,Not Applicable,0,Not Applicable (N/A),1,No,0,Not Applicable,0,Not Applicable,0,Not Applicable,0,Not Applicable,0,Not a Bus,0,No Special Use Noted,0,Not Applicable,998,Not Reported,8,Not Reported,0,No Rollover,0,No Rollover,1,1 Clock Point,1,1 Clock Point,2,Minor Damage,5,Not Towed,12,Motor Vehicle In-Transport,12,Motor Vehicle In-Transport,0,No or Not Reported,1,Yes,0,No Apparent Injury (O),0,No Apparent Injury (O),0,No Person Injured in Vehicle,0,No Person Injured in Vehicle,2,No Alcohol Involved,2,No Alcohol Involved,20481,"Chevrolet C, K, R, V-series pickup/Silverado",70068,70068,0,No,2,"Two-Way, Divided, Unprotected Median",3,Three lanes,98,Not Reported,1,Straight,1,Level,1,Dry,3,Traffic control signal(on colors) not known whether or not Pedestrian Signal,3,Device Functioning Properly,11,Turning Left,11,Turning Left,61,From adjacent lane (same direction) over right lane line,1,No Avoidance Maneuver,1,Tracking,1,Stayed in original travel lane,98,M98-Other Crash Type,998,Other Crash Type
202304647937,1,51,51,10,3,"South (MD, DE, DC, WV, VA, KY, TN, NC, SC, GA, FL, AL, MS, LA, AR, OK, TX)",1,Urban Area,10,Stratum 10 - Other,1079,225.61733964,2,1,January,14,2:00pm-2:59pm,14,14,12,Motor Vehicle In-Transport,1,Front-to-Rear,99,Unknown,1,Motor Vehicle In-Transport (Inside or Outside the Trafficway),1,Yes,999999999999,Reported as Unknown,9999,Unknown,2022,2022,99999,Unknown,99999,Unknown,60,Pickup,99,Unknown Make,499,39,Unknown (pickup style) light conventional truck type,0,Not Applicable,11,"Class 1: 6,000 lbs. or less (2,722 kg or less)",12,"Class 2: 6,001 - 10,000 lbs. (2,722 - 4,536 kg)",0,No Trailers,777777777777,No Trailing Units,777777777777,No Trailing Units,777777777777,No Trailing Units,77,No Trailing Units,77,No Trailing Units,77,No Trailing Units,0,Not an Articulated Vehicle,00000000000,Not Applicable,0,Not Applicable,0,Not Applicable,0,Not Applicable,0,Not Applicable (N/A),1,No,0,Not Applicable,0,Not Applicable,0,Not Applicable,0,Not Applicable,0,Not a Bus,99,Reported as Unknown,9,Reported as Unknown,998,Not Reported,8,Not Reported,0,No Rollover,0,No Rollover,12,12 Clock Point,12,12 Clock Point,8,Not Reported,5,Not Towed,12,Motor Vehicle In-Transport,12,Motor Vehicle In-Transport,0,No or Not Reported,1,Yes,0,No Apparent Injury (O),0,No Apparent Injury (O),0,No Person Injured in Vehicle,0,No Person Injured in Vehicle,9,Reported as Unknown,1,Alcohol Involved,99499,Unknown Make Unknown (light truck),99998,Not Reported,9,Reported as Unknown,2,"Two-Way, Divided, Unprotected Median",3,Three lanes,40,40 MPH,1,Straight,1,Level,1,Dry,0,No Controls,0,No Controls,1,Going Straight,1,Going Straight,51,Traveling in same direction with lower steady speed,99,Unknown/Not Reported,1,Tracking,1,Stayed in original travel lane,24,"D24-Same Trafficway, Same Direction-Rear End-Slower",202,"Same Trafficway, Same Direction-Rear End, Lead Vehicle"
202304647937,2,51,51,10,3,"South (MD, DE, DC, WV, VA, KY, TN, NC, SC, GA, FL, AL, MS, LA, AR, OK, TX)",1,Urban Area,10,Stratum 10 - Other,1079,225.61733964,2,1,January,14,2:00pm-2:59pm,14,14,12,Motor Vehicle In-Transport,1,Front-to-Rear,1,01,1,Motor Vehicle In-Transport (Inside or Outside the Trafficway),0,No,JN8AS5MTXDW5,JN8AS5MTXDW5,2013,2013,2013,2013,478,Nissan,1913,Rogue,8,Crossover Utility Vehicle (CUV),35,Nissan/Datsun,51,6,Station Wagon (excluding van and truck based),0,Not Applicable,11,"Class 1: 6,000 lbs. or less (2,722 kg or less)",11,"Class 1: 6,000 lbs. or less (2,722 kg or less)",0,No Trailers,777777777777,No Trailing Units,777777777777,No Trailing Units,777777777777,No Trailing Units,77,No Trailing Units,77,No Trailing Units,77,No Trailing Units,0,Not an Articulated Vehicle,00000000000,Not Applicable,0,Not Applicable,0,Not Applicable,0,Not Applicable,0,Not Applicable (N/A),1,No,0,Not Applicable,0,Not Applicable,0,Not Applicable,0,Not Applicable,0,Not a Bus,0,No Special Use Noted,0,Not Applicable,998,Not Reported,8,Not Reported,0,No Rollover,0,No Rollover,6,6 Clock Point,6,6 Clock Point,2,Minor Damage,5,Not Towed,12,Motor Vehicle In-Transport,12,Motor Vehicle In-Transport,0,No or Not Reported,1,Yes,0,No Apparent Injury (O),0,No Apparent Injury (O),0,No Person Injured in Vehicle,0,No Person Injured in Vehicle,2,No Alcohol Involved,2,No Alcohol Involved,35051,"Nissan/Datsun Rogue (For 2008-2018 only.  For model years 2019 on, see 35-404.)",70719,70719,0,No,2,"Two-Way, Divided, Unprotected Median",3,Three lanes,40,40 MPH,1,Straight,1,Level,1,Dry,0,No Controls,0,No Controls,10,Turning Right,10,Turning Right,53,Traveling in same direction with higher speed,1,No Avoidance Maneuver,1,Tracking,1,Stayed in original travel lane,27,"D27-Same Trafficway, Same Direction-Rear End-Slower, Going Right",201,"Same Trafficway, Same Direction-Rear End, Trailing Vehicle"
202304648019,1,59,59,10,3,"South (MD, DE, DC, WV, VA, KY, TN, NC, SC, GA, FL, AL, MS, LA, AR, OK, TX)",1,Urban Area,10,Stratum 10 - Other,4137,222.57657535,2,1,January,8,8:00am-8:59am,15,15,12,Motor Vehicle In-Transport,6,Angle,1,01,1,Motor Vehicle In-Transport (Inside or Outside the Trafficway),0,No,1FDSE35L14HA,1FDSE35L14HA,2004,2004,2004,2004,460,Ford,1818,E-350,62,Incomplete - Cutaway,12,Ford,461,21,"Large Van-Includes van-based buses (B150-B350, Sportsman, Royal Maxiwagon, Ram, Tradesman,...)",9,Van,12,"Class 2: 6,001 - 10,000 lbs. (2,722 - 4,536 kg)",12,"Class 2: 6,001 - 10,000 lbs. (2,722 - 4,536 kg)",0,No Trailers,777777777777,No Trailing Units,777777777777,No Trailing Units,777777777777,No Trailing Units,77,No Trailing Units,77,No Trailing Units,77,No Trailing Units,0,Not an Articulated Vehicle,00000000000,Not Applicable,0,Not Applicable,0,Not Applicable,0,Not Applicable,0,Not Applicable (N/A),1,No,0,Not Applicable,0,Not Applicable,0,Not Applicable,0,Not Applicable,0,Not a Bus,0,No Special Use Noted,0,Not Applicable,25,025 MPH,8,Not Reported,0,No Rollover,0,No Rollover,12,12 Clock Point,12,12 Clock Point,2,Minor Damage,5,Not Towed,12,Motor Vehicle In-Transport,12,Motor Vehicle In-Transport,0,No or Not Reported,1,Yes,0,No Apparent Injury (O),0,No Apparent Injury (O),0,No Person Injured in Vehicle,0,No Person Injured in Vehicle,2,No Alcohol Involved,2,No Alcohol Involved,12461,Ford E-Series Van/Econoline,33142,33142,0,No,1,"Two-Way, Not Divided",8,Not Reported,35,35 MPH,1,Straight,1,Level,98,Not Reported,20,Stop Sign,3,Device Functioning Properly,1,Going Straight,1,Going Straight,17,Crossing Over (Passing Through) Junction,99,Unknown/Not Reported,1,Tracking,1,Stayed in original travel lane,88,L88-Intersecting Paths-Straight Paths-Striking from the Left,503,"Intersecting Paths-Straight Paths, Striking from the Left"
202304648019,2,59,59,10,3,"South (MD, DE, DC, WV, VA, KY, TN, NC, SC, GA, FL, AL, MS, LA, AR, OK, TX)",1,Urban Area,10,Stratum 10 - Other,4137,222.57657535,2,1,January,8,8:00am-8:59am,15,15,12,Motor Vehicle In-Transport,6,Angle,1,01,1,Motor Vehicle In-Transport (Inside or Outside the Trafficway),0,No,2GKALMEK8D62,2GKALMEK8D62,2013,2013,2013,2013,472,GMC,1858,Terrain,7,Sport Utility Vehicle (SUV)/Multi-Purpose Vehicle (MPV),23,GMC,402,14,"Compact Utility (Utility Vehicle Categories ""Small"" and ""Midsize"")",0,Not Applicable,11,"Class 1: 6,000 lbs. or less (2,722 kg or less)",11,"Class 1: 6,000 lbs. or less (2,722 kg or less)",0,No Trailers,777777777777,No Trailing Units,777777777777,No Trailing Units,777777777777,No Trailing Units,77,No Trailing Units,77,No Trailing Units,77,No Trailing Units,0,Not an Articulated Vehicle,00000000000,Not Applicable,0,Not Applicable,0,Not Applicable,0,Not Applicable,0,Not Applicable (N/A),1,No,0,Not Applicable,0,Not Applicable,0,Not Applicable,0,Not Applicable,0,Not a Bus,0,No Special Use Noted,0,Not Applicable,25,025 MPH,8,Not Reported,0,No Rollover,0,No Rollover,63,Left-Back Side,63,Left-Back Side,2,Minor Damage,5,Not Towed,12,Motor Vehicle In-Transport,12,Motor Vehicle In-Transport,0,No or Not Reported,1,Yes,0,No Apparent Injury (O),0,No Apparent Injury (O),0,No Person Injured in Vehicle,0,No Person Injured in Vehicle,2,No Alcohol Involved,2,No Alcohol Involved,23402,GMC Terrain,33127,33127,0,No,1,"Two-Way, Not Divided",8,Not Reported,35,35 MPH,1,Straight,1,Level,1,Dry,0,No Controls,0,No Controls,1,Going Straight,1,Going Straight,66,"From crossing street, across path",99,Unknown/Not Reported,1,Tracking,1,Stayed in original travel lane,89,L89-Intersecting Paths-Straight Paths-Struck on the left,504,"Intersecting Paths-Straight Paths, Struck on the Left"
202304648066,1,20,20,25,4,"West (MT, ID, WA, OR, CA, NV, NM, AZ, UT, CO, WY, AK, HI)",2,Rural Area,10,Stratum 10 - Other,4140,213.05441116,1,1,January,6,6:00am-6:59am,20,20,59,Traffic Sign Support,0,The First Harmful Event was Not a Collision with a Motor Vehicle In-Transport,1,01,1,Motor Vehicle In-Transport (Inside or Outside the Trafficway),0,No,2D4RN5DG8BR7,2D4RN5DG8BR7,2011,2011,2011,2011,476,Dodge,14832,Grand Caravan,2,Minivan,7,Dodge,442,20,"Minivan (Chrysler Town and Country, Caravan, Grand Caravan, Voyager, Voyager, Honda-Odyssey, ...)",0,Not Applicable,12,"Class 2: 6,001 - 10,000 lbs. (2,722 - 4,536 kg)",12,"Class 2: 6,001 - 10,000 lbs. (2,722 - 4,536 kg)",0,No Trailers,777777777777,No Trailing Units,777777777777,No Trailing Units,777777777777,No Trailing Units,77,No Trailing Units,77,No Trailing Units,77,No Trailing Units,0,Not an Articulated Vehicle,00000000000,Not Applicable,0,Not Applicable,0,Not Applicable,0,Not Applicable,0,Not Applicable (N/A),1,No,0,Not Applicable,0,Not Applicable,0,Not Applicable,0,Not Applicable,0,Not a Bus,0,No Special Use Noted,0,Not Applicable,25,025 MPH,7,Not Applicable,0,No Rollover,0,No Rollover,2,2 Clock Point,2,2 Clock Point,4,Functional Damage,5,Not Towed,59,Traffic Sign Support,59,Traffic Sign Support,0,No or Not Reported,1,Yes,0,No Apparent Injury (O),0,No Apparent Injury (O),0,No Person Injured in Vehicle,0,No Person Injured in Vehicle,2,No Alcohol Involved,2,No Alcohol Involved,7442,Dodge Caravan/Grand Caravan,84321,84321,4,"Yes, Too Fast for Conditions",1,"Two-Way, Not Divided",2,Two lanes,98,Not Reported,1,Straight,6,Downhill,3,Snow,20,Stop Sign,3,Device Functioning Properly,11,Turning Left,11,Turning Left,6,Traveling Too Fast for Conditions or Road Configuration,9,Braking and steering right,2,Skidding longitudinally  rotation less than 30 degrees,4,Departed roadway,2,A2-Single Driver-Right Roadside Departure-Control/Traction Loss,101,Single Driver-Right Roadside Departure
202304648074,1,20,20,25,4,"West (MT, ID, WA, OR, CA, NV, NM, AZ, UT, CO, WY, AK, HI)",2,Rural Area,6,Stratum 6 - LMY PV Minor Injury,4140,52.300328546,2,1,January,13,1:00pm-1:59pm,6,6,12,Motor Vehicle In-Transport,6,Angle,2,02,1,Motor Vehicle In-Transport (Inside or Outside the Trafficway),0,No,KM8R5DHE1LU1,KM8R5DHE1LU1,2020,2020,2020,2020,498,Hyundai,25847,Palisade,7,Sport Utility Vehicle (SUV)/Multi-Purpose Vehicle (MPV),55,Hyundai,422,15,"Large utility (ANSI D16.1 Utility Vehicle Categories and ""Full Size"" and ""Large"")",0,Not Applicable,11,"Class 1: 6,000 lbs. or less (2,722 kg or less)",11,"Class 1: 6,000 lbs. or less (2,722 kg or less)",0,No Trailers,777777777777,No Trailing Units,777777777777,No Trailing Units,777777777777,No Trailing Units,77,No Trailing Units,77,No Trailing Units,77,No Trailing Units,0,Not an Articulated Vehicle,00000000000,Not Applicable,0,Not Applicable,0,Not Applicable,0,Not Applicable,0,Not Applicable (N/A),1,No,0,Not Applicable,0,Not Applicable,0,Not Applicable,0,Not Applicable,0,Not a Bus,0,No Special Use Noted,0,Not Applicable,5,005 MPH,8,Not Reported,0,No Rollover,0,No Rollover,10,10 Clock Point,10,10 Clock Point,6,Disabling Damage,6,Towed,12,Motor Vehicle In-Transport,12,Motor Vehicle In-Transport,0,No or Not Reported,1,Yes,1,Possible Injury (C),1,Possible Injury (C),2,2,2,2,2,No Alcohol Involved,2,No Alcohol Involved,55422,Hyundai Palisade,83713,83713,0,No,1,"Two-Way, Not Divided",8,Not Reported,98,Not Reported,1,Straight,1,Level,98,Not Reported,20,Stop Sign,3,Device Functioning Properly,1,Going Straight,1,Going Straight,17,Crossing Over (Passing Through) Junction,99,Unknown/Not Reported,1,Tracking,1,Stayed in original travel lane,89,L89-Intersecting Paths-Straight Paths-Struck on the left,504,"Intersecting Paths-Straight Paths, Struck on the Left"
202304648074,2,20,20,25,4,"West (MT, ID, WA, OR, CA, NV, NM, AZ, UT, CO, WY, AK, HI)",2,Rural Area,6,Stratum 6 - LMY PV Minor Injury,4140,52.300328546,2,1,January,13,1:00pm-1:59pm,6,6,12,Motor Vehicle In-Transport,6,Angle,1,01,1,Motor Vehicle In-Transport (Inside or Outside the Trafficway),0,No,JTND4MBE5N31,JTND4MBE5N31,2022,2022,2022,2022,448,Toyota,2208,Corolla,5,Hatchback/Liftback/Notchback,49,Toyota,32,5,5-door/4-door hatchback,0,Not Applicable,11,"Class 1: 6,000 lbs. or less (2,722 kg or less)",11,"Class 1: 6,000 lbs. or less (2,722 kg or less)",0,No Trailers,777777777777,No Trailing Units,777777777777,No Trailing Units,777777777777,No Trailing Units,77,No Trailing Units,77,No Trailing Units,77,No Trailing Units,0,Not an Articulated Vehicle,00000000000,Not Applicable,0,Not Applicable,0,Not Applicable,0,Not Applicable,0,Not Applicable (N/A),1,No,0,Not Applicable,0,Not Applicable,0,Not Applicable,0,Not Applicable,0,Not a Bus,0,No Special Use Noted,0,Not Applicable,30,030 MPH,8,Not Reported,0,No Rollover,0,No Rollover,12,12 Clock Point,12,12 Clock Point,6,Disabling Damage,6,Towed,12,Motor Vehicle In-Transport,12,Motor Vehicle In-Transport,0,No or Not Reported,1,Yes,1,Possible Injury (C),1,Possible Injury (C),1,1,1,1,2,No Alcohol Involved,2,No Alcohol Involved,49032,Toyota Corolla,25177,25177,0,No,1,"Two-Way, Not Divided",8,Not Reported,98,Not Reported,1,Straight,1,Level,1,Dry,0,No Controls,0,No Controls,1,Going Straight,1,Going Straight,66,"From crossing street, across path",99,Unknown/Not Reported,1,Tracking,1,Stayed in original travel lane,88,L88-Intersecting Paths-Straight Paths-Striking from the Left,503,"Intersecting Paths-Straight Paths, Striking from the Left"
202304648080,1,20,20,25,4,"West (MT, ID, WA, OR, CA, NV, NM, AZ, UT, CO, WY, AK, HI)",2,Rural Area,10,Stratum 10 - Other,4140,213.05441116,1,1,January,20,8:00pm-8:59pm,0,0,57,Cable Barrier,0,The First Harmful Event was Not a Collision with a Motor Vehicle In-Transport,1,01,1,Motor Vehicle In-Transport (Inside or Outside the Trafficway),0,No,2D4RN4DE6AR3,2D4RN4DE6AR3,2010,2010,2010,2010,476,Dodge,14832,Grand Caravan,2,Minivan,7,Dodge,442,20,"Minivan (Chrysler Town and Country, Caravan, Grand Caravan, Voyager, Voyager, Honda-Odyssey, ...)",0,Not Applicable,12,"Class 2: 6,001 - 10,000 lbs. (2,722 - 4,536 kg)",12,"Class 2: 6,001 - 10,000 lbs. (2,722 - 4,536 kg)",0,No Trailers,777777777777,No Trailing Units,777777777777,No Trailing Units,777777777777,No Trailing Units,77,No Trailing Units,77,No Trailing Units,77,No Trailing Units,0,Not an Articulated Vehicle,00000000000,Not Applicable,0,Not Applicable,0,Not Applicable,0,Not Applicable,0,Not Applicable (N/A),1,No,0,Not Applicable,0,Not Applicable,0,Not Applicable,0,Not Applicable,0,Not a Bus,0,No Special Use Noted,0,Not Applicable,998,Not Reported,7,Not Applicable,0,No Rollover,0,No Rollover,11,11 Clock Point,11,11 Clock Point,4,Functional Damage,6,Towed,57,Cable Barrier,57,Cable Barrier,0,No or Not Reported,1,Yes,0,No Apparent Injury (O),0,No Apparent Injury (O),0,No Person Injured in Vehicle,0,No Person Injured in Vehicle,9,Reported as Unknown,2,No Alcohol Involved,7442,Dodge Caravan/Grand Caravan,83301,83301,4,"Yes, Too Fast for Conditions",3,"Two-Way,  Divided, Positive  Median Barrier",2,Two lanes,98,Not Reported,1,Straight,8,Not Reported,3,Snow,0,No Controls,0,No Controls,1,Going Straight,1,Going Straight,6,Traveling Too Fast for Conditions or Road Configuration,99,Unknown/Not Reported,2,Skidding longitudinally  rotation less than 30 degrees,4,Departed roadway,7,B7-Single Driver-Left Roadside Departure-Control/Traction Loss,102,Single Driver-Left Roadside Departure
202304648083,1,20,20,25,4,"West (MT, ID, WA, OR, CA, NV, NM, AZ, UT, CO, WY, AK, HI)",2,Rural Area,9,Stratum 9 - LMY PV No Injuries in Crash,4140,136.40667472,2,1,January,19,7:00pm-7:59pm,12,12,12,Motor Vehicle In-Transport,6,Angle,1,01,1,Motor Vehicle In-Transport (Inside or Outside the Trafficway),0,No,1C4RJFBGXJC1,1C4RJFBGXJC1,2018,2018,2018,2018,483,Jeep,1949,Grand Cherokee,7,Sport Utility Vehicle (SUV)/Multi-Purpose Vehicle (MPV),2,Jeep / Kaiser-Jeep / Willys- Jeep,422,15,"Large utility (ANSI D16.1 Utility Vehicle Categories and ""Full Size"" and ""Large"")",0,Not Applicable,12,"Class 2: 6,001 - 10,000 lbs. (2,722 - 4,536 kg)",12,"Class 2: 6,001 - 10,000 lbs. (2,722 - 4,536 kg)",0,No Trailers,777777777777,No Trailing Units,777777777777,No Trailing Units,777777777777,No Trailing Units,77,No Trailing Units,77,No Trailing Units,77,No Trailing Units,0,Not an Articulated Vehicle,00000000000,Not Applicable,0,Not Applicable,0,Not Applicable,0,Not Applicable,0,Not Applicable (N/A),1,No,0,Not Applicable,0,Not Applicable,0,Not Applicable,0,Not Applicable,0,Not a Bus,0,No Special Use Noted,0,Not Applicable,5,005 MPH,0,No Underride or Override,0,No Rollover,0,No Rollover,12,12 Clock Point,12,12 Clock Point,4,Functional Damage,5,Not Towed,12,Motor Vehicle In-Transport,12,Motor Vehicle In-Transport,0,No or Not Reported,1,Yes,0,No Apparent Injury (O),0,No Apparent Injury (O),0,No Person Injured in Vehicle,0,No Person Injured in Vehicle,2,No Alcohol Involved,2,No Alcohol Involved,2422,Jeep / Kaiser-Jeep / Willys- Jeep Grand Cherokee (For 2014 on.  Use model 404 for model years prior to 2013.),84341,84341,0,No,2,"Two-Way, Divided, Unprotected Median",1,One lane,98,Not Reported,2,Curve - Right,1,Level,1,Dry,21,Yield Sign,3,Device Functioning Properly,14,Negotiating a Curve,14,Negotiating a Curve,17,Crossing Over (Passing Through) Junction,99,Unknown/Not Reported,1,Tracking,1,Stayed in original travel lane,86,L86-Intersecting Paths-Straight Paths-Striking from the Right,501,"Intersecting Paths-Straight Paths, Striking from the Right"
202304648083,2,20,20,25,4,"West (MT, ID, WA, OR, CA, NV, NM, AZ, UT, CO, WY, AK, HI)",2,Rural Area,9,Stratum 9 - LMY PV No Injuries in Crash,4140,136.40667472,2,1,January,19,7:00pm-7:59pm,12,12,12,Motor Vehicle In-Transport,6,Angle,1,01,1,Motor Vehicle In-Transport (Inside or Outside the Trafficway),0,No,5NMJFCAEXPH1,5NMJFCAEXPH1,2023,2023,2023,2023,498,Hyundai,2058,Tucson,7,Sport Utility Vehicle (SUV)/Multi-Purpose Vehicle (MPV),55,Hyundai,402,14,"Compact Utility (Utility Vehicle Categories ""Small"" and ""Midsize"")",0,Not Applicable,11,"Class 1: 6,000 lbs. or less (2,722 kg or less)",11,"Class 1: 6,000 lbs. or less (2,722 kg or less)",0,No Trailers,777777777777,No Trailing Units,777777777777,No Trailing Units,777777777777,No Trailing Units,77,No Trailing Units,77,No Trailing Units,77,No Trailing Units,0,Not an Articulated Vehicle,00000000000,Not Applicable,0,Not Applicable,0,Not Applicable,0,Not Applicable,0,Not Applicable (N/A),1,No,0,Not Applicable,0,Not Applicable,0,Not Applicable,0,Not Applicable,0,Not a Bus,0,No Special Use Noted,0,Not Applicable,20,020 MPH,0,No Underride or Override,0,No Rollover,0,No Rollover,4,4 Clock Point,4,4 Clock Point,4,Functional Damage,5,Not Towed,12,Motor Vehicle In-Transport,12,Motor Vehicle In-Transport,0,No or Not Reported,1,Yes,0,No Apparent Injury (O),0,No Apparent Injury (O),0,No Person Injured in Vehicle,0,No Person Injured in Vehicle,2,No Alcohol Involved,2,No Alcohol Involved,55402,Hyundai Tucson,84318,84318,0,No,2,"Two-Way, Divided, Unprotected Median",2,Two lanes,98,Not Reported,3,Curve - Left,1,Level,1,Dry,0,No Controls,0,No Controls,14,Negotiating a Curve,14,Negotiating a Curve,68,"From crossing street, intended path not known",99,Unknown/Not Reported,1,Tracking,1,Stayed in original travel lane,87,L87-Intersecting Paths-Straight Paths-Struck on the Right,502,"Intersecting Paths-Straight Paths, Struck on the Right"
202304648097,1,20,20,25,4,"West (MT, ID, WA, OR, CA, NV, NM, AZ, UT, CO, WY, AK, HI)",2,Rural Area,10,Stratum 10 - Other,4140,213.05441116,1,1,January,17,5:00pm-5:59pm,2,2,1,Rollover/Overturn,0,The First Harmful Event was Not a Collision with a Motor Vehicle In-Transport,1,01,1,Motor Vehicle In-Transport (Inside or Outside the Trafficway),0,No,1GCHK23D66F2,1GCHK23D66F2,2006,2006,2006,2006,467,Chevrolet,1850,Silverado,60,Pickup,20,Chevrolet,481,34,Light Pickup,0,Not Applicable,12,"Class 2: 6,001 - 10,000 lbs. (2,722 - 4,536 kg)",12,"Class 2: 6,001 - 10,000 lbs. (2,722 - 4,536 kg)",1,One Trailer,888888888888,Not Reported,777777777777,No Trailing Units,777777777777,No Trailing Units,98,Not Reported,77,No Trailing Units,77,No Trailing Units,2,Yes - First Event,88888888888,,88,,888888888,,4,Truck Pulling Trailer(s),98,Unknown Cargo Body Type,1,No,0,Not Applicable,0,Not Applicable,0,Not Applicable,0,Not Applicable,0,Not a Bus,0,No Special Use Noted,0,Not Applicable,60,060 MPH,7,Not Applicable,3,Rollover,5,On Roadside,0,Non-Collision,0,Non-Collision,6,Disabling Damage,6,Towed,1,Rollover/Overturn,1,Rollover/Overturn,0,No or Not Reported,1,Yes,0,No Apparent Injury (O),0,No Apparent Injury (O),0,No Person Injured in Vehicle,0,No Person Injured in Vehicle,9,Reported as Unknown,2,No Alcohol Involved,20481,"Chevrolet C, K, R, V-series pickup/Silverado",84015,84015,0,No,3,"Two-Way,  Divided, Positive  Median Barrier",2,Two lanes,98,Not Reported,3,Curve - Left,8,Not Reported,3,Snow,0,No Controls,0,No Controls,14,Negotiating a Curve,14,Negotiating a Curve,6,Traveling Too Fast for Conditions or Road Configuration,99,Unknown/Not Reported,2,Skidding longitudinally  rotation less than 30 degrees,4,Departed roadway,2,A2-Single Driver-Right Roadside Departure-Control/Traction Loss,101,Single Driver-Right Roadside Departure
202304648101,1,20,20,25,4,"West (MT, ID, WA, OR, CA, NV, NM, AZ, UT, CO, WY, AK, HI)",2,Rural Area,8,Stratum 8 - NLMY PV Minor Injury,4140,129.93710653,1,1,January,8,8:00am-8:59am,53,53,35,Embankment,0,The First Harmful Event was Not a Collision with a Motor Vehicle In-Transport,1,01,1,Motor Vehicle In-Transport (Inside or Outside the Trafficway),0,No,1VWCN7A30EC0,1VWCN7A30EC0,2014,2014,2014,2014,482,Volkswagen,3134,Passat,13,Sedan/Saloon,30,Volkswagen,46,4,"4-door sedan, hardtop",0,Not Applicable,11,"Class 1: 6,000 lbs. or less (2,722 kg or less)",11,"Class 1: 6,000 lbs. or less (2,722 kg or less)",0,No Trailers,777777777777,No Trailing Units,777777777777,No Trailing Units,777777777777,No Trailing Units,77,No Trailing Units,77,No Trailing Units,77,No Trailing Units,0,Not an Articulated Vehicle,00000000000,Not Applicable,0,Not Applicable,0,Not Applicable,0,Not Applicable,0,Not Applicable (N/A),1,No,0,Not Applicable,0,Not Applicable,0,Not Applicable,0,Not Applicable,0,Not a Bus,0,No Special Use Noted,0,Not Applicable,80,080 MPH,7,Not Applicable,3,Rollover,5,On Roadside,5,5 Clock Point,5,5 Clock Point,4,Functional Damage,6,Towed,1,Rollover/Overturn,1,Rollover/Overturn,0,No or Not Reported,1,Yes,1,Possible Injury (C),1,Possible Injury (C),1,1,1,1,9,Reported as Unknown,2,No Alcohol Involved,30046,Volkswagen Passat (CC - 2008 thru 2011; see 052 for 2012 on),98240,98240,4,"Yes, Too Fast for Conditions",2,"Two-Way, Divided, Unprotected Median",2,Two lanes,98,Not Reported,2,Curve - Right,8,Not Reported,10,Slush,0,No Controls,0,No Controls,14,Negotiating a Curve,14,Negotiating a Curve,6,Traveling Too Fast for Conditions or Road Configuration,99,Unknown/Not Reported,2,Skidding longitudinally  rotation less than 30 degrees,4,Departed roadway,2,A2-Single Driver-Right Roadside Departure-Control/Traction Loss,101,Single Driver-Right Roadside Departure
202304648111,1,20,20,25,4,"West (MT, ID, WA, OR, CA, NV, NM, AZ, UT, CO, WY, AK, HI)",2,Rural Area,9,Stratum 9 - LMY PV No Injuries in Crash,4140,136.40667472,2,1,January,12,12:00pm-12:59pm,31,31,12,Motor Vehicle In-Transport,1,Front-to-Rear,1,01,1,Motor Vehicle In-Transport (Inside or Outside the Trafficway),0,No,888888888888,Not Reported,2012,2012,2012,2012,474,Honda,1863,Civic,999,Unknown,37,Honda,31,9,Other or Unknown automobile type,0,Not Applicable,11,"Class 1: 6,000 lbs. or less (2,722 kg or less)",12,"Class 2: 6,001 - 10,000 lbs. (2,722 - 4,536 kg)",0,No Trailers,777777777777,No Trailing Units,777777777777,No Trailing Units,777777777777,No Trailing Units,77,No Trailing Units,77,No Trailing Units,77,No Trailing Units,0,Not an Articulated Vehicle,00000000000,Not Applicable,0,Not Applicable,0,Not Applicable,0,Not Applicable,0,Not Applicable (N/A),1,No,0,Not Applicable,0,Not Applicable,0,Not Applicable,0,Not Applicable,0,Not a Bus,0,No Special Use Noted,0,Not Applicable,30,030 MPH,0,No Underride or Override,0,No Rollover,0,No Rollover,12,12 Clock Point,12,12 Clock Point,6,Disabling Damage,6,Towed,12,Motor Vehicle In-Transport,12,Motor Vehicle In-Transport,0,No or Not Reported,1,Yes,0,No Apparent Injury (O),0,No Apparent Injury (O),0,No Person Injured in Vehicle,0,No Person Injured in Vehicle,2,No Alcohol Involved,2,No Alcohol Involved,37031,"Honda Civic/CRX, del Sol",84337,84337,0,No,1,"Two-Way, Not Divided",5,Five lanes,98,Not Reported,1,Straight,1,Level,1,Dry,0,No Controls,0,No Controls,1,Going Straight,1,Going Straight,50,Other vehicle stopped,16,Braking,1,Tracking,1,Stayed in original travel lane,20,"D20-Same Trafficway, Same Direction-Rear End-Stopped",202,"Same Trafficway, Same Direction-Rear End, Lead Vehicle"
202304648111,2,20,20,25,4,"West (MT, ID, WA, OR, CA, NV, NM, AZ, UT, CO, WY, AK, HI)",2,Rural Area,9,Stratum 9 - LMY PV No Injuries in Crash,4140,136.40667472,2,1,January,12,12:00pm-12:59pm,31,31,12,Motor Vehicle In-Transport,1,Front-to-Rear,1,01,1,Motor Vehicle In-Transport (Inside or Outside the Trafficway),0,No,1GCUYDED9LZ2,1GCUYDED9LZ2,2020,2020,2020,2020,467,Chevrolet,1850,Silverado,60,Pickup,20,Chevrolet,481,34,Light Pickup,0,Not Applicable,12,"Class 2: 6,001 - 10,000 lbs. (2,722 - 4,536 kg)",12,"Class 2: 6,001 - 10,000 lbs. (2,722 - 4,536 kg)",0,No Trailers,777777777777,No Trailing Units,777777777777,No Trailing Units,777777777777,No Trailing Units,77,No Trailing Units,77,No Trailing Units,77,No Trailing Units,0,Not an Articulated Vehicle,00000000000,Not Applicable,0,Not Applicable,0,Not Applicable,0,Not Applicable,0,Not Applicable (N/A),1,No,0,Not Applicable,0,Not Applicable,0,Not Applicable,0,Not Applicable,0,Not a Bus,0,No Special Use Noted,0,Not Applicable,0,Stopped Motor Vehicle In- Transport,0,No Underride or Override,0,No Rollover,0,No Rollover,6,6 Clock Point,6,6 Clock Point,2,Minor Damage,5,Not Towed,12,Motor Vehicle In-Transport,12,Motor Vehicle In-Transport,0,No or Not Reported,1,Yes,0,No Apparent Injury (O),0,No Apparent Injury (O),0,No Person Injured in Vehicle,0,No Person Injured in Vehicle,2,No Alcohol Involved,2,No Alcohol Involved,20481,"Chevrolet C, K, R, V-series pickup/Silverado",84326,84326,0,No,1,"Two-Way, Not Divided",5,Five lanes,98,Not Reported,1,Straight,1,Level,1,Dry,0,No Controls,0,No Controls,5,Stopped in Roadway,5,Stopped in Roadway,53,Traveling in same direction with higher speed,1,No Avoidance Maneuver,1,Tracking,1,Stayed in original travel lane,21,"D21-Same Trafficway, Same Direction-Rear End-Stopped, Straight",201,"Same Trafficway, Same Direction-Rear End, Trailing Vehicle"
202304648113,1,20,20,25,4,"West (MT, ID, WA, OR, CA, NV, NM, AZ, UT, CO, WY, AK, HI)",2,Rural Area,7,Stratum 7 - M/H Truck or Bus,4140,153.11569408,2,1,January,12,12:00pm-12:59pm,0,0,12,Motor Vehicle In-Transport,1,Front-to-Rear,1,01,1,Motor Vehicle In-Transport (Inside or Outside the Trafficway),0,No,JT4VN13D8P51,JT4VN13D8P51,1993,1993,1993,1993,448,Toyota,14263,Pick-Up,60,Pickup,49,Toyota,471,34,Light Pickup,0,Not Applicable,11,"Class 1: 6,000 lbs. or less (2,722 kg or less)",11,"Class 1: 6,000 lbs. or less (2,722 kg or less)",0,No Trailers,777777777777,No Trailing Units,777777777777,No Trailing Units,777777777777,No Trailing Units,77,No Trailing Units,77,No Trailing Units,77,No Trailing Units,0,Not an Articulated Vehicle,00000000000,Not Applicable,0,Not Applicable,0,Not Applicable,0,Not Applicable,0,Not Applicable (N/A),1,No,0,Not Applicable,0,Not Applicable,0,Not Applicable,0,Not Applicable,0,Not a Bus,0,No Special Use Noted,0,Not Applicable,998,Not Reported,8,Not Reported,0,No Rollover,0,No Rollover,6,6 Clock Point,6,6 Clock Point,2,Minor Damage,5,Not Towed,12,Motor Vehicle In-Transport,12,Motor Vehicle In-Transport,0,No or Not Reported,1,Yes,0,No Apparent Injury (O),0,No Apparent Injury (O),0,No Person Injured in Vehicle,0,No Person Injured in Vehicle,2,No Alcohol Involved,2,No Alcohol Involved,49471,Toyota Pickup,84321,84321,0,No,0,Non-Trafficway or Driveway Access,0,Non-Trafficway or Driveway Access,0,No Statutory Limit/Non-Trafficway or Driveway Access,0,Non-Trafficway or Driveway Access,0,Non-Trafficway or Driveway Access,0,Non-Trafficway or Driveway Access,0,No Controls,0,No Controls,13,Backing Up (other than for Parking Position),13,Backing Up (other than for Parking Position),20,Backing,99,Unknown/Not Reported,1,Tracking,1,Stayed in original travel lane,92,M92-Backing-Backing Veh.,992,Backing Vehicle
202304648113,2,20,20,25,4,"West (MT, ID, WA, OR, CA, NV, NM, AZ, UT, CO, WY, AK, HI)",2,Rural Area,7,Stratum 7 - M/H Truck or Bus,4140,153.11569408,2,1,January,12,12:00pm-12:59pm,0,0,12,Motor Vehicle In-Transport,1,Front-to-Rear,0,,1,Motor Vehicle In-Transport (Inside or Outside the Trafficway),0,No,1FT8W3BT1LED,1FT8W3BT1LED,2020,2020,2020,2020,460,Ford,1806,F-350,60,Pickup,12,Ford,880,67,"Medium/heavy Pickup (GVWR greater than 10,000 lbs.)",0,Not Applicable,13,"Class 3: 10,001 - 14,000 lbs. (4,536 - 6,350 kg)",13,"Class 3: 10,001 - 14,000 lbs. (4,536 - 6,350 kg)",1,One Trailer,888888888888,Not Reported,777777777777,No Trailing Units,777777777777,No Trailing Units,98,Not Reported,77,No Trailing Units,77,No Trailing Units,1,No,88888888888,,88,,888888888,,4,Truck Pulling Trailer(s),1,Van/Enclosed Box,1,No,0,Not Applicable,0,Not Applicable,0,Not Applicable,0,Not Applicable,0,Not a Bus,0,No Special Use Noted,0,Not Applicable,0,Stopped Motor Vehicle In- Transport,8,Not Reported,0,No Rollover,0,No Rollover,12,12 Clock Point,12,12 Clock Point,2,Minor Damage,5,Not Towed,12,Motor Vehicle In-Transport,12,Motor Vehicle In-Transport,0,No or Not Reported,0,No Driver Present/Not Applicable,8,No person involved,8,No person involved,98,No Person involved in the Vehicle,0,No Person Injured in Vehicle,8,No Driver Present,2,No Alcohol Involved,12880,"Ford Medium/Heavy Pickup (pickup-style only - over 10,000 lbs)",99997,No Driver Present/Unknown if Driver Present,8,No Driver Present/Unknown if Driver Present,1,"Two-Way, Not Divided",8,Not Reported,98,Not Reported,1,Straight,6,Downhill,98,Not Reported,0,No Controls,0,No Controls,0,No Driver Present / Unknown if Driver Present,0,No Driver Present / Unknown if Driver Present,73,"From driveway, intended path not known",0,No Driver Present / Unknown if Driver Present,0,No Driver Present / Unknown if Driver Present,0,No Driver Present / Unknown if Driver Present,93,M93-Backing-Other Vehicle,993,Other Vehicle
202304648121,1,20,20,25,4,"West (MT, ID, WA, OR, CA, NV, NM, AZ, UT, CO, WY, AK, HI)",2,Rural Area,10,Stratum 10 - Other,4140,213.05441116,2,1,January,13,1:00pm-1:59pm,35,35,12,Motor Vehicle In-Transport,6,Angle,1,01,1,Motor Vehicle In-Transport (Inside or Outside the Trafficway),0,No,3C4NJDDB0JT4,3C4NJDDB0JT4,2018,2018,2018,2018,483,Jeep,1946,Compass,7,Sport Utility Vehicle (SUV)/Multi-Purpose Vehicle (MPV),2,Jeep / Kaiser-Jeep / Willys- Jeep,1,6,Station Wagon (excluding van and truck based),0,Not Applicable,11,"Class 1: 6,000 lbs. or less (2,722 kg or less)",11,"Class 1: 6,000 lbs. or less (2,722 kg or less)",0,No Trailers,777777777777,No Trailing Units,777777777777,No Trailing Units,777777777777,No Trailing Units,77,No Trailing Units,77,No Trailing Units,77,No Trailing Units,0,Not an Articulated Vehicle,00000000000,Not Applicable,0,Not Applicable,0,Not Applicable,0,Not Applicable,0,Not Applicable (N/A),1,No,0,Not Applicable,0,Not Applicable,0,Not Applicable,0,Not Applicable,0,Not a Bus,0,No Special Use Noted,0,Not Applicable,10,010 MPH,8,Not Reported,0,No Rollover,0,No Rollover,12,12 Clock Point,12,12 Clock Point,2,Minor Damage,5,Not Towed,12,Motor Vehicle In-Transport,12,Motor Vehicle In-Transport,0,No or Not Reported,1,Yes,0,No Apparent Injury (O),0,No Apparent Injury (O),0,No Person Injured in Vehicle,0,No Person Injured in Vehicle,2,No Alcohol Involved,2,No Alcohol Involved,2001,Jeep / Kaiser-Jeep / Willys- Jeep Compass,84321,84321,0,No,1,"Two-Way, Not Divided",8,Not Reported,98,Not Reported,1,Straight,1,Level,2,Wet,21,Yield Sign,3,Device Functioning Properly,1,Going Straight,1,Going Straight,17,Crossing Over (Passing Through) Junction,1,No Avoidance Maneuver,1,Tracking,1,Stayed in original travel lane,88,L88-Intersecting Paths-Straight Paths-Striking from the Left,503,"Intersecting Paths-Straight Paths, Striking from the Left"
202304648121,2,20,20,25,4,"West (MT, ID, WA, OR, CA, NV, NM, AZ, UT, CO, WY, AK, HI)",2,Rural Area,10,Stratum 10 - Other,4140,213.05441116,2,1,January,13,1:00pm-1:59pm,35,35,12,Motor Vehicle In-Transport,6,Angle,3,03,1,Motor Vehicle In-Transport (Inside or Outside the Trafficway),0,No,3FA6P0HD1ER3,3FA6P0HD1ER3,2014,2014,2014,2014,460,Ford,1780,Fusion,13,Sedan/Saloon,12,Ford,23,4,"4-door sedan, hardtop",0,Not Applicable,11,"Class 1: 6,000 lbs. or less (2,722 kg or less)",11,"Class 1: 6,000 lbs. or less (2,722 kg or less)",0,No Trailers,777777777777,No Trailing Units,777777777777,No Trailing Units,777777777777,No Trailing Units,77,No Trailing Units,77,No Trailing Units,77,No Trailing Units,0,Not an Articulated Vehicle,00000000000,Not Applicable,0,Not Applicable,0,Not Applicable,0,Not Applicable,0,Not Applicable (N/A),1,No,0,Not Applicable,0,Not Applicable,0,Not Applicable,0,Not Applicable,0,Not a Bus,0,No Special Use Noted,0,Not Applicable,25,025 MPH,8,Not Reported,0,No Rollover,0,No Rollover,7,7 Clock Point,7,7 Clock Point,2,Minor Damage,5,Not Towed,12,Motor Vehicle In-Transport,12,Motor Vehicle In-Transport,0,No or Not Reported,1,Yes,0,No Apparent Injury (O),0,No Apparent Injury (O),0,No Person Injured in Vehicle,0,No Person Injured in Vehicle,2,No Alcohol Involved,2,No Alcohol Involved,12023,Ford Fusion,84335,84335,0,No,1,"Two-Way, Not Divided",8,Not Reported,98,Not Reported,1,Straight,1,Level,2,Wet,0,No Controls,0,No Controls,1,Going Straight,1,Going Straight,66,"From crossing street, across path",99,Unknown/Not Reported,1,Tracking,1,Stayed in original travel lane,89,L89-Intersecting Paths-Straight Paths-Struck on the left,504,"Intersecting Paths-Straight Paths, Struck on the Left"
202304648129,1,20,20,25,4,"West (MT, ID, WA, OR, CA, NV, NM, AZ, UT, CO, WY, AK, HI)",2,Rural Area,8,Stratum 8 - NLMY PV Minor Injury,4140,129.93710653,1,1,January,15,3:00pm-3:59pm,17,17,48,Snow Bank,0,The First Harmful Event was Not a Collision with a Motor Vehicle In-Transport,1,01,1,Motor Vehicle In-Transport (Inside or Outside the Trafficway),0,No,1YVHP84C465M,1YVHP84C465M,2006,2006,2006,2006,473,Mazda,2078,Mazda6,5,Hatchback/Liftback/Notchback,41,Mazda,50,5,5-door/4-door hatchback,0,Not Applicable,11,"Class 1: 6,000 lbs. or less (2,722 kg or less)",11,"Class 1: 6,000 lbs. or less (2,722 kg or less)",0,No Trailers,777777777777,No Trailing Units,777777777777,No Trailing Units,777777777777,No Trailing Units,77,No Trailing Units,77,No Trailing Units,77,No Trailing Units,0,Not an Articulated Vehicle,00000000000,Not Applicable,0,Not Applicable,0,Not Applicable,0,Not Applicable,0,Not Applicable (N/A),1,No,0,Not Applicable,0,Not Applicable,0,Not Applicable,0,Not Applicable,0,Not a Bus,0,No Special Use Noted,0,Not Applicable,70,070 MPH,7,Not Applicable,3,Rollover,5,On Roadside,12,12 Clock Point,12,12 Clock Point,6,Disabling Damage,6,Towed,1,Rollover/Overturn,1,Rollover/Overturn,0,No or Not Reported,1,Yes,2,Suspected Minor Injury (B),2,Suspected Minor Injury (B),1,1,1,1,9,Reported as Unknown,2,No Alcohol Involved,41050,Mazda Mazda6,84067,84067,4,"Yes, Too Fast for Conditions",3,"Two-Way,  Divided, Positive  Median Barrier",2,Two lanes,98,Not Reported,1,Straight,8,Not Reported,10,Slush,0,No Controls,0,No Controls,1,Going Straight,1,Going Straight,6,Traveling Too Fast for Conditions or Road Configuration,99,Unknown/Not Reported,3,Skidding laterally clockwise rotation,4,Departed roadway,2,A2-Single Driver-Right Roadside Departure-Control/Traction Loss,101,Single Driver-Right Roadside Departure
202304648138,1,20,20,25,4,"West (MT, ID, WA, OR, CA, NV, NM, AZ, UT, CO, WY, AK, HI)",2,Rural Area,10,Stratum 10 - Other,4140,213.05441116,1,1,January,8,8:00am-8:59am,29,29,24,Guardrail Face,0,The First Harmful Event was Not a Collision with a Motor Vehicle In-Transport,1,01,1,Motor Vehicle In-Transport (Inside or Outside the Trafficway),0,No,1D7HU18246S7,1D7HU18246S7,2006,2006,2006,2006,476,Dodge,1938,Ram,60,Pickup,7,Dodge,482,34,Light Pickup,0,Not Applicable,12,"Class 2: 6,001 - 10,000 lbs. (2,722 - 4,536 kg)",12,"Class 2: 6,001 - 10,000 lbs. (2,722 - 4,536 kg)",0,No Trailers,777777777777,No Trailing Units,777777777777,No Trailing Units,777777777777,No Trailing Units,77,No Trailing Units,77,No Trailing Units,77,No Trailing Units,0,Not an Articulated Vehicle,00000000000,Not Applicable,0,Not Applicable,0,Not Applicable,0,Not Applicable,0,Not Applicable (N/A),1,No,0,Not Applicable,0,Not Applicable,0,Not Applicable,0,Not Applicable,0,Not a Bus,0,No Special Use Noted,0,Not Applicable,45,045 MPH,7,Not Applicable,0,No Rollover,0,No Rollover,12,12 Clock Point,12,12 Clock Point,4,Functional Damage,5,Not Towed,24,Guardrail Face,24,Guardrail Face,0,No or Not Reported,1,Yes,0,No Apparent Injury (O),0,No Apparent Injury (O),0,No Person Injured in Vehicle,0,No Person Injured in Vehicle,9,Reported as Unknown,2,No Alcohol Involved,7482,Dodge Ram Pickup,84340,84340,4,"Yes, Too Fast for Conditions",1,"Two-Way, Not Divided",2,Two lanes,98,Not Reported,1,Straight,8,Not Reported,4,Ice/Frost,0,No Controls,0,No Controls,1,Going Straight,1,Going Straight,5,"Suddenly Encountered Poor Road Conditions (Puddle, Pothole, Ice, Etc.) (Specify:)",99,Unknown/Not Reported,2,Skidding longitudinally  rotation less than 30 degrees,4,Departed roadway,2,A2-Single Driver-Right Roadside Departure-Control/Traction Loss,101,Single Driver-Right Roadside Departure
202304648167,1,12,12,12,3,"South (MD, DE, DC, WV, VA, KY, TN, NC, SC, GA, FL, AL, MS, LA, AR, OK, TX)",1,Urban Area,9,Stratum 9 - LMY PV No Injuries in Crash,4142,141.83585636,2,1,January,9,9:00am-9:59am,26,26,12,Motor Vehicle In-Transport,1,Front-to-Rear,99,Unknown,1,Motor Vehicle In-Transport (Inside or Outside the Trafficway),1,Yes,1FTER4EH1LLA,1FTER4EH1LLA,2020,2020,2020,2020,460,Ford,1803,Ranger,60,Pickup,12,Ford,471,34,Light Pickup,0,Not Applicable,12,"Class 2: 6,001 - 10,000 lbs. (2,722 - 4,536 kg)",12,"Class 2: 6,001 - 10,000 lbs. (2,722 - 4,536 kg)",0,No Trailers,777777777777,No Trailing Units,777777777777,No Trailing Units,777777777777,No Trailing Units,77,No Trailing Units,77,No Trailing Units,77,No Trailing Units,0,Not an Articulated Vehicle,00000000000,Not Applicable,0,Not Applicable,0,Not Applicable,0,Not Applicable,0,Not Applicable (N/A),1,No,0,Not Applicable,0,Not Applicable,0,Not Applicable,0,Not Applicable,0,Not a Bus,0,No Special Use Noted,0,Not Applicable,998,Not Reported,8,Not Reported,0,No Rollover,0,No Rollover,12,12 Clock Point,12,12 Clock Point,2,Minor Damage,5,Not Towed,12,Motor Vehicle In-Transport,12,Motor Vehicle In-Transport,0,No or Not Reported,1,Yes,9,Unknown/Not Reported,0,No Apparent Injury (O),99,All Persons in Vehicle are unknown if Injured,0,No Person Injured in Vehicle,9,Reported as Unknown,2,No Alcohol Involved,12471,Ford Ranger,99998,Not Reported,0,No,1,"Two-Way, Not Divided",3,Three lanes,30,30 MPH,1,Straight,1,Level,1,Dry,3,Traffic control signal(on colors) not known whether or not Pedestrian Signal,3,Device Functioning Properly,1,Going Straight,1,Going Straight,50,Other vehicle stopped,99,Unknown/Not Reported,1,Tracking,1,Stayed in original travel lane,20,"D20-Same Trafficway, Same Direction-Rear End-Stopped",202,"Same Trafficway, Same Direction-Rear End, Lead Vehicle"
202304648167,2,12,12,12,3,"South (MD, DE, DC, WV, VA, KY, TN, NC, SC, GA, FL, AL, MS, LA, AR, OK, TX)",1,Urban Area,9,Stratum 9 - LMY PV No Injuries in Crash,4142,141.83585636,2,1,January,9,9:00am-9:59am,26,26,12,Motor Vehicle In-Transport,1,Front-to-Rear,1,01,1,Motor Vehicle In-Transport (Inside or Outside the Trafficway),0,No,1GKS1BKC2GR4,1GKS1BKC2GR4,2016,2016,2016,2016,472,GMC,1859,Yukon,7,Sport Utility Vehicle (SUV)/Multi-Purpose Vehicle (MPV),23,GMC,421,15,"Large utility (ANSI D16.1 Utility Vehicle Categories and ""Full Size"" and ""Large"")",0,Not Applicable,12,"Class 2: 6,001 - 10,000 lbs. (2,722 - 4,536 kg)",12,"Class 2: 6,001 - 10,000 lbs. (2,722 - 4,536 kg)",0,No Trailers,777777777777,No Trailing Units,777777777777,No Trailing Units,777777777777,No Trailing Units,77,No Trailing Units,77,No Trailing Units,77,No Trailing Units,0,Not an Articulated Vehicle,00000000000,Not Applicable,0,Not Applicable,0,Not Applicable,0,Not Applicable,0,Not Applicable (N/A),1,No,0,Not Applicable,0,Not Applicable,0,Not Applicable,0,Not Applicable,0,Not a Bus,0,No Special Use Noted,0,Not Applicable,0,Stopped Motor Vehicle In- Transport,8,Not Reported,0,No Rollover,0,No Rollover,6,6 Clock Point,6,6 Clock Point,2,Minor Damage,5,Not Towed,12,Motor Vehicle In-Transport,12,Motor Vehicle In-Transport,0,No or Not Reported,1,Yes,1,Possible Injury (C),1,Possible Injury (C),1,1,1,1,2,No Alcohol Involved,2,No Alcohol Involved,23421,GMC Fullsize Jimmy/Yukon,33626,33626,0,No,1,"Two-Way, Not Divided",3,Three lanes,30,30 MPH,1,Straight,1,Level,1,Dry,3,Traffic control signal(on colors) not known whether or not Pedestrian Signal,3,Device Functioning Properly,5,Stopped in Roadway,5,Stopped in Roadway,53,Traveling in same direction with higher speed,1,No Avoidance Maneuver,1,Tracking,1,Stayed in original travel lane,21,"D21-Same Trafficway, Same Direction-Rear End-Stopped, Straight",201,"Same Trafficway, Same Direction-Rear End, Trailing Vehicle"
202304648234,1,78,78,10,3,"South (MD, DE, DC, WV, VA, KY, TN, NC, SC, GA, FL, AL, MS, LA, AR, OK, TX)",1,Urban Area,7,Stratum 7 - M/H Truck or Bus,4146,159.73638376,3,1,January,8,8:00am-8:59am,45,45,12,Motor Vehicle In-Transport,1,Front-to-Rear,1,01,1,Motor Vehicle In-Transport (Inside or Outside the Trafficway),0,No,1FDWW36F21EA,1FDWW36F21EA,2001,2001,2001,2001,460,Ford,1806,F-350,74,Incomplete - Chassis Cab (Number of Cab Unknown),12,Ford,881,61,"Single-unit straight truck or Cab-Chassis (GVWR range 10,001 to 19,500 lbs.)",60,Pickup,13,"Class 3: 10,001 - 14,000 lbs. (4,536 - 6,350 kg)",13,"Class 3: 10,001 - 14,000 lbs. (4,536 - 6,350 kg)",1,One Trailer,888888888888,Not Reported,777777777777,No Trailing Units,777777777777,No Trailing Units,98,Not Reported,77,No Trailing Units,77,No Trailing Units,1,No,88888888888,,88,,888888888,,4,Truck Pulling Trailer(s),3,Flatbed,1,No,0,Not Applicable,0,Not Applicable,0,Not Applicable,0,Not Applicable,0,Not a Bus,0,No Special Use Noted,0,Not Applicable,15,015 MPH,8,Not Reported,0,No Rollover,0,No Rollover,12,12 Clock Point,12,12 Clock Point,2,Minor Damage,5,Not Towed,12,Motor Vehicle In-Transport,12,Motor Vehicle In-Transport,0,No or Not Reported,1,Yes,0,No Apparent Injury (O),0,No Apparent Injury (O),0,No Person Injured in Vehicle,0,No Person Injured in Vehicle,2,No Alcohol Involved,2,No Alcohol Involved,12881,Ford Medium/Heavy - CBE,33973,33973,0,No,7,"Two-Way Divided, Unknown if Unprotected Median or Positive Median Barrier",4,Four lanes,45,45 MPH,1,Straight,1,Level,1,Dry,0,No Controls,0,No Controls,2,Decelerating in Road,2,Decelerating in Road,50,Other vehicle stopped,99,Unknown/Not Reported,1,Tracking,1,Stayed in original travel lane,20,"D20-Same Trafficway, Same Direction-Rear End-Stopped",202,"Same Trafficway, Same Direction-Rear End, Lead Vehicle"
202304648234,2,78,78,10,3,"South (MD, DE, DC, WV, VA, KY, TN, NC, SC, GA, FL, AL, MS, LA, AR, OK, TX)",1,Urban Area,7,Stratum 7 - M/H Truck or Bus,4146,159.73638376,3,1,January,8,8:00am-8:59am,45,45,12,Motor Vehicle In-Transport,1,Front-to-Rear,1,01,1,Motor Vehicle In-Transport (Inside or Outside the Trafficway),0,No,1GNKRGKD2EJ2,1GNKRGKD2EJ2,2014,2014,2014,2014,467,Chevrolet,1853,Traverse,7,Sport Utility Vehicle (SUV)/Multi-Purpose Vehicle (MPV),20,Chevrolet,423,15,"Large utility (ANSI D16.1 Utility Vehicle Categories and ""Full Size"" and ""Large"")",0,Not Applicable,12,"Class 2: 6,001 - 10,000 lbs. (2,722 - 4,536 kg)",12,"Class 2: 6,001 - 10,000 lbs. (2,722 - 4,536 kg)",0,No Trailers,777777777777,No Trailing Units,777777777777,No Trailing Units,777777777777,No Trailing Units,77,No Trailing Units,77,No Trailing Units,77,No Trailing Units,0,Not an Articulated Vehicle,00000000000,Not Applicable,0,Not Applicable,0,Not Applicable,0,Not Applicable,0,Not Applicable (N/A),1,No,0,Not Applicable,0,Not Applicable,0,Not Applicable,0,Not Applicable,0,Not a Bus,0,No Special Use Noted,0,Not Applicable,0,Stopped Motor Vehicle In- Transport,8,Not Reported,0,No Rollover,0,No Rollover,6,6 Clock Point,6,6 Clock Point,2,Minor Damage,5,Not Towed,12,Motor Vehicle In-Transport,12,Motor Vehicle In-Transport,0,No or Not Reported,1,Yes,1,Possible Injury (C),1,Possible Injury (C),1,1,1,1,2,No Alcohol Involved,2,No Alcohol Involved,20423,Chevrolet Traverse (2013 on.  For 2009-2012 see model 024.),33901,33901,0,No,7,"Two-Way Divided, Unknown if Unprotected Median or Positive Median Barrier",4,Four lanes,45,45 MPH,1,Straight,1,Level,1,Dry,0,No Controls,0,No Controls,5,Stopped in Roadway,5,Stopped in Roadway,53,Traveling in same direction with higher speed,1,No Avoidance Maneuver,1,Tracking,1,Stayed in original travel lane,21,"D21-Same Trafficway, Same Direction-Rear End-Stopped, Straight",201,"Same Trafficway, Same Direction-Rear End, Trailing Vehicle"
202304648234,3,78,78,10,3,"South (MD, DE, DC, WV, VA, KY, TN, NC, SC, GA, FL, AL, MS, LA, AR, OK, TX)",1,Urban Area,7,Stratum 7 - M/H Truck or Bus,4146,159.73638376,3,1,January,8,8:00am-8:59am,45,45,12,Motor Vehicle In-Transport,1,Front-to-Rear,1,01,1,Motor Vehicle In-Transport (Inside or Outside the Trafficway),0,No,4T1KZ1AK1MU0,4T1KZ1AK1MU0,2021,2021,2021,2021,448,Toyota,2469,Camry,13,Sedan/Saloon,49,Toyota,40,4,"4-door sedan, hardtop",0,Not Applicable,11,"Class 1: 6,000 lbs. or less (2,722 kg or less)",11,"Class 1: 6,000 lbs. or less (2,722 kg or less)",0,No Trailers,777777777777,No Trailing Units,777777777777,No Trailing Units,777777777777,No Trailing Units,77,No Trailing Units,77,No Trailing Units,77,No Trailing Units,0,Not an Articulated Vehicle,00000000000,Not Applicable,0,Not Applicable,0,Not Applicable,0,Not Applicable,0,Not Applicable (N/A),1,No,0,Not Applicable,0,Not Applicable,0,Not Applicable,0,Not Applicable,0,Not a Bus,0,No Special Use Noted,0,Not Applicable,0,Stopped Motor Vehicle In- Transport,8,Not Reported,0,No Rollover,0,No Rollover,6,6 Clock Point,6,6 Clock Point,2,Minor Damage,5,Not Towed,12,Motor Vehicle In-Transport,12,Motor Vehicle In-Transport,0,No or Not Reported,1,Yes,0,No Apparent Injury (O),0,No Apparent Injury (O),0,No Person Injured in Vehicle,0,No Person Injured in Vehicle,2,No Alcohol Involved,2,No Alcohol Involved,49040,Toyota Camry,33990,33990,0,No,7,"Two-Way Divided, Unknown if Unprotected Median or Positive Median Barrier",4,Four lanes,45,45 MPH,1,Straight,1,Level,1,Dry,0,No Controls,0,No Controls,5,Stopped in Roadway,5,Stopped in Roadway,53,Traveling in same direction with higher speed,1,No Avoidance Maneuver,1,Tracking,1,Stayed in original travel lane,98,M98-Other Crash Type,998,Other Crash Type
202304648255,1,78,78,10,3,"South (MD, DE, DC, WV, VA, KY, TN, NC, SC, GA, FL, AL, MS, LA, AR, OK, TX)",1,Urban Area,9,Stratum 9 - LMY PV No Injuries in Crash,4146,141.59880277,2,1,January,16,4:00pm-4:59pm,56,56,12,Motor Vehicle In-Transport,7,Sideswipe - Same Direction,1,01,1,Motor Vehicle In-Transport (Inside or Outside the Trafficway),0,No,5YFEPRAE2LP0,5YFEPRAE2LP0,2020,2020,2020,2020,448,Toyota,2208,Corolla,13,Sedan/Saloon,49,Toyota,32,4,"4-door sedan, hardtop",0,Not Applicable,11,"Class 1: 6,000 lbs. or less (2,722 kg or less)",11,"Class 1: 6,000 lbs. or less (2,722 kg or less)",0,No Trailers,777777777777,No Trailing Units,777777777777,No Trailing Units,777777777777,No Trailing Units,77,No Trailing Units,77,No Trailing Units,77,No Trailing Units,0,Not an Articulated Vehicle,00000000000,Not Applicable,0,Not Applicable,0,Not Applicable,0,Not Applicable,0,Not Applicable (N/A),1,No,0,Not Applicable,0,Not Applicable,0,Not Applicable,0,Not Applicable,0,Not a Bus,0,No Special Use Noted,0,Not Applicable,45,045 MPH,0,No Underride or Override,0,No Rollover,0,No Rollover,3,3 Clock Point,3,3 Clock Point,2,Minor Damage,5,Not Towed,12,Motor Vehicle In-Transport,12,Motor Vehicle In-Transport,0,No or Not Reported,1,Yes,0,No Apparent Injury (O),0,No Apparent Injury (O),0,No Person Injured in Vehicle,0,No Person Injured in Vehicle,2,No Alcohol Involved,2,No Alcohol Involved,49032,Toyota Corolla,34116,34116,0,No,7,"Two-Way Divided, Unknown if Unprotected Median or Positive Median Barrier",8,Not Reported,45,45 MPH,1,Straight,1,Level,1,Dry,0,No Controls,0,No Controls,15,Changing Lanes,15,Changing Lanes,11,Over the lane line on right side of travel lane,99,Unknown/Not Reported,1,Tracking,2,"Stayed on roadway, but left original travel lane",46,"F46-Same Trafficway, Same Direction-Angle, Sideswipe-Changing Lanes to the Right",207,"Same Trafficway, Same Direction-Sideswipe, Angle, Vehicle on Left"
202304648255,2,78,78,10,3,"South (MD, DE, DC, WV, VA, KY, TN, NC, SC, GA, FL, AL, MS, LA, AR, OK, TX)",1,Urban Area,9,Stratum 9 - LMY PV No Injuries in Crash,4146,141.59880277,2,1,January,16,4:00pm-4:59pm,56,56,12,Motor Vehicle In-Transport,7,Sideswipe - Same Direction,1,01,1,Motor Vehicle In-Transport (Inside or Outside the Trafficway),0,No,JTDKN3DU1A00,JTDKN3DU1A00,2010,2010,2010,2010,448,Toyota,2209,PRIUS,5,Hatchback/Liftback/Notchback,49,Toyota,46,5,5-door/4-door hatchback,0,Not Applicable,11,"Class 1: 6,000 lbs. or less (2,722 kg or less)",11,"Class 1: 6,000 lbs. or less (2,722 kg or less)",0,No Trailers,777777777777,No Trailing Units,777777777777,No Trailing Units,777777777777,No Trailing Units,77,No Trailing Units,77,No Trailing Units,77,No Trailing Units,0,Not an Articulated Vehicle,00000000000,Not Applicable,0,Not Applicable,0,Not Applicable,0,Not Applicable,0,Not Applicable (N/A),1,No,0,Not Applicable,0,Not Applicable,0,Not Applicable,0,Not Applicable,0,Not a Bus,0,No Special Use Noted,0,Not Applicable,45,045 MPH,0,No Underride or Override,0,No Rollover,0,No Rollover,9,9 Clock Point,9,9 Clock Point,2,Minor Damage,5,Not Towed,12,Motor Vehicle In-Transport,12,Motor Vehicle In-Transport,0,No or Not Reported,1,Yes,0,No Apparent Injury (O),0,No Apparent Injury (O),0,No Person Injured in Vehicle,0,No Person Injured in Vehicle,2,No Alcohol Involved,2,No Alcohol Involved,49046,Toyota Prius *,34120,34120,0,No,7,"Two-Way Divided, Unknown if Unprotected Median or Positive Median Barrier",8,Not Reported,45,45 MPH,1,Straight,1,Level,1,Dry,0,No Controls,0,No Controls,1,Going Straight,1,Going Straight,61,From adjacent lane (same direction) over right lane line,99,Unknown/Not Reported,1,Tracking,1,Stayed in original travel lane,45,"F45-Same Trafficway, Same Direction-Angle, Sideswipe-Straight Ahead on Left/Right",208,"Same Trafficway, Same Direction-Sideswipe, Angle, Vehicle on Right"
202304648273,1,77,77,9,2,"Midwest (OH, IN, IL, MI, WI, MN, ND, SD, NE, IA, MO, KS)",2,Rural Area,10,Stratum 10 - Other,4151,217.37927863,2,1,January,19,7:00pm-7:59pm,59,59,12,Motor Vehicle In-Transport,1,Front-to-Rear,2,02,1,Motor Vehicle In-Transport (Inside or Outside the Trafficway),0,No,1GCGK13U53F1,1GCGK13U53F1,2003,2003,2003,2003,467,Chevrolet,1850,Silverado,60,Pickup,20,Chevrolet,481,34,Light Pickup,0,Not Applicable,12,"Class 2: 6,001 - 10,000 lbs. (2,722 - 4,536 kg)",12,"Class 2: 6,001 - 10,000 lbs. (2,722 - 4,536 kg)",0,No Trailers,777777777777,No Trailing Units,777777777777,No Trailing Units,777777777777,No Trailing Units,77,No Trailing Units,77,No Trailing Units,77,No Trailing Units,0,Not an Articulated Vehicle,00000000000,Not Applicable,0,Not Applicable,0,Not Applicable,0,Not Applicable,0,Not Applicable (N/A),1,No,0,Not Applicable,0,Not Applicable,0,Not Applicable,0,Not Applicable,0,Not a Bus,0,No Special Use Noted,0,Not Applicable,998,Not Reported,0,No Underride or Override,0,No Rollover,0,No Rollover,12,12 Clock Point,12,12 Clock Point,4,Functional Damage,5,Not Towed,12,Motor Vehicle In-Transport,12,Motor Vehicle In-Transport,0,No or Not Reported,1,Yes,0,No Apparent Injury (O),0,No Apparent Injury (O),0,No Person Injured in Vehicle,0,No Person Injured in Vehicle,9,Reported as Unknown,2,No Alcohol Involved,20481,"Chevrolet C, K, R, V-series pickup/Silverado",99998,Not Reported,0,No,1,"Two-Way, Not Divided",2,Two lanes,50,50 MPH,1,Straight,1,Level,11,"Mud, Dirt or Gravel",0,No Controls,0,No Controls,1,Going Straight,1,Going Straight,56,Backing,99,Unknown/Not Reported,1,Tracking,1,Stayed in original travel lane,93,M93-Backing-Other Vehicle,993,Other Vehicle
202304648273,2,77,77,9,2,"Midwest (OH, IN, IL, MI, WI, MN, ND, SD, NE, IA, MO, KS)",2,Rural Area,10,Stratum 10 - Other,4151,217.37927863,2,1,January,19,7:00pm-7:59pm,59,59,12,Motor Vehicle In-Transport,1,Front-to-Rear,99,Unknown,1,Motor Vehicle In-Transport (Inside or Outside the Trafficway),1,Yes,5LTPW18517FJ,5LTPW18517FJ,2007,2007,2007,2007,464,Lincoln,2808,Mark LT,60,Pickup,13,Lincoln,482,34,Light Pickup,0,Not Applicable,12,"Class 2: 6,001 - 10,000 lbs. (2,722 - 4,536 kg)",12,"Class 2: 6,001 - 10,000 lbs. (2,722 - 4,536 kg)",0,No Trailers,777777777777,No Trailing Units,777777777777,No Trailing Units,777777777777,No Trailing Units,77,No Trailing Units,77,No Trailing Units,77,No Trailing Units,0,Not an Articulated Vehicle,00000000000,Not Applicable,0,Not Applicable,0,Not Applicable,0,Not Applicable,0,Not Applicable (N/A),1,No,0,Not Applicable,0,Not Applicable,0,Not Applicable,0,Not Applicable,0,Not a Bus,0,No Special Use Noted,0,Not Applicable,998,Not Reported,0,No Underride or Override,0,No Rollover,0,No Rollover,6,6 Clock Point,6,6 Clock Point,4,Functional Damage,5,Not Towed,12,Motor Vehicle In-Transport,12,Motor Vehicle In-Transport,0,No or Not Reported,1,Yes,0,No Apparent Injury (O),0,No Apparent Injury (O),0,No Person Injured in Vehicle,0,No Person Injured in Vehicle,9,Reported as Unknown,2,No Alcohol Involved,13482,Lincoln Mark LT,99998,Not Reported,0,No,1,"Two-Way, Not Divided",2,Two lanes,50,50 MPH,1,Straight,1,Level,11,"Mud, Dirt or Gravel",0,No Controls,0,No Controls,13,Backing Up (other than for Parking Position),13,Backing Up (other than for Parking Position),20,Backing,99,Unknown/Not Reported,1,Tracking,1,Stayed in original travel lane,92,M92-Backing-Backing Veh.,992,Backing Vehicle
202304648282,1,39,39,7,2,"Midwest (OH, IN, IL, MI, WI, MN, ND, SD, NE, IA, MO, KS)",1,Urban Area,7,Stratum 7 - M/H Truck or Bus,4154,153.46384112,2,1,January,12,12:00pm-12:59pm,44,44,12,Motor Vehicle In-Transport,7,Sideswipe - Same Direction,1,01,1,Motor Vehicle In-Transport (Inside or Outside the Trafficway),0,No,1FUPBSEB9WL8,1FUPBSEB9WL8,1998,1998,1998,1998,450,Freightliner,9805,High COE,66,Truck-Tractor,82,Freightliner,883,66,"Truck-tractor (Cab only, or with any number of trailing unit; any weight)",0,Not Applicable,18,"Class 8: 33,001 lbs. and above (14,969 kg and above)",18,"Class 8: 33,001 lbs. and above (14,969 kg and above)",1,One Trailer,888888888888,Not Reported,777777777777,No Trailing Units,777777777777,No Trailing Units,98,Not Reported,77,No Trailing Units,77,No Trailing Units,1,No,573354041,573354041,57,US DOT,3354041,3354041,6,Truck Tractor/Semi-Trailer,3,Flatbed,1,No,0,Not Applicable,0,Not Applicable,0,Not Applicable,0,Not Applicable,0,Not a Bus,0,No Special Use Noted,0,Not Applicable,998,Not Reported,0,No Underride or Override,0,No Rollover,0,No Rollover,1,1 Clock Point,1,1 Clock Point,4,Functional Damage,5,Not Towed,12,Motor Vehicle In-Transport,12,Motor Vehicle In-Transport,0,No or Not Reported,1,Yes,0,No Apparent Injury (O),0,No Apparent Injury (O),0,No Person Injured in Vehicle,0,No Person Injured in Vehicle,2,No Alcohol Involved,2,No Alcohol Involved,82883,Freightliner Medium/Heavy - COE high entry,99998,Not Reported,0,No,7,"Two-Way Divided, Unknown if Unprotected Median or Positive Median Barrier",3,Three lanes,60,60 MPH,1,Straight,1,Level,1,Dry,0,No Controls,0,No Controls,15,Changing Lanes,15,Changing Lanes,59,Unknown Travel Direction/Speed of Other Motor Vehicle in Lane,16,Braking,1,Tracking,2,"Stayed on roadway, but left original travel lane",46,"F46-Same Trafficway, Same Direction-Angle, Sideswipe-Changing Lanes to the Right",207,"Same Trafficway, Same Direction-Sideswipe, Angle, Vehicle on Left"
202304648282,2,39,39,7,2,"Midwest (OH, IN, IL, MI, WI, MN, ND, SD, NE, IA, MO, KS)",1,Urban Area,7,Stratum 7 - M/H Truck or Bus,4154,153.46384112,2,1,January,12,12:00pm-12:59pm,44,44,12,Motor Vehicle In-Transport,7,Sideswipe - Same Direction,1,01,1,Motor Vehicle In-Transport (Inside or Outside the Trafficway),0,No,1N4BL2EP9AC1,1N4BL2EP9AC1,2010,2010,2010,2010,478,Nissan,1904,Altima,3,Coupe,35,Nissan/Datsun,47,2,"2-door sedan,hardtop,coupe",0,Not Applicable,11,"Class 1: 6,000 lbs. or less (2,722 kg or less)",11,"Class 1: 6,000 lbs. or less (2,722 kg or less)",0,No Trailers,777777777777,No Trailing Units,777777777777,No Trailing Units,777777777777,No Trailing Units,77,No Trailing Units,77,No Trailing Units,77,No Trailing Units,0,Not an Articulated Vehicle,00000000000,Not Applicable,0,Not Applicable,0,Not Applicable,0,Not Applicable,0,Not Applicable (N/A),1,No,0,Not Applicable,0,Not Applicable,0,Not Applicable,0,Not Applicable,0,Not a Bus,0,No Special Use Noted,0,Not Applicable,998,Not Reported,0,No Underride or Override,0,No Rollover,0,No Rollover,9,9 Clock Point,9,9 Clock Point,4,Functional Damage,5,Not Towed,12,Motor Vehicle In-Transport,12,Motor Vehicle In-Transport,0,No or Not Reported,1,Yes,0,No Apparent Injury (O),0,No Apparent Injury (O),0,No Person Injured in Vehicle,0,No Person Injured in Vehicle,2,No Alcohol Involved,2,No Alcohol Involved,35047,Nissan/Datsun Altima,55449,55449,0,No,7,"Two-Way Divided, Unknown if Unprotected Median or Positive Median Barrier",3,Three lanes,60,60 MPH,1,Straight,1,Level,1,Dry,0,No Controls,0,No Controls,1,Going Straight,1,Going Straight,60,From adjacent lane (same direction) over left lane line,99,Unknown/Not Reported,1,Tracking,1,Stayed in original travel lane,45,"F45-Same Trafficway, Same Direction-Angle, Sideswipe-Straight Ahead on Left/Right",208,"Same Trafficway, Same Direction-Sideswipe, Angle, Vehicle on Right"
202304648534,1,20,20,25,4,"West (MT, ID, WA, OR, CA, NV, NM, AZ, UT, CO, WY, AK, HI)",2,Rural Area,5,Stratum 5 - NLMY PV Serious Injury,4140,25.79271396,1,1,January,16,4:00pm-4:59pm,18,18,34,Ditch,0,The First Harmful Event was Not a Collision with a Motor Vehicle In-Transport,1,01,1,Motor Vehicle In-Transport (Inside or Outside the Trafficway),0,No,1GKEK13R8WJ7,1GKEK13R8WJ7,1998,1998,1998,1998,472,GMC,1859,Yukon,7,Sport Utility Vehicle (SUV)/Multi-Purpose Vehicle (MPV),23,GMC,421,15,"Large utility (ANSI D16.1 Utility Vehicle Categories and ""Full Size"" and ""Large"")",0,Not Applicable,12,"Class 2: 6,001 - 10,000 lbs. (2,722 - 4,536 kg)",12,"Class 2: 6,001 - 10,000 lbs. (2,722 - 4,536 kg)",0,No Trailers,777777777777,No Trailing Units,777777777777,No Trailing Units,777777777777,No Trailing Units,77,No Trailing Units,77,No Trailing Units,77,No Trailing Units,0,Not an Articulated Vehicle,00000000000,Not Applicable,0,Not Applicable,0,Not Applicable,0,Not Applicable,0,Not Applicable (N/A),1,No,0,Not Applicable,0,Not Applicable,0,Not Applicable,0,Not Applicable,0,Not a Bus,0,No Special Use Noted,0,Not Applicable,45,045 MPH,7,Not Applicable,3,Rollover,5,On Roadside,12,12 Clock Point,12,12 Clock Point,6,Disabling Damage,6,Towed,1,Rollover/Overturn,1,Rollover/Overturn,0,No or Not Reported,1,Yes,3,Suspected Serious Injury (A),3,Suspected Serious Injury (A),1,1,1,1,2,No Alcohol Involved,2,No Alcohol Involved,23421,GMC Fullsize Jimmy/Yukon,84414,84414,0,No,1,"Two-Way, Not Divided",2,Two lanes,98,Not Reported,1,Straight,1,Level,1,Dry,0,No Controls,0,No Controls,1,Going Straight,1,Going Straight,12,Off the edge of the road on the left side,9,Braking and steering right,9,Precrash stability unknown,4,Departed roadway,6,B6-Single Driver-Left Roadside Departure-Drive Off Road,102,Single Driver-Left Roadside Departure
202304648539,1,20,20,25,4,"West (MT, ID, WA, OR, CA, NV, NM, AZ, UT, CO, WY, AK, HI)",2,Rural Area,8,Stratum 8 - NLMY PV Minor Injury,4140,129.93710653,2,1,January,14,2:00pm-2:59pm,5,5,12,Motor Vehicle In-Transport,6,Angle,2,02,1,Motor Vehicle In-Transport (Inside or Outside the Trafficway),0,No,JF2GPAWC1D28,JF2GPAWC1D28,2013,2013,2013,2013,523,Subaru,2236,XV CrossTrek,7,Sport Utility Vehicle (SUV)/Multi-Purpose Vehicle (MPV),48,Subaru,403,14,"Compact Utility (Utility Vehicle Categories ""Small"" and ""Midsize"")",0,Not Applicable,11,"Class 1: 6,000 lbs. or less (2,722 kg or less)",11,"Class 1: 6,000 lbs. or less (2,722 kg or less)",0,No Trailers,777777777777,No Trailing Units,777777777777,No Trailing Units,777777777777,No Trailing Units,77,No Trailing Units,77,No Trailing Units,77,No Trailing Units,0,Not an Articulated Vehicle,00000000000,Not Applicable,0,Not Applicable,0,Not Applicable,0,Not Applicable,0,Not Applicable (N/A),1,No,0,Not Applicable,0,Not Applicable,0,Not Applicable,0,Not Applicable,0,Not a Bus,0,No Special Use Noted,0,Not Applicable,10,010 MPH,8,Not Reported,0,No Rollover,0,No Rollover,9,9 Clock Point,9,9 Clock Point,6,Disabling Damage,6,Towed,12,Motor Vehicle In-Transport,12,Motor Vehicle In-Transport,0,No or Not Reported,1,Yes,0,No Apparent Injury (O),0,No Apparent Injury (O),0,No Person Injured in Vehicle,0,No Person Injured in Vehicle,2,No Alcohol Involved,2,No Alcohol Involved,48403,Subaru XV Crosstrek,84037,84037,0,No,1,"Two-Way, Not Divided",4,Four lanes,98,Not Reported,1,Straight,1,Level,1,Dry,3,Traffic control signal(on colors) not known whether or not Pedestrian Signal,3,Device Functioning Properly,11,Turning Left,11,Turning Left,15,Turning Left,99,Unknown/Not Reported,1,Tracking,1,Stayed in original travel lane,82,K82-Trafficway Vehicle Turning-Turn Into Path-Turn Into Opposite Directions (Turning Left),414,"Changing Trafficway, Vehicle Turning-Turn Into Path, Turn into Opposite Directions [Turning Left]"
202304648539,2,20,20,25,4,"West (MT, ID, WA, OR, CA, NV, NM, AZ, UT, CO, WY, AK, HI)",2,Rural Area,8,Stratum 8 - NLMY PV Minor Injury,4140,129.93710653,2,1,January,14,2:00pm-2:59pm,5,5,12,Motor Vehicle In-Transport,6,Angle,2,02,1,Motor Vehicle In-Transport (Inside or Outside the Trafficway),0,No,1FMCU49339KC,1FMCU49339KC,2009,2009,2009,2009,460,Ford,1798,Escape,7,Sport Utility Vehicle (SUV)/Multi-Purpose Vehicle (MPV),12,Ford,402,14,"Compact Utility (Utility Vehicle Categories ""Small"" and ""Midsize"")",0,Not Applicable,11,"Class 1: 6,000 lbs. or less (2,722 kg or less)",11,"Class 1: 6,000 lbs. or less (2,722 kg or less)",0,No Trailers,777777777777,No Trailing Units,777777777777,No Trailing Units,777777777777,No Trailing Units,77,No Trailing Units,77,No Trailing Units,77,No Trailing Units,0,Not an Articulated Vehicle,00000000000,Not Applicable,0,Not Applicable,0,Not Applicable,0,Not Applicable,0,Not Applicable (N/A),1,No,0,Not Applicable,0,Not Applicable,0,Not Applicable,0,Not Applicable,0,Not a Bus,0,No Special Use Noted,0,Not Applicable,55,055 MPH,8,Not Reported,0,No Rollover,0,No Rollover,12,12 Clock Point,12,12 Clock Point,6,Disabling Damage,6,Towed,12,Motor Vehicle In-Transport,12,Motor Vehicle In-Transport,0,No or Not Reported,1,Yes,2,Suspected Minor Injury (B),2,Suspected Minor Injury (B),1,1,1,1,2,No Alcohol Involved,2,No Alcohol Involved,12402,Ford Escape,84335,84335,0,No,1,"Two-Way, Not Divided",6,Six lanes,98,Not Reported,1,Straight,1,Level,1,Dry,3,Traffic control signal(on colors) not known whether or not Pedestrian Signal,3,Device Functioning Properly,1,Going Straight,1,Going Straight,17,Crossing Over (Passing Through) Junction,99,Unknown/Not Reported,1,Tracking,1,Stayed in original travel lane,83,K83-Trafficway Vehicle Turning-Turn Into Path-Turn Into Opposite Directions (Going Straight),415,"Changing Trafficway, Vehicle Turning-Turn Into Path, Turn into Opposite Directions [Going Straight, Other Vehicle Turning Left]"
202304648540,1,20,20,25,4,"West (MT, ID, WA, OR, CA, NV, NM, AZ, UT, CO, WY, AK, HI)",2,Rural Area,10,Stratum 10 - Other,4140,213.05441116,2,1,January,16,4:00pm-4:59pm,47,47,12,Motor Vehicle In-Transport,1,Front-to-Rear,2,02,1,Motor Vehicle In-Transport (Inside or Outside the Trafficway),0,No,1FMZU63E7YZB,1FMZU63E7YZB,2000,2000,2000,2000,460,Ford,1800,Explorer,7,Sport Utility Vehicle (SUV)/Multi-Purpose Vehicle (MPV),12,Ford,401,14,"Compact Utility (Utility Vehicle Categories ""Small"" and ""Midsize"")",0,Not Applicable,11,"Class 1: 6,000 lbs. or less (2,722 kg or less)",11,"Class 1: 6,000 lbs. or less (2,722 kg or less)",0,No Trailers,777777777777,No Trailing Units,777777777777,No Trailing Units,777777777777,No Trailing Units,77,No Trailing Units,77,No Trailing Units,77,No Trailing Units,0,Not an Articulated Vehicle,00000000000,Not Applicable,0,Not Applicable,0,Not Applicable,0,Not Applicable,0,Not Applicable (N/A),1,No,0,Not Applicable,0,Not Applicable,0,Not Applicable,0,Not Applicable,0,Not a Bus,0,No Special Use Noted,0,Not Applicable,35,035 MPH,8,Not Reported,0,No Rollover,0,No Rollover,12,12 Clock Point,12,12 Clock Point,4,Functional Damage,5,Not Towed,12,Motor Vehicle In-Transport,12,Motor Vehicle In-Transport,0,No or Not Reported,1,Yes,0,No Apparent Injury (O),0,No Apparent Injury (O),0,No Person Injured in Vehicle,0,No Person Injured in Vehicle,2,No Alcohol Involved,2,No Alcohol Involved,12401,"Ford Bronco (thru 1977)/Bronco II/Explorer/Explorer Sport (Explorer for 1990-2018 only.  For model years 2019 on, see 12-425.)",84321,84321,0,No,1,"Two-Way, Not Divided",5,Five lanes,98,Not Reported,1,Straight,1,Level,1,Dry,0,No Controls,0,No Controls,1,Going Straight,1,Going Straight,52,Traveling in same direction while decelerating,16,Braking,1,Tracking,1,Stayed in original travel lane,28,"D28-Same Trafficway, Same Direction-Rear End-Decelerating (Slowing)",202,"Same Trafficway, Same Direction-Rear End, Lead Vehicle"
202304648540,2,20,20,25,4,"West (MT, ID, WA, OR, CA, NV, NM, AZ, UT, CO, WY, AK, HI)",2,Rural Area,10,Stratum 10 - Other,4140,213.05441116,2,1,January,16,4:00pm-4:59pm,47,47,12,Motor Vehicle In-Transport,1,Front-to-Rear,2,02,1,Motor Vehicle In-Transport (Inside or Outside the Trafficway),0,No,WVWFB71F27V0,WVWFB71F27V0,2007,2007,2007,2007,482,Volkswagen,4167,Eos,1,Convertible/Cabriolet,30,Volkswagen,51,1,"Convertible(excludes sun-roof,t-bar)",0,Not Applicable,11,"Class 1: 6,000 lbs. or less (2,722 kg or less)",11,"Class 1: 6,000 lbs. or less (2,722 kg or less)",0,No Trailers,777777777777,No Trailing Units,777777777777,No Trailing Units,777777777777,No Trailing Units,77,No Trailing Units,77,No Trailing Units,77,No Trailing Units,0,Not an Articulated Vehicle,00000000000,Not Applicable,0,Not Applicable,0,Not Applicable,0,Not Applicable,0,Not Applicable (N/A),1,No,0,Not Applicable,0,Not Applicable,0,Not Applicable,0,Not Applicable,0,Not a Bus,0,No Special Use Noted,0,Not Applicable,20,020 MPH,8,Not Reported,0,No Rollover,0,No Rollover,6,6 Clock Point,6,6 Clock Point,4,Functional Damage,5,Not Towed,12,Motor Vehicle In-Transport,12,Motor Vehicle In-Transport,0,No or Not Reported,1,Yes,0,No Apparent Injury (O),0,No Apparent Injury (O),0,No Person Injured in Vehicle,0,No Person Injured in Vehicle,2,No Alcohol Involved,2,No Alcohol Involved,30051,Volkswagen Eos,84321,84321,0,No,1,"Two-Way, Not Divided",5,Five lanes,98,Not Reported,1,Straight,1,Level,1,Dry,0,No Controls,0,No Controls,2,Decelerating in Road,2,Decelerating in Road,53,Traveling in same direction with higher speed,99,Unknown/Not Reported,1,Tracking,1,Stayed in original travel lane,29,"D29-Same Trafficway, Same Direction-Rear End-Decelerating (Slowing), Going Straight",201,"Same Trafficway, Same Direction-Rear End, Trailing Vehicle"
202304648565,1,35,35,13,3,"South (MD, DE, DC, WV, VA, KY, TN, NC, SC, GA, FL, AL, MS, LA, AR, OK, TX)",1,Urban Area,8,Stratum 8 - NLMY PV Minor Injury,4141,134.51815149,1,1,January,10,10:00am-10:59am,10,10,35,Embankment,0,The First Harmful Event was Not a Collision with a Motor Vehicle In-Transport,1,01,1,Motor Vehicle In-Transport (Inside or Outside the Trafficway),0,No,1FTCR10A0RPA,1FTCR10A0RPA,1994,1994,1994,1994,460,Ford,1803,Ranger,60,Pickup,12,Ford,471,34,Light Pickup,0,Not Applicable,11,"Class 1: 6,000 lbs. or less (2,722 kg or less)",11,"Class 1: 6,000 lbs. or less (2,722 kg or less)",0,No Trailers,777777777777,No Trailing Units,777777777777,No Trailing Units,777777777777,No Trailing Units,77,No Trailing Units,77,No Trailing Units,77,No Trailing Units,0,Not an Articulated Vehicle,00000000000,Not Applicable,0,Not Applicable,0,Not Applicable,0,Not Applicable,0,Not Applicable (N/A),1,No,0,Not Applicable,0,Not Applicable,0,Not Applicable,0,Not Applicable,0,Not a Bus,0,No Special Use Noted,0,Not Applicable,998,Not Reported,7,Not Applicable,0,No Rollover,0,No Rollover,12,12 Clock Point,12,12 Clock Point,6,Disabling Damage,6,Towed,35,Embankment,35,Embankment,0,No or Not Reported,1,Yes,2,Suspected Minor Injury (B),2,Suspected Minor Injury (B),1,1,1,1,2,No Alcohol Involved,2,No Alcohol Involved,12471,Ford Ranger,37033,37033,0,No,0,Non-Trafficway or Driveway Access,0,Non-Trafficway or Driveway Access,0,No Statutory Limit/Non-Trafficway or Driveway Access,0,Non-Trafficway or Driveway Access,0,Non-Trafficway or Driveway Access,0,Non-Trafficway or Driveway Access,0,No Controls,0,No Controls,1,Going Straight,1,Going Straight,13,Off the edge of the road on the right side,99,Unknown/Not Reported,1,Tracking,4,Departed roadway,1,A1-Single Driver-Right Roadside Departure-Drive Off Road,101,Single Driver-Right Roadside Departure
202304648576,1,35,35,13,3,"South (MD, DE, DC, WV, VA, KY, TN, NC, SC, GA, FL, AL, MS, LA, AR, OK, TX)",1,Urban Area,7,Stratum 7 - M/H Truck or Bus,4141,160.1814718,2,1,January,15,3:00pm-3:59pm,49,49,59,Traffic Sign Support,0,The First Harmful Event was Not a Collision with a Motor Vehicle In-Transport,2,02,1,Motor Vehicle In-Transport (Inside or Outside the Trafficway),0,No,1FMPU17L94LA,1FMPU17L94LA,2004,2004,2004,2004,460,Ford,1799,Expedition,7,Sport Utility Vehicle (SUV)/Multi-Purpose Vehicle (MPV),12,Ford,422,15,"Large utility (ANSI D16.1 Utility Vehicle Categories and ""Full Size"" and ""Large"")",0,Not Applicable,12,"Class 2: 6,001 - 10,000 lbs. (2,722 - 4,536 kg)",12,"Class 2: 6,001 - 10,000 lbs. (2,722 - 4,536 kg)",0,No Trailers,777777777777,No Trailing Units,777777777777,No Trailing Units,777777777777,No Trailing Units,77,No Trailing Units,77,No Trailing Units,77,No Trailing Units,0,Not an Articulated Vehicle,00000000000,Not Applicable,0,Not Applicable,0,Not Applicable,0,Not Applicable,0,Not Applicable (N/A),1,No,0,Not Applicable,0,Not Applicable,0,Not Applicable,0,Not Applicable,0,Not a Bus,0,No Special Use Noted,0,Not Applicable,998,Not Reported,1,Underride,0,No Rollover,0,No Rollover,12,12 Clock Point,12,12 Clock Point,6,Disabling Damage,6,Towed,12,Motor Vehicle In-Transport,12,Motor Vehicle In-Transport,0,No or Not Reported,1,Yes,2,Suspected Minor Injury (B),2,Suspected Minor Injury (B),2,2,2,2,2,No Alcohol Involved,2,No Alcohol Involved,12422,Ford Expedition,37207,37207,0,No,2,"Two-Way, Divided, Unprotected Median",2,Two lanes,60,60 MPH,1,Straight,1,Level,1,Dry,0,No Controls,0,No Controls,1,Going Straight,1,Going Straight,50,Other vehicle stopped,6,Steering left,1,Tracking,4,Departed roadway,8,"B8-Single Driver-Left Roadside Departure-Avoid Collision With Veh., Ped., Anim.",102,Single Driver-Left Roadside Departure
202304648576,2,35,35,13,3,"South (MD, DE, DC, WV, VA, KY, TN, NC, SC, GA, FL, AL, MS, LA, AR, OK, TX)",1,Urban Area,7,Stratum 7 - M/H Truck or Bus,4141,160.1814718,2,1,January,15,3:00pm-3:59pm,49,49,59,Traffic Sign Support,0,The First Harmful Event was Not a Collision with a Motor Vehicle In-Transport,1,01,1,Motor Vehicle In-Transport (Inside or Outside the Trafficway),0,No,1M1AN4GY8LM0,1M1AN4GY8LM0,2020,2020,2020,2020,490,Mack,20842,Anthem,66,Truck-Tractor,86,Mack,881,66,"Truck-tractor (Cab only, or with any number of trailing unit; any weight)",0,Not Applicable,18,"Class 8: 33,001 lbs. and above (14,969 kg and above)",18,"Class 8: 33,001 lbs. and above (14,969 kg and above)",1,One Trailer,888888888888,Not Reported,777777777777,No Trailing Units,777777777777,No Trailing Units,98,Not Reported,77,No Trailing Units,77,No Trailing Units,1,No,5701151484,5701151484,57,US DOT,1151484,01151484,6,Truck Tractor/Semi-Trailer,1,Van/Enclosed Box,1,No,0,Not Applicable,0,Not Applicable,0,Not Applicable,0,Not Applicable,0,Not a Bus,0,No Special Use Noted,0,Not Applicable,998,Not Reported,2,Override,0,No Rollover,0,No Rollover,8,8 Clock Point,8,8 Clock Point,6,Disabling Damage,6,Towed,12,Motor Vehicle In-Transport,12,Motor Vehicle In-Transport,0,No or Not Reported,1,Yes,0,No Apparent Injury (O),0,No Apparent Injury (O),0,No Person Injured in Vehicle,0,No Person Injured in Vehicle,2,No Alcohol Involved,2,No Alcohol Involved,86881,Mack Medium/Heavy - CBE,38464,38464,0,No,2,"Two-Way, Divided, Unprotected Median",2,Two lanes,60,60 MPH,1,Straight,1,Level,1,Dry,0,No Controls,0,No Controls,1,Going Straight,1,Going Straight,60,From adjacent lane (same direction) over left lane line,99,Unknown/Not Reported,1,Tracking,1,Stayed in original travel lane,98,M98-Other Crash Type,998,Other Crash Type
202304648581,1,35,35,13,3,"South (MD, DE, DC, WV, VA, KY, TN, NC, SC, GA, FL, AL, MS, LA, AR, OK, TX)",1,Urban Area,10,Stratum 10 - Other,4141,222.47241975,1,1,January,14,2:00pm-2:59pm,18,18,34,Ditch,0,The First Harmful Event was Not a Collision with a Motor Vehicle In-Transport,1,01,1,Motor Vehicle In-Transport (Inside or Outside the Trafficway),0,No,1FTNX21FXYEE,1FTNX21FXYEE,2000,2000,2000,2000,460,Ford,1805,F-250,60,Pickup,12,Ford,481,34,Light Pickup,0,Not Applicable,12,"Class 2: 6,001 - 10,000 lbs. (2,722 - 4,536 kg)",12,"Class 2: 6,001 - 10,000 lbs. (2,722 - 4,536 kg)",0,No Trailers,777777777777,No Trailing Units,777777777777,No Trailing Units,777777777777,No Trailing Units,77,No Trailing Units,77,No Trailing Units,77,No Trailing Units,0,Not an Articulated Vehicle,00000000000,Not Applicable,0,Not Applicable,0,Not Applicable,0,Not Applicable,0,Not Applicable (N/A),1,No,0,Not Applicable,0,Not Applicable,0,Not Applicable,0,Not Applicable,0,Not a Bus,0,No Special Use Noted,0,Not Applicable,998,Not Reported,7,Not Applicable,0,No Rollover,0,No Rollover,2,2 Clock Point,2,2 Clock Point,4,Functional Damage,5,Not Towed,34,Ditch,34,Ditch,0,No or Not Reported,1,Yes,0,No Apparent Injury (O),0,No Apparent Injury (O),0,No Person Injured in Vehicle,0,No Person Injured in Vehicle,2,No Alcohol Involved,2,No Alcohol Involved,12481,Ford F-Series pickup,37180,37180,0,No,8,Not Reported,8,Not Reported,30,30 MPH,1,Straight,8,Not Reported,2,Wet,0,No Controls,0,No Controls,1,Going Straight,1,Going Straight,50,Other vehicle stopped,7,Steering right,1,Tracking,4,Departed roadway,3,"A3-Single Driver-Right Roadside Departure-Avoid Collision With Veh., Ped., Anim.",101,Single Driver-Right Roadside Departure
202304648584,1,35,35,13,3,"South (MD, DE, DC, WV, VA, KY, TN, NC, SC, GA, FL, AL, MS, LA, AR, OK, TX)",1,Urban Area,9,Stratum 9 - LMY PV No Injuries in Crash,4141,141.63889146,2,1,January,17,5:00pm-5:59pm,16,16,12,Motor Vehicle In-Transport,6,Angle,1,01,1,Motor Vehicle In-Transport (Inside or Outside the Trafficway),0,No,5N1AZ2MG1FN2,5N1AZ2MG1FN2,2015,2015,2015,2015,478,Nissan,1914,Murano,8,Crossover Utility Vehicle (CUV),35,Nissan/Datsun,49,6,Station Wagon (excluding van and truck based),0,Not Applicable,11,"Class 1: 6,000 lbs. or less (2,722 kg or less)",11,"Class 1: 6,000 lbs. or less (2,722 kg or less)",0,No Trailers,777777777777,No Trailing Units,777777777777,No Trailing Units,777777777777,No Trailing Units,77,No Trailing Units,77,No Trailing Units,77,No Trailing Units,0,Not an Articulated Vehicle,00000000000,Not Applicable,0,Not Applicable,0,Not Applicable,0,Not Applicable,0,Not Applicable (N/A),1,No,0,Not Applicable,0,Not Applicable,0,Not Applicable,0,Not Applicable,0,Not a Bus,0,No Special Use Noted,0,Not Applicable,998,Not Reported,0,No Underride or Override,0,No Rollover,0,No Rollover,8,8 Clock Point,8,8 Clock Point,4,Functional Damage,5,Not Towed,12,Motor Vehicle In-Transport,12,Motor Vehicle In-Transport,0,No or Not Reported,1,Yes,0,No Apparent Injury (O),0,No Apparent Injury (O),0,No Person Injured in Vehicle,0,No Person Injured in Vehicle,2,No Alcohol Involved,2,No Alcohol Involved,35049,"Nissan/Datsun Murano (For 2003-2018 only.  For model years 2019 on, see 35-422.)",37064,37064,0,No,1,"Two-Way, Not Divided",2,Two lanes,25,25 MPH,1,Straight,8,Not Reported,2,Wet,0,No Controls,0,No Controls,1,Going Straight,1,Going Straight,65,"From crossing street, turning into same direction",99,Unknown/Not Reported,1,Tracking,1,Stayed in original travel lane,77,K77-Trafficway Vehicle Turning-Turn Into Path-Turn Into Same Direction (Going Straight),409,"Changing Trafficway, Vehicle Turning-Turn Into Path, Turn into Same Direction [Going Straight, Other Vehicle Turning Left]"
202304648584,2,35,35,13,3,"South (MD, DE, DC, WV, VA, KY, TN, NC, SC, GA, FL, AL, MS, LA, AR, OK, TX)",1,Urban Area,9,Stratum 9 - LMY PV No Injuries in Crash,4141,141.63889146,2,1,January,17,5:00pm-5:59pm,16,16,12,Motor Vehicle In-Transport,6,Angle,1,01,1,Motor Vehicle In-Transport (Inside or Outside the Trafficway),0,No,2T3E6RFV6MW0,2T3E6RFV6MW0,2021,2021,2021,2021,448,Toyota,2217,RAV4,7,Sport Utility Vehicle (SUV)/Multi-Purpose Vehicle (MPV),49,Toyota,402,14,"Compact Utility (Utility Vehicle Categories ""Small"" and ""Midsize"")",0,Not Applicable,11,"Class 1: 6,000 lbs. or less (2,722 kg or less)",11,"Class 1: 6,000 lbs. or less (2,722 kg or less)",0,No Trailers,777777777777,No Trailing Units,777777777777,No Trailing Units,777777777777,No Trailing Units,77,No Trailing Units,77,No Trailing Units,77,No Trailing Units,0,Not an Articulated Vehicle,00000000000,Not Applicable,0,Not Applicable,0,Not Applicable,0,Not Applicable,0,Not Applicable (N/A),1,No,0,Not Applicable,0,Not Applicable,0,Not Applicable,0,Not Applicable,0,Not a Bus,0,No Special Use Noted,0,Not Applicable,998,Not Reported,0,No Underride or Override,0,No Rollover,0,No Rollover,1,1 Clock Point,1,1 Clock Point,4,Functional Damage,5,Not Towed,12,Motor Vehicle In-Transport,12,Motor Vehicle In-Transport,0,No or Not Reported,1,Yes,0,No Apparent Injury (O),0,No Apparent Injury (O),0,No Person Injured in Vehicle,0,No Person Injured in Vehicle,2,No Alcohol Involved,2,No Alcohol Involved,49402,Toyota RAV4 *,37209,37209,0,No,1,"Two-Way, Not Divided",2,Two lanes,25,25 MPH,1,Straight,8,Not Reported,2,Wet,0,No Controls,0,No Controls,11,Turning Left,11,Turning Left,15,Turning Left,99,Unknown/Not Reported,1,Tracking,1,Stayed in original travel lane,76,K76-Trafficway Vehicle Turning-Turn Into Path-Turn Into Same Direction (Turning Left),408,"Changing Trafficway, Vehicle Turning-Turn Into Path, Turn into Same Direction [Turning Left]"
202304648592,1,32,32,17,3,"South (MD, DE, DC, WV, VA, KY, TN, NC, SC, GA, FL, AL, MS, LA, AR, OK, TX)",2,Rural Area,10,Stratum 10 - Other,4145,220.3414238,2,1,January,15,3:00pm-3:59pm,45,45,12,Motor Vehicle In-Transport,8,Sideswipe - Opposite Direction,99,Unknown,1,Motor Vehicle In-Transport (Inside or Outside the Trafficway),1,Yes,888888888888,Not Reported,9999,Unknown,2007,2007,99999,Unknown,99999,Unknown,999,Unknown,99,Unknown Make,999,99,Unknown body type,0,Not Applicable,98,Not Reported,98,Not Reported,0,No Trailers,777777777777,No Trailing Units,777777777777,No Trailing Units,777777777777,No Trailing Units,77,No Trailing Units,77,No Trailing Units,77,No Trailing Units,0,Not an Articulated Vehicle,99999999999,Unknown,99,Unknown,999999999,Unknown,99,Unknown,99,Unknown,1,No,0,Not Applicable,0,Not Applicable,0,Not Applicable,0,Not Applicable,99,Reported as Unknown,0,No Special Use Noted,0,Not Applicable,998,Not Reported,0,No Underride or Override,0,No Rollover,0,No Rollover,11,11 Clock Point,11,11 Clock Point,9,Reported as Unknown,5,Not Towed,12,Motor Vehicle In-Transport,12,Motor Vehicle In-Transport,0,No or Not Reported,1,Yes,0,No Apparent Injury (O),0,No Apparent Injury (O),0,No Person Injured in Vehicle,0,No Person Injured in Vehicle,9,Reported as Unknown,2,No Alcohol Involved,99999,"Unknown Make Unknown (as to automobile, motored cycle, light truck or truck)",99998,Not Reported,0,No,5,"Two-Way, Not Divided With a Continuous Left-Turn Lane",3,Three lanes,50,50 MPH,3,Curve - Left,8,Not Reported,1,Dry,0,No Controls,0,No Controls,14,Negotiating a Curve,14,Negotiating a Curve,10,Over the lane line on left side of travel lane,99,Unknown/Not Reported,9,Precrash stability unknown,2,"Stayed on roadway, but left original travel lane",64,"I64-Same Trafficway, Opposite Direction-Angle, Sideswipe-Lateral Move (Left/Right)",301,"Same Trafficway, Opposite Direction-Lateral Move [Left/Right], Head-On, Sideswipe, or Angle"
202304648592,2,32,32,17,3,"South (MD, DE, DC, WV, VA, KY, TN, NC, SC, GA, FL, AL, MS, LA, AR, OK, TX)",2,Rural Area,10,Stratum 10 - Other,4145,220.3414238,2,1,January,15,3:00pm-3:59pm,45,45,12,Motor Vehicle In-Transport,8,Sideswipe - Opposite Direction,2,02,1,Motor Vehicle In-Transport (Inside or Outside the Trafficway),0,No,1HGCR2F73HA1,1HGCR2F73HA1,2017,2017,2017,2017,474,Honda,1861,Accord,13,Sedan/Saloon,37,Honda,32,4,"4-door sedan, hardtop",0,Not Applicable,11,"Class 1: 6,000 lbs. or less (2,722 kg or less)",11,"Class 1: 6,000 lbs. or less (2,722 kg or less)",0,No Trailers,777777777777,No Trailing Units,777777777777,No Trailing Units,777777777777,No Trailing Units,77,No Trailing Units,77,No Trailing Units,77,No Trailing Units,0,Not an Articulated Vehicle,00000000000,Not Applicable,0,Not Applicable,0,Not Applicable,0,Not Applicable,0,Not Applicable (N/A),1,No,0,Not Applicable,0,Not Applicable,0,Not Applicable,0,Not Applicable,0,Not a Bus,0,No Special Use Noted,0,Not Applicable,998,Not Reported,0,No Underride or Override,0,No Rollover,0,No Rollover,11,11 Clock Point,11,11 Clock Point,2,Minor Damage,5,Not Towed,12,Motor Vehicle In-Transport,12,Motor Vehicle In-Transport,0,No or Not Reported,1,Yes,0,No Apparent Injury (O),0,No Apparent Injury (O),0,No Person Injured in Vehicle,0,No Person Injured in Vehicle,2,No Alcohol Involved,2,No Alcohol Involved,37032,"Honda Accord (Note: For Crosstour model years 2010 and 2011 only. For Crosstour model years 2012-2015, see vehicle model 37-405)",30083,30083,0,No,5,"Two-Way, Not Divided With a Continuous Left-Turn Lane",3,Three lanes,50,50 MPH,2,Curve - Right,8,Not Reported,1,Dry,0,No Controls,0,No Controls,14,Negotiating a Curve,14,Negotiating a Curve,62,From opposite direction  over left lane line,99,Unknown/Not Reported,1,Tracking,1,Stayed in original travel lane,65,"I65-Same Trafficway, Opposite Direction-Angle, Sideswipe-Lateral Move (Going Straight)",302,"Same Trafficway, Opposite Direction-Lateral Move [Going Straight], Head-On, Sideswipe, or Angle"
202304648620,1,83,83,13,3,"South (MD, DE, DC, WV, VA, KY, TN, NC, SC, GA, FL, AL, MS, LA, AR, OK, TX)",1,Urban Area,9,Stratum 9 - LMY PV No Injuries in Crash,4148,141.94136347,2,1,January,15,3:00pm-3:59pm,30,30,12,Motor Vehicle In-Transport,1,Front-to-Rear,2,02,1,Motor Vehicle In-Transport (Inside or Outside the Trafficway),0,No,1C6RR7PT2HS6,1C6RR7PT2HS6,2017,2017,2017,2017,496,Ram,13620,1500,60,Pickup,7,Dodge,482,34,Light Pickup,0,Not Applicable,12,"Class 2: 6,001 - 10,000 lbs. (2,722 - 4,536 kg)",12,"Class 2: 6,001 - 10,000 lbs. (2,722 - 4,536 kg)",0,No Trailers,777777777777,No Trailing Units,777777777777,No Trailing Units,777777777777,No Trailing Units,77,No Trailing Units,77,No Trailing Units,77,No Trailing Units,0,Not an Articulated Vehicle,00000000000,Not Applicable,0,Not Applicable,0,Not Applicable,0,Not Applicable,0,Not Applicable (N/A),1,No,0,Not Applicable,0,Not Applicable,0,Not Applicable,0,Not Applicable,0,Not a Bus,0,No Special Use Noted,0,Not Applicable,998,Not Reported,8,Not Reported,0,No Rollover,0,No Rollover,12,12 Clock Point,12,12 Clock Point,2,Minor Damage,5,Not Towed,12,Motor Vehicle In-Transport,12,Motor Vehicle In-Transport,0,No or Not Reported,1,Yes,0,No Apparent Injury (O),0,No Apparent Injury (O),0,No Person Injured in Vehicle,0,No Person Injured in Vehicle,2,No Alcohol Involved,2,No Alcohol Involved,7482,Dodge Ram Pickup,38053,38053,0,No,2,"Two-Way, Divided, Unprotected Median",8,Not Reported,40,40 MPH,1,Straight,1,Level,1,Dry,3,Traffic control signal(on colors) not known whether or not Pedestrian Signal,3,Device Functioning Properly,1,Going Straight,1,Going Straight,50,Other vehicle stopped,99,Unknown/Not Reported,1,Tracking,1,Stayed in original travel lane,20,"D20-Same Trafficway, Same Direction-Rear End-Stopped",202,"Same Trafficway, Same Direction-Rear End, Lead Vehicle"
202304648620,2,83,83,13,3,"South (MD, DE, DC, WV, VA, KY, TN, NC, SC, GA, FL, AL, MS, LA, AR, OK, TX)",1,Urban Area,9,Stratum 9 - LMY PV No Injuries in Crash,4148,141.94136347,2,1,January,15,3:00pm-3:59pm,30,30,12,Motor Vehicle In-Transport,1,Front-to-Rear,2,02,1,Motor Vehicle In-Transport (Inside or Outside the Trafficway),0,No,3N1CN8FV4ML9,3N1CN8FV4ML9,2021,2021,2021,2021,478,Nissan,1894,Versa,13,Sedan/Saloon,35,Nissan/Datsun,50,4,"4-door sedan, hardtop",0,Not Applicable,11,"Class 1: 6,000 lbs. or less (2,722 kg or less)",11,"Class 1: 6,000 lbs. or less (2,722 kg or less)",0,No Trailers,777777777777,No Trailing Units,777777777777,No Trailing Units,777777777777,No Trailing Units,77,No Trailing Units,77,No Trailing Units,77,No Trailing Units,0,Not an Articulated Vehicle,00000000000,Not Applicable,0,Not Applicable,0,Not Applicable,0,Not Applicable,0,Not Applicable (N/A),1,No,0,Not Applicable,0,Not Applicable,0,Not Applicable,0,Not Applicable,0,Not a Bus,0,No Special Use Noted,0,Not Applicable,0,Stopped Motor Vehicle In- Transport,8,Not Reported,0,No Rollover,0,No Rollover,6,6 Clock Point,6,6 Clock Point,6,Disabling Damage,6,Towed,12,Motor Vehicle In-Transport,12,Motor Vehicle In-Transport,0,No or Not Reported,1,Yes,0,No Apparent Injury (O),0,No Apparent Injury (O),0,No Person Injured in Vehicle,0,No Person Injured in Vehicle,2,No Alcohol Involved,2,No Alcohol Involved,35050,Nissan/Datsun Versa,38019,38019,0,No,2,"Two-Way, Divided, Unprotected Median",8,Not Reported,40,40 MPH,1,Straight,1,Level,1,Dry,3,Traffic control signal(on colors) not known whether or not Pedestrian Signal,3,Device Functioning Properly,5,Stopped in Roadway,5,Stopped in Roadway,53,Traveling in same direction with higher speed,1,No Avoidance Maneuver,1,Tracking,1,Stayed in original travel lane,21,"D21-Same Trafficway, Same Direction-Rear End-Stopped, Straight",201,"Same Trafficway, Same Direction-Rear End, Trailing Vehicle"
202304648638,1,83,83,13,3,"South (MD, DE, DC, WV, VA, KY, TN, NC, SC, GA, FL, AL, MS, LA, AR, OK, TX)",1,Urban Area,8,Stratum 8 - NLMY PV Minor Injury,4148,134.77451173,2,1,January,10,10:00am-10:59am,47,47,12,Motor Vehicle In-Transport,6,Angle,1,01,1,Motor Vehicle In-Transport (Inside or Outside the Trafficway),0,No,5NPET46CX7H2,5NPET46CX7H2,2007,2007,2007,2007,498,Hyundai,2459,Sonata,13,Sedan/Saloon,55,Hyundai,33,4,"4-door sedan, hardtop",0,Not Applicable,11,"Class 1: 6,000 lbs. or less (2,722 kg or less)",11,"Class 1: 6,000 lbs. or less (2,722 kg or less)",0,No Trailers,777777777777,No Trailing Units,777777777777,No Trailing Units,777777777777,No Trailing Units,77,No Trailing Units,77,No Trailing Units,77,No Trailing Units,0,Not an Articulated Vehicle,00000000000,Not Applicable,0,Not Applicable,0,Not Applicable,0,Not Applicable,0,Not Applicable (N/A),1,No,0,Not Applicable,0,Not Applicable,0,Not Applicable,0,Not Applicable,0,Not a Bus,0,No Special Use Noted,0,Not Applicable,998,Not Reported,8,Not Reported,0,No Rollover,0,No Rollover,4,4 Clock Point,4,4 Clock Point,6,Disabling Damage,6,Towed,12,Motor Vehicle In-Transport,12,Motor Vehicle In-Transport,0,No or Not Reported,1,Yes,1,Possible Injury (C),1,Possible Injury (C),1,1,1,1,2,No Alcohol Involved,2,No Alcohol Involved,55033,Hyundai Sonata,38128,38128,0,No,2,"Two-Way, Divided, Unprotected Median",8,Not Reported,45,45 MPH,1,Straight,1,Level,1,Dry,3,Traffic control signal(on colors) not known whether or not Pedestrian Signal,3,Device Functioning Properly,1,Going Straight,1,Going Straight,17,Crossing Over (Passing Through) Junction,99,Unknown/Not Reported,1,Tracking,1,Stayed in original travel lane,83,K83-Trafficway Vehicle Turning-Turn Into Path-Turn Into Opposite Directions (Going Straight),415,"Changing Trafficway, Vehicle Turning-Turn Into Path, Turn into Opposite Directions [Going Straight, Other Vehicle Turning Left]"
202304648638,2,83,83,13,3,"South (MD, DE, DC, WV, VA, KY, TN, NC, SC, GA, FL, AL, MS, LA, AR, OK, TX)",1,Urban Area,8,Stratum 8 - NLMY PV Minor Injury,4148,134.77451173,2,1,January,10,10:00am-10:59am,47,47,12,Motor Vehicle In-Transport,6,Angle,1,01,1,Motor Vehicle In-Transport (Inside or Outside the Trafficway),0,No,1G4PR5SKXF41,1G4PR5SKXF41,2015,2015,2015,2015,468,Buick,1823,Verano,13,Sedan/Saloon,18,Buick / Opel,25,4,"4-door sedan, hardtop",0,Not Applicable,11,"Class 1: 6,000 lbs. or less (2,722 kg or less)",11,"Class 1: 6,000 lbs. or less (2,722 kg or less)",0,No Trailers,777777777777,No Trailing Units,777777777777,No Trailing Units,777777777777,No Trailing Units,77,No Trailing Units,77,No Trailing Units,77,No Trailing Units,0,Not an Articulated Vehicle,00000000000,Not Applicable,0,Not Applicable,0,Not Applicable,0,Not Applicable,0,Not Applicable (N/A),1,No,0,Not Applicable,0,Not Applicable,0,Not Applicable,0,Not Applicable,0,Not a Bus,0,No Special Use Noted,0,Not Applicable,998,Not Reported,8,Not Reported,0,No Rollover,0,No Rollover,12,12 Clock Point,12,12 Clock Point,6,Disabling Damage,6,Towed,12,Motor Vehicle In-Transport,12,Motor Vehicle In-Transport,0,No or Not Reported,1,Yes,1,Possible Injury (C),1,Possible Injury (C),1,1,1,1,2,No Alcohol Involved,2,No Alcohol Involved,18025,Buick / Opel Verano,38112,38112,0,No,2,"Two-Way, Divided, Unprotected Median",8,Not Reported,45,45 MPH,1,Straight,1,Level,1,Dry,3,Traffic control signal(on colors) not known whether or not Pedestrian Signal,3,Device Functioning Properly,11,Turning Left,11,Turning Left,66,"From crossing street, across path",99,Unknown/Not Reported,1,Tracking,1,Stayed in original travel lane,82,K82-Trafficway Vehicle Turning-Turn Into Path-Turn Into Opposite Directions (Turning Left),414,"Changing Trafficway, Vehicle Turning-Turn Into Path, Turn into Opposite Directions [Turning Left]"
202304648668,1,83,83,13,3,"South (MD, DE, DC, WV, VA, KY, TN, NC, SC, GA, FL, AL, MS, LA, AR, OK, TX)",1,Urban Area,10,Stratum 10 - Other,4148,223.23894247,2,1,January,16,4:00pm-4:59pm,10,10,12,Motor Vehicle In-Transport,6,Angle,1,01,1,Motor Vehicle In-Transport (Inside or Outside the Trafficway),0,No,1GNEC13V93J1,1GNEC13V93J1,2003,2003,2003,2003,467,Chevrolet,1852,Tahoe,7,Sport Utility Vehicle (SUV)/Multi-Purpose Vehicle (MPV),20,Chevrolet,421,15,"Large utility (ANSI D16.1 Utility Vehicle Categories and ""Full Size"" and ""Large"")",0,Not Applicable,12,"Class 2: 6,001 - 10,000 lbs. (2,722 - 4,536 kg)",12,"Class 2: 6,001 - 10,000 lbs. (2,722 - 4,536 kg)",0,No Trailers,777777777777,No Trailing Units,777777777777,No Trailing Units,777777777777,No Trailing Units,77,No Trailing Units,77,No Trailing Units,77,No Trailing Units,0,Not an Articulated Vehicle,00000000000,Not Applicable,0,Not Applicable,0,Not Applicable,0,Not Applicable,0,Not Applicable (N/A),1,No,0,Not Applicable,0,Not Applicable,0,Not Applicable,0,Not Applicable,0,Not a Bus,0,No Special Use Noted,0,Not Applicable,998,Not Reported,0,No Underride or Override,0,No Rollover,0,No Rollover,12,12 Clock Point,12,12 Clock Point,4,Functional Damage,5,Not Towed,12,Motor Vehicle In-Transport,12,Motor Vehicle In-Transport,0,No or Not Reported,1,Yes,0,No Apparent Injury (O),0,No Apparent Injury (O),0,No Person Injured in Vehicle,0,No Person Injured in Vehicle,9,Reported as Unknown,2,No Alcohol Involved,20421,Chevrolet Fullsize Blazer/Tahoe,38122,38122,0,No,0,Non-Trafficway or Driveway Access,0,Non-Trafficway or Driveway Access,0,No Statutory Limit/Non-Trafficway or Driveway Access,0,Non-Trafficway or Driveway Access,0,Non-Trafficway or Driveway Access,0,Non-Trafficway or Driveway Access,0,No Controls,0,No Controls,8,Leaving a Parking Position,8,Leaving a Parking Position,19,Unknown travel direction,99,Unknown/Not Reported,1,Tracking,7,Entered roadway,86,L86-Intersecting Paths-Straight Paths-Striking from the Right,501,"Intersecting Paths-Straight Paths, Striking from the Right"
202304648668,2,83,83,13,3,"South (MD, DE, DC, WV, VA, KY, TN, NC, SC, GA, FL, AL, MS, LA, AR, OK, TX)",1,Urban Area,10,Stratum 10 - Other,4148,223.23894247,2,1,January,16,4:00pm-4:59pm,10,10,12,Motor Vehicle In-Transport,6,Angle,1,01,1,Motor Vehicle In-Transport (Inside or Outside the Trafficway),0,No,1GNKRGED1CJ1,1GNKRGED1CJ1,2012,2012,2012,2012,467,Chevrolet,1853,Traverse,7,Sport Utility Vehicle (SUV)/Multi-Purpose Vehicle (MPV),20,Chevrolet,24,6,Station Wagon (excluding van and truck based),0,Not Applicable,12,"Class 2: 6,001 - 10,000 lbs. (2,722 - 4,536 kg)",12,"Class 2: 6,001 - 10,000 lbs. (2,722 - 4,536 kg)",0,No Trailers,777777777777,No Trailing Units,777777777777,No Trailing Units,777777777777,No Trailing Units,77,No Trailing Units,77,No Trailing Units,77,No Trailing Units,0,Not an Articulated Vehicle,00000000000,Not Applicable,0,Not Applicable,0,Not Applicable,0,Not Applicable,0,Not Applicable (N/A),1,No,0,Not Applicable,0,Not Applicable,0,Not Applicable,0,Not Applicable,0,Not a Bus,0,No Special Use Noted,0,Not Applicable,998,Not Reported,0,No Underride or Override,0,No Rollover,0,No Rollover,1,1 Clock Point,1,1 Clock Point,4,Functional Damage,5,Not Towed,12,Motor Vehicle In-Transport,12,Motor Vehicle In-Transport,0,No or Not Reported,1,Yes,0,No Apparent Injury (O),0,No Apparent Injury (O),0,No Person Injured in Vehicle,0,No Person Injured in Vehicle,2,No Alcohol Involved,2,No Alcohol Involved,20024,Chevrolet Traverse (2009-2012 only.  For 2013 on see model 423.),38112,38112,0,No,2,"Two-Way, Divided, Unprotected Median",8,Not Reported,25,25 MPH,1,Straight,1,Level,1,Dry,0,No Controls,0,No Controls,1,Going Straight,1,Going Straight,71,"From driveway, across path",99,Unknown/Not Reported,1,Tracking,1,Stayed in original travel lane,87,L87-Intersecting Paths-Straight Paths-Struck on the Right,502,"Intersecting Paths-Straight Paths, Struck on the Right"
202304648707,1,83,83,13,3,"South (MD, DE, DC, WV, VA, KY, TN, NC, SC, GA, FL, AL, MS, LA, AR, OK, TX)",1,Urban Area,7,Stratum 7 - M/H Truck or Bus,4148,159.29212129,2,1,January,18,6:00pm-6:59pm,45,45,12,Motor Vehicle In-Transport,8,Sideswipe - Opposite Direction,1,01,1,Motor Vehicle In-Transport (Inside or Outside the Trafficway),0,No,5N1AZ2MG9JN1,5N1AZ2MG9JN1,2018,2018,2018,2018,478,Nissan,1914,Murano,8,Crossover Utility Vehicle (CUV),35,Nissan/Datsun,49,6,Station Wagon (excluding van and truck based),0,Not Applicable,11,"Class 1: 6,000 lbs. or less (2,722 kg or less)",11,"Class 1: 6,000 lbs. or less (2,722 kg or less)",0,No Trailers,777777777777,No Trailing Units,777777777777,No Trailing Units,777777777777,No Trailing Units,77,No Trailing Units,77,No Trailing Units,77,No Trailing Units,0,Not an Articulated Vehicle,00000000000,Not Applicable,0,Not Applicable,0,Not Applicable,0,Not Applicable,0,Not Applicable (N/A),1,No,0,Not Applicable,0,Not Applicable,0,Not Applicable,0,Not Applicable,0,Not a Bus,0,No Special Use Noted,0,Not Applicable,998,Not Reported,0,No Underride or Override,0,No Rollover,0,No Rollover,4,4 Clock Point,4,4 Clock Point,4,Functional Damage,5,Not Towed,12,Motor Vehicle In-Transport,12,Motor Vehicle In-Transport,0,No or Not Reported,1,Yes,0,No Apparent Injury (O),0,No Apparent Injury (O),0,No Person Injured in Vehicle,0,No Person Injured in Vehicle,2,No Alcohol Involved,2,No Alcohol Involved,35049,"Nissan/Datsun Murano (For 2003-2018 only.  For model years 2019 on, see 35-422.)",38104,38104,0,No,0,Non-Trafficway or Driveway Access,0,Non-Trafficway or Driveway Access,0,No Statutory Limit/Non-Trafficway or Driveway Access,0,Non-Trafficway or Driveway Access,0,Non-Trafficway or Driveway Access,0,Non-Trafficway or Driveway Access,0,No Controls,0,No Controls,13,Backing Up (other than for Parking Position),13,Backing Up (other than for Parking Position),20,Backing,99,Unknown/Not Reported,1,Tracking,7,Entered roadway,92,M92-Backing-Backing Veh.,992,Backing Vehicle
202304648707,2,83,83,13,3,"South (MD, DE, DC, WV, VA, KY, TN, NC, SC, GA, FL, AL, MS, LA, AR, OK, TX)",1,Urban Area,7,Stratum 7 - M/H Truck or Bus,4148,159.29212129,2,1,January,18,6:00pm-6:59pm,45,45,12,Motor Vehicle In-Transport,8,Sideswipe - Opposite Direction,0,,1,Motor Vehicle In-Transport (Inside or Outside the Trafficway),0,No,4UZAARDUXACA,4UZAARDUXACA,2010,2010,2010,2010,450,Freightliner,1979,MT 55 Chassis,111,Step Van / Walk-in Van,82,Freightliner,881,60,"Step van (GVWR greater than 10,000 lbs.)",0,Not Applicable,16,"Class 6: 19,501 - 26,000 lbs. (8,845 - 11,794 kg)",16,"Class 6: 19,501 - 26,000 lbs. (8,845 - 11,794 kg)",0,No Trailers,777777777777,No Trailing Units,777777777777,No Trailing Units,777777777777,No Trailing Units,77,No Trailing Units,77,No Trailing Units,77,No Trailing Units,0,Not an Articulated Vehicle,88888888888,,88,,888888888,,1,"Single-Unit Truck (2- axle and GVWR more than 10,000 lbs)",1,Van/Enclosed Box,1,No,0,Not Applicable,0,Not Applicable,0,Not Applicable,0,Not Applicable,0,Not a Bus,0,No Special Use Noted,0,Not Applicable,998,Not Reported,0,No Underride or Override,0,No Rollover,0,No Rollover,5,5 Clock Point,5,5 Clock Point,4,Functional Damage,5,Not Towed,12,Motor Vehicle In-Transport,12,Motor Vehicle In-Transport,0,No or Not Reported,0,No Driver Present/Not Applicable,8,No person involved,8,No person involved,98,No Person involved in the Vehicle,0,No Person Injured in Vehicle,8,No Driver Present,2,No Alcohol Involved,82881,Freightliner Medium/Heavy - CBE,99997,No Driver Present/Unknown if Driver Present,8,No Driver Present/Unknown if Driver Present,2,"Two-Way, Divided, Unprotected Median",8,Not Reported,45,45 MPH,1,Straight,1,Level,1,Dry,0,No Controls,0,No Controls,0,No Driver Present / Unknown if Driver Present,0,No Driver Present / Unknown if Driver Present,72,"From driveway, turning into opposite direction",0,No Driver Present / Unknown if Driver Present,0,No Driver Present / Unknown if Driver Present,0,No Driver Present / Unknown if Driver Present,93,M93-Backing-Other Vehicle,993,Other Vehicle
202304648735,1,22,22,5,1,"Northeast (PA, NJ, NY, NH, VT, RI, MA, ME, CT)",2,Rural Area,8,Stratum 8 - NLMY PV Minor Injury,4149,135.82165607,1,1,January,11,11:00am-11:59am,16,16,1,Rollover/Overturn,0,The First Harmful Event was Not a Collision with a Motor Vehicle In-Transport,1,01,1,Motor Vehicle In-Transport (Inside or Outside the Trafficway),0,No,JN8AS5MV5DW1,JN8AS5MV5DW1,2013,2013,2013,2013,478,Nissan,1913,Rogue,8,Crossover Utility Vehicle (CUV),35,Nissan/Datsun,51,6,Station Wagon (excluding van and truck based),0,Not Applicable,11,"Class 1: 6,000 lbs. or less (2,722 kg or less)",11,"Class 1: 6,000 lbs. or less (2,722 kg or less)",0,No Trailers,777777777777,No Trailing Units,777777777777,No Trailing Units,777777777777,No Trailing Units,77,No Trailing Units,77,No Trailing Units,77,No Trailing Units,0,Not an Articulated Vehicle,00000000000,Not Applicable,0,Not Applicable,0,Not Applicable,0,Not Applicable,0,Not Applicable (N/A),1,No,0,Not Applicable,0,Not Applicable,0,Not Applicable,0,Not Applicable,0,Not a Bus,0,No Special Use Noted,0,Not Applicable,998,Not Reported,7,Not Applicable,3,Rollover,5,On Roadside,0,Non-Collision,0,Non-Collision,6,Disabling Damage,6,Towed,1,Rollover/Overturn,1,Rollover/Overturn,0,No or Not Reported,1,Yes,1,Possible Injury (C),1,Possible Injury (C),1,1,1,1,2,No Alcohol Involved,2,No Alcohol Involved,35051,"Nissan/Datsun Rogue (For 2008-2018 only.  For model years 2019 on, see 35-404.)",4330,4330,0,No,1,"Two-Way, Not Divided",2,Two lanes,45,45 MPH,1,Straight,1,Level,1,Dry,0,No Controls,0,No Controls,1,Going Straight,1,Going Straight,12,Off the edge of the road on the left side,99,Unknown/Not Reported,1,Tracking,4,Departed roadway,6,B6-Single Driver-Left Roadside Departure-Drive Off Road,102,Single Driver-Left Roadside Departure
202304648741,1,25,25,8,2,"Midwest (OH, IN, IL, MI, WI, MN, ND, SD, NE, IA, MO, KS)",1,Urban Area,10,Stratum 10 - Other,4150,218.84769319,2,1,January,18,6:00pm-6:59pm,12,12,12,Motor Vehicle In-Transport,7,Sideswipe - Same Direction,1,01,1,Motor Vehicle In-Transport (Inside or Outside the Trafficway),0,No,1N4AL2AP4AN5,1N4AL2AP4AN5,2010,2010,2010,2010,478,Nissan,1904,Altima,13,Sedan/Saloon,35,Nissan/Datsun,47,4,"4-door sedan, hardtop",0,Not Applicable,11,"Class 1: 6,000 lbs. or less (2,722 kg or less)",11,"Class 1: 6,000 lbs. or less (2,722 kg or less)",0,No Trailers,777777777777,No Trailing Units,777777777777,No Trailing Units,777777777777,No Trailing Units,77,No Trailing Units,77,No Trailing Units,77,No Trailing Units,0,Not an Articulated Vehicle,00000000000,Not Applicable,0,Not Applicable,0,Not Applicable,0,Not Applicable,0,Not Applicable (N/A),1,No,0,Not Applicable,0,Not Applicable,0,Not Applicable,0,Not Applicable,0,Not a Bus,0,No Special Use Noted,0,Not Applicable,25,025 MPH,8,Not Reported,0,No Rollover,0,No Rollover,10,10 Clock Point,10,10 Clock Point,2,Minor Damage,8,Not Reported,12,Motor Vehicle In-Transport,12,Motor Vehicle In-Transport,0,No or Not Reported,1,Yes,0,No Apparent Injury (O),0,No Apparent Injury (O),0,No Person Injured in Vehicle,0,No Person Injured in Vehicle,9,Reported as Unknown,2,No Alcohol Involved,35047,Nissan/Datsun Altima,44614,44614,9,Reported as Unknown,1,"Two-Way, Not Divided",4,Four lanes,35,35 MPH,1,Straight,1,Level,1,Dry,0,No Controls,0,No Controls,1,Going Straight,1,Going Straight,60,From adjacent lane (same direction) over left lane line,99,Unknown/Not Reported,1,Tracking,3,"Stayed on roadway, not known if left original travel lane",45,"F45-Same Trafficway, Same Direction-Angle, Sideswipe-Straight Ahead on Left/Right",208,"Same Trafficway, Same Direction-Sideswipe, Angle, Vehicle on Right"
202304648741,2,25,25,8,2,"Midwest (OH, IN, IL, MI, WI, MN, ND, SD, NE, IA, MO, KS)",1,Urban Area,10,Stratum 10 - Other,4150,218.84769319,2,1,January,18,6:00pm-6:59pm,12,12,12,Motor Vehicle In-Transport,7,Sideswipe - Same Direction,1,01,1,Motor Vehicle In-Transport (Inside or Outside the Trafficway),0,No,5TDDK3EH8CS1,5TDDK3EH8CS1,2012,2012,2012,2012,448,Toyota,2213,Highlander,7,Sport Utility Vehicle (SUV)/Multi-Purpose Vehicle (MPV),49,Toyota,403,14,"Compact Utility (Utility Vehicle Categories ""Small"" and ""Midsize"")",0,Not Applicable,11,"Class 1: 6,000 lbs. or less (2,722 kg or less)",11,"Class 1: 6,000 lbs. or less (2,722 kg or less)",0,No Trailers,777777777777,No Trailing Units,777777777777,No Trailing Units,777777777777,No Trailing Units,77,No Trailing Units,77,No Trailing Units,77,No Trailing Units,0,Not an Articulated Vehicle,00000000000,Not Applicable,0,Not Applicable,0,Not Applicable,0,Not Applicable,0,Not Applicable (N/A),1,No,0,Not Applicable,0,Not Applicable,0,Not Applicable,0,Not Applicable,0,Not a Bus,0,No Special Use Noted,0,Not Applicable,25,025 MPH,8,Not Reported,0,No Rollover,0,No Rollover,2,2 Clock Point,2,2 Clock Point,2,Minor Damage,8,Not Reported,12,Motor Vehicle In-Transport,12,Motor Vehicle In-Transport,0,No or Not Reported,1,Yes,0,No Apparent Injury (O),0,No Apparent Injury (O),0,No Person Injured in Vehicle,0,No Person Injured in Vehicle,9,Reported as Unknown,2,No Alcohol Involved,49403,Toyota Highlander,44646,44646,9,Reported as Unknown,1,"Two-Way, Not Divided",4,Four lanes,35,35 MPH,1,Straight,1,Level,1,Dry,0,No Controls,0,No Controls,1,Going Straight,1,Going Straight,11,Over the lane line on right side of travel lane,99,Unknown/Not Reported,1,Tracking,2,"Stayed on roadway, but left original travel lane",44,"F44-Same Trafficway, Same Direction-Angle, Sideswipe-Straight Ahead on Left",207,"Same Trafficway, Same Direction-Sideswipe, Angle, Vehicle on Left"
202304648751,1,67,67,8,2,"Midwest (OH, IN, IL, MI, WI, MN, ND, SD, NE, IA, MO, KS)",1,Urban Area,10,Stratum 10 - Other,4152,216.86508996,2,1,January,11,11:00am-11:59am,25,25,12,Motor Vehicle In-Transport,6,Angle,1,01,1,Motor Vehicle In-Transport (Inside or Outside the Trafficway),0,No,WVGBV7AX6FW5,WVGBV7AX6FW5,2015,2015,2015,2015,482,Volkswagen,8151,Tiguan,7,Sport Utility Vehicle (SUV)/Multi-Purpose Vehicle (MPV),30,Volkswagen,402,14,"Compact Utility (Utility Vehicle Categories ""Small"" and ""Midsize"")",0,Not Applicable,11,"Class 1: 6,000 lbs. or less (2,722 kg or less)",11,"Class 1: 6,000 lbs. or less (2,722 kg or less)",0,No Trailers,777777777777,No Trailing Units,777777777777,No Trailing Units,777777777777,No Trailing Units,77,No Trailing Units,77,No Trailing Units,77,No Trailing Units,0,Not an Articulated Vehicle,00000000000,Not Applicable,0,Not Applicable,0,Not Applicable,0,Not Applicable,0,Not Applicable (N/A),1,No,0,Not Applicable,0,Not Applicable,0,Not Applicable,0,Not Applicable,0,Not a Bus,0,No Special Use Noted,0,Not Applicable,15,015 MPH,0,No Underride or Override,0,No Rollover,0,No Rollover,4,4 Clock Point,4,4 Clock Point,6,Disabling Damage,8,Not Reported,12,Motor Vehicle In-Transport,12,Motor Vehicle In-Transport,0,No or Not Reported,1,Yes,0,No Apparent Injury (O),0,No Apparent Injury (O),0,No Person Injured in Vehicle,0,No Person Injured in Vehicle,9,Reported as Unknown,2,No Alcohol Involved,30402,Volkswagen Tiguan,43054,43054,0,No,1,"Two-Way, Not Divided",7,Seven or more lanes,45,45 MPH,1,Straight,1,Level,1,Dry,3,Traffic control signal(on colors) not known whether or not Pedestrian Signal,3,Device Functioning Properly,11,Turning Left,11,Turning Left,15,Turning Left,99,Unknown/Not Reported,1,Tracking,1,Stayed in original travel lane,68,J68-Trafficway Vehicle Turning-Turn Across Path-Initial Opposite Directions (Left/Right),401,"Changing Trafficway, Vehicle Turning-Turn Across Path, Initial Opposite Directions [Left/Right]"
202304648751,2,67,67,8,2,"Midwest (OH, IN, IL, MI, WI, MN, ND, SD, NE, IA, MO, KS)",1,Urban Area,10,Stratum 10 - Other,4152,216.86508996,2,1,January,11,11:00am-11:59am,25,25,12,Motor Vehicle In-Transport,6,Angle,1,01,1,Motor Vehicle In-Transport (Inside or Outside the Trafficway),0,No,2A4RR8DG6BR7,2A4RR8DG6BR7,2011,2011,2011,2011,477,Chrysler,1936,Town and Country,2,Minivan,6,Chrysler,441,20,"Minivan (Chrysler Town and Country, Caravan, Grand Caravan, Voyager, Voyager, Honda-Odyssey, ...)",0,Not Applicable,12,"Class 2: 6,001 - 10,000 lbs. (2,722 - 4,536 kg)",12,"Class 2: 6,001 - 10,000 lbs. (2,722 - 4,536 kg)",0,No Trailers,777777777777,No Trailing Units,777777777777,No Trailing Units,777777777777,No Trailing Units,77,No Trailing Units,77,No Trailing Units,77,No Trailing Units,0,Not an Articulated Vehicle,00000000000,Not Applicable,0,Not Applicable,0,Not Applicable,0,Not Applicable,0,Not Applicable (N/A),1,No,0,Not Applicable,0,Not Applicable,0,Not Applicable,0,Not Applicable,0,Not a Bus,0,No Special Use Noted,0,Not Applicable,45,045 MPH,0,No Underride or Override,0,No Rollover,0,No Rollover,12,12 Clock Point,12,12 Clock Point,6,Disabling Damage,8,Not Reported,12,Motor Vehicle In-Transport,12,Motor Vehicle In-Transport,0,No or Not Reported,1,Yes,0,No Apparent Injury (O),0,No Apparent Injury (O),0,No Person Injured in Vehicle,0,No Person Injured in Vehicle,9,Reported as Unknown,2,No Alcohol Involved,6441,Chrysler Town and Country,45839,45839,0,No,1,"Two-Way, Not Divided",7,Seven or more lanes,45,45 MPH,1,Straight,1,Level,1,Dry,3,Traffic control signal(on colors) not known whether or not Pedestrian Signal,3,Device Functioning Properly,1,Going Straight,1,Going Straight,62,From opposite direction  over left lane line,99,Unknown/Not Reported,1,Tracking,1,Stayed in original travel lane,69,J69-Trafficway Vehicle Turning-Turn Across Path-Initial Opposite Directions (Going Straight),402,"Changing Trafficway, Vehicle Turning-Turn Across Path, Initial Opposite Directions [Going Straight]"
202304648763,1,47,47,9,2,"Midwest (OH, IN, IL, MI, WI, MN, ND, SD, NE, IA, MO, KS)",2,Rural Area,10,Stratum 10 - Other,4153,218.1275432,1,1,January,6,6:00am-6:59am,54,54,11,Live Animal,0,The First Harmful Event was Not a Collision with a Motor Vehicle In-Transport,3,03,1,Motor Vehicle In-Transport (Inside or Outside the Trafficway),0,No,5J6RE48587L0,5J6RE48587L0,2007,2007,2007,2007,474,Honda,1865,CR-V,7,Sport Utility Vehicle (SUV)/Multi-Purpose Vehicle (MPV),37,Honda,402,14,"Compact Utility (Utility Vehicle Categories ""Small"" and ""Midsize"")",0,Not Applicable,11,"Class 1: 6,000 lbs. or less (2,722 kg or less)",11,"Class 1: 6,000 lbs. or less (2,722 kg or less)",0,No Trailers,777777777777,No Trailing Units,777777777777,No Trailing Units,777777777777,No Trailing Units,77,No Trailing Units,77,No Trailing Units,77,No Trailing Units,0,Not an Articulated Vehicle,00000000000,Not Applicable,0,Not Applicable,0,Not Applicable,0,Not Applicable,0,Not Applicable (N/A),1,No,0,Not Applicable,0,Not Applicable,0,Not Applicable,0,Not Applicable,0,Not a Bus,0,No Special Use Noted,0,Not Applicable,50,050 MPH,7,Not Applicable,0,No Rollover,0,No Rollover,12,12 Clock Point,12,12 Clock Point,4,Functional Damage,8,Not Reported,11,Live Animal,11,Live Animal,0,No or Not Reported,1,Yes,0,No Apparent Injury (O),0,No Apparent Injury (O),0,No Person Injured in Vehicle,0,No Person Injured in Vehicle,9,Reported as Unknown,2,No Alcohol Involved,37402,Honda CR-V,43351,43351,0,No,1,"Two-Way, Not Divided",2,Two lanes,55,55 MPH,1,Straight,1,Level,1,Dry,0,No Controls,0,No Controls,1,Going Straight,1,Going Straight,89,Animal -unknown location,99,Unknown/Not Reported,1,Tracking,1,Stayed in original travel lane,13,C13-Single Driver-Forward Impact-Pedestrian/ Animal,103,Single Driver-Struck Object While Moving Forward
202304648765,1,47,47,9,2,"Midwest (OH, IN, IL, MI, WI, MN, ND, SD, NE, IA, MO, KS)",2,Rural Area,8,Stratum 8 - NLMY PV Minor Injury,4153,132.26082933,2,1,January,15,3:00pm-3:59pm,42,42,12,Motor Vehicle In-Transport,2,Front-to-Front,3,03,1,Motor Vehicle In-Transport (Inside or Outside the Trafficway),0,No,1FMEU73EX8UB,1FMEU73EX8UB,2008,2008,2008,2008,460,Ford,1800,Explorer,7,Sport Utility Vehicle (SUV)/Multi-Purpose Vehicle (MPV),12,Ford,401,14,"Compact Utility (Utility Vehicle Categories ""Small"" and ""Midsize"")",0,Not Applicable,12,"Class 2: 6,001 - 10,000 lbs. (2,722 - 4,536 kg)",12,"Class 2: 6,001 - 10,000 lbs. (2,722 - 4,536 kg)",0,No Trailers,777777777777,No Trailing Units,777777777777,No Trailing Units,777777777777,No Trailing Units,77,No Trailing Units,77,No Trailing Units,77,No Trailing Units,0,Not an Articulated Vehicle,00000000000,Not Applicable,0,Not Applicable,0,Not Applicable,0,Not Applicable,0,Not Applicable (N/A),1,No,0,Not Applicable,0,Not Applicable,0,Not Applicable,0,Not Applicable,0,Not a Bus,0,No Special Use Noted,0,Not Applicable,998,Not Reported,8,Not Reported,0,No Rollover,0,No Rollover,12,12 Clock Point,12,12 Clock Point,4,Functional Damage,8,Not Reported,12,Motor Vehicle In-Transport,12,Motor Vehicle In-Transport,0,No or Not Reported,1,Yes,0,No Apparent Injury (O),0,No Apparent Injury (O),0,No Person Injured in Vehicle,0,No Person Injured in Vehicle,9,Reported as Unknown,2,No Alcohol Involved,12401,"Ford Bronco (thru 1977)/Bronco II/Explorer/Explorer Sport (Explorer for 1990-2018 only.  For model years 2019 on, see 12-425.)",43302,43302,0,No,0,Non-Trafficway or Driveway Access,0,Non-Trafficway or Driveway Access,0,No Statutory Limit/Non-Trafficway or Driveway Access,0,Non-Trafficway or Driveway Access,0,Non-Trafficway or Driveway Access,0,Non-Trafficway or Driveway Access,0,No Controls,0,No Controls,11,Turning Left,11,Turning Left,15,Turning Left,99,Unknown/Not Reported,1,Tracking,7,Entered roadway,82,K82-Trafficway Vehicle Turning-Turn Into Path-Turn Into Opposite Directions (Turning Left),414,"Changing Trafficway, Vehicle Turning-Turn Into Path, Turn into Opposite Directions [Turning Left]"
202304648765,2,47,47,9,2,"Midwest (OH, IN, IL, MI, WI, MN, ND, SD, NE, IA, MO, KS)",2,Rural Area,8,Stratum 8 - NLMY PV Minor Injury,4153,132.26082933,2,1,January,15,3:00pm-3:59pm,42,42,12,Motor Vehicle In-Transport,2,Front-to-Front,1,01,1,Motor Vehicle In-Transport (Inside or Outside the Trafficway),0,No,5J6RM4H73GL0,5J6RM4H73GL0,2016,2016,2016,2016,474,Honda,1865,CR-V,7,Sport Utility Vehicle (SUV)/Multi-Purpose Vehicle (MPV),37,Honda,402,14,"Compact Utility (Utility Vehicle Categories ""Small"" and ""Midsize"")",0,Not Applicable,11,"Class 1: 6,000 lbs. or less (2,722 kg or less)",11,"Class 1: 6,000 lbs. or less (2,722 kg or less)",0,No Trailers,777777777777,No Trailing Units,777777777777,No Trailing Units,777777777777,No Trailing Units,77,No Trailing Units,77,No Trailing Units,77,No Trailing Units,0,Not an Articulated Vehicle,00000000000,Not Applicable,0,Not Applicable,0,Not Applicable,0,Not Applicable,0,Not Applicable (N/A),1,No,0,Not Applicable,0,Not Applicable,0,Not Applicable,0,Not Applicable,0,Not a Bus,0,No Special Use Noted,0,Not Applicable,15,015 MPH,8,Not Reported,0,No Rollover,0,No Rollover,12,12 Clock Point,12,12 Clock Point,6,Disabling Damage,6,Towed,12,Motor Vehicle In-Transport,12,Motor Vehicle In-Transport,0,No or Not Reported,1,Yes,2,Suspected Minor Injury (B),2,Suspected Minor Injury (B),1,1,1,1,9,Reported as Unknown,2,No Alcohol Involved,37402,Honda CR-V,43302,43302,0,No,1,"Two-Way, Not Divided",5,Five lanes,35,35 MPH,1,Straight,1,Level,1,Dry,3,Traffic control signal(on colors) not known whether or not Pedestrian Signal,3,Device Functioning Properly,15,Changing Lanes,15,Changing Lanes,72,"From driveway, turning into opposite direction",99,Unknown/Not Reported,1,Tracking,2,"Stayed on roadway, but left original travel lane",83,K83-Trafficway Vehicle Turning-Turn Into Path-Turn Into Opposite Directions (Going Straight),415,"Changing Trafficway, Vehicle Turning-Turn Into Path, Turn into Opposite Directions [Going Straight, Other Vehicle Turning Left]"
202304648766,1,47,47,9,2,"Midwest (OH, IN, IL, MI, WI, MN, ND, SD, NE, IA, MO, KS)",2,Rural Area,6,Stratum 6 - LMY PV Minor Injury,4153,52.991202556,2,1,January,15,3:00pm-3:59pm,52,52,12,Motor Vehicle In-Transport,2,Front-to-Front,1,01,1,Motor Vehicle In-Transport (Inside or Outside the Trafficway),0,No,3GTP2UEA4DG2,3GTP2UEA4DG2,2013,2013,2013,2013,472,GMC,1857,Sierra,60,Pickup,23,GMC,481,34,Light Pickup,0,Not Applicable,12,"Class 2: 6,001 - 10,000 lbs. (2,722 - 4,536 kg)",12,"Class 2: 6,001 - 10,000 lbs. (2,722 - 4,536 kg)",0,No Trailers,777777777777,No Trailing Units,777777777777,No Trailing Units,777777777777,No Trailing Units,77,No Trailing Units,77,No Trailing Units,77,No Trailing Units,0,Not an Articulated Vehicle,00000000000,Not Applicable,0,Not Applicable,0,Not Applicable,0,Not Applicable,0,Not Applicable (N/A),1,No,0,Not Applicable,0,Not Applicable,0,Not Applicable,0,Not Applicable,0,Not a Bus,0,No Special Use Noted,0,Not Applicable,5,005 MPH,8,Not Reported,0,No Rollover,0,No Rollover,12,12 Clock Point,12,12 Clock Point,6,Disabling Damage,6,Towed,12,Motor Vehicle In-Transport,12,Motor Vehicle In-Transport,0,No or Not Reported,1,Yes,0,No Apparent Injury (O),0,No Apparent Injury (O),0,No Person Injured in Vehicle,0,No Person Injured in Vehicle,9,Reported as Unknown,2,No Alcohol Involved,23481,"GMC C, K, R, V-series pickup/     Sierra",43302,43302,0,No,1,"Two-Way, Not Divided",3,Three lanes,45,45 MPH,1,Straight,1,Level,1,Dry,3,Traffic control signal(on colors) not known whether or not Pedestrian Signal,3,Device Functioning Properly,11,Turning Left,11,Turning Left,15,Turning Left,99,Unknown/Not Reported,1,Tracking,1,Stayed in original travel lane,68,J68-Trafficway Vehicle Turning-Turn Across Path-Initial Opposite Directions (Left/Right),401,"Changing Trafficway, Vehicle Turning-Turn Across Path, Initial Opposite Directions [Left/Right]"
202304648766,2,47,47,9,2,"Midwest (OH, IN, IL, MI, WI, MN, ND, SD, NE, IA, MO, KS)",2,Rural Area,6,Stratum 6 - LMY PV Minor Injury,4153,52.991202556,2,1,January,15,3:00pm-3:59pm,52,52,12,Motor Vehicle In-Transport,2,Front-to-Front,2,02,1,Motor Vehicle In-Transport (Inside or Outside the Trafficway),0,No,3MYDLBYV0KY5,3MYDLBYV0KY5,2019,2019,2019,2019,448,Toyota,2464,Yaris,13,Sedan/Saloon,49,Toyota,51,4,"4-door sedan, hardtop",0,Not Applicable,11,"Class 1: 6,000 lbs. or less (2,722 kg or less)",11,"Class 1: 6,000 lbs. or less (2,722 kg or less)",0,No Trailers,777777777777,No Trailing Units,777777777777,No Trailing Units,777777777777,No Trailing Units,77,No Trailing Units,77,No Trailing Units,77,No Trailing Units,0,Not an Articulated Vehicle,00000000000,Not Applicable,0,Not Applicable,0,Not Applicable,0,Not Applicable,0,Not Applicable (N/A),1,No,0,Not Applicable,0,Not Applicable,0,Not Applicable,0,Not Applicable,0,Not a Bus,0,No Special Use Noted,0,Not Applicable,30,030 MPH,8,Not Reported,0,No Rollover,0,No Rollover,12,12 Clock Point,12,12 Clock Point,6,Disabling Damage,6,Towed,12,Motor Vehicle In-Transport,12,Motor Vehicle In-Transport,0,No or Not Reported,1,Yes,2,Suspected Minor Injury (B),2,Suspected Minor Injury (B),1,1,1,1,9,Reported as Unknown,2,No Alcohol Involved,49051,Toyota Yaris,43320,43320,0,No,1,"Two-Way, Not Divided",3,Three lanes,45,45 MPH,1,Straight,1,Level,1,Dry,3,Traffic control signal(on colors) not known whether or not Pedestrian Signal,3,Device Functioning Properly,1,Going Straight,1,Going Straight,62,From opposite direction  over left lane line,99,Unknown/Not Reported,1,Tracking,1,Stayed in original travel lane,69,J69-Trafficway Vehicle Turning-Turn Across Path-Initial Opposite Directions (Going Straight),402,"Changing Trafficway, Vehicle Turning-Turn Across Path, Initial Opposite Directions [Going Straight]"
202304648996,1,60,60,21,4,"West (MT, ID, WA, OR, CA, NV, NM, AZ, UT, CO, WY, AK, HI)",1,Urban Area,9,Stratum 9 - LMY PV No Injuries in Crash,234,166.60273925,1,1,January,12,12:00pm-12:59pm,0,0,93,Unknown Fixed Object,0,The First Harmful Event was Not a Collision with a Motor Vehicle In-Transport,1,01,1,Motor Vehicle In-Transport (Inside or Outside the Trafficway),0,No,888888888888,Not Reported,2019,2019,2019,2019,452,BMW,13827,430i,999,Unknown,34,BMW,47,9,Other or Unknown automobile type,0,Not Applicable,11,"Class 1: 6,000 lbs. or less (2,722 kg or less)",12,"Class 2: 6,001 - 10,000 lbs. (2,722 - 4,536 kg)",0,No Trailers,777777777777,No Trailing Units,777777777777,No Trailing Units,777777777777,No Trailing Units,77,No Trailing Units,77,No Trailing Units,77,No Trailing Units,0,Not an Articulated Vehicle,00000000000,Not Applicable,0,Not Applicable,0,Not Applicable,0,Not Applicable,0,Not Applicable (N/A),1,No,0,Not Applicable,0,Not Applicable,0,Not Applicable,0,Not Applicable,0,Not a Bus,0,No Special Use Noted,0,Not Applicable,998,Not Reported,7,Not Applicable,0,No Rollover,0,No Rollover,98,Not Reported,12,12 Clock Point,6,Disabling Damage,6,Towed,93,Unknown Fixed Object,93,Unknown Fixed Object,0,No or Not Reported,1,Yes,0,No Apparent Injury (O),0,No Apparent Injury (O),0,No Person Injured in Vehicle,0,No Person Injured in Vehicle,2,No Alcohol Involved,2,No Alcohol Involved,34047,BMW 4-Series,92603,92603,4,"Yes, Too Fast for Conditions",8,Not Reported,8,Not Reported,45,45 MPH,8,Not Reported,8,Not Reported,2,Wet,97,Not Reported,8,Not Reported,1,Going Straight,1,Going Straight,99,Unknown,99,Unknown/Not Reported,9,Precrash stability unknown,9,Unknown,99,M99-Unknown,999,Unknown Crash Type
202304651428,1,55,55,17,3,"South (MD, DE, DC, WV, VA, KY, TN, NC, SC, GA, FL, AL, MS, LA, AR, OK, TX)",2,Rural Area,8,Stratum 8 - NLMY PV Minor Injury,1055,133.60664239,3,1,January,19,7:00pm-7:59pm,1,1,12,Motor Vehicle In-Transport,1,Front-to-Rear,1,01,1,Motor Vehicle In-Transport (Inside or Outside the Trafficway),0,No,1ZVBP8AM0C52,1ZVBP8AM0C52,2012,2012,2012,2012,460,Ford,1781,Mustang,3,Coupe,12,Ford,3,2,"2-door sedan,hardtop,coupe",0,Not Applicable,11,"Class 1: 6,000 lbs. or less (2,722 kg or less)",11,"Class 1: 6,000 lbs. or less (2,722 kg or less)",0,No Trailers,777777777777,No Trailing Units,777777777777,No Trailing Units,777777777777,No Trailing Units,77,No Trailing Units,77,No Trailing Units,77,No Trailing Units,0,Not an Articulated Vehicle,00000000000,Not Applicable,0,Not Applicable,0,Not Applicable,0,Not Applicable,0,Not Applicable (N/A),1,No,0,Not Applicable,0,Not Applicable,0,Not Applicable,0,Not Applicable,0,Not a Bus,0,No Special Use Noted,0,Not Applicable,998,Not Reported,8,Not Reported,0,No Rollover,0,No Rollover,12,12 Clock Point,12,12 Clock Point,6,Disabling Damage,6,Towed,12,Motor Vehicle In-Transport,12,Motor Vehicle In-Transport,0,No or Not Reported,1,Yes,1,Possible Injury (C),1,Possible Injury (C),1,1,1,1,2,No Alcohol Involved,2,No Alcohol Involved,12003,Ford Mustang/Mustang II,30474,30474,0,No,2,"Two-Way, Divided, Unprotected Median",2,Two lanes,70,70 MPH,1,Straight,1,Level,1,Dry,0,No Controls,0,No Controls,1,Going Straight,1,Going Straight,52,Traveling in same direction while decelerating,16,Braking,1,Tracking,1,Stayed in original travel lane,28,"D28-Same Trafficway, Same Direction-Rear End-Decelerating (Slowing)",202,"Same Trafficway, Same Direction-Rear End, Lead Vehicle"
202304651428,2,55,55,17,3,"South (MD, DE, DC, WV, VA, KY, TN, NC, SC, GA, FL, AL, MS, LA, AR, OK, TX)",2,Rural Area,8,Stratum 8 - NLMY PV Minor Injury,1055,133.60664239,3,1,January,19,7:00pm-7:59pm,1,1,12,Motor Vehicle In-Transport,1,Front-to-Rear,1,01,1,Motor Vehicle In-Transport (Inside or Outside the Trafficway),0,No,JF1VA2V62G98,JF1VA2V62G98,2016,2016,2016,2016,523,Subaru,2237,WRX,13,Sedan/Saloon,48,Subaru,47,4,"4-door sedan, hardtop",0,Not Applicable,11,"Class 1: 6,000 lbs. or less (2,722 kg or less)",11,"Class 1: 6,000 lbs. or less (2,722 kg or less)",0,No Trailers,777777777777,No Trailing Units,777777777777,No Trailing Units,777777777777,No Trailing Units,77,No Trailing Units,77,No Trailing Units,77,No Trailing Units,0,Not an Articulated Vehicle,00000000000,Not Applicable,0,Not Applicable,0,Not Applicable,0,Not Applicable,0,Not Applicable (N/A),1,No,0,Not Applicable,0,Not Applicable,0,Not Applicable,0,Not Applicable,0,Not a Bus,0,No Special Use Noted,0,Not Applicable,998,Not Reported,8,Not Reported,0,No Rollover,0,No Rollover,6,6 Clock Point,6,6 Clock Point,6,Disabling Damage,6,Towed,12,Motor Vehicle In-Transport,12,Motor Vehicle In-Transport,0,No or Not Reported,1,Yes,0,No Apparent Injury (O),0,No Apparent Injury (O),0,No Person Injured in Vehicle,0,No Person Injured in Vehicle,2,No Alcohol Involved,2,No Alcohol Involved,48047,Subaru WRX (2015 on; see 038 for prior to 2015.),70546,70546,0,No,2,"Two-Way, Divided, Unprotected Median",2,Two lanes,70,70 MPH,1,Straight,1,Level,1,Dry,0,No Controls,0,No Controls,2,Decelerating in Road,2,Decelerating in Road,53,Traveling in same direction with higher speed,16,Braking,1,Tracking,1,Stayed in original travel lane,29,"D29-Same Trafficway, Same Direction-Rear End-Decelerating (Slowing), Going Straight",201,"Same Trafficway, Same Direction-Rear End, Trailing Vehicle"
202304651428,3,55,55,17,3,"South (MD, DE, DC, WV, VA, KY, TN, NC, SC, GA, FL, AL, MS, LA, AR, OK, TX)",2,Rural Area,8,Stratum 8 - NLMY PV Minor Injury,1055,133.60664239,3,1,January,19,7:00pm-7:59pm,1,1,12,Motor Vehicle In-Transport,1,Front-to-Rear,2,02,1,Motor Vehicle In-Transport (Inside or Outside the Trafficway),0,No,1HGCP2F42CA1,1HGCP2F42CA1,2012,2012,2012,2012,474,Honda,1861,Accord,13,Sedan/Saloon,37,Honda,32,4,"4-door sedan, hardtop",0,Not Applicable,11,"Class 1: 6,000 lbs. or less (2,722 kg or less)",11,"Class 1: 6,000 lbs. or less (2,722 kg or less)",0,No Trailers,777777777777,No Trailing Units,777777777777,No Trailing Units,777777777777,No Trailing Units,77,No Trailing Units,77,No Trailing Units,77,No Trailing Units,0,Not an Articulated Vehicle,00000000000,Not Applicable,0,Not Applicable,0,Not Applicable,0,Not Applicable,0,Not Applicable (N/A),1,No,0,Not Applicable,0,Not Applicable,0,Not Applicable,0,Not Applicable,0,Not a Bus,0,No Special Use Noted,0,Not Applicable,998,Not Reported,8,Not Reported,0,No Rollover,0,No Rollover,6,6 Clock Point,6,6 Clock Point,2,Minor Damage,6,Towed,12,Motor Vehicle In-Transport,12,Motor Vehicle In-Transport,0,No or Not Reported,1,Yes,1,Possible Injury (C),1,Possible Injury (C),2,2,2,2,2,No Alcohol Involved,2,No Alcohol Involved,37032,"Honda Accord (Note: For Crosstour model years 2010 and 2011 only. For Crosstour model years 2012-2015, see vehicle model 37-405)",35405,35405,0,No,2,"Two-Way, Divided, Unprotected Median",2,Two lanes,70,70 MPH,1,Straight,1,Level,1,Dry,0,No Controls,0,No Controls,2,Decelerating in Road,2,Decelerating in Road,53,Traveling in same direction with higher speed,1,No Avoidance Maneuver,1,Tracking,1,Stayed in original travel lane,98,M98-Other Crash Type,998,Other Crash Type
202304651430,1,55,55,17,3,"South (MD, DE, DC, WV, VA, KY, TN, NC, SC, GA, FL, AL, MS, LA, AR, OK, TX)",2,Rural Area,9,Stratum 9 - LMY PV No Injuries in Crash,1055,135.97825353,2,1,January,13,1:00pm-1:59pm,5,5,12,Motor Vehicle In-Transport,2,Front-to-Front,1,01,1,Motor Vehicle In-Transport (Inside or Outside the Trafficway),0,No,1VWCV7A34FC0,1VWCV7A34FC0,2015,2015,2015,2015,482,Volkswagen,3134,Passat,13,Sedan/Saloon,30,Volkswagen,46,4,"4-door sedan, hardtop",0,Not Applicable,11,"Class 1: 6,000 lbs. or less (2,722 kg or less)",11,"Class 1: 6,000 lbs. or less (2,722 kg or less)",0,No Trailers,777777777777,No Trailing Units,777777777777,No Trailing Units,777777777777,No Trailing Units,77,No Trailing Units,77,No Trailing Units,77,No Trailing Units,0,Not an Articulated Vehicle,00000000000,Not Applicable,0,Not Applicable,0,Not Applicable,0,Not Applicable,0,Not Applicable (N/A),1,No,0,Not Applicable,0,Not Applicable,0,Not Applicable,0,Not Applicable,0,Not a Bus,0,No Special Use Noted,0,Not Applicable,998,Not Reported,8,Not Reported,0,No Rollover,0,No Rollover,12,12 Clock Point,12,12 Clock Point,6,Disabling Damage,6,Towed,12,Motor Vehicle In-Transport,12,Motor Vehicle In-Transport,0,No or Not Reported,1,Yes,0,No Apparent Injury (O),0,No Apparent Injury (O),0,No Person Injured in Vehicle,0,No Person Injured in Vehicle,2,No Alcohol Involved,2,No Alcohol Involved,30046,Volkswagen Passat (CC - 2008 thru 2011; see 052 for 2012 on),75643,75643,0,No,1,"Two-Way, Not Divided",2,Two lanes,55,55 MPH,1,Straight,1,Level,1,Dry,0,No Controls,0,No Controls,11,Turning Left,11,Turning Left,15,Turning Left,1,No Avoidance Maneuver,1,Tracking,1,Stayed in original travel lane,68,J68-Trafficway Vehicle Turning-Turn Across Path-Initial Opposite Directions (Left/Right),401,"Changing Trafficway, Vehicle Turning-Turn Across Path, Initial Opposite Directions [Left/Right]"
202304651430,2,55,55,17,3,"South (MD, DE, DC, WV, VA, KY, TN, NC, SC, GA, FL, AL, MS, LA, AR, OK, TX)",2,Rural Area,9,Stratum 9 - LMY PV No Injuries in Crash,1055,135.97825353,2,1,January,13,1:00pm-1:59pm,5,5,12,Motor Vehicle In-Transport,2,Front-to-Front,1,01,1,Motor Vehicle In-Transport (Inside or Outside the Trafficway),0,No,1FT7W2BT2LEE,1FT7W2BT2LEE,2020,2020,2020,2020,460,Ford,1805,F-250,60,Pickup,12,Ford,481,34,Light Pickup,0,Not Applicable,12,"Class 2: 6,001 - 10,000 lbs. (2,722 - 4,536 kg)",12,"Class 2: 6,001 - 10,000 lbs. (2,722 - 4,536 kg)",0,No Trailers,777777777777,No Trailing Units,777777777777,No Trailing Units,777777777777,No Trailing Units,77,No Trailing Units,77,No Trailing Units,77,No Trailing Units,0,Not an Articulated Vehicle,00000000000,Not Applicable,0,Not Applicable,0,Not Applicable,0,Not Applicable,0,Not Applicable (N/A),1,No,0,Not Applicable,0,Not Applicable,0,Not Applicable,0,Not Applicable,0,Not a Bus,0,No Special Use Noted,0,Not Applicable,998,Not Reported,8,Not Reported,0,No Rollover,0,No Rollover,12,12 Clock Point,12,12 Clock Point,6,Disabling Damage,6,Towed,12,Motor Vehicle In-Transport,12,Motor Vehicle In-Transport,0,No or Not Reported,1,Yes,0,No Apparent Injury (O),0,No Apparent Injury (O),0,No Person Injured in Vehicle,0,No Person Injured in Vehicle,2,No Alcohol Involved,2,No Alcohol Involved,12481,Ford F-Series pickup,70563,70563,0,No,1,"Two-Way, Not Divided",2,Two lanes,55,55 MPH,1,Straight,1,Level,1,Dry,0,No Controls,0,No Controls,1,Going Straight,1,Going Straight,62,From opposite direction  over left lane line,1,No Avoidance Maneuver,1,Tracking,1,Stayed in original travel lane,69,J69-Trafficway Vehicle Turning-Turn Across Path-Initial Opposite Directions (Going Straight),402,"Changing Trafficway, Vehicle Turning-Turn Across Path, Initial Opposite Directions [Going Straight]"
202304651433,1,55,55,17,3,"South (MD, DE, DC, WV, VA, KY, TN, NC, SC, GA, FL, AL, MS, LA, AR, OK, TX)",2,Rural Area,9,Stratum 9 - LMY PV No Injuries in Crash,1070,135.97825353,2,1,January,14,2:00pm-2:59pm,39,39,12,Motor Vehicle In-Transport,1,Front-to-Rear,1,01,1,Motor Vehicle In-Transport (Inside or Outside the Trafficway),0,No,1J8GS48K89C5,1J8GS48K89C5,2009,2009,2009,2009,483,Jeep,1949,Grand Cherokee,7,Sport Utility Vehicle (SUV)/Multi-Purpose Vehicle (MPV),2,Jeep / Kaiser-Jeep / Willys- Jeep,404,14,"Compact Utility (Utility Vehicle Categories ""Small"" and ""Midsize"")",0,Not Applicable,11,"Class 1: 6,000 lbs. or less (2,722 kg or less)",11,"Class 1: 6,000 lbs. or less (2,722 kg or less)",0,No Trailers,777777777777,No Trailing Units,777777777777,No Trailing Units,777777777777,No Trailing Units,77,No Trailing Units,77,No Trailing Units,77,No Trailing Units,0,Not an Articulated Vehicle,00000000000,Not Applicable,0,Not Applicable,0,Not Applicable,0,Not Applicable,0,Not Applicable (N/A),1,No,0,Not Applicable,0,Not Applicable,0,Not Applicable,0,Not Applicable,0,Not a Bus,0,No Special Use Noted,0,Not Applicable,998,Not Reported,8,Not Reported,0,No Rollover,0,No Rollover,12,12 Clock Point,12,12 Clock Point,2,Minor Damage,5,Not Towed,12,Motor Vehicle In-Transport,12,Motor Vehicle In-Transport,0,No or Not Reported,1,Yes,0,No Apparent Injury (O),0,No Apparent Injury (O),0,No Person Injured in Vehicle,0,No Person Injured in Vehicle,2,No Alcohol Involved,2,No Alcohol Involved,2404,Jeep / Kaiser-Jeep / Willys- Jeep Cherokee (1984-on) (For Grand Cherokee for 2014 on use 02-422.),78542,78542,0,No,2,"Two-Way, Divided, Unprotected Median",2,Two lanes,70,70 MPH,1,Straight,1,Level,1,Dry,0,No Controls,0,No Controls,1,Going Straight,1,Going Straight,50,Other vehicle stopped,1,No Avoidance Maneuver,1,Tracking,1,Stayed in original travel lane,20,"D20-Same Trafficway, Same Direction-Rear End-Stopped",202,"Same Trafficway, Same Direction-Rear End, Lead Vehicle"
202304651433,2,55,55,17,3,"South (MD, DE, DC, WV, VA, KY, TN, NC, SC, GA, FL, AL, MS, LA, AR, OK, TX)",2,Rural Area,9,Stratum 9 - LMY PV No Injuries in Crash,1070,135.97825353,2,1,January,14,2:00pm-2:59pm,39,39,12,Motor Vehicle In-Transport,1,Front-to-Rear,1,01,1,Motor Vehicle In-Transport (Inside or Outside the Trafficway),0,No,1G1105S39KU1,1G1105S39KU1,2019,2019,2019,2019,467,Chevrolet,1833,Impala,13,Sedan/Saloon,20,Chevrolet,2,4,"4-door sedan, hardtop",0,Not Applicable,11,"Class 1: 6,000 lbs. or less (2,722 kg or less)",11,"Class 1: 6,000 lbs. or less (2,722 kg or less)",0,No Trailers,777777777777,No Trailing Units,777777777777,No Trailing Units,777777777777,No Trailing Units,77,No Trailing Units,77,No Trailing Units,77,No Trailing Units,0,Not an Articulated Vehicle,00000000000,Not Applicable,0,Not Applicable,0,Not Applicable,0,Not Applicable,0,Not Applicable (N/A),1,No,0,Not Applicable,0,Not Applicable,0,Not Applicable,0,Not Applicable,0,Not a Bus,0,No Special Use Noted,0,Not Applicable,0,Stopped Motor Vehicle In- Transport,8,Not Reported,0,No Rollover,0,No Rollover,6,6 Clock Point,6,6 Clock Point,2,Minor Damage,5,Not Towed,12,Motor Vehicle In-Transport,12,Motor Vehicle In-Transport,0,No or Not Reported,1,Yes,0,No Apparent Injury (O),0,No Apparent Injury (O),0,No Person Injured in Vehicle,0,No Person Injured in Vehicle,2,No Alcohol Involved,2,No Alcohol Involved,20002,"Chevrolet Impala/Caprice (For SS from 2014 on, use 20-021.)",70570,70570,0,No,2,"Two-Way, Divided, Unprotected Median",2,Two lanes,70,70 MPH,1,Straight,1,Level,1,Dry,0,No Controls,0,No Controls,5,Stopped in Roadway,5,Stopped in Roadway,53,Traveling in same direction with higher speed,1,No Avoidance Maneuver,1,Tracking,1,Stayed in original travel lane,21,"D21-Same Trafficway, Same Direction-Rear End-Stopped, Straight",201,"Same Trafficway, Same Direction-Rear End, Trailing Vehicle"
202304651434,1,55,55,17,3,"South (MD, DE, DC, WV, VA, KY, TN, NC, SC, GA, FL, AL, MS, LA, AR, OK, TX)",2,Rural Area,10,Stratum 10 - Other,1069,214.140904,2,1,January,18,6:00pm-6:59pm,40,40,12,Motor Vehicle In-Transport,6,Angle,1,01,1,Motor Vehicle In-Transport (Inside or Outside the Trafficway),0,No,1GCEC19XX7Z1,1GCEC19XX7Z1,2007,2007,2007,2007,467,Chevrolet,1850,Silverado,60,Pickup,20,Chevrolet,481,34,Light Pickup,0,Not Applicable,12,"Class 2: 6,001 - 10,000 lbs. (2,722 - 4,536 kg)",12,"Class 2: 6,001 - 10,000 lbs. (2,722 - 4,536 kg)",0,No Trailers,777777777777,No Trailing Units,777777777777,No Trailing Units,777777777777,No Trailing Units,77,No Trailing Units,77,No Trailing Units,77,No Trailing Units,0,Not an Articulated Vehicle,00000000000,Not Applicable,0,Not Applicable,0,Not Applicable,0,Not Applicable,0,Not Applicable (N/A),1,No,0,Not Applicable,0,Not Applicable,0,Not Applicable,0,Not Applicable,0,Not a Bus,0,No Special Use Noted,0,Not Applicable,998,Not Reported,0,No Underride or Override,0,No Rollover,0,No Rollover,12,12 Clock Point,12,12 Clock Point,6,Disabling Damage,6,Towed,12,Motor Vehicle In-Transport,12,Motor Vehicle In-Transport,0,No or Not Reported,1,Yes,0,No Apparent Injury (O),0,No Apparent Injury (O),0,No Person Injured in Vehicle,0,No Person Injured in Vehicle,2,No Alcohol Involved,2,No Alcohol Involved,20481,"Chevrolet C, K, R, V-series pickup/Silverado",70634,70634,0,No,1,"Two-Way, Not Divided",2,Two lanes,25,25 MPH,1,Straight,1,Level,2,Wet,20,Stop Sign,3,Device Functioning Properly,1,Going Straight,1,Going Straight,17,Crossing Over (Passing Through) Junction,1,No Avoidance Maneuver,1,Tracking,1,Stayed in original travel lane,88,L88-Intersecting Paths-Straight Paths-Striking from the Left,503,"Intersecting Paths-Straight Paths, Striking from the Left"
202304651434,2,55,55,17,3,"South (MD, DE, DC, WV, VA, KY, TN, NC, SC, GA, FL, AL, MS, LA, AR, OK, TX)",2,Rural Area,10,Stratum 10 - Other,1069,214.140904,2,1,January,18,6:00pm-6:59pm,40,40,12,Motor Vehicle In-Transport,6,Angle,2,02,1,Motor Vehicle In-Transport (Inside or Outside the Trafficway),0,No,1GNMCAE04AR2,1GNMCAE04AR2,2010,2010,2010,2010,467,Chevrolet,1852,Tahoe,7,Sport Utility Vehicle (SUV)/Multi-Purpose Vehicle (MPV),20,Chevrolet,421,15,"Large utility (ANSI D16.1 Utility Vehicle Categories and ""Full Size"" and ""Large"")",0,Not Applicable,12,"Class 2: 6,001 - 10,000 lbs. (2,722 - 4,536 kg)",12,"Class 2: 6,001 - 10,000 lbs. (2,722 - 4,536 kg)",0,No Trailers,777777777777,No Trailing Units,777777777777,No Trailing Units,777777777777,No Trailing Units,77,No Trailing Units,77,No Trailing Units,77,No Trailing Units,0,Not an Articulated Vehicle,00000000000,Not Applicable,0,Not Applicable,0,Not Applicable,0,Not Applicable,0,Not Applicable (N/A),1,No,0,Not Applicable,0,Not Applicable,0,Not Applicable,0,Not Applicable,0,Not a Bus,0,No Special Use Noted,0,Not Applicable,998,Not Reported,0,No Underride or Override,0,No Rollover,0,No Rollover,11,11 Clock Point,11,11 Clock Point,6,Disabling Damage,6,Towed,12,Motor Vehicle In-Transport,12,Motor Vehicle In-Transport,0,No or Not Reported,1,Yes,0,No Apparent Injury (O),0,No Apparent Injury (O),0,No Person Injured in Vehicle,0,No Person Injured in Vehicle,2,No Alcohol Involved,2,No Alcohol Involved,20421,Chevrolet Fullsize Blazer/Tahoe,70634,70634,0,No,4,One-Way Trafficway,2,Two lanes,35,35 MPH,1,Straight,1,Level,98,Not Reported,0,No Controls,0,No Controls,1,Going Straight,1,Going Straight,68,"From crossing street, intended path not known",15,Braking and Unknown Steering Direction,2,Skidding longitudinally  rotation less than 30 degrees,1,Stayed in original travel lane,89,L89-Intersecting Paths-Straight Paths-Struck on the left,504,"Intersecting Paths-Straight Paths, Struck on the Left"
202304651435,1,55,55,17,3,"South (MD, DE, DC, WV, VA, KY, TN, NC, SC, GA, FL, AL, MS, LA, AR, OK, TX)",2,Rural Area,9,Stratum 9 - LMY PV No Injuries in Crash,1069,135.97825351,2,1,January,10,10:00am-10:59am,41,41,12,Motor Vehicle In-Transport,6,Angle,2,02,1,Motor Vehicle In-Transport (Inside or Outside the Trafficway),0,No,KL4CJCSB8LB0,KL4CJCSB8LB0,2020,2020,2020,2020,468,Buick,1842,Encore,7,Sport Utility Vehicle (SUV)/Multi-Purpose Vehicle (MPV),18,Buick / Opel,404,14,"Compact Utility (Utility Vehicle Categories ""Small"" and ""Midsize"")",0,Not Applicable,11,"Class 1: 6,000 lbs. or less (2,722 kg or less)",11,"Class 1: 6,000 lbs. or less (2,722 kg or less)",0,No Trailers,777777777777,No Trailing Units,777777777777,No Trailing Units,777777777777,No Trailing Units,77,No Trailing Units,77,No Trailing Units,77,No Trailing Units,0,Not an Articulated Vehicle,00000000000,Not Applicable,0,Not Applicable,0,Not Applicable,0,Not Applicable,0,Not Applicable (N/A),1,No,0,Not Applicable,0,Not Applicable,0,Not Applicable,0,Not Applicable,0,Not a Bus,0,No Special Use Noted,0,Not Applicable,998,Not Reported,0,No Underride or Override,0,No Rollover,0,No Rollover,11,11 Clock Point,11,11 Clock Point,2,Minor Damage,5,Not Towed,12,Motor Vehicle In-Transport,12,Motor Vehicle In-Transport,0,No or Not Reported,1,Yes,0,No Apparent Injury (O),0,No Apparent Injury (O),0,No Person Injured in Vehicle,0,No Person Injured in Vehicle,2,No Alcohol Involved,2,No Alcohol Involved,18404,Buick / Opel Encore,70634,70634,0,No,0,Non-Trafficway or Driveway Access,0,Non-Trafficway or Driveway Access,0,No Statutory Limit/Non-Trafficway or Driveway Access,0,Non-Trafficway or Driveway Access,0,Non-Trafficway or Driveway Access,0,Non-Trafficway or Driveway Access,0,No Controls,0,No Controls,10,Turning Right,10,Turning Right,16,Turning Right,1,No Avoidance Maneuver,1,Tracking,2,"Stayed on roadway, but left original travel lane",78,K78-Trafficway Vehicle Turning-Turn Into Path-Turn Into Same Direction (Turning Right),410,"Changing Trafficway, Vehicle Turning-Turn Into Path, Turn into Same Direction [Turning Right]"
202304651435,2,55,55,17,3,"South (MD, DE, DC, WV, VA, KY, TN, NC, SC, GA, FL, AL, MS, LA, AR, OK, TX)",2,Rural Area,9,Stratum 9 - LMY PV No Injuries in Crash,1069,135.97825351,2,1,January,10,10:00am-10:59am,41,41,12,Motor Vehicle In-Transport,6,Angle,2,02,1,Motor Vehicle In-Transport (Inside or Outside the Trafficway),0,No,1FTFW1ET9EKD,1FTFW1ET9EKD,2014,2014,2014,2014,460,Ford,1801,F-150,60,Pickup,12,Ford,481,34,Light Pickup,0,Not Applicable,12,"Class 2: 6,001 - 10,000 lbs. (2,722 - 4,536 kg)",12,"Class 2: 6,001 - 10,000 lbs. (2,722 - 4,536 kg)",0,No Trailers,777777777777,No Trailing Units,777777777777,No Trailing Units,777777777777,No Trailing Units,77,No Trailing Units,77,No Trailing Units,77,No Trailing Units,0,Not an Articulated Vehicle,00000000000,Not Applicable,0,Not Applicable,0,Not Applicable,0,Not Applicable,0,Not Applicable (N/A),1,No,0,Not Applicable,0,Not Applicable,0,Not Applicable,0,Not Applicable,0,Not a Bus,0,No Special Use Noted,0,Not Applicable,998,Not Reported,0,No Underride or Override,0,No Rollover,0,No Rollover,1,1 Clock Point,1,1 Clock Point,2,Minor Damage,5,Not Towed,12,Motor Vehicle In-Transport,12,Motor Vehicle In-Transport,0,No or Not Reported,1,Yes,0,No Apparent Injury (O),0,No Apparent Injury (O),0,No Person Injured in Vehicle,0,No Person Injured in Vehicle,2,No Alcohol Involved,2,No Alcohol Involved,12481,Ford F-Series pickup,70634,70634,0,No,5,"Two-Way, Not Divided With a Continuous Left-Turn Lane",5,Five lanes,35,35 MPH,1,Straight,1,Level,1,Dry,0,No Controls,0,No Controls,1,Going Straight,1,Going Straight,70,"From driveway, turning into same direction",1,No Avoidance Maneuver,1,Tracking,1,Stayed in original travel lane,79,K79-Trafficway Vehicle Turning-Turn Into Path-Turn Into Same Direction (Going Straight),411,"Changing Trafficway, Vehicle Turning-Turn Into Path, Turn into Same Direction [Going Straight, Other Vehicle Turning Right]"
202304651438,1,55,55,17,3,"South (MD, DE, DC, WV, VA, KY, TN, NC, SC, GA, FL, AL, MS, LA, AR, OK, TX)",2,Rural Area,6,Stratum 6 - LMY PV Minor Injury,1055,52.301783688,1,1,January,7,7:00am-7:59am,36,36,18,Other Object (not fixed),0,The First Harmful Event was Not a Collision with a Motor Vehicle In-Transport,1,01,1,Motor Vehicle In-Transport (Inside or Outside the Trafficway),0,No,1GNSCBKC4KR3,1GNSCBKC4KR3,2019,2019,2019,2019,467,Chevrolet,1852,Tahoe,7,Sport Utility Vehicle (SUV)/Multi-Purpose Vehicle (MPV),20,Chevrolet,421,15,"Large utility (ANSI D16.1 Utility Vehicle Categories and ""Full Size"" and ""Large"")",0,Not Applicable,12,"Class 2: 6,001 - 10,000 lbs. (2,722 - 4,536 kg)",12,"Class 2: 6,001 - 10,000 lbs. (2,722 - 4,536 kg)",0,No Trailers,777777777777,No Trailing Units,777777777777,No Trailing Units,777777777777,No Trailing Units,77,No Trailing Units,77,No Trailing Units,77,No Trailing Units,0,Not an Articulated Vehicle,00000000000,Not Applicable,0,Not Applicable,0,Not Applicable,0,Not Applicable,0,Not Applicable (N/A),1,No,0,Not Applicable,0,Not Applicable,0,Not Applicable,0,Not Applicable,0,Not a Bus,0,No Special Use Noted,0,Not Applicable,998,Not Reported,7,Not Applicable,0,No Rollover,0,No Rollover,12,12 Clock Point,12,12 Clock Point,6,Disabling Damage,6,Towed,42,Tree (Standing Only),42,Tree (Standing Only),0,No or Not Reported,1,Yes,2,Suspected Minor Injury (B),2,Suspected Minor Injury (B),1,1,1,1,2,No Alcohol Involved,2,No Alcohol Involved,20421,Chevrolet Fullsize Blazer/Tahoe,70586,70586,0,No,1,"Two-Way, Not Divided",2,Two lanes,55,55 MPH,3,Curve - Left,1,Level,2,Wet,0,No Controls,0,No Controls,14,Negotiating a Curve,14,Negotiating a Curve,13,Off the edge of the road on the right side,1,No Avoidance Maneuver,1,Tracking,4,Departed roadway,1,A1-Single Driver-Right Roadside Departure-Drive Off Road,101,Single Driver-Right Roadside Departure
202304651442,1,51,51,10,3,"South (MD, DE, DC, WV, VA, KY, TN, NC, SC, GA, FL, AL, MS, LA, AR, OK, TX)",1,Urban Area,6,Stratum 6 - LMY PV Minor Injury,1078,54.391954014,2,1,January,14,2:00pm-2:59pm,26,26,12,Motor Vehicle In-Transport,2,Front-to-Front,2,02,1,Motor Vehicle In-Transport (Inside or Outside the Trafficway),0,No,3GNAXHEV6JS6,3GNAXHEV6JS6,2018,2018,2018,2018,467,Chevrolet,1847,Equinox,7,Sport Utility Vehicle (SUV)/Multi-Purpose Vehicle (MPV),20,Chevrolet,404,14,"Compact Utility (Utility Vehicle Categories ""Small"" and ""Midsize"")",0,Not Applicable,11,"Class 1: 6,000 lbs. or less (2,722 kg or less)",11,"Class 1: 6,000 lbs. or less (2,722 kg or less)",0,No Trailers,777777777777,No Trailing Units,777777777777,No Trailing Units,777777777777,No Trailing Units,77,No Trailing Units,77,No Trailing Units,77,No Trailing Units,0,Not an Articulated Vehicle,00000000000,Not Applicable,0,Not Applicable,0,Not Applicable,0,Not Applicable,0,Not Applicable (N/A),1,No,0,Not Applicable,0,Not Applicable,0,Not Applicable,0,Not Applicable,0,Not a Bus,0,No Special Use Noted,0,Not Applicable,998,Not Reported,0,No Underride or Override,0,No Rollover,0,No Rollover,12,12 Clock Point,12,12 Clock Point,4,Functional Damage,6,Towed,12,Motor Vehicle In-Transport,12,Motor Vehicle In-Transport,0,No or Not Reported,1,Yes,0,No Apparent Injury (O),0,No Apparent Injury (O),0,No Person Injured in Vehicle,0,No Person Injured in Vehicle,2,No Alcohol Involved,2,No Alcohol Involved,20404,Chevrolet Equinox,70094,70094,0,No,4,One-Way Trafficway,3,Three lanes,20,20 MPH,1,Straight,1,Level,98,Not Reported,20,Stop Sign,3,Device Functioning Properly,10,Turning Right,10,Turning Right,15,Turning Left,1,No Avoidance Maneuver,1,Tracking,2,"Stayed on roadway, but left original travel lane",80,K80-Trafficway Vehicle Turning-Turn Into Path-Turn Into Opposite Directions (Turning Right),412,"Changing Trafficway, Vehicle Turning-Turn Into Path, Turn into Opposite Directions [Turning Right]"
202304651442,2,51,51,10,3,"South (MD, DE, DC, WV, VA, KY, TN, NC, SC, GA, FL, AL, MS, LA, AR, OK, TX)",1,Urban Area,6,Stratum 6 - LMY PV Minor Injury,1078,54.391954014,2,1,January,14,2:00pm-2:59pm,26,26,12,Motor Vehicle In-Transport,2,Front-to-Front,1,01,1,Motor Vehicle In-Transport (Inside or Outside the Trafficway),0,No,7MUDAABG3NV0,7MUDAABG3NV0,2022,2022,2022,2022,448,Toyota,29274,COROLLA CROSS,7,Sport Utility Vehicle (SUV)/Multi-Purpose Vehicle (MPV),49,Toyota,498,14,"Compact Utility (Utility Vehicle Categories ""Small"" and ""Midsize"")",0,Not Applicable,11,"Class 1: 6,000 lbs. or less (2,722 kg or less)",11,"Class 1: 6,000 lbs. or less (2,722 kg or less)",0,No Trailers,777777777777,No Trailing Units,777777777777,No Trailing Units,777777777777,No Trailing Units,77,No Trailing Units,77,No Trailing Units,77,No Trailing Units,0,Not an Articulated Vehicle,00000000000,Not Applicable,0,Not Applicable,0,Not Applicable,0,Not Applicable,0,Not Applicable (N/A),1,No,0,Not Applicable,0,Not Applicable,0,Not Applicable,0,Not Applicable,0,Not a Bus,0,No Special Use Noted,0,Not Applicable,0,Stopped Motor Vehicle In- Transport,0,No Underride or Override,0,No Rollover,0,No Rollover,12,12 Clock Point,12,12 Clock Point,2,Minor Damage,5,Not Towed,12,Motor Vehicle In-Transport,12,Motor Vehicle In-Transport,0,No or Not Reported,1,Yes,2,Suspected Minor Injury (B),2,Suspected Minor Injury (B),1,1,1,1,2,No Alcohol Involved,2,No Alcohol Involved,49498,Toyota Other (light truck),70072,70072,0,No,1,"Two-Way, Not Divided",2,Two lanes,20,20 MPH,1,Straight,1,Level,1,Dry,20,Stop Sign,3,Device Functioning Properly,5,Stopped in Roadway,5,Stopped in Roadway,67,"From crossing street, turning into opposite direction",1,No Avoidance Maneuver,1,Tracking,1,Stayed in original travel lane,81,K81-Trafficway Vehicle Turning-Turn Into Path-Turn Into Opposite Directions (Going Straight),413,"Changing Trafficway, Vehicle Turning-Turn Into Path, Turn into Opposite Directions [Going Straight, Other Vehicle Turning Right]"
202304651563,1,51,51,10,3,"South (MD, DE, DC, WV, VA, KY, TN, NC, SC, GA, FL, AL, MS, LA, AR, OK, TX)",1,Urban Area,8,Stratum 8 - NLMY PV Minor Injury,1117,136.32339272,2,1,January,14,2:00pm-2:59pm,40,40,12,Motor Vehicle In-Transport,6,Angle,2,02,1,Motor Vehicle In-Transport (Inside or Outside the Trafficway),0,No,4T1BF3EK0BU7,4T1BF3EK0BU7,2011,2011,2011,2011,448,Toyota,2469,Camry,13,Sedan/Saloon,49,Toyota,40,4,"4-door sedan, hardtop",0,Not Applicable,11,"Class 1: 6,000 lbs. or less (2,722 kg or less)",11,"Class 1: 6,000 lbs. or less (2,722 kg or less)",0,No Trailers,777777777777,No Trailing Units,777777777777,No Trailing Units,777777777777,No Trailing Units,77,No Trailing Units,77,No Trailing Units,77,No Trailing Units,0,Not an Articulated Vehicle,00000000000,Not Applicable,0,Not Applicable,0,Not Applicable,0,Not Applicable,0,Not Applicable (N/A),1,No,0,Not Applicable,0,Not Applicable,0,Not Applicable,0,Not Applicable,0,Not a Bus,0,No Special Use Noted,0,Not Applicable,998,Not Reported,8,Not Reported,0,No Rollover,0,No Rollover,3,3 Clock Point,3,3 Clock Point,6,Disabling Damage,6,Towed,12,Motor Vehicle In-Transport,12,Motor Vehicle In-Transport,0,No or Not Reported,1,Yes,1,Possible Injury (C),1,Possible Injury (C),2,2,2,2,2,No Alcohol Involved,2,No Alcohol Involved,49040,Toyota Camry,70452,70452,0,No,0,Non-Trafficway or Driveway Access,0,Non-Trafficway or Driveway Access,0,No Statutory Limit/Non-Trafficway or Driveway Access,0,Non-Trafficway or Driveway Access,0,Non-Trafficway or Driveway Access,0,Non-Trafficway or Driveway Access,0,No Controls,0,No Controls,1,Going Straight,1,Going Straight,17,Crossing Over (Passing Through) Junction,1,No Avoidance Maneuver,1,Tracking,2,"Stayed on roadway, but left original travel lane",87,L87-Intersecting Paths-Straight Paths-Struck on the Right,502,"Intersecting Paths-Straight Paths, Struck on the Right"
202304651563,2,51,51,10,3,"South (MD, DE, DC, WV, VA, KY, TN, NC, SC, GA, FL, AL, MS, LA, AR, OK, TX)",1,Urban Area,8,Stratum 8 - NLMY PV Minor Injury,1117,136.32339272,2,1,January,14,2:00pm-2:59pm,40,40,12,Motor Vehicle In-Transport,6,Angle,1,01,1,Motor Vehicle In-Transport (Inside or Outside the Trafficway),0,No,1GNEC13V22R1,1GNEC13V22R1,2002,2002,2002,2002,467,Chevrolet,1852,Tahoe,7,Sport Utility Vehicle (SUV)/Multi-Purpose Vehicle (MPV),20,Chevrolet,421,15,"Large utility (ANSI D16.1 Utility Vehicle Categories and ""Full Size"" and ""Large"")",0,Not Applicable,12,"Class 2: 6,001 - 10,000 lbs. (2,722 - 4,536 kg)",12,"Class 2: 6,001 - 10,000 lbs. (2,722 - 4,536 kg)",0,No Trailers,777777777777,No Trailing Units,777777777777,No Trailing Units,777777777777,No Trailing Units,77,No Trailing Units,77,No Trailing Units,77,No Trailing Units,0,Not an Articulated Vehicle,00000000000,Not Applicable,0,Not Applicable,0,Not Applicable,0,Not Applicable,0,Not Applicable (N/A),1,No,0,Not Applicable,0,Not Applicable,0,Not Applicable,0,Not Applicable,0,Not a Bus,0,No Special Use Noted,0,Not Applicable,998,Not Reported,8,Not Reported,0,No Rollover,0,No Rollover,1,1 Clock Point,1,1 Clock Point,6,Disabling Damage,6,Towed,12,Motor Vehicle In-Transport,12,Motor Vehicle In-Transport,0,No or Not Reported,1,Yes,1,Possible Injury (C),1,Possible Injury (C),1,1,1,1,2,No Alcohol Involved,2,No Alcohol Involved,20421,Chevrolet Fullsize Blazer/Tahoe,70461,70461,0,No,5,"Two-Way, Not Divided With a Continuous Left-Turn Lane",5,Five lanes,40,40 MPH,1,Straight,1,Level,1,Dry,0,No Controls,0,No Controls,1,Going Straight,1,Going Straight,71,"From driveway, across path",1,No Avoidance Maneuver,1,Tracking,1,Stayed in original travel lane,86,L86-Intersecting Paths-Straight Paths-Striking from the Right,501,"Intersecting Paths-Straight Paths, Striking from the Right"
202304651577,1,51,51,10,3,"South (MD, DE, DC, WV, VA, KY, TN, NC, SC, GA, FL, AL, MS, LA, AR, OK, TX)",1,Urban Area,9,Stratum 9 - LMY PV No Injuries in Crash,1114,141.13596372,2,1,January,22,10:00pm-10:59pm,7,7,12,Motor Vehicle In-Transport,1,Front-to-Rear,1,01,1,Motor Vehicle In-Transport (Inside or Outside the Trafficway),0,No,2HGFG3B5XEH5,2HGFG3B5XEH5,2014,2014,2014,2014,474,Honda,1863,Civic,3,Coupe,37,Honda,31,2,"2-door sedan,hardtop,coupe",0,Not Applicable,11,"Class 1: 6,000 lbs. or less (2,722 kg or less)",11,"Class 1: 6,000 lbs. or less (2,722 kg or less)",0,No Trailers,777777777777,No Trailing Units,777777777777,No Trailing Units,777777777777,No Trailing Units,77,No Trailing Units,77,No Trailing Units,77,No Trailing Units,0,Not an Articulated Vehicle,00000000000,Not Applicable,0,Not Applicable,0,Not Applicable,0,Not Applicable,0,Not Applicable (N/A),1,No,0,Not Applicable,0,Not Applicable,0,Not Applicable,0,Not Applicable,0,Not a Bus,0,No Special Use Noted,0,Not Applicable,998,Not Reported,8,Not Reported,0,No Rollover,0,No Rollover,12,12 Clock Point,12,12 Clock Point,2,Minor Damage,5,Not Towed,12,Motor Vehicle In-Transport,12,Motor Vehicle In-Transport,0,No or Not Reported,1,Yes,0,No Apparent Injury (O),0,No Apparent Injury (O),0,No Person Injured in Vehicle,0,No Person Injured in Vehicle,2,No Alcohol Involved,2,No Alcohol Involved,37031,"Honda Civic/CRX, del Sol",71222,71222,0,No,1,"Two-Way, Not Divided",2,Two lanes,0,No Statutory Limit/Non-Trafficway or Driveway Access,1,Straight,1,Level,1,Dry,20,Stop Sign,3,Device Functioning Properly,1,Going Straight,1,Going Straight,50,Other vehicle stopped,1,No Avoidance Maneuver,1,Tracking,1,Stayed in original travel lane,20,"D20-Same Trafficway, Same Direction-Rear End-Stopped",202,"Same Trafficway, Same Direction-Rear End, Lead Vehicle"
202304651577,2,51,51,10,3,"South (MD, DE, DC, WV, VA, KY, TN, NC, SC, GA, FL, AL, MS, LA, AR, OK, TX)",1,Urban Area,9,Stratum 9 - LMY PV No Injuries in Crash,1114,141.13596372,2,1,January,22,10:00pm-10:59pm,7,7,12,Motor Vehicle In-Transport,1,Front-to-Rear,2,02,1,Motor Vehicle In-Transport (Inside or Outside the Trafficway),0,No,2T3W1RFV2NC2,2T3W1RFV2NC2,2022,2022,2022,2022,448,Toyota,2217,RAV4,7,Sport Utility Vehicle (SUV)/Multi-Purpose Vehicle (MPV),49,Toyota,402,14,"Compact Utility (Utility Vehicle Categories ""Small"" and ""Midsize"")",0,Not Applicable,11,"Class 1: 6,000 lbs. or less (2,722 kg or less)",11,"Class 1: 6,000 lbs. or less (2,722 kg or less)",0,No Trailers,777777777777,No Trailing Units,777777777777,No Trailing Units,777777777777,No Trailing Units,77,No Trailing Units,77,No Trailing Units,77,No Trailing Units,0,Not an Articulated Vehicle,00000000000,Not Applicable,0,Not Applicable,0,Not Applicable,0,Not Applicable,0,Not Applicable (N/A),1,No,0,Not Applicable,0,Not Applicable,0,Not Applicable,0,Not Applicable,0,Not a Bus,0,No Special Use Noted,0,Not Applicable,0,Stopped Motor Vehicle In- Transport,8,Not Reported,0,No Rollover,0,No Rollover,6,6 Clock Point,6,6 Clock Point,2,Minor Damage,5,Not Towed,12,Motor Vehicle In-Transport,12,Motor Vehicle In-Transport,0,No or Not Reported,1,Yes,0,No Apparent Injury (O),0,No Apparent Injury (O),0,No Person Injured in Vehicle,0,No Person Injured in Vehicle,2,No Alcohol Involved,2,No Alcohol Involved,49402,Toyota RAV4 *,70448,70448,0,No,1,"Two-Way, Not Divided",2,Two lanes,0,No Statutory Limit/Non-Trafficway or Driveway Access,1,Straight,1,Level,1,Dry,20,Stop Sign,3,Device Functioning Properly,5,Stopped in Roadway,5,Stopped in Roadway,53,Traveling in same direction with higher speed,1,No Avoidance Maneuver,1,Tracking,1,Stayed in original travel lane,23,"D23-Same Trafficway, Same Direction-Rear End-Stopped, Right",201,"Same Trafficway, Same Direction-Rear End, Trailing Vehicle"
202304651670,1,60,60,21,4,"West (MT, ID, WA, OR, CA, NV, NM, AZ, UT, CO, WY, AK, HI)",1,Urban Area,2,Stratum 2 - Not a MV Occupant Any Injury,234,27.562321774,1,1,January,8,8:00am-8:59am,44,44,9,Pedalcyclist,0,The First Harmful Event was Not a Collision with a Motor Vehicle In-Transport,1,01,1,Motor Vehicle In-Transport (Inside or Outside the Trafficway),0,No,888888888888,Not Reported,2015,2015,2015,2015,448,Toyota,2209,PRIUS,999,Unknown,49,Toyota,46,9,Other or Unknown automobile type,0,Not Applicable,11,"Class 1: 6,000 lbs. or less (2,722 kg or less)",12,"Class 2: 6,001 - 10,000 lbs. (2,722 - 4,536 kg)",0,No Trailers,777777777777,No Trailing Units,777777777777,No Trailing Units,777777777777,No Trailing Units,77,No Trailing Units,77,No Trailing Units,77,No Trailing Units,0,Not an Articulated Vehicle,00000000000,Not Applicable,0,Not Applicable,0,Not Applicable,0,Not Applicable,0,Not Applicable (N/A),1,No,0,Not Applicable,0,Not Applicable,0,Not Applicable,0,Not Applicable,0,Not a Bus,0,No Special Use Noted,0,Not Applicable,20,020 MPH,7,Not Applicable,0,No Rollover,0,No Rollover,12,12 Clock Point,12,12 Clock Point,0,No Damage,5,Not Towed,9,Pedalcyclist,9,Pedalcyclist,0,No or Not Reported,1,Yes,0,No Apparent Injury (O),0,No Apparent Injury (O),0,No Person Injured in Vehicle,0,No Person Injured in Vehicle,2,No Alcohol Involved,2,No Alcohol Involved,49046,Toyota Prius *,92604,92604,0,No,1,"Two-Way, Not Divided",2,Two lanes,25,25 MPH,1,Straight,8,Not Reported,1,Dry,97,Not Reported,8,Not Reported,1,Going Straight,1,Going Straight,83,Pedalcyclist or other non-motorist in road,16,Braking,1,Tracking,1,Stayed in original travel lane,13,C13-Single Driver-Forward Impact-Pedestrian/ Animal,103,Single Driver-Struck Object While Moving Forward
202304651689,1,63,63,16,3,"South (MD, DE, DC, WV, VA, KY, TN, NC, SC, GA, FL, AL, MS, LA, AR, OK, TX)",2,Rural Area,10,Stratum 10 - Other,4135,216.81106297,2,1,January,11,11:00am-11:59am,17,17,12,Motor Vehicle In-Transport,9,Rear-to-Side,1,01,1,Motor Vehicle In-Transport (Inside or Outside the Trafficway),0,No,1LNHM81W64Y6,1LNHM81W64Y6,2004,2004,2004,2004,464,Lincoln,1791,Town Car,13,Sedan/Saloon,13,Lincoln,1,4,"4-door sedan, hardtop",0,Not Applicable,11,"Class 1: 6,000 lbs. or less (2,722 kg or less)",11,"Class 1: 6,000 lbs. or less (2,722 kg or less)",0,No Trailers,777777777777,No Trailing Units,777777777777,No Trailing Units,777777777777,No Trailing Units,77,No Trailing Units,77,No Trailing Units,77,No Trailing Units,0,Not an Articulated Vehicle,00000000000,Not Applicable,0,Not Applicable,0,Not Applicable,0,Not Applicable,0,Not Applicable (N/A),1,No,0,Not Applicable,0,Not Applicable,0,Not Applicable,0,Not Applicable,0,Not a Bus,0,No Special Use Noted,0,Not Applicable,998,Not Reported,8,Not Reported,0,No Rollover,0,No Rollover,6,6 Clock Point,6,6 Clock Point,2,Minor Damage,8,Not Reported,12,Motor Vehicle In-Transport,12,Motor Vehicle In-Transport,0,No or Not Reported,1,Yes,0,No Apparent Injury (O),0,No Apparent Injury (O),0,No Person Injured in Vehicle,0,No Person Injured in Vehicle,9,Reported as Unknown,2,No Alcohol Involved,13001,Lincoln Continental (thru `81)/ Town Car,75766,75766,0,No,1,"Two-Way, Not Divided",2,Two lanes,30,30 MPH,1,Straight,1,Level,1,Dry,0,No Controls,0,No Controls,8,Leaving a Parking Position,8,Leaving a Parking Position,20,Backing,99,Unknown/Not Reported,1,Tracking,7,Entered roadway,92,M92-Backing-Backing Veh.,992,Backing Vehicle
202304651689,2,63,63,16,3,"South (MD, DE, DC, WV, VA, KY, TN, NC, SC, GA, FL, AL, MS, LA, AR, OK, TX)",2,Rural Area,10,Stratum 10 - Other,4135,216.81106297,2,1,January,11,11:00am-11:59am,17,17,12,Motor Vehicle In-Transport,9,Rear-to-Side,1,01,1,Motor Vehicle In-Transport (Inside or Outside the Trafficway),0,No,1G1FB1RX3J01,1G1FB1RX3J01,2018,2018,2018,2018,467,Chevrolet,1829,Camaro,3,Coupe,20,Chevrolet,9,2,"2-door sedan,hardtop,coupe",0,Not Applicable,11,"Class 1: 6,000 lbs. or less (2,722 kg or less)",11,"Class 1: 6,000 lbs. or less (2,722 kg or less)",0,No Trailers,777777777777,No Trailing Units,777777777777,No Trailing Units,777777777777,No Trailing Units,77,No Trailing Units,77,No Trailing Units,77,No Trailing Units,0,Not an Articulated Vehicle,00000000000,Not Applicable,0,Not Applicable,0,Not Applicable,0,Not Applicable,0,Not Applicable (N/A),1,No,0,Not Applicable,0,Not Applicable,0,Not Applicable,0,Not Applicable,0,Not a Bus,0,No Special Use Noted,0,Not Applicable,998,Not Reported,8,Not Reported,0,No Rollover,0,No Rollover,3,3 Clock Point,3,3 Clock Point,2,Minor Damage,8,Not Reported,12,Motor Vehicle In-Transport,12,Motor Vehicle In-Transport,0,No or Not Reported,1,Yes,0,No Apparent Injury (O),0,No Apparent Injury (O),0,No Person Injured in Vehicle,0,No Person Injured in Vehicle,9,Reported as Unknown,2,No Alcohol Involved,20009,Chevrolet Camaro,75965,75965,0,No,1,"Two-Way, Not Divided",2,Two lanes,30,30 MPH,1,Straight,1,Level,1,Dry,0,No Controls,0,No Controls,1,Going Straight,1,Going Straight,64,"From Parking Lane/Shoulder, Median/Crossover, Roadside",99,Unknown/Not Reported,1,Tracking,1,Stayed in original travel lane,93,M93-Backing-Other Vehicle,993,Other Vehicle
202304651693,1,63,63,16,3,"South (MD, DE, DC, WV, VA, KY, TN, NC, SC, GA, FL, AL, MS, LA, AR, OK, TX)",2,Rural Area,2,Stratum 2 - Not a MV Occupant Any Injury,4135,24.557171418,1,1,January,11,11:00am-11:59am,22,22,8,Pedestrian,0,The First Harmful Event was Not a Collision with a Motor Vehicle In-Transport,1,01,1,Motor Vehicle In-Transport (Inside or Outside the Trafficway),0,No,1GT12UEY6HF2,1GT12UEY6HF2,2017,2017,2017,2017,472,GMC,1857,Sierra,60,Pickup,23,GMC,481,34,Light Pickup,0,Not Applicable,12,"Class 2: 6,001 - 10,000 lbs. (2,722 - 4,536 kg)",12,"Class 2: 6,001 - 10,000 lbs. (2,722 - 4,536 kg)",1,One Trailer,5UTBU1827JM0,5UTBU1827JM0,777777777777,No Trailing Units,777777777777,No Trailing Units,98,Not Reported,77,No Trailing Units,77,No Trailing Units,1,No,00000000000,Not Applicable,0,Not Applicable,0,Not Applicable,0,Not Applicable,0,Not Applicable (N/A),1,No,0,Not Applicable,0,Not Applicable,0,Not Applicable,0,Not Applicable,0,Not a Bus,0,No Special Use Noted,0,Not Applicable,998,Not Reported,7,Not Applicable,0,No Rollover,0,No Rollover,4,4 Clock Point,4,4 Clock Point,8,Not Reported,8,Not Reported,8,Pedestrian,8,Pedestrian,0,No or Not Reported,1,Yes,0,No Apparent Injury (O),0,No Apparent Injury (O),0,No Person Injured in Vehicle,0,No Person Injured in Vehicle,9,Reported as Unknown,2,No Alcohol Involved,23481,"GMC C, K, R, V-series pickup/     Sierra",75650,75650,0,No,8,Not Reported,2,Two lanes,98,Not Reported,1,Straight,8,Not Reported,1,Dry,0,No Controls,0,No Controls,1,Going Straight,1,Going Straight,82,Pedestrian unknown location,99,Unknown/Not Reported,9,Precrash stability unknown,9,Unknown,13,C13-Single Driver-Forward Impact-Pedestrian/ Animal,103,Single Driver-Struck Object While Moving Forward
202304651696,1,63,63,16,3,"South (MD, DE, DC, WV, VA, KY, TN, NC, SC, GA, FL, AL, MS, LA, AR, OK, TX)",2,Rural Area,6,Stratum 6 - LMY PV Minor Injury,4135,52.930660016,2,1,January,14,2:00pm-2:59pm,35,35,12,Motor Vehicle In-Transport,6,Angle,1,01,1,Motor Vehicle In-Transport (Inside or Outside the Trafficway),0,No,5XXGR4A77FG4,5XXGR4A77FG4,2015,2015,2015,2015,499,Kia,2739,Optima,13,Sedan/Saloon,63,KIA,34,4,"4-door sedan, hardtop",0,Not Applicable,11,"Class 1: 6,000 lbs. or less (2,722 kg or less)",11,"Class 1: 6,000 lbs. or less (2,722 kg or less)",0,No Trailers,777777777777,No Trailing Units,777777777777,No Trailing Units,777777777777,No Trailing Units,77,No Trailing Units,77,No Trailing Units,77,No Trailing Units,0,Not an Articulated Vehicle,00000000000,Not Applicable,0,Not Applicable,0,Not Applicable,0,Not Applicable,0,Not Applicable (N/A),1,No,0,Not Applicable,0,Not Applicable,0,Not Applicable,0,Not Applicable,0,Not a Bus,0,No Special Use Noted,0,Not Applicable,998,Not Reported,0,No Underride or Override,0,No Rollover,0,No Rollover,12,12 Clock Point,12,12 Clock Point,2,Minor Damage,6,Towed,12,Motor Vehicle In-Transport,12,Motor Vehicle In-Transport,0,No or Not Reported,1,Yes,0,No Apparent Injury (O),0,No Apparent Injury (O),0,No Person Injured in Vehicle,0,No Person Injured in Vehicle,9,Reported as Unknown,2,No Alcohol Involved,63034,KIA Optima,75601,75601,0,No,1,"Two-Way, Not Divided",4,Four lanes,40,40 MPH,1,Straight,1,Level,6,Water (Standing or Moving),0,No Controls,0,No Controls,1,Going Straight,1,Going Straight,66,"From crossing street, across path",99,Unknown/Not Reported,1,Tracking,1,Stayed in original travel lane,86,L86-Intersecting Paths-Straight Paths-Striking from the Right,501,"Intersecting Paths-Straight Paths, Striking from the Right"
202304651696,2,63,63,16,3,"South (MD, DE, DC, WV, VA, KY, TN, NC, SC, GA, FL, AL, MS, LA, AR, OK, TX)",2,Rural Area,6,Stratum 6 - LMY PV Minor Injury,4135,52.930660016,2,1,January,14,2:00pm-2:59pm,35,35,12,Motor Vehicle In-Transport,6,Angle,2,02,1,Motor Vehicle In-Transport (Inside or Outside the Trafficway),0,No,5NPD84LF5KH4,5NPD84LF5KH4,2019,2019,2019,2019,498,Hyundai,2735,Elantra,13,Sedan/Saloon,55,Hyundai,35,4,"4-door sedan, hardtop",0,Not Applicable,11,"Class 1: 6,000 lbs. or less (2,722 kg or less)",11,"Class 1: 6,000 lbs. or less (2,722 kg or less)",0,No Trailers,777777777777,No Trailing Units,777777777777,No Trailing Units,777777777777,No Trailing Units,77,No Trailing Units,77,No Trailing Units,77,No Trailing Units,0,Not an Articulated Vehicle,00000000000,Not Applicable,0,Not Applicable,0,Not Applicable,0,Not Applicable,0,Not Applicable (N/A),1,No,0,Not Applicable,0,Not Applicable,0,Not Applicable,0,Not Applicable,0,Not a Bus,0,No Special Use Noted,0,Not Applicable,998,Not Reported,0,No Underride or Override,0,No Rollover,0,No Rollover,2,2 Clock Point,2,2 Clock Point,2,Minor Damage,8,Not Reported,12,Motor Vehicle In-Transport,12,Motor Vehicle In-Transport,0,No or Not Reported,1,Yes,1,Possible Injury (C),1,Possible Injury (C),1,1,1,1,9,Reported as Unknown,2,No Alcohol Involved,55035,Hyundai Elantra,75605,75605,0,No,0,Non-Trafficway or Driveway Access,0,Non-Trafficway or Driveway Access,0,No Statutory Limit/Non-Trafficway or Driveway Access,0,Non-Trafficway or Driveway Access,0,Non-Trafficway or Driveway Access,0,Non-Trafficway or Driveway Access,97,Not Reported,8,Not Reported,1,Going Straight,1,Going Straight,17,Crossing Over (Passing Through) Junction,99,Unknown/Not Reported,1,Tracking,1,Stayed in original travel lane,87,L87-Intersecting Paths-Straight Paths-Struck on the Right,502,"Intersecting Paths-Straight Paths, Struck on the Right"
202304651697,1,63,63,16,3,"South (MD, DE, DC, WV, VA, KY, TN, NC, SC, GA, FL, AL, MS, LA, AR, OK, TX)",2,Rural Area,3,Stratum 3 - Motorcycle Any Injury,4135,25.357948747,1,1,January,13,1:00pm-1:59pm,20,20,1,Rollover/Overturn,0,The First Harmful Event was Not a Collision with a Motor Vehicle In-Transport,2,02,1,Motor Vehicle In-Transport (Inside or Outside the Trafficway),0,No,1HD1KRC19HB6,1HD1KRC19HB6,2017,2017,2017,2017,3888,Harley Davidson,12629,FLHXS / Street Glide Special,81,Motorcycle - Touring / Sport Touring,72,Harley-Davidson,706,80,Two Wheel Motorcycle (excluding motor scooters),0,Not Applicable,11,"Class 1: 6,000 lbs. or less (2,722 kg or less)",11,"Class 1: 6,000 lbs. or less (2,722 kg or less)",0,No Trailers,777777777777,No Trailing Units,777777777777,No Trailing Units,777777777777,No Trailing Units,77,No Trailing Units,77,No Trailing Units,77,No Trailing Units,0,Not an Articulated Vehicle,00000000000,Not Applicable,0,Not Applicable,0,Not Applicable,0,Not Applicable,0,Not Applicable (N/A),1,No,0,Not Applicable,0,Not Applicable,0,Not Applicable,0,Not Applicable,0,Not a Bus,0,No Special Use Noted,0,Not Applicable,998,Not Reported,7,Not Applicable,8,Not Applicable,8,Not Applicable,0,Non-Collision,0,Non-Collision,2,Minor Damage,8,Not Reported,1,Rollover/Overturn,1,Rollover/Overturn,0,No or Not Reported,1,Yes,3,Suspected Serious Injury (A),3,Suspected Serious Injury (A),2,2,2,2,9,Reported as Unknown,2,No Alcohol Involved,72706,Harley-Davidson 750cc or greater,75691,75691,5,"Yes, Specifics Unknown",1,"Two-Way, Not Divided",2,Two lanes,55,55 MPH,2,Curve - Right,1,Level,1,Dry,97,Not Reported,8,Not Reported,14,Negotiating a Curve,14,Negotiating a Curve,6,Traveling Too Fast for Conditions or Road Configuration,99,Unknown/Not Reported,9,Precrash stability unknown,6,Returned to roadway,98,M98-Other Crash Type,998,Other Crash Type
202304651705,1,63,63,16,3,"South (MD, DE, DC, WV, VA, KY, TN, NC, SC, GA, FL, AL, MS, LA, AR, OK, TX)",2,Rural Area,10,Stratum 10 - Other,4135,216.81106297,2,1,January,13,1:00pm-1:59pm,35,35,12,Motor Vehicle In-Transport,6,Angle,99,Unknown,1,Motor Vehicle In-Transport (Inside or Outside the Trafficway),1,Yes,1G3NL52T91C2,1G3NL52T91C2,2001,2001,2001,2001,4162,Oldsmobile,8955,Alero,13,Sedan/Saloon,21,Oldsmobile,21,4,"4-door sedan, hardtop",0,Not Applicable,11,"Class 1: 6,000 lbs. or less (2,722 kg or less)",11,"Class 1: 6,000 lbs. or less (2,722 kg or less)",0,No Trailers,777777777777,No Trailing Units,777777777777,No Trailing Units,777777777777,No Trailing Units,77,No Trailing Units,77,No Trailing Units,77,No Trailing Units,0,Not an Articulated Vehicle,00000000000,Not Applicable,0,Not Applicable,0,Not Applicable,0,Not Applicable,0,Not Applicable (N/A),1,No,0,Not Applicable,0,Not Applicable,0,Not Applicable,0,Not Applicable,0,Not a Bus,0,No Special Use Noted,0,Not Applicable,998,Not Reported,0,No Underride or Override,0,No Rollover,0,No Rollover,12,12 Clock Point,12,12 Clock Point,2,Minor Damage,5,Not Towed,12,Motor Vehicle In-Transport,12,Motor Vehicle In-Transport,0,No or Not Reported,1,Yes,0,No Apparent Injury (O),0,No Apparent Injury (O),0,No Person Injured in Vehicle,0,No Person Injured in Vehicle,9,Reported as Unknown,2,No Alcohol Involved,21021,Oldsmobile Achieva/Alero,75601,75601,0,No,1,"Two-Way, Not Divided",2,Two lanes,98,Not Reported,1,Straight,8,Not Reported,1,Dry,20,Stop Sign,3,Device Functioning Properly,1,Going Straight,1,Going Straight,17,Crossing Over (Passing Through) Junction,99,Unknown/Not Reported,1,Tracking,1,Stayed in original travel lane,88,L88-Intersecting Paths-Straight Paths-Striking from the Left,503,"Intersecting Paths-Straight Paths, Striking from the Left"
202304651705,2,63,63,16,3,"South (MD, DE, DC, WV, VA, KY, TN, NC, SC, GA, FL, AL, MS, LA, AR, OK, TX)",2,Rural Area,10,Stratum 10 - Other,4135,216.81106297,2,1,January,13,1:00pm-1:59pm,35,35,12,Motor Vehicle In-Transport,6,Angle,1,01,1,Motor Vehicle In-Transport (Inside or Outside the Trafficway),0,No,KMHDH4AE8DU6,KMHDH4AE8DU6,2013,2013,2013,2013,498,Hyundai,2735,Elantra,13,Sedan/Saloon,55,Hyundai,35,4,"4-door sedan, hardtop",0,Not Applicable,11,"Class 1: 6,000 lbs. or less (2,722 kg or less)",11,"Class 1: 6,000 lbs. or less (2,722 kg or less)",0,No Trailers,777777777777,No Trailing Units,777777777777,No Trailing Units,777777777777,No Trailing Units,77,No Trailing Units,77,No Trailing Units,77,No Trailing Units,0,Not an Articulated Vehicle,00000000000,Not Applicable,0,Not Applicable,0,Not Applicable,0,Not Applicable,0,Not Applicable (N/A),1,No,0,Not Applicable,0,Not Applicable,0,Not Applicable,0,Not Applicable,0,Not a Bus,0,No Special Use Noted,0,Not Applicable,998,Not Reported,0,No Underride or Override,0,No Rollover,0,No Rollover,7,7 Clock Point,7,7 Clock Point,2,Minor Damage,8,Not Reported,12,Motor Vehicle In-Transport,12,Motor Vehicle In-Transport,0,No or Not Reported,1,Yes,0,No Apparent Injury (O),0,No Apparent Injury (O),0,No Person Injured in Vehicle,0,No Person Injured in Vehicle,9,Reported as Unknown,2,No Alcohol Involved,55035,Hyundai Elantra,75602,75602,0,No,1,"Two-Way, Not Divided",4,Four lanes,35,35 MPH,1,Straight,2,"Grade, Unknown Slope",1,Dry,0,No Controls,0,No Controls,1,Going Straight,1,Going Straight,66,"From crossing street, across path",99,Unknown/Not Reported,1,Tracking,1,Stayed in original travel lane,89,L89-Intersecting Paths-Straight Paths-Struck on the left,504,"Intersecting Paths-Straight Paths, Struck on the Left"
202304651744,1,59,59,10,3,"South (MD, DE, DC, WV, VA, KY, TN, NC, SC, GA, FL, AL, MS, LA, AR, OK, TX)",1,Urban Area,9,Stratum 9 - LMY PV No Injuries in Crash,4137,142.15884183,2,1,January,13,1:00pm-1:59pm,40,40,12,Motor Vehicle In-Transport,1,Front-to-Rear,2,02,1,Motor Vehicle In-Transport (Inside or Outside the Trafficway),0,No,1GCVKREH5FZ2,1GCVKREH5FZ2,2015,2015,2015,2015,467,Chevrolet,1850,Silverado,60,Pickup,20,Chevrolet,481,34,Light Pickup,0,Not Applicable,12,"Class 2: 6,001 - 10,000 lbs. (2,722 - 4,536 kg)",12,"Class 2: 6,001 - 10,000 lbs. (2,722 - 4,536 kg)",0,No Trailers,777777777777,No Trailing Units,777777777777,No Trailing Units,777777777777,No Trailing Units,77,No Trailing Units,77,No Trailing Units,77,No Trailing Units,0,Not an Articulated Vehicle,00000000000,Not Applicable,0,Not Applicable,0,Not Applicable,0,Not Applicable,0,Not Applicable (N/A),1,No,0,Not Applicable,0,Not Applicable,0,Not Applicable,0,Not Applicable,0,Not a Bus,0,No Special Use Noted,0,Not Applicable,35,035 MPH,8,Not Reported,0,No Rollover,0,No Rollover,12,12 Clock Point,12,12 Clock Point,2,Minor Damage,6,Towed,12,Motor Vehicle In-Transport,12,Motor Vehicle In-Transport,0,No or Not Reported,1,Yes,0,No Apparent Injury (O),0,No Apparent Injury (O),0,No Person Injured in Vehicle,0,No Person Injured in Vehicle,2,No Alcohol Involved,2,No Alcohol Involved,20481,"Chevrolet C, K, R, V-series pickup/Silverado",33015,33015,0,No,7,"Two-Way Divided, Unknown if Unprotected Median or Positive Median Barrier",3,Three lanes,65,65 MPH,1,Straight,1,Level,1,Dry,0,No Controls,0,No Controls,1,Going Straight,1,Going Straight,52,Traveling in same direction while decelerating,99,Unknown/Not Reported,1,Tracking,1,Stayed in original travel lane,28,"D28-Same Trafficway, Same Direction-Rear End-Decelerating (Slowing)",202,"Same Trafficway, Same Direction-Rear End, Lead Vehicle"
202304651744,2,59,59,10,3,"South (MD, DE, DC, WV, VA, KY, TN, NC, SC, GA, FL, AL, MS, LA, AR, OK, TX)",1,Urban Area,9,Stratum 9 - LMY PV No Injuries in Crash,4137,142.15884183,2,1,January,13,1:00pm-1:59pm,40,40,12,Motor Vehicle In-Transport,1,Front-to-Rear,3,03,1,Motor Vehicle In-Transport (Inside or Outside the Trafficway),0,No,2T2GGCEZ2NC0,2T2GGCEZ2NC0,2022,2022,2022,2022,515,Lexus,3653,NX,7,Sport Utility Vehicle (SUV)/Multi-Purpose Vehicle (MPV),59,Lexus,405,14,"Compact Utility (Utility Vehicle Categories ""Small"" and ""Midsize"")",0,Not Applicable,11,"Class 1: 6,000 lbs. or less (2,722 kg or less)",11,"Class 1: 6,000 lbs. or less (2,722 kg or less)",0,No Trailers,777777777777,No Trailing Units,777777777777,No Trailing Units,777777777777,No Trailing Units,77,No Trailing Units,77,No Trailing Units,77,No Trailing Units,0,Not an Articulated Vehicle,00000000000,Not Applicable,0,Not Applicable,0,Not Applicable,0,Not Applicable,0,Not Applicable (N/A),1,No,0,Not Applicable,0,Not Applicable,0,Not Applicable,0,Not Applicable,0,Not a Bus,0,No Special Use Noted,0,Not Applicable,25,025 MPH,8,Not Reported,0,No Rollover,0,No Rollover,6,6 Clock Point,6,6 Clock Point,2,Minor Damage,8,Not Reported,12,Motor Vehicle In-Transport,12,Motor Vehicle In-Transport,0,No or Not Reported,1,Yes,0,No Apparent Injury (O),0,No Apparent Injury (O),0,No Person Injured in Vehicle,0,No Person Injured in Vehicle,2,No Alcohol Involved,2,No Alcohol Involved,59405,Lexus NX,33142,33142,0,No,7,"Two-Way Divided, Unknown if Unprotected Median or Positive Median Barrier",3,Three lanes,65,65 MPH,1,Straight,1,Level,1,Dry,0,No Controls,0,No Controls,2,Decelerating in Road,2,Decelerating in Road,53,Traveling in same direction with higher speed,99,Unknown/Not Reported,1,Tracking,1,Stayed in original travel lane,29,"D29-Same Trafficway, Same Direction-Rear End-Decelerating (Slowing), Going Straight",201,"Same Trafficway, Same Direction-Rear End, Trailing Vehicle"
202304651862,1,65,65,13,3,"South (MD, DE, DC, WV, VA, KY, TN, NC, SC, GA, FL, AL, MS, LA, AR, OK, TX)",1,Urban Area,6,Stratum 6 - LMY PV Minor Injury,4138,54.455054376,2,1,January,18,6:00pm-6:59pm,39,39,12,Motor Vehicle In-Transport,1,Front-to-Rear,1,01,1,Motor Vehicle In-Transport (Inside or Outside the Trafficway),0,No,1NXBU4EE6AZ3,1NXBU4EE6AZ3,2010,2010,2010,2010,448,Toyota,2208,Corolla,13,Sedan/Saloon,49,Toyota,32,4,"4-door sedan, hardtop",0,Not Applicable,11,"Class 1: 6,000 lbs. or less (2,722 kg or less)",11,"Class 1: 6,000 lbs. or less (2,722 kg or less)",0,No Trailers,777777777777,No Trailing Units,777777777777,No Trailing Units,777777777777,No Trailing Units,77,No Trailing Units,77,No Trailing Units,77,No Trailing Units,0,Not an Articulated Vehicle,00000000000,Not Applicable,0,Not Applicable,0,Not Applicable,0,Not Applicable,0,Not Applicable (N/A),1,No,0,Not Applicable,0,Not Applicable,0,Not Applicable,0,Not Applicable,0,Not a Bus,0,No Special Use Noted,0,Not Applicable,998,Not Reported,8,Not Reported,0,No Rollover,0,No Rollover,12,12 Clock Point,12,12 Clock Point,7,"Damage Reported, Extent Unknown",5,Not Towed,12,Motor Vehicle In-Transport,12,Motor Vehicle In-Transport,0,No or Not Reported,1,Yes,0,No Apparent Injury (O),0,No Apparent Injury (O),0,No Person Injured in Vehicle,0,No Person Injured in Vehicle,9,Reported as Unknown,2,No Alcohol Involved,49032,Toyota Corolla,75211,75211,4,"Yes, Too Fast for Conditions",3,"Two-Way,  Divided, Positive  Median Barrier",3,Three lanes,70,70 MPH,3,Curve - Left,1,Level,1,Dry,0,No Controls,0,No Controls,14,Negotiating a Curve,14,Negotiating a Curve,50,Other vehicle stopped,99,Unknown/Not Reported,1,Tracking,1,Stayed in original travel lane,20,"D20-Same Trafficway, Same Direction-Rear End-Stopped",202,"Same Trafficway, Same Direction-Rear End, Lead Vehicle"
202304651862,2,65,65,13,3,"South (MD, DE, DC, WV, VA, KY, TN, NC, SC, GA, FL, AL, MS, LA, AR, OK, TX)",1,Urban Area,6,Stratum 6 - LMY PV Minor Injury,4138,54.455054376,2,1,January,18,6:00pm-6:59pm,39,39,12,Motor Vehicle In-Transport,1,Front-to-Rear,1,01,1,Motor Vehicle In-Transport (Inside or Outside the Trafficway),0,No,JTJHZKEA5M20,JTJHZKEA5M20,2021,2021,2021,2021,515,Lexus,2214,RX,7,Sport Utility Vehicle (SUV)/Multi-Purpose Vehicle (MPV),59,Lexus,403,14,"Compact Utility (Utility Vehicle Categories ""Small"" and ""Midsize"")",0,Not Applicable,11,"Class 1: 6,000 lbs. or less (2,722 kg or less)",11,"Class 1: 6,000 lbs. or less (2,722 kg or less)",0,No Trailers,777777777777,No Trailing Units,777777777777,No Trailing Units,777777777777,No Trailing Units,77,No Trailing Units,77,No Trailing Units,77,No Trailing Units,0,Not an Articulated Vehicle,00000000000,Not Applicable,0,Not Applicable,0,Not Applicable,0,Not Applicable,0,Not Applicable (N/A),1,No,0,Not Applicable,0,Not Applicable,0,Not Applicable,0,Not Applicable,0,Not a Bus,0,No Special Use Noted,0,Not Applicable,0,Stopped Motor Vehicle In- Transport,8,Not Reported,0,No Rollover,0,No Rollover,6,6 Clock Point,6,6 Clock Point,2,Minor Damage,5,Not Towed,12,Motor Vehicle In-Transport,12,Motor Vehicle In-Transport,0,No or Not Reported,1,Yes,1,Possible Injury (C),1,Possible Injury (C),1,1,1,1,9,Reported as Unknown,2,No Alcohol Involved,59403,Lexus RX330/350/400h/450h,75052,75052,0,No,3,"Two-Way,  Divided, Positive  Median Barrier",3,Three lanes,70,70 MPH,3,Curve - Left,1,Level,1,Dry,0,No Controls,0,No Controls,5,Stopped in Roadway,5,Stopped in Roadway,53,Traveling in same direction with higher speed,1,No Avoidance Maneuver,1,Tracking,1,Stayed in original travel lane,21,"D21-Same Trafficway, Same Direction-Rear End-Stopped, Straight",201,"Same Trafficway, Same Direction-Rear End, Trailing Vehicle"
202304651873,1,65,65,13,3,"South (MD, DE, DC, WV, VA, KY, TN, NC, SC, GA, FL, AL, MS, LA, AR, OK, TX)",1,Urban Area,9,Stratum 9 - LMY PV No Injuries in Crash,4138,140.8455736,2,1,January,18,6:00pm-6:59pm,20,20,12,Motor Vehicle In-Transport,2,Front-to-Front,1,01,1,Motor Vehicle In-Transport (Inside or Outside the Trafficway),0,No,KNDEU2AA8P73,KNDEU2AA8P73,2023,2023,2023,2023,499,Kia,26900,Seltos,7,Sport Utility Vehicle (SUV)/Multi-Purpose Vehicle (MPV),63,KIA,498,14,"Compact Utility (Utility Vehicle Categories ""Small"" and ""Midsize"")",0,Not Applicable,11,"Class 1: 6,000 lbs. or less (2,722 kg or less)",11,"Class 1: 6,000 lbs. or less (2,722 kg or less)",0,No Trailers,777777777777,No Trailing Units,777777777777,No Trailing Units,777777777777,No Trailing Units,77,No Trailing Units,77,No Trailing Units,77,No Trailing Units,0,Not an Articulated Vehicle,00000000000,Not Applicable,0,Not Applicable,0,Not Applicable,0,Not Applicable,0,Not Applicable (N/A),1,No,0,Not Applicable,0,Not Applicable,0,Not Applicable,0,Not Applicable,0,Not a Bus,0,No Special Use Noted,0,Not Applicable,998,Not Reported,8,Not Reported,0,No Rollover,0,No Rollover,12,12 Clock Point,12,12 Clock Point,2,Minor Damage,6,Towed,12,Motor Vehicle In-Transport,12,Motor Vehicle In-Transport,0,No or Not Reported,1,Yes,0,No Apparent Injury (O),0,No Apparent Injury (O),0,No Person Injured in Vehicle,0,No Person Injured in Vehicle,9,Reported as Unknown,2,No Alcohol Involved,63498,KIA Other (Light Truck),75050,75050,0,No,2,"Two-Way, Divided, Unprotected Median",4,Four lanes,45,45 MPH,1,Straight,1,Level,1,Dry,3,Traffic control signal(on colors) not known whether or not Pedestrian Signal,3,Device Functioning Properly,11,Turning Left,11,Turning Left,15,Turning Left,99,Unknown/Not Reported,1,Tracking,1,Stayed in original travel lane,68,J68-Trafficway Vehicle Turning-Turn Across Path-Initial Opposite Directions (Left/Right),401,"Changing Trafficway, Vehicle Turning-Turn Across Path, Initial Opposite Directions [Left/Right]"
202304651873,2,65,65,13,3,"South (MD, DE, DC, WV, VA, KY, TN, NC, SC, GA, FL, AL, MS, LA, AR, OK, TX)",1,Urban Area,9,Stratum 9 - LMY PV No Injuries in Crash,4138,140.8455736,2,1,January,18,6:00pm-6:59pm,20,20,12,Motor Vehicle In-Transport,2,Front-to-Front,1,01,1,Motor Vehicle In-Transport (Inside or Outside the Trafficway),0,No,1GNEC13R9VJ3,1GNEC13R9VJ3,1997,1997,1997,1997,467,Chevrolet,1852,Tahoe,7,Sport Utility Vehicle (SUV)/Multi-Purpose Vehicle (MPV),20,Chevrolet,421,15,"Large utility (ANSI D16.1 Utility Vehicle Categories and ""Full Size"" and ""Large"")",0,Not Applicable,12,"Class 2: 6,001 - 10,000 lbs. (2,722 - 4,536 kg)",12,"Class 2: 6,001 - 10,000 lbs. (2,722 - 4,536 kg)",0,No Trailers,777777777777,No Trailing Units,777777777777,No Trailing Units,777777777777,No Trailing Units,77,No Trailing Units,77,No Trailing Units,77,No Trailing Units,0,Not an Articulated Vehicle,00000000000,Not Applicable,0,Not Applicable,0,Not Applicable,0,Not Applicable,0,Not Applicable (N/A),1,No,0,Not Applicable,0,Not Applicable,0,Not Applicable,0,Not Applicable,0,Not a Bus,0,No Special Use Noted,0,Not Applicable,998,Not Reported,8,Not Reported,0,No Rollover,0,No Rollover,12,12 Clock Point,12,12 Clock Point,2,Minor Damage,6,Towed,12,Motor Vehicle In-Transport,12,Motor Vehicle In-Transport,0,No or Not Reported,1,Yes,0,No Apparent Injury (O),0,No Apparent Injury (O),0,No Person Injured in Vehicle,0,No Person Injured in Vehicle,9,Reported as Unknown,2,No Alcohol Involved,20421,Chevrolet Fullsize Blazer/Tahoe,76010,76010,0,No,2,"Two-Way, Divided, Unprotected Median",4,Four lanes,45,45 MPH,1,Straight,1,Level,1,Dry,3,Traffic control signal(on colors) not known whether or not Pedestrian Signal,3,Device Functioning Properly,1,Going Straight,1,Going Straight,62,From opposite direction  over left lane line,99,Unknown/Not Reported,1,Tracking,1,Stayed in original travel lane,69,J69-Trafficway Vehicle Turning-Turn Across Path-Initial Opposite Directions (Going Straight),402,"Changing Trafficway, Vehicle Turning-Turn Across Path, Initial Opposite Directions [Going Straight]"
202304651972,1,65,65,13,3,"South (MD, DE, DC, WV, VA, KY, TN, NC, SC, GA, FL, AL, MS, LA, AR, OK, TX)",1,Urban Area,10,Stratum 10 - Other,4138,221.11846351,1,1,January,5,5:00am-5:59am,45,45,52,Guardrail End,0,The First Harmful Event was Not a Collision with a Motor Vehicle In-Transport,99,Unknown,1,Motor Vehicle In-Transport (Inside or Outside the Trafficway),1,Yes,1GKKNMLS5HZ3,1GKKNMLS5HZ3,2017,2017,2017,2017,472,GMC,1855,Acadia,7,Sport Utility Vehicle (SUV)/Multi-Purpose Vehicle (MPV),23,GMC,423,15,"Large utility (ANSI D16.1 Utility Vehicle Categories and ""Full Size"" and ""Large"")",0,Not Applicable,12,"Class 2: 6,001 - 10,000 lbs. (2,722 - 4,536 kg)",12,"Class 2: 6,001 - 10,000 lbs. (2,722 - 4,536 kg)",0,No Trailers,777777777777,No Trailing Units,777777777777,No Trailing Units,777777777777,No Trailing Units,77,No Trailing Units,77,No Trailing Units,77,No Trailing Units,0,Not an Articulated Vehicle,00000000000,Not Applicable,0,Not Applicable,0,Not Applicable,0,Not Applicable,0,Not Applicable (N/A),1,No,0,Not Applicable,0,Not Applicable,0,Not Applicable,0,Not Applicable,0,Not a Bus,0,No Special Use Noted,0,Not Applicable,998,Not Reported,7,Not Applicable,0,No Rollover,0,No Rollover,12,12 Clock Point,12,12 Clock Point,7,"Damage Reported, Extent Unknown",5,Not Towed,52,Guardrail End,52,Guardrail End,0,No or Not Reported,1,Yes,0,No Apparent Injury (O),0,No Apparent Injury (O),0,No Person Injured in Vehicle,0,No Person Injured in Vehicle,9,Reported as Unknown,2,No Alcohol Involved,23423,GMC Acadia (2013 on. For 2007-2012 see model 008.),75172,75172,0,No,3,"Two-Way,  Divided, Positive  Median Barrier",3,Three lanes,65,65 MPH,1,Straight,1,Level,1,Dry,0,No Controls,0,No Controls,1,Going Straight,1,Going Straight,13,Off the edge of the road on the right side,99,Unknown/Not Reported,1,Tracking,4,Departed roadway,1,A1-Single Driver-Right Roadside Departure-Drive Off Road,101,Single Driver-Right Roadside Departure
202304652006,1,28,28,11,3,"South (MD, DE, DC, WV, VA, KY, TN, NC, SC, GA, FL, AL, MS, LA, AR, OK, TX)",1,Urban Area,9,Stratum 9 - LMY PV No Injuries in Crash,4139,141.34570405,2,1,January,7,7:00am-7:59am,40,40,12,Motor Vehicle In-Transport,1,Front-to-Rear,1,01,1,Motor Vehicle In-Transport (Inside or Outside the Trafficway),0,No,5NPLM4AG0MH0,5NPLM4AG0MH0,2021,2021,2021,2021,498,Hyundai,2735,Elantra,13,Sedan/Saloon,55,Hyundai,35,4,"4-door sedan, hardtop",0,Not Applicable,11,"Class 1: 6,000 lbs. or less (2,722 kg or less)",11,"Class 1: 6,000 lbs. or less (2,722 kg or less)",0,No Trailers,777777777777,No Trailing Units,777777777777,No Trailing Units,777777777777,No Trailing Units,77,No Trailing Units,77,No Trailing Units,77,No Trailing Units,0,Not an Articulated Vehicle,00000000000,Not Applicable,0,Not Applicable,0,Not Applicable,0,Not Applicable,0,Not Applicable (N/A),1,No,0,Not Applicable,0,Not Applicable,0,Not Applicable,0,Not Applicable,0,Not a Bus,0,No Special Use Noted,0,Not Applicable,65,065 MPH,8,Not Reported,0,No Rollover,0,No Rollover,12,12 Clock Point,12,12 Clock Point,4,Functional Damage,8,Not Reported,12,Motor Vehicle In-Transport,12,Motor Vehicle In-Transport,0,No or Not Reported,1,Yes,0,No Apparent Injury (O),0,No Apparent Injury (O),0,No Person Injured in Vehicle,0,No Person Injured in Vehicle,2,No Alcohol Involved,2,No Alcohol Involved,55035,Hyundai Elantra,33169,33169,0,No,7,"Two-Way Divided, Unknown if Unprotected Median or Positive Median Barrier",8,Not Reported,65,65 MPH,1,Straight,1,Level,1,Dry,0,No Controls,0,No Controls,1,Going Straight,1,Going Straight,50,Other vehicle stopped,16,Braking,1,Tracking,1,Stayed in original travel lane,20,"D20-Same Trafficway, Same Direction-Rear End-Stopped",202,"Same Trafficway, Same Direction-Rear End, Lead Vehicle"
202304652006,2,28,28,11,3,"South (MD, DE, DC, WV, VA, KY, TN, NC, SC, GA, FL, AL, MS, LA, AR, OK, TX)",1,Urban Area,9,Stratum 9 - LMY PV No Injuries in Crash,4139,141.34570405,2,1,January,7,7:00am-7:59am,40,40,12,Motor Vehicle In-Transport,1,Front-to-Rear,1,01,1,Motor Vehicle In-Transport (Inside or Outside the Trafficway),0,No,3N6CM0KN2LK6,3N6CM0KN2LK6,2020,2020,2020,2020,478,Nissan,1918,NV200,95,Cargo Van,35,Nissan/Datsun,446,20,"Minivan (Chrysler Town and Country, Caravan, Grand Caravan, Voyager, Voyager, Honda-Odyssey, ...)",0,Not Applicable,11,"Class 1: 6,000 lbs. or less (2,722 kg or less)",11,"Class 1: 6,000 lbs. or less (2,722 kg or less)",0,No Trailers,777777777777,No Trailing Units,777777777777,No Trailing Units,777777777777,No Trailing Units,77,No Trailing Units,77,No Trailing Units,77,No Trailing Units,0,Not an Articulated Vehicle,00000000000,Not Applicable,0,Not Applicable,0,Not Applicable,0,Not Applicable,0,Not Applicable (N/A),1,No,0,Not Applicable,0,Not Applicable,0,Not Applicable,0,Not Applicable,0,Not a Bus,0,No Special Use Noted,0,Not Applicable,0,Stopped Motor Vehicle In- Transport,8,Not Reported,0,No Rollover,0,No Rollover,6,6 Clock Point,6,6 Clock Point,4,Functional Damage,8,Not Reported,12,Motor Vehicle In-Transport,12,Motor Vehicle In-Transport,0,No or Not Reported,1,Yes,0,No Apparent Injury (O),0,No Apparent Injury (O),0,No Person Injured in Vehicle,0,No Person Injured in Vehicle,2,No Alcohol Involved,2,No Alcohol Involved,35446,Nissan/Datsun NV200/eNV200,33332,33332,0,No,7,"Two-Way Divided, Unknown if Unprotected Median or Positive Median Barrier",8,Not Reported,65,65 MPH,1,Straight,1,Level,1,Dry,0,No Controls,0,No Controls,5,Stopped in Roadway,5,Stopped in Roadway,53,Traveling in same direction with higher speed,1,No Avoidance Maneuver,1,Tracking,1,Stayed in original travel lane,21,"D21-Same Trafficway, Same Direction-Rear End-Stopped, Straight",201,"Same Trafficway, Same Direction-Rear End, Trailing Vehicle"
202304652043,1,28,28,11,3,"South (MD, DE, DC, WV, VA, KY, TN, NC, SC, GA, FL, AL, MS, LA, AR, OK, TX)",1,Urban Area,2,Stratum 2 - Not a MV Occupant Any Injury,4139,23.42444426,1,1,January,13,1:00pm-1:59pm,9,9,9,Pedalcyclist,0,The First Harmful Event was Not a Collision with a Motor Vehicle In-Transport,99,Unknown,1,Motor Vehicle In-Transport (Inside or Outside the Trafficway),1,Yes,1FTBR1Y81MKA,1FTBR1Y81MKA,2021,2021,2021,2021,460,Ford,3608,Transit,95,Cargo Van,12,Ford,462,21,"Large Van-Includes van-based buses (B150-B350, Sportsman, Royal Maxiwagon, Ram, Tradesman,...)",0,Not Applicable,12,"Class 2: 6,001 - 10,000 lbs. (2,722 - 4,536 kg)",12,"Class 2: 6,001 - 10,000 lbs. (2,722 - 4,536 kg)",0,No Trailers,777777777777,No Trailing Units,777777777777,No Trailing Units,777777777777,No Trailing Units,77,No Trailing Units,77,No Trailing Units,77,No Trailing Units,0,Not an Articulated Vehicle,00000000000,Not Applicable,0,Not Applicable,0,Not Applicable,0,Not Applicable,0,Not Applicable (N/A),1,No,0,Not Applicable,0,Not Applicable,0,Not Applicable,0,Not Applicable,0,Not a Bus,0,No Special Use Noted,0,Not Applicable,30,030 MPH,7,Not Applicable,0,No Rollover,0,No Rollover,5,5 Clock Point,5,5 Clock Point,4,Functional Damage,5,Not Towed,9,Pedalcyclist,9,Pedalcyclist,0,No or Not Reported,1,Yes,9,Unknown/Not Reported,1,Possible Injury (C),99,All Persons in Vehicle are unknown if Injured,1,1,9,Reported as Unknown,2,No Alcohol Involved,12462,Ford Transit,99998,Not Reported,0,No,1,"Two-Way, Not Divided",2,Two lanes,30,30 MPH,1,Straight,1,Level,1,Dry,0,No Controls,0,No Controls,1,Going Straight,1,Going Straight,83,Pedalcyclist or other non-motorist in road,99,Unknown/Not Reported,1,Tracking,4,Departed roadway,13,C13-Single Driver-Forward Impact-Pedestrian/ Animal,103,Single Driver-Struck Object While Moving Forward
202304652053,1,28,28,11,3,"South (MD, DE, DC, WV, VA, KY, TN, NC, SC, GA, FL, AL, MS, LA, AR, OK, TX)",1,Urban Area,8,Stratum 8 - NLMY PV Minor Injury,4139,135.09245684,2,1,January,0,0:00am-0:59am,5,5,12,Motor Vehicle In-Transport,6,Angle,99,Unknown,1,Motor Vehicle In-Transport (Inside or Outside the Trafficway),1,Yes,JN1EV7AP0JM5,JN1EV7AP0JM5,2018,2018,2018,2018,480,Infiniti,1901,Q50,13,Sedan/Saloon,58,Infiniti,41,4,"4-door sedan, hardtop",0,Not Applicable,11,"Class 1: 6,000 lbs. or less (2,722 kg or less)",11,"Class 1: 6,000 lbs. or less (2,722 kg or less)",0,No Trailers,777777777777,No Trailing Units,777777777777,No Trailing Units,777777777777,No Trailing Units,77,No Trailing Units,77,No Trailing Units,77,No Trailing Units,0,Not an Articulated Vehicle,00000000000,Not Applicable,0,Not Applicable,0,Not Applicable,0,Not Applicable,0,Not Applicable (N/A),1,No,0,Not Applicable,0,Not Applicable,0,Not Applicable,0,Not Applicable,0,Not a Bus,0,No Special Use Noted,0,Not Applicable,998,Not Reported,0,No Underride or Override,0,No Rollover,0,No Rollover,12,12 Clock Point,12,12 Clock Point,4,Functional Damage,6,Towed,12,Motor Vehicle In-Transport,12,Motor Vehicle In-Transport,0,No or Not Reported,1,Yes,0,No Apparent Injury (O),0,No Apparent Injury (O),0,No Person Injured in Vehicle,0,No Person Injured in Vehicle,2,No Alcohol Involved,2,No Alcohol Involved,58041,Infiniti Q50,33309,33309,0,No,1,"Two-Way, Not Divided",2,Two lanes,25,25 MPH,1,Straight,1,Level,1,Dry,20,Stop Sign,3,Device Functioning Properly,1,Going Straight,1,Going Straight,17,Crossing Over (Passing Through) Junction,99,Unknown/Not Reported,1,Tracking,2,"Stayed on roadway, but left original travel lane",88,L88-Intersecting Paths-Straight Paths-Striking from the Left,503,"Intersecting Paths-Straight Paths, Striking from the Left"
202304652053,2,28,28,11,3,"South (MD, DE, DC, WV, VA, KY, TN, NC, SC, GA, FL, AL, MS, LA, AR, OK, TX)",1,Urban Area,8,Stratum 8 - NLMY PV Minor Injury,4139,135.09245684,2,1,January,0,0:00am-0:59am,5,5,12,Motor Vehicle In-Transport,6,Angle,1,01,1,Motor Vehicle In-Transport (Inside or Outside the Trafficway),0,No,4T1BF1FK0CU0,4T1BF1FK0CU0,2012,2012,2012,2012,448,Toyota,2469,Camry,13,Sedan/Saloon,49,Toyota,40,4,"4-door sedan, hardtop",0,Not Applicable,11,"Class 1: 6,000 lbs. or less (2,722 kg or less)",11,"Class 1: 6,000 lbs. or less (2,722 kg or less)",0,No Trailers,777777777777,No Trailing Units,777777777777,No Trailing Units,777777777777,No Trailing Units,77,No Trailing Units,77,No Trailing Units,77,No Trailing Units,0,Not an Articulated Vehicle,00000000000,Not Applicable,0,Not Applicable,0,Not Applicable,0,Not Applicable,0,Not Applicable (N/A),1,No,0,Not Applicable,0,Not Applicable,0,Not Applicable,0,Not Applicable,0,Not a Bus,0,No Special Use Noted,0,Not Applicable,998,Not Reported,0,No Underride or Override,0,No Rollover,0,No Rollover,61,Left,61,Left,6,Disabling Damage,6,Towed,12,Motor Vehicle In-Transport,12,Motor Vehicle In-Transport,0,No or Not Reported,1,Yes,2,Suspected Minor Injury (B),2,Suspected Minor Injury (B),1,1,1,1,2,No Alcohol Involved,2,No Alcohol Involved,49040,Toyota Camry,33068,33068,0,No,1,"Two-Way, Not Divided",2,Two lanes,25,25 MPH,1,Straight,1,Level,98,Not Reported,20,Stop Sign,3,Device Functioning Properly,1,Going Straight,1,Going Straight,66,"From crossing street, across path",99,Unknown/Not Reported,1,Tracking,1,Stayed in original travel lane,89,L89-Intersecting Paths-Straight Paths-Struck on the left,504,"Intersecting Paths-Straight Paths, Struck on the Left"
202304652082,1,12,12,12,3,"South (MD, DE, DC, WV, VA, KY, TN, NC, SC, GA, FL, AL, MS, LA, AR, OK, TX)",1,Urban Area,2,Stratum 2 - Not a MV Occupant Any Injury,4142,23.399878123,1,1,January,16,4:00pm-4:59pm,40,40,9,Pedalcyclist,0,The First Harmful Event was Not a Collision with a Motor Vehicle In-Transport,5,05,1,Motor Vehicle In-Transport (Inside or Outside the Trafficway),0,No,YV4A22PK4G10,YV4A22PK4G10,2016,2016,2016,2016,485,Volvo,3132,XC90,7,Sport Utility Vehicle (SUV)/Multi-Purpose Vehicle (MPV),51,Volvo,401,14,"Compact Utility (Utility Vehicle Categories ""Small"" and ""Midsize"")",0,Not Applicable,11,"Class 1: 6,000 lbs. or less (2,722 kg or less)",11,"Class 1: 6,000 lbs. or less (2,722 kg or less)",0,No Trailers,777777777777,No Trailing Units,777777777777,No Trailing Units,777777777777,No Trailing Units,77,No Trailing Units,77,No Trailing Units,77,No Trailing Units,0,Not an Articulated Vehicle,00000000000,Not Applicable,0,Not Applicable,0,Not Applicable,0,Not Applicable,0,Not Applicable (N/A),1,No,0,Not Applicable,0,Not Applicable,0,Not Applicable,0,Not Applicable,0,Not a Bus,0,No Special Use Noted,0,Not Applicable,2,002 MPH,7,Not Applicable,0,No Rollover,0,No Rollover,12,12 Clock Point,12,12 Clock Point,2,Minor Damage,8,Not Reported,9,Pedalcyclist,9,Pedalcyclist,0,No or Not Reported,1,Yes,0,No Apparent Injury (O),0,No Apparent Injury (O),0,No Person Injured in Vehicle,0,No Person Injured in Vehicle,2,No Alcohol Involved,2,No Alcohol Involved,51401,Volvo XC90,33548,33548,0,No,1,"Two-Way, Not Divided",3,Three lanes,30,30 MPH,1,Straight,1,Level,1,Dry,3,Traffic control signal(on colors) not known whether or not Pedestrian Signal,3,Device Functioning Properly,10,Turning Right,10,Turning Right,85,Pedalcyclist or other non-motorist unknown location,99,Unknown/Not Reported,1,Tracking,1,Stayed in original travel lane,13,C13-Single Driver-Forward Impact-Pedestrian/ Animal,103,Single Driver-Struck Object While Moving Forward
202304652099,1,12,12,12,3,"South (MD, DE, DC, WV, VA, KY, TN, NC, SC, GA, FL, AL, MS, LA, AR, OK, TX)",1,Urban Area,3,Stratum 3 - Motorcycle Any Injury,4142,26.320422443,2,1,January,18,6:00pm-6:59pm,11,11,12,Motor Vehicle In-Transport,6,Angle,1,01,1,Motor Vehicle In-Transport (Inside or Outside the Trafficway),0,No,JH2PC40J0JK4,JH2PC40J0JK4,2018,2018,2018,2018,474,Honda,33503,CBR600RR,80,Motorcycle - Sport,37,Honda,705,80,Two Wheel Motorcycle (excluding motor scooters),0,Not Applicable,11,"Class 1: 6,000 lbs. or less (2,722 kg or less)",11,"Class 1: 6,000 lbs. or less (2,722 kg or less)",0,No Trailers,777777777777,No Trailing Units,777777777777,No Trailing Units,777777777777,No Trailing Units,77,No Trailing Units,77,No Trailing Units,77,No Trailing Units,0,Not an Articulated Vehicle,00000000000,Not Applicable,0,Not Applicable,0,Not Applicable,0,Not Applicable,0,Not Applicable (N/A),1,No,0,Not Applicable,0,Not Applicable,0,Not Applicable,0,Not Applicable,0,Not a Bus,0,No Special Use Noted,0,Not Applicable,55,055 MPH,7,Not Applicable,8,Not Applicable,8,Not Applicable,12,12 Clock Point,12,12 Clock Point,6,Disabling Damage,6,Towed,12,Motor Vehicle In-Transport,12,Motor Vehicle In-Transport,0,No or Not Reported,1,Yes,2,Suspected Minor Injury (B),2,Suspected Minor Injury (B),1,1,1,1,2,No Alcohol Involved,2,No Alcohol Involved,37705,Honda 450-749 cc,33611,33611,0,No,1,"Two-Way, Not Divided",5,Five lanes,40,40 MPH,1,Straight,1,Level,1,Dry,3,Traffic control signal(on colors) not known whether or not Pedestrian Signal,3,Device Functioning Properly,1,Going Straight,1,Going Straight,62,From opposite direction  over left lane line,99,Unknown/Not Reported,1,Tracking,1,Stayed in original travel lane,69,J69-Trafficway Vehicle Turning-Turn Across Path-Initial Opposite Directions (Going Straight),402,"Changing Trafficway, Vehicle Turning-Turn Across Path, Initial Opposite Directions [Going Straight]"
202304652099,2,12,12,12,3,"South (MD, DE, DC, WV, VA, KY, TN, NC, SC, GA, FL, AL, MS, LA, AR, OK, TX)",1,Urban Area,3,Stratum 3 - Motorcycle Any Injury,4142,26.320422443,2,1,January,18,6:00pm-6:59pm,11,11,12,Motor Vehicle In-Transport,6,Angle,1,01,1,Motor Vehicle In-Transport (Inside or Outside the Trafficway),0,No,JHMGK5H7XGX0,JHMGK5H7XGX0,2016,2016,2016,2016,474,Honda,2127,Fit,5,Hatchback/Liftback/Notchback,37,Honda,39,5,5-door/4-door hatchback,0,Not Applicable,11,"Class 1: 6,000 lbs. or less (2,722 kg or less)",11,"Class 1: 6,000 lbs. or less (2,722 kg or less)",0,No Trailers,777777777777,No Trailing Units,777777777777,No Trailing Units,777777777777,No Trailing Units,77,No Trailing Units,77,No Trailing Units,77,No Trailing Units,0,Not an Articulated Vehicle,00000000000,Not Applicable,0,Not Applicable,0,Not Applicable,0,Not Applicable,0,Not Applicable (N/A),1,No,0,Not Applicable,0,Not Applicable,0,Not Applicable,0,Not Applicable,0,Not a Bus,0,No Special Use Noted,0,Not Applicable,20,020 MPH,7,Not Applicable,0,No Rollover,0,No Rollover,3,3 Clock Point,3,3 Clock Point,6,Disabling Damage,6,Towed,12,Motor Vehicle In-Transport,12,Motor Vehicle In-Transport,0,No or Not Reported,1,Yes,1,Possible Injury (C),1,Possible Injury (C),1,1,1,1,2,No Alcohol Involved,2,No Alcohol Involved,37039,Honda Fit,33625,33625,0,No,1,"Two-Way, Not Divided",5,Five lanes,40,40 MPH,1,Straight,1,Level,1,Dry,3,Traffic control signal(on colors) not known whether or not Pedestrian Signal,3,Device Functioning Properly,11,Turning Left,11,Turning Left,15,Turning Left,99,Unknown/Not Reported,1,Tracking,1,Stayed in original travel lane,68,J68-Trafficway Vehicle Turning-Turn Across Path-Initial Opposite Directions (Left/Right),401,"Changing Trafficway, Vehicle Turning-Turn Across Path, Initial Opposite Directions [Left/Right]"
202304652112,1,12,12,12,3,"South (MD, DE, DC, WV, VA, KY, TN, NC, SC, GA, FL, AL, MS, LA, AR, OK, TX)",1,Urban Area,10,Stratum 10 - Other,4142,222.0578669,2,1,January,6,6:00am-6:59am,15,15,12,Motor Vehicle In-Transport,1,Front-to-Rear,99,Unknown,1,Motor Vehicle In-Transport (Inside or Outside the Trafficway),1,Yes,888888888888,Not Reported,9999,Unknown,2005,2005,99999,Unknown,99999,Unknown,999,Unknown,99,Unknown Make,999,99,Unknown body type,0,Not Applicable,98,Not Reported,98,Not Reported,0,No Trailers,777777777777,No Trailing Units,777777777777,No Trailing Units,777777777777,No Trailing Units,77,No Trailing Units,77,No Trailing Units,77,No Trailing Units,0,Not an Articulated Vehicle,99999999999,Unknown,99,Unknown,999999999,Unknown,99,Unknown,99,Unknown,1,No,0,Not Applicable,0,Not Applicable,0,Not Applicable,0,Not Applicable,99,Reported as Unknown,99,Reported as Unknown,0,Not Applicable,998,Not Reported,8,Not Reported,0,No Rollover,0,No Rollover,12,12 Clock Point,12,12 Clock Point,9,Reported as Unknown,5,Not Towed,12,Motor Vehicle In-Transport,12,Motor Vehicle In-Transport,0,No or Not Reported,1,Yes,0,No Apparent Injury (O),0,No Apparent Injury (O),0,No Person Injured in Vehicle,0,No Person Injured in Vehicle,9,Reported as Unknown,2,No Alcohol Involved,99999,"Unknown Make Unknown (as to automobile, motored cycle, light truck or truck)",99998,Not Reported,0,No,7,"Two-Way Divided, Unknown if Unprotected Median or Positive Median Barrier",6,Six lanes,45,45 MPH,1,Straight,1,Level,1,Dry,3,Traffic control signal(on colors) not known whether or not Pedestrian Signal,3,Device Functioning Properly,1,Going Straight,1,Going Straight,50,Other vehicle stopped,99,Unknown/Not Reported,1,Tracking,1,Stayed in original travel lane,20,"D20-Same Trafficway, Same Direction-Rear End-Stopped",202,"Same Trafficway, Same Direction-Rear End, Lead Vehicle"
202304652112,2,12,12,12,3,"South (MD, DE, DC, WV, VA, KY, TN, NC, SC, GA, FL, AL, MS, LA, AR, OK, TX)",1,Urban Area,10,Stratum 10 - Other,4142,222.0578669,2,1,January,6,6:00am-6:59am,15,15,12,Motor Vehicle In-Transport,1,Front-to-Rear,1,01,1,Motor Vehicle In-Transport (Inside or Outside the Trafficway),0,No,1FMCU0JD4HUD,1FMCU0JD4HUD,2017,2017,2017,2017,460,Ford,1798,Escape,7,Sport Utility Vehicle (SUV)/Multi-Purpose Vehicle (MPV),12,Ford,402,14,"Compact Utility (Utility Vehicle Categories ""Small"" and ""Midsize"")",0,Not Applicable,11,"Class 1: 6,000 lbs. or less (2,722 kg or less)",11,"Class 1: 6,000 lbs. or less (2,722 kg or less)",0,No Trailers,777777777777,No Trailing Units,777777777777,No Trailing Units,777777777777,No Trailing Units,77,No Trailing Units,77,No Trailing Units,77,No Trailing Units,0,Not an Articulated Vehicle,00000000000,Not Applicable,0,Not Applicable,0,Not Applicable,0,Not Applicable,0,Not Applicable (N/A),1,No,0,Not Applicable,0,Not Applicable,0,Not Applicable,0,Not Applicable,0,Not a Bus,0,No Special Use Noted,0,Not Applicable,0,Stopped Motor Vehicle In- Transport,8,Not Reported,0,No Rollover,0,No Rollover,6,6 Clock Point,6,6 Clock Point,2,Minor Damage,5,Not Towed,12,Motor Vehicle In-Transport,12,Motor Vehicle In-Transport,0,No or Not Reported,1,Yes,0,No Apparent Injury (O),0,No Apparent Injury (O),0,No Person Injured in Vehicle,0,No Person Injured in Vehicle,2,No Alcohol Involved,2,No Alcohol Involved,12402,Ford Escape,33647,33647,0,No,7,"Two-Way Divided, Unknown if Unprotected Median or Positive Median Barrier",6,Six lanes,45,45 MPH,1,Straight,1,Level,1,Dry,3,Traffic control signal(on colors) not known whether or not Pedestrian Signal,3,Device Functioning Properly,5,Stopped in Roadway,5,Stopped in Roadway,53,Traveling in same direction with higher speed,1,No Avoidance Maneuver,1,Tracking,1,Stayed in original travel lane,21,"D21-Same Trafficway, Same Direction-Rear End-Stopped, Straight",201,"Same Trafficway, Same Direction-Rear End, Trailing Vehicle"
202304652188,1,77,77,9,2,"Midwest (OH, IN, IL, MI, WI, MN, ND, SD, NE, IA, MO, KS)",2,Rural Area,10,Stratum 10 - Other,4151,217.37927863,2,1,January,15,3:00pm-3:59pm,32,32,12,Motor Vehicle In-Transport,6,Angle,2,02,1,Motor Vehicle In-Transport (Inside or Outside the Trafficway),0,No,3FADP4AJ5GM1,3FADP4AJ5GM1,2016,2016,2016,2016,460,Ford,3267,Fiesta,13,Sedan/Saloon,12,Ford,32,4,"4-door sedan, hardtop",0,Not Applicable,11,"Class 1: 6,000 lbs. or less (2,722 kg or less)",11,"Class 1: 6,000 lbs. or less (2,722 kg or less)",0,No Trailers,777777777777,No Trailing Units,777777777777,No Trailing Units,777777777777,No Trailing Units,77,No Trailing Units,77,No Trailing Units,77,No Trailing Units,0,Not an Articulated Vehicle,00000000000,Not Applicable,0,Not Applicable,0,Not Applicable,0,Not Applicable,0,Not Applicable (N/A),1,No,0,Not Applicable,0,Not Applicable,0,Not Applicable,0,Not Applicable,0,Not a Bus,0,No Special Use Noted,0,Not Applicable,998,Not Reported,0,No Underride or Override,0,No Rollover,0,No Rollover,12,12 Clock Point,12,12 Clock Point,4,Functional Damage,5,Not Towed,12,Motor Vehicle In-Transport,12,Motor Vehicle In-Transport,0,No or Not Reported,1,Yes,0,No Apparent Injury (O),0,No Apparent Injury (O),0,No Person Injured in Vehicle,0,No Person Injured in Vehicle,9,Reported as Unknown,2,No Alcohol Involved,12032,Ford Fiesta,99998,Not Reported,0,No,1,"Two-Way, Not Divided",2,Two lanes,25,25 MPH,1,Straight,1,Level,98,Not Reported,20,Stop Sign,3,Device Functioning Properly,3,Accelerating in Road,3,Accelerating in Road,17,Crossing Over (Passing Through) Junction,1,No Avoidance Maneuver,1,Tracking,1,Stayed in original travel lane,88,L88-Intersecting Paths-Straight Paths-Striking from the Left,503,"Intersecting Paths-Straight Paths, Striking from the Left"
202304652188,2,77,77,9,2,"Midwest (OH, IN, IL, MI, WI, MN, ND, SD, NE, IA, MO, KS)",2,Rural Area,10,Stratum 10 - Other,4151,217.37927863,2,1,January,15,3:00pm-3:59pm,32,32,12,Motor Vehicle In-Transport,6,Angle,1,01,1,Motor Vehicle In-Transport (Inside or Outside the Trafficway),0,No,4T1BF30K45U6,4T1BF30K45U6,2005,2005,2005,2005,448,Toyota,2469,Camry,13,Sedan/Saloon,49,Toyota,40,4,"4-door sedan, hardtop",0,Not Applicable,11,"Class 1: 6,000 lbs. or less (2,722 kg or less)",11,"Class 1: 6,000 lbs. or less (2,722 kg or less)",0,No Trailers,777777777777,No Trailing Units,777777777777,No Trailing Units,777777777777,No Trailing Units,77,No Trailing Units,77,No Trailing Units,77,No Trailing Units,0,Not an Articulated Vehicle,00000000000,Not Applicable,0,Not Applicable,0,Not Applicable,0,Not Applicable,0,Not Applicable (N/A),1,No,0,Not Applicable,0,Not Applicable,0,Not Applicable,0,Not Applicable,0,Not a Bus,0,No Special Use Noted,0,Not Applicable,998,Not Reported,0,No Underride or Override,0,No Rollover,0,No Rollover,8,8 Clock Point,8,8 Clock Point,6,Disabling Damage,6,Towed,12,Motor Vehicle In-Transport,12,Motor Vehicle In-Transport,0,No or Not Reported,1,Yes,0,No Apparent Injury (O),0,No Apparent Injury (O),0,No Person Injured in Vehicle,0,No Person Injured in Vehicle,9,Reported as Unknown,2,No Alcohol Involved,49040,Toyota Camry,99998,Not Reported,0,No,1,"Two-Way, Not Divided",2,Two lanes,25,25 MPH,1,Straight,1,Level,1,Dry,0,No Controls,0,No Controls,1,Going Straight,1,Going Straight,66,"From crossing street, across path",10,Accelerating,1,Tracking,1,Stayed in original travel lane,89,L89-Intersecting Paths-Straight Paths-Struck on the left,504,"Intersecting Paths-Straight Paths, Struck on the Left"
202304652199,1,39,39,7,2,"Midwest (OH, IN, IL, MI, WI, MN, ND, SD, NE, IA, MO, KS)",1,Urban Area,10,Stratum 10 - Other,4154,210.86019124,1,1,January,8,8:00am-8:59am,20,20,1,Rollover/Overturn,0,The First Harmful Event was Not a Collision with a Motor Vehicle In-Transport,1,01,1,Motor Vehicle In-Transport (Inside or Outside the Trafficway),0,No,1J4FJ68S3WL1,1J4FJ68S3WL1,1998,1998,1998,1998,483,Jeep,1945,Cherokee,7,Sport Utility Vehicle (SUV)/Multi-Purpose Vehicle (MPV),2,Jeep / Kaiser-Jeep / Willys- Jeep,404,14,"Compact Utility (Utility Vehicle Categories ""Small"" and ""Midsize"")",0,Not Applicable,11,"Class 1: 6,000 lbs. or less (2,722 kg or less)",11,"Class 1: 6,000 lbs. or less (2,722 kg or less)",0,No Trailers,777777777777,No Trailing Units,777777777777,No Trailing Units,777777777777,No Trailing Units,77,No Trailing Units,77,No Trailing Units,77,No Trailing Units,0,Not an Articulated Vehicle,00000000000,Not Applicable,0,Not Applicable,0,Not Applicable,0,Not Applicable,0,Not Applicable (N/A),1,No,0,Not Applicable,0,Not Applicable,0,Not Applicable,0,Not Applicable,0,Not a Bus,0,No Special Use Noted,0,Not Applicable,998,Not Reported,7,Not Applicable,3,Rollover,3,On Median/Separator,0,Non-Collision,0,Non-Collision,4,Functional Damage,6,Towed,1,Rollover/Overturn,1,Rollover/Overturn,0,No or Not Reported,1,Yes,0,No Apparent Injury (O),0,No Apparent Injury (O),0,No Person Injured in Vehicle,0,No Person Injured in Vehicle,2,No Alcohol Involved,2,No Alcohol Involved,2404,Jeep / Kaiser-Jeep / Willys- Jeep Cherokee (1984-on) (For Grand Cherokee for 2014 on use 02-422.),55108,55108,0,No,6,Entrance/Exit Ramp,1,One lane,55,55 MPH,1,Straight,1,Level,4,Ice/Frost,0,No Controls,0,No Controls,1,Going Straight,1,Going Straight,6,Traveling Too Fast for Conditions or Road Configuration,99,Unknown/Not Reported,4,Skidding laterally counterclockwise rotation,4,Departed roadway,7,B7-Single Driver-Left Roadside Departure-Control/Traction Loss,102,Single Driver-Left Roadside Departure
202304652865,1,20,20,25,4,"West (MT, ID, WA, OR, CA, NV, NM, AZ, UT, CO, WY, AK, HI)",2,Rural Area,7,Stratum 7 - M/H Truck or Bus,4140,153.11569408,2,1,January,16,4:00pm-4:59pm,5,5,12,Motor Vehicle In-Transport,1,Front-to-Rear,3,03,1,Motor Vehicle In-Transport (Inside or Outside the Trafficway),0,No,1FDUF4HT0HEC,1FDUF4HT0HEC,2017,2017,2017,2017,460,Ford,1807,F-450,63,Incomplete - Chassis Cab (Single Cab),12,Ford,881,61,"Single-unit straight truck or Cab-Chassis (GVWR range 10,001 to 19,500 lbs.)",128,Ambulance,15,"Class 5: 16,001 - 19,500 lbs. (7,258 - 8,845 kg)",15,"Class 5: 16,001 - 19,500 lbs. (7,258 - 8,845 kg)",0,No Trailers,777777777777,No Trailing Units,777777777777,No Trailing Units,777777777777,No Trailing Units,77,No Trailing Units,77,No Trailing Units,77,No Trailing Units,0,Not an Articulated Vehicle,88888888888,,88,,888888888,,1,"Single-Unit Truck (2- axle and GVWR more than 10,000 lbs)",1,Van/Enclosed Box,1,No,0,Not Applicable,0,Not Applicable,0,Not Applicable,0,Not Applicable,0,Not a Bus,6,Ambulance,2,"Non-Emergency, Non-Transport",5,005 MPH,8,Not Reported,0,No Rollover,0,No Rollover,12,12 Clock Point,12,12 Clock Point,2,Minor Damage,5,Not Towed,12,Motor Vehicle In-Transport,12,Motor Vehicle In-Transport,0,No or Not Reported,1,Yes,0,No Apparent Injury (O),0,No Apparent Injury (O),0,No Person Injured in Vehicle,0,No Person Injured in Vehicle,9,Reported as Unknown,2,No Alcohol Involved,12881,Ford Medium/Heavy - CBE,84339,84339,0,No,1,"Two-Way, Not Divided",4,Four lanes,98,Not Reported,1,Straight,8,Not Reported,1,Dry,3,Traffic control signal(on colors) not known whether or not Pedestrian Signal,3,Device Functioning Properly,10,Turning Right,10,Turning Right,50,Other vehicle stopped,99,Unknown/Not Reported,1,Tracking,1,Stayed in original travel lane,20,"D20-Same Trafficway, Same Direction-Rear End-Stopped",202,"Same Trafficway, Same Direction-Rear End, Lead Vehicle"
202304652865,2,20,20,25,4,"West (MT, ID, WA, OR, CA, NV, NM, AZ, UT, CO, WY, AK, HI)",2,Rural Area,7,Stratum 7 - M/H Truck or Bus,4140,153.11569408,2,1,January,16,4:00pm-4:59pm,5,5,12,Motor Vehicle In-Transport,1,Front-to-Rear,3,03,1,Motor Vehicle In-Transport (Inside or Outside the Trafficway),0,No,JM1BL1U72D17,JM1BL1U72D17,2013,2013,2013,2013,473,Mazda,2074,Mazda3,13,Sedan/Saloon,41,Mazda,51,4,"4-door sedan, hardtop",0,Not Applicable,11,"Class 1: 6,000 lbs. or less (2,722 kg or less)",11,"Class 1: 6,000 lbs. or less (2,722 kg or less)",0,No Trailers,777777777777,No Trailing Units,777777777777,No Trailing Units,777777777777,No Trailing Units,77,No Trailing Units,77,No Trailing Units,77,No Trailing Units,0,Not an Articulated Vehicle,00000000000,Not Applicable,0,Not Applicable,0,Not Applicable,0,Not Applicable,0,Not Applicable (N/A),1,No,0,Not Applicable,0,Not Applicable,0,Not Applicable,0,Not Applicable,0,Not a Bus,0,No Special Use Noted,0,Not Applicable,0,Stopped Motor Vehicle In- Transport,8,Not Reported,0,No Rollover,0,No Rollover,6,6 Clock Point,6,6 Clock Point,4,Functional Damage,5,Not Towed,12,Motor Vehicle In-Transport,12,Motor Vehicle In-Transport,0,No or Not Reported,1,Yes,0,No Apparent Injury (O),0,No Apparent Injury (O),0,No Person Injured in Vehicle,0,No Person Injured in Vehicle,9,Reported as Unknown,2,No Alcohol Involved,41051,Mazda Mazda3,84404,84404,0,No,1,"Two-Way, Not Divided",4,Four lanes,98,Not Reported,1,Straight,8,Not Reported,1,Dry,3,Traffic control signal(on colors) not known whether or not Pedestrian Signal,3,Device Functioning Properly,5,Stopped in Roadway,5,Stopped in Roadway,53,Traveling in same direction with higher speed,1,No Avoidance Maneuver,1,Tracking,1,Stayed in original travel lane,23,"D23-Same Trafficway, Same Direction-Rear End-Stopped, Right",201,"Same Trafficway, Same Direction-Rear End, Trailing Vehicle"
202304652869,1,20,20,25,4,"West (MT, ID, WA, OR, CA, NV, NM, AZ, UT, CO, WY, AK, HI)",2,Rural Area,10,Stratum 10 - Other,4140,213.05441116,2,1,January,14,2:00pm-2:59pm,58,58,12,Motor Vehicle In-Transport,1,Front-to-Rear,99,Unknown,1,Motor Vehicle In-Transport (Inside or Outside the Trafficway),1,Yes,999999999999,Reported as Unknown,9999,Unknown,2015,2015,474,Honda,99999,Unknown,999,Unknown,37,Honda,399,9,Other or Unknown automobile type,0,Not Applicable,11,"Class 1: 6,000 lbs. or less (2,722 kg or less)",12,"Class 2: 6,001 - 10,000 lbs. (2,722 - 4,536 kg)",0,No Trailers,777777777777,No Trailing Units,777777777777,No Trailing Units,777777777777,No Trailing Units,77,No Trailing Units,77,No Trailing Units,77,No Trailing Units,0,Not an Articulated Vehicle,00000000000,Not Applicable,0,Not Applicable,0,Not Applicable,0,Not Applicable,0,Not Applicable (N/A),1,No,0,Not Applicable,0,Not Applicable,0,Not Applicable,0,Not Applicable,0,Not a Bus,0,No Special Use Noted,0,Not Applicable,5,005 MPH,8,Not Reported,0,No Rollover,0,No Rollover,12,12 Clock Point,12,12 Clock Point,9,Reported as Unknown,5,Not Towed,12,Motor Vehicle In-Transport,12,Motor Vehicle In-Transport,0,No or Not Reported,1,Yes,0,No Apparent Injury (O),0,No Apparent Injury (O),0,No Person Injured in Vehicle,0,No Person Injured in Vehicle,9,Reported as Unknown,2,No Alcohol Involved,37399,Honda Unknown (automobile),99998,Not Reported,9,Reported as Unknown,5,"Two-Way, Not Divided With a Continuous Left-Turn Lane",8,Not Reported,98,Not Reported,1,Straight,1,Level,2,Wet,0,No Controls,0,No Controls,1,Going Straight,1,Going Straight,50,Other vehicle stopped,99,Unknown/Not Reported,1,Tracking,1,Stayed in original travel lane,20,"D20-Same Trafficway, Same Direction-Rear End-Stopped",202,"Same Trafficway, Same Direction-Rear End, Lead Vehicle"
202304652869,2,20,20,25,4,"West (MT, ID, WA, OR, CA, NV, NM, AZ, UT, CO, WY, AK, HI)",2,Rural Area,10,Stratum 10 - Other,4140,213.05441116,2,1,January,14,2:00pm-2:59pm,58,58,12,Motor Vehicle In-Transport,1,Front-to-Rear,1,01,1,Motor Vehicle In-Transport (Inside or Outside the Trafficway),0,No,5FNYF18416B0,5FNYF18416B0,2006,2006,2006,2006,474,Honda,1864,Pilot,7,Sport Utility Vehicle (SUV)/Multi-Purpose Vehicle (MPV),37,Honda,421,15,"Large utility (ANSI D16.1 Utility Vehicle Categories and ""Full Size"" and ""Large"")",0,Not Applicable,11,"Class 1: 6,000 lbs. or less (2,722 kg or less)",11,"Class 1: 6,000 lbs. or less (2,722 kg or less)",0,No Trailers,777777777777,No Trailing Units,777777777777,No Trailing Units,777777777777,No Trailing Units,77,No Trailing Units,77,No Trailing Units,77,No Trailing Units,0,Not an Articulated Vehicle,00000000000,Not Applicable,0,Not Applicable,0,Not Applicable,0,Not Applicable,0,Not Applicable (N/A),1,No,0,Not Applicable,0,Not Applicable,0,Not Applicable,0,Not Applicable,0,Not a Bus,0,No Special Use Noted,0,Not Applicable,0,Stopped Motor Vehicle In- Transport,8,Not Reported,0,No Rollover,0,No Rollover,6,6 Clock Point,6,6 Clock Point,2,Minor Damage,5,Not Towed,12,Motor Vehicle In-Transport,12,Motor Vehicle In-Transport,0,No or Not Reported,1,Yes,0,No Apparent Injury (O),0,No Apparent Injury (O),0,No Person Injured in Vehicle,0,No Person Injured in Vehicle,2,No Alcohol Involved,2,No Alcohol Involved,37421,Honda Pilot,84321,84321,0,No,5,"Two-Way, Not Divided With a Continuous Left-Turn Lane",8,Not Reported,98,Not Reported,1,Straight,1,Level,2,Wet,0,No Controls,0,No Controls,5,Stopped in Roadway,5,Stopped in Roadway,53,Traveling in same direction with higher speed,1,No Avoidance Maneuver,1,Tracking,1,Stayed in original travel lane,21,"D21-Same Trafficway, Same Direction-Rear End-Stopped, Straight",201,"Same Trafficway, Same Direction-Rear End, Trailing Vehicle"
202304652870,1,20,20,25,4,"West (MT, ID, WA, OR, CA, NV, NM, AZ, UT, CO, WY, AK, HI)",2,Rural Area,2,Stratum 2 - Not a MV Occupant Any Injury,4140,25.348011995,1,1,January,7,7:00am-7:59am,9,9,8,Pedestrian,0,The First Harmful Event was Not a Collision with a Motor Vehicle In-Transport,1,01,1,Motor Vehicle In-Transport (Inside or Outside the Trafficway),0,No,1HGEM21944L0,1HGEM21944L0,2004,2004,2004,2004,474,Honda,1863,Civic,3,Coupe,37,Honda,31,2,"2-door sedan,hardtop,coupe",0,Not Applicable,11,"Class 1: 6,000 lbs. or less (2,722 kg or less)",11,"Class 1: 6,000 lbs. or less (2,722 kg or less)",0,No Trailers,777777777777,No Trailing Units,777777777777,No Trailing Units,777777777777,No Trailing Units,77,No Trailing Units,77,No Trailing Units,77,No Trailing Units,0,Not an Articulated Vehicle,00000000000,Not Applicable,0,Not Applicable,0,Not Applicable,0,Not Applicable,0,Not Applicable (N/A),1,No,0,Not Applicable,0,Not Applicable,0,Not Applicable,0,Not Applicable,0,Not a Bus,0,No Special Use Noted,0,Not Applicable,25,025 MPH,7,Not Applicable,0,No Rollover,0,No Rollover,12,12 Clock Point,12,12 Clock Point,2,Minor Damage,5,Not Towed,8,Pedestrian,8,Pedestrian,0,No or Not Reported,1,Yes,0,No Apparent Injury (O),0,No Apparent Injury (O),0,No Person Injured in Vehicle,0,No Person Injured in Vehicle,2,No Alcohol Involved,2,No Alcohol Involved,37031,"Honda Civic/CRX, del Sol",84302,84302,0,No,5,"Two-Way, Not Divided With a Continuous Left-Turn Lane",8,Not Reported,98,Not Reported,1,Straight,1,Level,1,Dry,0,No Controls,0,No Controls,1,Going Straight,1,Going Straight,80,Pedestrian in road,16,Braking,1,Tracking,1,Stayed in original travel lane,13,C13-Single Driver-Forward Impact-Pedestrian/ Animal,103,Single Driver-Struck Object While Moving Forward
202304652879,1,20,20,25,4,"West (MT, ID, WA, OR, CA, NV, NM, AZ, UT, CO, WY, AK, HI)",2,Rural Area,6,Stratum 6 - LMY PV Minor Injury,4140,52.300328546,2,1,January,15,3:00pm-3:59pm,18,18,12,Motor Vehicle In-Transport,6,Angle,2,02,1,Motor Vehicle In-Transport (Inside or Outside the Trafficway),0,No,2D4GP44L77R1,2D4GP44L77R1,2007,2007,2007,2007,476,Dodge,1942,Caravan/Grand Caravan,9,Van,7,Dodge,442,20,"Minivan (Chrysler Town and Country, Caravan, Grand Caravan, Voyager, Voyager, Honda-Odyssey, ...)",0,Not Applicable,11,"Class 1: 6,000 lbs. or less (2,722 kg or less)",11,"Class 1: 6,000 lbs. or less (2,722 kg or less)",0,No Trailers,777777777777,No Trailing Units,777777777777,No Trailing Units,777777777777,No Trailing Units,77,No Trailing Units,77,No Trailing Units,77,No Trailing Units,0,Not an Articulated Vehicle,00000000000,Not Applicable,0,Not Applicable,0,Not Applicable,0,Not Applicable,0,Not Applicable (N/A),1,No,0,Not Applicable,0,Not Applicable,0,Not Applicable,0,Not Applicable,0,Not a Bus,0,No Special Use Noted,0,Not Applicable,998,Not Reported,8,Not Reported,0,No Rollover,0,No Rollover,5,5 Clock Point,5,5 Clock Point,4,Functional Damage,5,Not Towed,12,Motor Vehicle In-Transport,12,Motor Vehicle In-Transport,0,No or Not Reported,1,Yes,0,No Apparent Injury (O),0,No Apparent Injury (O),0,No Person Injured in Vehicle,0,No Person Injured in Vehicle,2,No Alcohol Involved,2,No Alcohol Involved,7442,Dodge Caravan/Grand Caravan,84321,84321,9,Reported as Unknown,1,"Two-Way, Not Divided",8,Not Reported,98,Not Reported,1,Straight,5,Uphill,3,Snow,21,Yield Sign,3,Device Functioning Properly,1,Going Straight,1,Going Straight,17,Crossing Over (Passing Through) Junction,99,Unknown/Not Reported,1,Tracking,1,Stayed in original travel lane,87,L87-Intersecting Paths-Straight Paths-Struck on the Right,502,"Intersecting Paths-Straight Paths, Struck on the Right"
202304652879,2,20,20,25,4,"West (MT, ID, WA, OR, CA, NV, NM, AZ, UT, CO, WY, AK, HI)",2,Rural Area,6,Stratum 6 - LMY PV Minor Injury,4140,52.300328546,2,1,January,15,3:00pm-3:59pm,18,18,12,Motor Vehicle In-Transport,6,Angle,2,02,1,Motor Vehicle In-Transport (Inside or Outside the Trafficway),0,No,1V2UR2CA1KC6,1V2UR2CA1KC6,2019,2019,2019,2019,482,Volkswagen,17618,Atlas,7,Sport Utility Vehicle (SUV)/Multi-Purpose Vehicle (MPV),30,Volkswagen,403,14,"Compact Utility (Utility Vehicle Categories ""Small"" and ""Midsize"")",0,Not Applicable,12,"Class 2: 6,001 - 10,000 lbs. (2,722 - 4,536 kg)",12,"Class 2: 6,001 - 10,000 lbs. (2,722 - 4,536 kg)",0,No Trailers,777777777777,No Trailing Units,777777777777,No Trailing Units,777777777777,No Trailing Units,77,No Trailing Units,77,No Trailing Units,77,No Trailing Units,0,Not an Articulated Vehicle,00000000000,Not Applicable,0,Not Applicable,0,Not Applicable,0,Not Applicable,0,Not Applicable (N/A),1,No,0,Not Applicable,0,Not Applicable,0,Not Applicable,0,Not Applicable,0,Not a Bus,0,No Special Use Noted,0,Not Applicable,998,Not Reported,8,Not Reported,0,No Rollover,0,No Rollover,12,12 Clock Point,12,12 Clock Point,6,Disabling Damage,6,Towed,12,Motor Vehicle In-Transport,12,Motor Vehicle In-Transport,0,No or Not Reported,1,Yes,2,Suspected Minor Injury (B),2,Suspected Minor Injury (B),2,2,2,2,2,No Alcohol Involved,2,No Alcohol Involved,30403,Volkswagen Atlas,84332,84332,9,Reported as Unknown,1,"Two-Way, Not Divided",8,Not Reported,98,Not Reported,1,Straight,6,Downhill,2,Wet,0,No Controls,0,No Controls,1,Going Straight,1,Going Straight,66,"From crossing street, across path",99,Unknown/Not Reported,1,Tracking,1,Stayed in original travel lane,86,L86-Intersecting Paths-Straight Paths-Striking from the Right,501,"Intersecting Paths-Straight Paths, Striking from the Right"
202304652884,1,35,35,13,3,"South (MD, DE, DC, WV, VA, KY, TN, NC, SC, GA, FL, AL, MS, LA, AR, OK, TX)",1,Urban Area,4,Stratum 4 - LMY PV Serious Injury,4141,11.066720403,2,1,January,17,5:00pm-5:59pm,1,1,12,Motor Vehicle In-Transport,2,Front-to-Front,2,02,1,Motor Vehicle In-Transport (Inside or Outside the Trafficway),0,No,2C4RDGCG6KR7,2C4RDGCG6KR7,2019,2019,2019,2019,476,Dodge,14832,Grand Caravan,2,Minivan,7,Dodge,442,20,"Minivan (Chrysler Town and Country, Caravan, Grand Caravan, Voyager, Voyager, Honda-Odyssey, ...)",0,Not Applicable,12,"Class 2: 6,001 - 10,000 lbs. (2,722 - 4,536 kg)",12,"Class 2: 6,001 - 10,000 lbs. (2,722 - 4,536 kg)",0,No Trailers,777777777777,No Trailing Units,777777777777,No Trailing Units,777777777777,No Trailing Units,77,No Trailing Units,77,No Trailing Units,77,No Trailing Units,0,Not an Articulated Vehicle,00000000000,Not Applicable,0,Not Applicable,0,Not Applicable,0,Not Applicable,0,Not Applicable (N/A),1,No,0,Not Applicable,0,Not Applicable,0,Not Applicable,0,Not Applicable,0,Not a Bus,0,No Special Use Noted,0,Not Applicable,998,Not Reported,8,Not Reported,0,No Rollover,0,No Rollover,12,12 Clock Point,12,12 Clock Point,6,Disabling Damage,6,Towed,12,Motor Vehicle In-Transport,12,Motor Vehicle In-Transport,0,No or Not Reported,1,Yes,4,Fatal Injury (K),4,Fatal Injury (K),2,2,2,2,2,No Alcohol Involved,2,No Alcohol Involved,7442,Dodge Caravan/Grand Caravan,37128,37128,0,No,5,"Two-Way, Not Divided With a Continuous Left-Turn Lane",8,Not Reported,40,40 MPH,1,Straight,1,Level,2,Wet,0,No Controls,0,No Controls,1,Going Straight,1,Going Straight,10,Over the lane line on left side of travel lane,99,Unknown/Not Reported,1,Tracking,2,"Stayed on roadway, but left original travel lane",50,"G50-Same Trafficway, Opposite Direction-Head-On-Lateral Move (Left/Right)",301,"Same Trafficway, Opposite Direction-Lateral Move [Left/Right], Head-On, Sideswipe, or Angle"
202304652884,2,35,35,13,3,"South (MD, DE, DC, WV, VA, KY, TN, NC, SC, GA, FL, AL, MS, LA, AR, OK, TX)",1,Urban Area,4,Stratum 4 - LMY PV Serious Injury,4141,11.066720403,2,1,January,17,5:00pm-5:59pm,1,1,12,Motor Vehicle In-Transport,2,Front-to-Front,1,01,1,Motor Vehicle In-Transport (Inside or Outside the Trafficway),0,No,1GTR1VE04BZ2,1GTR1VE04BZ2,2011,2011,2011,2011,472,GMC,1857,Sierra,60,Pickup,23,GMC,481,34,Light Pickup,0,Not Applicable,12,"Class 2: 6,001 - 10,000 lbs. (2,722 - 4,536 kg)",12,"Class 2: 6,001 - 10,000 lbs. (2,722 - 4,536 kg)",0,No Trailers,777777777777,No Trailing Units,777777777777,No Trailing Units,777777777777,No Trailing Units,77,No Trailing Units,77,No Trailing Units,77,No Trailing Units,0,Not an Articulated Vehicle,00000000000,Not Applicable,0,Not Applicable,0,Not Applicable,0,Not Applicable,0,Not Applicable (N/A),1,No,0,Not Applicable,0,Not Applicable,0,Not Applicable,0,Not Applicable,0,Not a Bus,0,No Special Use Noted,0,Not Applicable,998,Not Reported,8,Not Reported,0,No Rollover,0,No Rollover,12,12 Clock Point,12,12 Clock Point,6,Disabling Damage,6,Towed,12,Motor Vehicle In-Transport,12,Motor Vehicle In-Transport,0,No or Not Reported,1,Yes,4,Fatal Injury (K),4,Fatal Injury (K),1,1,1,1,2,No Alcohol Involved,2,No Alcohol Involved,23481,"GMC C, K, R, V-series pickup/     Sierra",37128,37128,0,No,5,"Two-Way, Not Divided With a Continuous Left-Turn Lane",8,Not Reported,40,40 MPH,1,Straight,1,Level,2,Wet,0,No Controls,0,No Controls,1,Going Straight,1,Going Straight,62,From opposite direction  over left lane line,99,Unknown/Not Reported,1,Tracking,1,Stayed in original travel lane,51,"G51-Same Trafficway, Opposite Direction-Head-On-Lateral Move (Going Straight)",302,"Same Trafficway, Opposite Direction-Lateral Move [Going Straight], Head-On, Sideswipe, or Angle"
202304652896,1,35,35,13,3,"South (MD, DE, DC, WV, VA, KY, TN, NC, SC, GA, FL, AL, MS, LA, AR, OK, TX)",1,Urban Area,2,Stratum 2 - Not a MV Occupant Any Injury,4141,23.828711166,1,1,January,15,3:00pm-3:59pm,4,4,8,Pedestrian,0,The First Harmful Event was Not a Collision with a Motor Vehicle In-Transport,2,02,1,Motor Vehicle In-Transport (Inside or Outside the Trafficway),0,No,1FTEW1CG6GKF,1FTEW1CG6GKF,2016,2016,2016,2016,460,Ford,1801,F-150,60,Pickup,12,Ford,481,34,Light Pickup,0,Not Applicable,12,"Class 2: 6,001 - 10,000 lbs. (2,722 - 4,536 kg)",12,"Class 2: 6,001 - 10,000 lbs. (2,722 - 4,536 kg)",0,No Trailers,777777777777,No Trailing Units,777777777777,No Trailing Units,777777777777,No Trailing Units,77,No Trailing Units,77,No Trailing Units,77,No Trailing Units,0,Not an Articulated Vehicle,00000000000,Not Applicable,0,Not Applicable,0,Not Applicable,0,Not Applicable,0,Not Applicable (N/A),1,No,0,Not Applicable,0,Not Applicable,0,Not Applicable,0,Not Applicable,0,Not a Bus,0,No Special Use Noted,0,Not Applicable,998,Not Reported,7,Not Applicable,0,No Rollover,0,No Rollover,2,2 Clock Point,2,2 Clock Point,2,Minor Damage,5,Not Towed,8,Pedestrian,8,Pedestrian,0,No or Not Reported,1,Yes,0,No Apparent Injury (O),0,No Apparent Injury (O),0,No Person Injured in Vehicle,0,No Person Injured in Vehicle,2,No Alcohol Involved,2,No Alcohol Involved,12481,Ford F-Series pickup,38261,38261,0,No,2,"Two-Way, Divided, Unprotected Median",8,Not Reported,70,70 MPH,1,Straight,1,Level,1,Dry,0,No Controls,0,No Controls,1,Going Straight,1,Going Straight,80,Pedestrian in road,99,Unknown/Not Reported,1,Tracking,1,Stayed in original travel lane,13,C13-Single Driver-Forward Impact-Pedestrian/ Animal,103,Single Driver-Struck Object While Moving Forward
202304652928,1,58,58,6,2,"Midwest (OH, IN, IL, MI, WI, MN, ND, SD, NE, IA, MO, KS)",1,Urban Area,2,Stratum 2 - Not a MV Occupant Any Injury,4143,22.658477784,1,1,January,10,10:00am-10:59am,55,55,8,Pedestrian,0,The First Harmful Event was Not a Collision with a Motor Vehicle In-Transport,1,01,1,Motor Vehicle In-Transport (Inside or Outside the Trafficway),0,No,KM8JU3AG1EU9,KM8JU3AG1EU9,2014,2014,2014,2014,498,Hyundai,2058,Tucson,7,Sport Utility Vehicle (SUV)/Multi-Purpose Vehicle (MPV),55,Hyundai,402,14,"Compact Utility (Utility Vehicle Categories ""Small"" and ""Midsize"")",0,Not Applicable,11,"Class 1: 6,000 lbs. or less (2,722 kg or less)",11,"Class 1: 6,000 lbs. or less (2,722 kg or less)",0,No Trailers,777777777777,No Trailing Units,777777777777,No Trailing Units,777777777777,No Trailing Units,77,No Trailing Units,77,No Trailing Units,77,No Trailing Units,0,Not an Articulated Vehicle,00000000000,Not Applicable,0,Not Applicable,0,Not Applicable,0,Not Applicable,0,Not Applicable (N/A),1,No,0,Not Applicable,0,Not Applicable,0,Not Applicable,0,Not Applicable,0,Not a Bus,0,No Special Use Noted,0,Not Applicable,998,Not Reported,7,Not Applicable,0,No Rollover,0,No Rollover,12,12 Clock Point,12,12 Clock Point,0,No Damage,5,Not Towed,8,Pedestrian,8,Pedestrian,0,No or Not Reported,1,Yes,0,No Apparent Injury (O),0,No Apparent Injury (O),0,No Person Injured in Vehicle,0,No Person Injured in Vehicle,2,No Alcohol Involved,2,No Alcohol Involved,55402,Hyundai Tucson,53703,53703,0,No,2,"Two-Way, Divided, Unprotected Median",8,Not Reported,25,25 MPH,1,Straight,1,Level,1,Dry,2,Traffic control signal (on colors) with Pedestrian Signal,3,Device Functioning Properly,10,Turning Right,10,Turning Right,80,Pedestrian in road,1,No Avoidance Maneuver,1,Tracking,1,Stayed in original travel lane,13,C13-Single Driver-Forward Impact-Pedestrian/ Animal,103,Single Driver-Struck Object While Moving Forward
202304652933,1,58,58,6,2,"Midwest (OH, IN, IL, MI, WI, MN, ND, SD, NE, IA, MO, KS)",1,Urban Area,10,Stratum 10 - Other,4143,213.68759167,2,1,January,16,4:00pm-4:59pm,0,0,12,Motor Vehicle In-Transport,6,Angle,1,01,1,Motor Vehicle In-Transport (Inside or Outside the Trafficway),0,No,2T3BFREV8GW4,2T3BFREV8GW4,2016,2016,2016,2016,448,Toyota,2217,RAV4,7,Sport Utility Vehicle (SUV)/Multi-Purpose Vehicle (MPV),49,Toyota,402,14,"Compact Utility (Utility Vehicle Categories ""Small"" and ""Midsize"")",0,Not Applicable,11,"Class 1: 6,000 lbs. or less (2,722 kg or less)",11,"Class 1: 6,000 lbs. or less (2,722 kg or less)",0,No Trailers,777777777777,No Trailing Units,777777777777,No Trailing Units,777777777777,No Trailing Units,77,No Trailing Units,77,No Trailing Units,77,No Trailing Units,0,Not an Articulated Vehicle,00000000000,Not Applicable,0,Not Applicable,0,Not Applicable,0,Not Applicable,0,Not Applicable (N/A),1,No,0,Not Applicable,0,Not Applicable,0,Not Applicable,0,Not Applicable,0,Not a Bus,0,No Special Use Noted,0,Not Applicable,998,Not Reported,8,Not Reported,0,No Rollover,0,No Rollover,12,12 Clock Point,12,12 Clock Point,4,Functional Damage,5,Not Towed,12,Motor Vehicle In-Transport,12,Motor Vehicle In-Transport,0,No or Not Reported,1,Yes,0,No Apparent Injury (O),0,No Apparent Injury (O),0,No Person Injured in Vehicle,0,No Person Injured in Vehicle,2,No Alcohol Involved,2,No Alcohol Involved,49402,Toyota RAV4 *,53558,53558,0,No,0,Non-Trafficway or Driveway Access,0,Non-Trafficway or Driveway Access,0,No Statutory Limit/Non-Trafficway or Driveway Access,0,Non-Trafficway or Driveway Access,0,Non-Trafficway or Driveway Access,0,Non-Trafficway or Driveway Access,0,No Controls,0,No Controls,10,Turning Right,10,Turning Right,16,Turning Right,1,No Avoidance Maneuver,1,Tracking,7,Entered roadway,78,K78-Trafficway Vehicle Turning-Turn Into Path-Turn Into Same Direction (Turning Right),410,"Changing Trafficway, Vehicle Turning-Turn Into Path, Turn into Same Direction [Turning Right]"
202304652933,2,58,58,6,2,"Midwest (OH, IN, IL, MI, WI, MN, ND, SD, NE, IA, MO, KS)",1,Urban Area,10,Stratum 10 - Other,4143,213.68759167,2,1,January,16,4:00pm-4:59pm,0,0,12,Motor Vehicle In-Transport,6,Angle,1,01,1,Motor Vehicle In-Transport (Inside or Outside the Trafficway),0,No,1HGCR2F55DA2,1HGCR2F55DA2,2013,2013,2013,2013,474,Honda,1861,Accord,13,Sedan/Saloon,37,Honda,32,4,"4-door sedan, hardtop",0,Not Applicable,11,"Class 1: 6,000 lbs. or less (2,722 kg or less)",11,"Class 1: 6,000 lbs. or less (2,722 kg or less)",0,No Trailers,777777777777,No Trailing Units,777777777777,No Trailing Units,777777777777,No Trailing Units,77,No Trailing Units,77,No Trailing Units,77,No Trailing Units,0,Not an Articulated Vehicle,00000000000,Not Applicable,0,Not Applicable,0,Not Applicable,0,Not Applicable,0,Not Applicable (N/A),1,No,0,Not Applicable,0,Not Applicable,0,Not Applicable,0,Not Applicable,0,Not a Bus,0,No Special Use Noted,0,Not Applicable,998,Not Reported,8,Not Reported,0,No Rollover,0,No Rollover,1,1 Clock Point,1,1 Clock Point,4,Functional Damage,5,Not Towed,12,Motor Vehicle In-Transport,12,Motor Vehicle In-Transport,0,No or Not Reported,1,Yes,0,No Apparent Injury (O),0,No Apparent Injury (O),0,No Person Injured in Vehicle,0,No Person Injured in Vehicle,2,No Alcohol Involved,2,No Alcohol Involved,37032,"Honda Accord (Note: For Crosstour model years 2010 and 2011 only. For Crosstour model years 2012-2015, see vehicle model 37-405)",53562,53562,0,No,2,"Two-Way, Divided, Unprotected Median",2,Two lanes,30,30 MPH,1,Straight,1,Level,1,Dry,0,No Controls,0,No Controls,1,Going Straight,1,Going Straight,70,"From driveway, turning into same direction",99,Unknown/Not Reported,1,Tracking,1,Stayed in original travel lane,79,K79-Trafficway Vehicle Turning-Turn Into Path-Turn Into Same Direction (Going Straight),411,"Changing Trafficway, Vehicle Turning-Turn Into Path, Turn into Same Direction [Going Straight, Other Vehicle Turning Right]"
202304652954,1,75,75,19,3,"South (MD, DE, DC, WV, VA, KY, TN, NC, SC, GA, FL, AL, MS, LA, AR, OK, TX)",2,Rural Area,2,Stratum 2 - Not a MV Occupant Any Injury,4144,30.019745238,1,1,January,5,5:00am-5:59am,45,45,8,Pedestrian,0,The First Harmful Event was Not a Collision with a Motor Vehicle In-Transport,1,01,1,Motor Vehicle In-Transport (Inside or Outside the Trafficway),0,No,1GTN2TEA0DZ1,1GTN2TEA0DZ1,2013,2013,2013,2013,472,GMC,1857,Sierra,60,Pickup,23,GMC,481,34,Light Pickup,0,Not Applicable,12,"Class 2: 6,001 - 10,000 lbs. (2,722 - 4,536 kg)",12,"Class 2: 6,001 - 10,000 lbs. (2,722 - 4,536 kg)",0,No Trailers,777777777777,No Trailing Units,777777777777,No Trailing Units,777777777777,No Trailing Units,77,No Trailing Units,77,No Trailing Units,77,No Trailing Units,0,Not an Articulated Vehicle,00000000000,Not Applicable,0,Not Applicable,0,Not Applicable,0,Not Applicable,0,Not Applicable (N/A),1,No,0,Not Applicable,0,Not Applicable,0,Not Applicable,0,Not Applicable,0,Not a Bus,0,No Special Use Noted,0,Not Applicable,998,Not Reported,7,Not Applicable,0,No Rollover,0,No Rollover,12,12 Clock Point,12,12 Clock Point,4,Functional Damage,8,Not Reported,8,Pedestrian,8,Pedestrian,0,No or Not Reported,1,Yes,0,No Apparent Injury (O),0,No Apparent Injury (O),0,No Person Injured in Vehicle,0,No Person Injured in Vehicle,2,No Alcohol Involved,2,No Alcohol Involved,23481,"GMC C, K, R, V-series pickup/     Sierra",21795,21795,0,No,1,"Two-Way, Not Divided",2,Two lanes,35,35 MPH,1,Straight,1,Level,2,Wet,0,No Controls,0,No Controls,1,Going Straight,1,Going Straight,82,Pedestrian unknown location,1,No Avoidance Maneuver,1,Tracking,2,"Stayed on roadway, but left original travel lane",13,C13-Single Driver-Forward Impact-Pedestrian/ Animal,103,Single Driver-Struck Object While Moving Forward
202304652956,1,32,32,17,3,"South (MD, DE, DC, WV, VA, KY, TN, NC, SC, GA, FL, AL, MS, LA, AR, OK, TX)",2,Rural Area,8,Stratum 8 - NLMY PV Minor Injury,4145,132.26105527,3,1,January,17,5:00pm-5:59pm,25,25,12,Motor Vehicle In-Transport,1,Front-to-Rear,1,01,1,Motor Vehicle In-Transport (Inside or Outside the Trafficway),0,No,1FAHP28176G1,1FAHP28176G1,2006,2006,2006,2006,460,Ford,2347,Five Hundred,13,Sedan/Saloon,12,Ford,21,4,"4-door sedan, hardtop",0,Not Applicable,11,"Class 1: 6,000 lbs. or less (2,722 kg or less)",11,"Class 1: 6,000 lbs. or less (2,722 kg or less)",0,No Trailers,777777777777,No Trailing Units,777777777777,No Trailing Units,777777777777,No Trailing Units,77,No Trailing Units,77,No Trailing Units,77,No Trailing Units,0,Not an Articulated Vehicle,00000000000,Not Applicable,0,Not Applicable,0,Not Applicable,0,Not Applicable,0,Not Applicable (N/A),1,No,0,Not Applicable,0,Not Applicable,0,Not Applicable,0,Not Applicable,0,Not a Bus,0,No Special Use Noted,0,Not Applicable,998,Not Reported,8,Not Reported,0,No Rollover,0,No Rollover,12,12 Clock Point,12,12 Clock Point,6,Disabling Damage,6,Towed,12,Motor Vehicle In-Transport,12,Motor Vehicle In-Transport,0,No or Not Reported,1,Yes,2,Suspected Minor Injury (B),2,Suspected Minor Injury (B),1,1,1,1,2,No Alcohol Involved,2,No Alcohol Involved,12021,Ford Five Hundred,37760,37760,0,No,2,"Two-Way, Divided, Unprotected Median",8,Not Reported,55,55 MPH,1,Straight,1,Level,1,Dry,1,Traffic control signal (on colors) without Pedestrian Signal,3,Device Functioning Properly,1,Going Straight,1,Going Straight,52,Traveling in same direction while decelerating,1,No Avoidance Maneuver,1,Tracking,1,Stayed in original travel lane,28,"D28-Same Trafficway, Same Direction-Rear End-Decelerating (Slowing)",202,"Same Trafficway, Same Direction-Rear End, Lead Vehicle"
202304652956,2,32,32,17,3,"South (MD, DE, DC, WV, VA, KY, TN, NC, SC, GA, FL, AL, MS, LA, AR, OK, TX)",2,Rural Area,8,Stratum 8 - NLMY PV Minor Injury,4145,132.26105527,3,1,January,17,5:00pm-5:59pm,25,25,12,Motor Vehicle In-Transport,1,Front-to-Rear,1,01,1,Motor Vehicle In-Transport (Inside or Outside the Trafficway),0,No,1GCWGAFP8M13,1GCWGAFP8M13,2021,2021,2021,2021,467,Chevrolet,1848,Express,95,Cargo Van,20,Chevrolet,461,21,"Large Van-Includes van-based buses (B150-B350, Sportsman, Royal Maxiwagon, Ram, Tradesman,...)",0,Not Applicable,12,"Class 2: 6,001 - 10,000 lbs. (2,722 - 4,536 kg)",12,"Class 2: 6,001 - 10,000 lbs. (2,722 - 4,536 kg)",0,No Trailers,777777777777,No Trailing Units,777777777777,No Trailing Units,777777777777,No Trailing Units,77,No Trailing Units,77,No Trailing Units,77,No Trailing Units,0,Not an Articulated Vehicle,00000000000,Not Applicable,0,Not Applicable,0,Not Applicable,0,Not Applicable,0,Not Applicable (N/A),1,No,0,Not Applicable,0,Not Applicable,0,Not Applicable,0,Not Applicable,0,Not a Bus,0,No Special Use Noted,0,Not Applicable,998,Not Reported,8,Not Reported,0,No Rollover,0,No Rollover,6,6 Clock Point,6,6 Clock Point,6,Disabling Damage,6,Towed,12,Motor Vehicle In-Transport,12,Motor Vehicle In-Transport,0,No or Not Reported,1,Yes,0,No Apparent Injury (O),0,No Apparent Injury (O),0,No Person Injured in Vehicle,0,No Person Injured in Vehicle,2,No Alcohol Involved,2,No Alcohol Involved,20461,Chevrolet G-series van,37938,37938,0,No,2,"Two-Way, Divided, Unprotected Median",8,Not Reported,55,55 MPH,1,Straight,1,Level,1,Dry,1,Traffic control signal (on colors) without Pedestrian Signal,3,Device Functioning Properly,2,Decelerating in Road,2,Decelerating in Road,53,Traveling in same direction with higher speed,99,Unknown/Not Reported,1,Tracking,1,Stayed in original travel lane,29,"D29-Same Trafficway, Same Direction-Rear End-Decelerating (Slowing), Going Straight",201,"Same Trafficway, Same Direction-Rear End, Trailing Vehicle"
202304652956,3,32,32,17,3,"South (MD, DE, DC, WV, VA, KY, TN, NC, SC, GA, FL, AL, MS, LA, AR, OK, TX)",2,Rural Area,8,Stratum 8 - NLMY PV Minor Injury,4145,132.26105527,3,1,January,17,5:00pm-5:59pm,25,25,12,Motor Vehicle In-Transport,1,Front-to-Rear,1,01,1,Motor Vehicle In-Transport (Inside or Outside the Trafficway),0,No,3VV2B7AX6MM1,3VV2B7AX6MM1,2021,2021,2021,2021,482,Volkswagen,8151,Tiguan,7,Sport Utility Vehicle (SUV)/Multi-Purpose Vehicle (MPV),30,Volkswagen,402,14,"Compact Utility (Utility Vehicle Categories ""Small"" and ""Midsize"")",0,Not Applicable,11,"Class 1: 6,000 lbs. or less (2,722 kg or less)",11,"Class 1: 6,000 lbs. or less (2,722 kg or less)",0,No Trailers,777777777777,No Trailing Units,777777777777,No Trailing Units,777777777777,No Trailing Units,77,No Trailing Units,77,No Trailing Units,77,No Trailing Units,0,Not an Articulated Vehicle,00000000000,Not Applicable,0,Not Applicable,0,Not Applicable,0,Not Applicable,0,Not Applicable (N/A),1,No,0,Not Applicable,0,Not Applicable,0,Not Applicable,0,Not Applicable,0,Not a Bus,0,No Special Use Noted,0,Not Applicable,0,Stopped Motor Vehicle In- Transport,9,Reported as Unknown,0,No Rollover,0,No Rollover,5,5 Clock Point,5,5 Clock Point,4,Functional Damage,5,Not Towed,12,Motor Vehicle In-Transport,12,Motor Vehicle In-Transport,0,No or Not Reported,1,Yes,0,No Apparent Injury (O),0,No Apparent Injury (O),0,No Person Injured in Vehicle,0,No Person Injured in Vehicle,2,No Alcohol Involved,2,No Alcohol Involved,30402,Volkswagen Tiguan,37921,37921,0,No,2,"Two-Way, Divided, Unprotected Median",8,Not Reported,55,55 MPH,1,Straight,1,Level,1,Dry,1,Traffic control signal (on colors) without Pedestrian Signal,3,Device Functioning Properly,5,Stopped in Roadway,5,Stopped in Roadway,53,Traveling in same direction with higher speed,1,No Avoidance Maneuver,1,Tracking,1,Stayed in original travel lane,98,M98-Other Crash Type,998,Other Crash Type
202304652963,1,32,32,17,3,"South (MD, DE, DC, WV, VA, KY, TN, NC, SC, GA, FL, AL, MS, LA, AR, OK, TX)",2,Rural Area,9,Stratum 9 - LMY PV No Injuries in Crash,4145,139.52294719,2,1,January,9,9:00am-9:59am,11,11,12,Motor Vehicle In-Transport,6,Angle,1,01,1,Motor Vehicle In-Transport (Inside or Outside the Trafficway),0,No,4T1S11AK3PU7,4T1S11AK3PU7,2023,2023,2023,2023,448,Toyota,2469,Camry,13,Sedan/Saloon,49,Toyota,40,4,"4-door sedan, hardtop",0,Not Applicable,11,"Class 1: 6,000 lbs. or less (2,722 kg or less)",11,"Class 1: 6,000 lbs. or less (2,722 kg or less)",0,No Trailers,777777777777,No Trailing Units,777777777777,No Trailing Units,777777777777,No Trailing Units,77,No Trailing Units,77,No Trailing Units,77,No Trailing Units,0,Not an Articulated Vehicle,00000000000,Not Applicable,0,Not Applicable,0,Not Applicable,0,Not Applicable,0,Not Applicable (N/A),1,No,0,Not Applicable,0,Not Applicable,0,Not Applicable,0,Not Applicable,0,Not a Bus,0,No Special Use Noted,0,Not Applicable,998,Not Reported,0,No Underride or Override,0,No Rollover,0,No Rollover,8,8 Clock Point,8,8 Clock Point,4,Functional Damage,5,Not Towed,12,Motor Vehicle In-Transport,12,Motor Vehicle In-Transport,0,No or Not Reported,1,Yes,0,No Apparent Injury (O),0,No Apparent Injury (O),0,No Person Injured in Vehicle,0,No Person Injured in Vehicle,2,No Alcohol Involved,2,No Alcohol Involved,49040,Toyota Camry,37821,37821,0,No,8,Not Reported,8,Not Reported,40,40 MPH,1,Straight,8,Not Reported,2,Wet,0,No Controls,0,No Controls,15,Changing Lanes,15,Changing Lanes,10,Over the lane line on left side of travel lane,99,Unknown/Not Reported,1,Tracking,2,"Stayed on roadway, but left original travel lane",47,"F47-Same Trafficway, Same Direction-Angle, Sideswipe-Changing Lanes to the Left",208,"Same Trafficway, Same Direction-Sideswipe, Angle, Vehicle on Right"
202304652963,2,32,32,17,3,"South (MD, DE, DC, WV, VA, KY, TN, NC, SC, GA, FL, AL, MS, LA, AR, OK, TX)",2,Rural Area,9,Stratum 9 - LMY PV No Injuries in Crash,4145,139.52294719,2,1,January,9,9:00am-9:59am,11,11,12,Motor Vehicle In-Transport,6,Angle,1,01,1,Motor Vehicle In-Transport (Inside or Outside the Trafficway),0,No,1FTER1FH0MLD,1FTER1FH0MLD,2021,2021,2021,2021,460,Ford,1803,Ranger,60,Pickup,12,Ford,471,34,Light Pickup,0,Not Applicable,12,"Class 2: 6,001 - 10,000 lbs. (2,722 - 4,536 kg)",12,"Class 2: 6,001 - 10,000 lbs. (2,722 - 4,536 kg)",0,No Trailers,777777777777,No Trailing Units,777777777777,No Trailing Units,777777777777,No Trailing Units,77,No Trailing Units,77,No Trailing Units,77,No Trailing Units,0,Not an Articulated Vehicle,00000000000,Not Applicable,0,Not Applicable,0,Not Applicable,0,Not Applicable,0,Not Applicable (N/A),1,No,0,Not Applicable,0,Not Applicable,0,Not Applicable,0,Not Applicable,0,Not a Bus,0,No Special Use Noted,0,Not Applicable,998,Not Reported,0,No Underride or Override,0,No Rollover,0,No Rollover,1,1 Clock Point,1,1 Clock Point,4,Functional Damage,5,Not Towed,12,Motor Vehicle In-Transport,12,Motor Vehicle In-Transport,0,No or Not Reported,1,Yes,0,No Apparent Injury (O),0,No Apparent Injury (O),0,No Person Injured in Vehicle,0,No Person Injured in Vehicle,2,No Alcohol Involved,2,No Alcohol Involved,12471,Ford Ranger,37821,37821,0,No,8,Not Reported,8,Not Reported,40,40 MPH,1,Straight,8,Not Reported,2,Wet,0,No Controls,0,No Controls,1,Going Straight,1,Going Straight,61,From adjacent lane (same direction) over right lane line,99,Unknown/Not Reported,1,Tracking,1,Stayed in original travel lane,45,"F45-Same Trafficway, Same Direction-Angle, Sideswipe-Straight Ahead on Left/Right",207,"Same Trafficway, Same Direction-Sideswipe, Angle, Vehicle on Left"
202304652967,1,32,32,17,3,"South (MD, DE, DC, WV, VA, KY, TN, NC, SC, GA, FL, AL, MS, LA, AR, OK, TX)",2,Rural Area,10,Stratum 10 - Other,4145,220.3414238,1,1,January,9,9:00am-9:59am,25,25,24,Guardrail Face,0,The First Harmful Event was Not a Collision with a Motor Vehicle In-Transport,3,03,1,Motor Vehicle In-Transport (Inside or Outside the Trafficway),0,No,5XYKT3A64FG6,5XYKT3A64FG6,2015,2015,2015,2015,499,Kia,2769,Sorento,7,Sport Utility Vehicle (SUV)/Multi-Purpose Vehicle (MPV),63,KIA,402,14,"Compact Utility (Utility Vehicle Categories ""Small"" and ""Midsize"")",0,Not Applicable,11,"Class 1: 6,000 lbs. or less (2,722 kg or less)",11,"Class 1: 6,000 lbs. or less (2,722 kg or less)",0,No Trailers,777777777777,No Trailing Units,777777777777,No Trailing Units,777777777777,No Trailing Units,77,No Trailing Units,77,No Trailing Units,77,No Trailing Units,0,Not an Articulated Vehicle,00000000000,Not Applicable,0,Not Applicable,0,Not Applicable,0,Not Applicable,0,Not Applicable (N/A),1,No,0,Not Applicable,0,Not Applicable,0,Not Applicable,0,Not Applicable,0,Not a Bus,0,No Special Use Noted,0,Not Applicable,998,Not Reported,7,Not Applicable,0,No Rollover,0,No Rollover,9,9 Clock Point,9,9 Clock Point,6,Disabling Damage,6,Towed,24,Guardrail Face,24,Guardrail Face,0,No or Not Reported,1,Yes,0,No Apparent Injury (O),0,No Apparent Injury (O),0,No Person Injured in Vehicle,0,No Person Injured in Vehicle,2,No Alcohol Involved,2,No Alcohol Involved,63402,KIA Sorento,28731,28731,4,"Yes, Too Fast for Conditions",3,"Two-Way,  Divided, Positive  Median Barrier",8,Not Reported,70,70 MPH,1,Straight,1,Level,6,Water (Standing or Moving),0,No Controls,0,No Controls,1,Going Straight,1,Going Straight,6,Traveling Too Fast for Conditions or Road Configuration,99,Unknown/Not Reported,2,Skidding longitudinally  rotation less than 30 degrees,4,Departed roadway,2,A2-Single Driver-Right Roadside Departure-Control/Traction Loss,101,Single Driver-Right Roadside Departure
202304652976,1,83,83,13,3,"South (MD, DE, DC, WV, VA, KY, TN, NC, SC, GA, FL, AL, MS, LA, AR, OK, TX)",1,Urban Area,9,Stratum 9 - LMY PV No Injuries in Crash,4148,141.94136347,2,1,January,99,Unknown Hours,99,Unknown Minutes,12,Motor Vehicle In-Transport,6,Angle,1,01,1,Motor Vehicle In-Transport (Inside or Outside the Trafficway),0,No,JTDEPRAE3LJ0,JTDEPRAE3LJ0,2020,2020,2020,2020,448,Toyota,2208,Corolla,13,Sedan/Saloon,49,Toyota,32,4,"4-door sedan, hardtop",0,Not Applicable,11,"Class 1: 6,000 lbs. or less (2,722 kg or less)",11,"Class 1: 6,000 lbs. or less (2,722 kg or less)",0,No Trailers,777777777777,No Trailing Units,777777777777,No Trailing Units,777777777777,No Trailing Units,77,No Trailing Units,77,No Trailing Units,77,No Trailing Units,0,Not an Articulated Vehicle,00000000000,Not Applicable,0,Not Applicable,0,Not Applicable,0,Not Applicable,0,Not Applicable (N/A),1,No,0,Not Applicable,0,Not Applicable,0,Not Applicable,0,Not Applicable,0,Not a Bus,0,No Special Use Noted,0,Not Applicable,998,Not Reported,8,Not Reported,0,No Rollover,0,No Rollover,12,12 Clock Point,12,12 Clock Point,6,Disabling Damage,6,Towed,12,Motor Vehicle In-Transport,12,Motor Vehicle In-Transport,0,No or Not Reported,1,Yes,0,No Apparent Injury (O),0,No Apparent Injury (O),0,No Person Injured in Vehicle,0,No Person Injured in Vehicle,2,No Alcohol Involved,2,No Alcohol Involved,49032,Toyota Corolla,38138,38138,0,No,5,"Two-Way, Not Divided With a Continuous Left-Turn Lane",8,Not Reported,40,40 MPH,1,Straight,1,Level,1,Dry,2,Traffic control signal (on colors) with Pedestrian Signal,3,Device Functioning Properly,11,Turning Left,11,Turning Left,15,Turning Left,99,Unknown/Not Reported,1,Tracking,1,Stayed in original travel lane,68,J68-Trafficway Vehicle Turning-Turn Across Path-Initial Opposite Directions (Left/Right),401,"Changing Trafficway, Vehicle Turning-Turn Across Path, Initial Opposite Directions [Left/Right]"
202304652976,2,83,83,13,3,"South (MD, DE, DC, WV, VA, KY, TN, NC, SC, GA, FL, AL, MS, LA, AR, OK, TX)",1,Urban Area,9,Stratum 9 - LMY PV No Injuries in Crash,4148,141.94136347,2,1,January,99,Unknown Hours,99,Unknown Minutes,12,Motor Vehicle In-Transport,6,Angle,1,01,1,Motor Vehicle In-Transport (Inside or Outside the Trafficway),0,No,KMHGN4JE9FU0,KMHGN4JE9FU0,2015,2015,2015,2015,498,Hyundai,2774,Genesis,13,Sedan/Saloon,55,Hyundai,41,4,"4-door sedan, hardtop",0,Not Applicable,11,"Class 1: 6,000 lbs. or less (2,722 kg or less)",11,"Class 1: 6,000 lbs. or less (2,722 kg or less)",0,No Trailers,777777777777,No Trailing Units,777777777777,No Trailing Units,777777777777,No Trailing Units,77,No Trailing Units,77,No Trailing Units,77,No Trailing Units,0,Not an Articulated Vehicle,00000000000,Not Applicable,0,Not Applicable,0,Not Applicable,0,Not Applicable,0,Not Applicable (N/A),1,No,0,Not Applicable,0,Not Applicable,0,Not Applicable,0,Not Applicable,0,Not a Bus,0,No Special Use Noted,0,Not Applicable,998,Not Reported,8,Not Reported,0,No Rollover,0,No Rollover,10,10 Clock Point,10,10 Clock Point,6,Disabling Damage,6,Towed,12,Motor Vehicle In-Transport,12,Motor Vehicle In-Transport,0,No or Not Reported,1,Yes,0,No Apparent Injury (O),0,No Apparent Injury (O),0,No Person Injured in Vehicle,0,No Person Injured in Vehicle,2,No Alcohol Involved,2,No Alcohol Involved,55041,"Hyundai Genesis (For 2009-2016 only. For model years 2017 on, see 55-043, 55-044 and 55-046)",38018,38018,0,No,5,"Two-Way, Not Divided With a Continuous Left-Turn Lane",8,Not Reported,40,40 MPH,1,Straight,1,Level,1,Dry,2,Traffic control signal (on colors) with Pedestrian Signal,3,Device Functioning Properly,1,Going Straight,1,Going Straight,62,From opposite direction  over left lane line,7,Steering right,1,Tracking,3,"Stayed on roadway, not known if left original travel lane",69,J69-Trafficway Vehicle Turning-Turn Across Path-Initial Opposite Directions (Going Straight),402,"Changing Trafficway, Vehicle Turning-Turn Across Path, Initial Opposite Directions [Going Straight]"
202304653000,1,83,83,13,3,"South (MD, DE, DC, WV, VA, KY, TN, NC, SC, GA, FL, AL, MS, LA, AR, OK, TX)",1,Urban Area,2,Stratum 2 - Not a MV Occupant Any Injury,4148,23.528556331,1,1,January,0,0:00am-0:59am,3,3,8,Pedestrian,0,The First Harmful Event was Not a Collision with a Motor Vehicle In-Transport,2,02,1,Motor Vehicle In-Transport (Inside or Outside the Trafficway),0,No,1GKFC13JX7J1,1GKFC13JX7J1,2007,2007,2007,2007,472,GMC,1859,Yukon,7,Sport Utility Vehicle (SUV)/Multi-Purpose Vehicle (MPV),23,GMC,421,15,"Large utility (ANSI D16.1 Utility Vehicle Categories and ""Full Size"" and ""Large"")",0,Not Applicable,12,"Class 2: 6,001 - 10,000 lbs. (2,722 - 4,536 kg)",12,"Class 2: 6,001 - 10,000 lbs. (2,722 - 4,536 kg)",0,No Trailers,777777777777,No Trailing Units,777777777777,No Trailing Units,777777777777,No Trailing Units,77,No Trailing Units,77,No Trailing Units,77,No Trailing Units,0,Not an Articulated Vehicle,00000000000,Not Applicable,0,Not Applicable,0,Not Applicable,0,Not Applicable,0,Not Applicable (N/A),1,No,0,Not Applicable,0,Not Applicable,0,Not Applicable,0,Not Applicable,0,Not a Bus,0,No Special Use Noted,0,Not Applicable,998,Not Reported,7,Not Applicable,0,No Rollover,0,No Rollover,12,12 Clock Point,12,12 Clock Point,0,No Damage,5,Not Towed,8,Pedestrian,8,Pedestrian,0,No or Not Reported,1,Yes,0,No Apparent Injury (O),0,No Apparent Injury (O),0,No Person Injured in Vehicle,0,No Person Injured in Vehicle,2,No Alcohol Involved,2,No Alcohol Involved,23421,GMC Fullsize Jimmy/Yukon,38111,38111,0,No,3,"Two-Way,  Divided, Positive  Median Barrier",8,Not Reported,40,40 MPH,1,Straight,1,Level,1,Dry,97,Not Reported,8,Not Reported,1,Going Straight,1,Going Straight,80,Pedestrian in road,99,Unknown/Not Reported,1,Tracking,2,"Stayed on roadway, but left original travel lane",13,C13-Single Driver-Forward Impact-Pedestrian/ Animal,103,Single Driver-Struck Object While Moving Forward
202304653038,1,83,83,13,3,"South (MD, DE, DC, WV, VA, KY, TN, NC, SC, GA, FL, AL, MS, LA, AR, OK, TX)",1,Urban Area,10,Stratum 10 - Other,4148,223.23894247,1,1,January,21,9:00pm-9:59pm,15,15,40,Fire Hydrant,0,The First Harmful Event was Not a Collision with a Motor Vehicle In-Transport,99,Unknown,1,Motor Vehicle In-Transport (Inside or Outside the Trafficway),1,Yes,999999999999,Reported as Unknown,2007,2007,2007,2007,480,Infiniti,2305,G35,13,Sedan/Saloon,58,Infiniti,37,4,"4-door sedan, hardtop",0,Not Applicable,11,"Class 1: 6,000 lbs. or less (2,722 kg or less)",11,"Class 1: 6,000 lbs. or less (2,722 kg or less)",0,No Trailers,777777777777,No Trailing Units,777777777777,No Trailing Units,777777777777,No Trailing Units,77,No Trailing Units,77,No Trailing Units,77,No Trailing Units,0,Not an Articulated Vehicle,00000000000,Not Applicable,0,Not Applicable,0,Not Applicable,0,Not Applicable,0,Not Applicable (N/A),1,No,0,Not Applicable,0,Not Applicable,0,Not Applicable,0,Not Applicable,0,Not a Bus,99,Reported as Unknown,0,Not Applicable,998,Not Reported,7,Not Applicable,0,No Rollover,0,No Rollover,99,Reported as Unknown,12,12 Clock Point,9,Reported as Unknown,5,Not Towed,40,Fire Hydrant,40,Fire Hydrant,0,No or Not Reported,1,Yes,9,Unknown/Not Reported,0,No Apparent Injury (O),99,All Persons in Vehicle are unknown if Injured,0,No Person Injured in Vehicle,9,Reported as Unknown,1,Alcohol Involved,58037,Infiniti G25/G35/G37,99998,Not Reported,0,No,1,"Two-Way, Not Divided",8,Not Reported,30,30 MPH,1,Straight,1,Level,2,Wet,20,Stop Sign,3,Device Functioning Properly,99,Unknown,1,Going Straight,13,Off the edge of the road on the right side,99,Unknown/Not Reported,1,Tracking,4,Departed roadway,5,A5-Single Driver-Right Roadside Departure-Specifics Unknown,101,Single Driver-Right Roadside Departure
202304653058,1,83,83,13,3,"South (MD, DE, DC, WV, VA, KY, TN, NC, SC, GA, FL, AL, MS, LA, AR, OK, TX)",1,Urban Area,6,Stratum 6 - LMY PV Minor Injury,4148,54.752239818,2,1,January,23,11:00pm-11:59pm,20,20,12,Motor Vehicle In-Transport,6,Angle,99,Unknown,1,Motor Vehicle In-Transport (Inside or Outside the Trafficway),1,Yes,888888888888,Not Reported,9999,Unknown,2015,2015,99999,Unknown,99999,Unknown,999,Unknown,99,Unknown Make,399,9,Other or Unknown automobile type,0,Not Applicable,11,"Class 1: 6,000 lbs. or less (2,722 kg or less)",12,"Class 2: 6,001 - 10,000 lbs. (2,722 - 4,536 kg)",0,No Trailers,777777777777,No Trailing Units,777777777777,No Trailing Units,777777777777,No Trailing Units,77,No Trailing Units,77,No Trailing Units,77,No Trailing Units,0,Not an Articulated Vehicle,00000000000,Not Applicable,0,Not Applicable,0,Not Applicable,0,Not Applicable,0,Not Applicable (N/A),1,No,0,Not Applicable,0,Not Applicable,0,Not Applicable,0,Not Applicable,99,Reported as Unknown,99,Reported as Unknown,0,Not Applicable,998,Not Reported,8,Not Reported,0,No Rollover,0,No Rollover,2,2 Clock Point,2,2 Clock Point,9,Reported as Unknown,5,Not Towed,12,Motor Vehicle In-Transport,12,Motor Vehicle In-Transport,0,No or Not Reported,1,Yes,9,Unknown/Not Reported,0,No Apparent Injury (O),99,All Persons in Vehicle are unknown if Injured,0,No Person Injured in Vehicle,9,Reported as Unknown,2,No Alcohol Involved,99399,Unknown Make Unknown (automobile),99998,Not Reported,0,No,1,"Two-Way, Not Divided",8,Not Reported,40,40 MPH,1,Straight,1,Level,2,Wet,2,Traffic control signal (on colors) with Pedestrian Signal,3,Device Functioning Properly,11,Turning Left,11,Turning Left,15,Turning Left,99,Unknown/Not Reported,1,Tracking,1,Stayed in original travel lane,68,J68-Trafficway Vehicle Turning-Turn Across Path-Initial Opposite Directions (Left/Right),401,"Changing Trafficway, Vehicle Turning-Turn Across Path, Initial Opposite Directions [Left/Right]"
202304653058,2,83,83,13,3,"South (MD, DE, DC, WV, VA, KY, TN, NC, SC, GA, FL, AL, MS, LA, AR, OK, TX)",1,Urban Area,6,Stratum 6 - LMY PV Minor Injury,4148,54.752239818,2,1,January,23,11:00pm-11:59pm,20,20,12,Motor Vehicle In-Transport,6,Angle,1,01,1,Motor Vehicle In-Transport (Inside or Outside the Trafficway),0,No,3N1AB8CV6NY2,3N1AB8CV6NY2,2022,2022,2022,2022,478,Nissan,1907,Sentra,13,Sedan/Saloon,35,Nissan/Datsun,43,4,"4-door sedan, hardtop",0,Not Applicable,11,"Class 1: 6,000 lbs. or less (2,722 kg or less)",11,"Class 1: 6,000 lbs. or less (2,722 kg or less)",0,No Trailers,777777777777,No Trailing Units,777777777777,No Trailing Units,777777777777,No Trailing Units,77,No Trailing Units,77,No Trailing Units,77,No Trailing Units,0,Not an Articulated Vehicle,00000000000,Not Applicable,0,Not Applicable,0,Not Applicable,0,Not Applicable,0,Not Applicable (N/A),1,No,0,Not Applicable,0,Not Applicable,0,Not Applicable,0,Not Applicable,0,Not a Bus,0,No Special Use Noted,0,Not Applicable,998,Not Reported,8,Not Reported,0,No Rollover,0,No Rollover,12,12 Clock Point,12,12 Clock Point,6,Disabling Damage,6,Towed,12,Motor Vehicle In-Transport,12,Motor Vehicle In-Transport,0,No or Not Reported,1,Yes,1,Possible Injury (C),1,Possible Injury (C),1,1,1,1,2,No Alcohol Involved,2,No Alcohol Involved,35043,Nissan/Datsun Sentra,38134,38134,0,No,1,"Two-Way, Not Divided",8,Not Reported,40,40 MPH,1,Straight,1,Level,2,Wet,2,Traffic control signal (on colors) with Pedestrian Signal,3,Device Functioning Properly,1,Going Straight,1,Going Straight,62,From opposite direction  over left lane line,99,Unknown/Not Reported,1,Tracking,1,Stayed in original travel lane,69,J69-Trafficway Vehicle Turning-Turn Across Path-Initial Opposite Directions (Going Straight),402,"Changing Trafficway, Vehicle Turning-Turn Across Path, Initial Opposite Directions [Going Straight]"
202304653087,1,25,25,8,2,"Midwest (OH, IN, IL, MI, WI, MN, ND, SD, NE, IA, MO, KS)",1,Urban Area,9,Stratum 9 - LMY PV No Injuries in Crash,4150,138.4046856,3,1,January,21,9:00pm-9:59pm,57,57,12,Motor Vehicle In-Transport,1,Front-to-Rear,1,01,1,Motor Vehicle In-Transport (Inside or Outside the Trafficway),0,No,5YFP4MCE6NP1,5YFP4MCE6NP1,2022,2022,2022,2022,448,Toyota,2208,Corolla,13,Sedan/Saloon,49,Toyota,32,4,"4-door sedan, hardtop",0,Not Applicable,11,"Class 1: 6,000 lbs. or less (2,722 kg or less)",11,"Class 1: 6,000 lbs. or less (2,722 kg or less)",0,No Trailers,777777777777,No Trailing Units,777777777777,No Trailing Units,777777777777,No Trailing Units,77,No Trailing Units,77,No Trailing Units,77,No Trailing Units,0,Not an Articulated Vehicle,00000000000,Not Applicable,0,Not Applicable,0,Not Applicable,0,Not Applicable,0,Not Applicable (N/A),1,No,0,Not Applicable,0,Not Applicable,0,Not Applicable,0,Not Applicable,0,Not a Bus,0,No Special Use Noted,0,Not Applicable,0,Stopped Motor Vehicle In- Transport,8,Not Reported,0,No Rollover,0,No Rollover,6,6 Clock Point,6,6 Clock Point,2,Minor Damage,8,Not Reported,12,Motor Vehicle In-Transport,12,Motor Vehicle In-Transport,0,No or Not Reported,1,Yes,0,No Apparent Injury (O),0,No Apparent Injury (O),0,No Person Injured in Vehicle,0,No Person Injured in Vehicle,9,Reported as Unknown,2,No Alcohol Involved,49032,Toyota Corolla,44512,44512,0,No,7,"Two-Way Divided, Unknown if Unprotected Median or Positive Median Barrier",2,Two lanes,35,35 MPH,1,Straight,1,Level,1,Dry,3,Traffic control signal(on colors) not known whether or not Pedestrian Signal,3,Device Functioning Properly,5,Stopped in Roadway,5,Stopped in Roadway,53,Traveling in same direction with higher speed,1,No Avoidance Maneuver,1,Tracking,1,Stayed in original travel lane,98,M98-Other Crash Type,998,Other Crash Type
202304653087,2,25,25,8,2,"Midwest (OH, IN, IL, MI, WI, MN, ND, SD, NE, IA, MO, KS)",1,Urban Area,9,Stratum 9 - LMY PV No Injuries in Crash,4150,138.4046856,3,1,January,21,9:00pm-9:59pm,57,57,12,Motor Vehicle In-Transport,1,Front-to-Rear,1,01,1,Motor Vehicle In-Transport (Inside or Outside the Trafficway),0,No,3CZRU6H30KG7,3CZRU6H30KG7,2019,2019,2019,2019,474,Honda,9212,HR-V,7,Sport Utility Vehicle (SUV)/Multi-Purpose Vehicle (MPV),37,Honda,404,14,"Compact Utility (Utility Vehicle Categories ""Small"" and ""Midsize"")",0,Not Applicable,11,"Class 1: 6,000 lbs. or less (2,722 kg or less)",11,"Class 1: 6,000 lbs. or less (2,722 kg or less)",0,No Trailers,777777777777,No Trailing Units,777777777777,No Trailing Units,777777777777,No Trailing Units,77,No Trailing Units,77,No Trailing Units,77,No Trailing Units,0,Not an Articulated Vehicle,00000000000,Not Applicable,0,Not Applicable,0,Not Applicable,0,Not Applicable,0,Not Applicable (N/A),1,No,0,Not Applicable,0,Not Applicable,0,Not Applicable,0,Not Applicable,0,Not a Bus,0,No Special Use Noted,0,Not Applicable,0,Stopped Motor Vehicle In- Transport,8,Not Reported,0,No Rollover,0,No Rollover,6,6 Clock Point,6,6 Clock Point,2,Minor Damage,8,Not Reported,12,Motor Vehicle In-Transport,12,Motor Vehicle In-Transport,0,No or Not Reported,1,Yes,0,No Apparent Injury (O),0,No Apparent Injury (O),0,No Person Injured in Vehicle,0,No Person Injured in Vehicle,9,Reported as Unknown,2,No Alcohol Involved,37404,Honda HR-V,44515,44515,0,No,7,"Two-Way Divided, Unknown if Unprotected Median or Positive Median Barrier",2,Two lanes,35,35 MPH,1,Straight,1,Level,1,Dry,3,Traffic control signal(on colors) not known whether or not Pedestrian Signal,3,Device Functioning Properly,5,Stopped in Roadway,5,Stopped in Roadway,53,Traveling in same direction with higher speed,1,No Avoidance Maneuver,1,Tracking,1,Stayed in original travel lane,21,"D21-Same Trafficway, Same Direction-Rear End-Stopped, Straight",201,"Same Trafficway, Same Direction-Rear End, Trailing Vehicle"
202304653087,3,25,25,8,2,"Midwest (OH, IN, IL, MI, WI, MN, ND, SD, NE, IA, MO, KS)",1,Urban Area,9,Stratum 9 - LMY PV No Injuries in Crash,4150,138.4046856,3,1,January,21,9:00pm-9:59pm,57,57,12,Motor Vehicle In-Transport,1,Front-to-Rear,1,01,1,Motor Vehicle In-Transport (Inside or Outside the Trafficway),0,No,3FA6P0CD8LR1,3FA6P0CD8LR1,2020,2020,2020,2020,460,Ford,1780,Fusion,13,Sedan/Saloon,12,Ford,23,4,"4-door sedan, hardtop",0,Not Applicable,11,"Class 1: 6,000 lbs. or less (2,722 kg or less)",11,"Class 1: 6,000 lbs. or less (2,722 kg or less)",0,No Trailers,777777777777,No Trailing Units,777777777777,No Trailing Units,777777777777,No Trailing Units,77,No Trailing Units,77,No Trailing Units,77,No Trailing Units,0,Not an Articulated Vehicle,00000000000,Not Applicable,0,Not Applicable,0,Not Applicable,0,Not Applicable,0,Not Applicable (N/A),1,No,0,Not Applicable,0,Not Applicable,0,Not Applicable,0,Not Applicable,0,Not a Bus,0,No Special Use Noted,0,Not Applicable,998,Not Reported,0,No Underride or Override,0,No Rollover,0,No Rollover,12,12 Clock Point,12,12 Clock Point,6,Disabling Damage,6,Towed,12,Motor Vehicle In-Transport,12,Motor Vehicle In-Transport,0,No or Not Reported,1,Yes,0,No Apparent Injury (O),0,No Apparent Injury (O),0,No Person Injured in Vehicle,0,No Person Injured in Vehicle,9,Reported as Unknown,2,No Alcohol Involved,12023,Ford Fusion,44511,44511,0,No,7,"Two-Way Divided, Unknown if Unprotected Median or Positive Median Barrier",2,Two lanes,35,35 MPH,1,Straight,1,Level,1,Dry,3,Traffic control signal(on colors) not known whether or not Pedestrian Signal,3,Device Functioning Properly,1,Going Straight,1,Going Straight,50,Other vehicle stopped,99,Unknown/Not Reported,1,Tracking,1,Stayed in original travel lane,20,"D20-Same Trafficway, Same Direction-Rear End-Stopped",202,"Same Trafficway, Same Direction-Rear End, Lead Vehicle"
202304653111,1,25,25,8,2,"Midwest (OH, IN, IL, MI, WI, MN, ND, SD, NE, IA, MO, KS)",1,Urban Area,10,Stratum 10 - Other,4150,218.84769319,2,1,January,12,12:00pm-12:59pm,44,44,12,Motor Vehicle In-Transport,1,Front-to-Rear,1,01,1,Motor Vehicle In-Transport (Inside or Outside the Trafficway),0,No,1FMCU0GD8HUD,1FMCU0GD8HUD,2017,2017,2017,2017,460,Ford,1798,Escape,7,Sport Utility Vehicle (SUV)/Multi-Purpose Vehicle (MPV),12,Ford,402,14,"Compact Utility (Utility Vehicle Categories ""Small"" and ""Midsize"")",0,Not Applicable,11,"Class 1: 6,000 lbs. or less (2,722 kg or less)",11,"Class 1: 6,000 lbs. or less (2,722 kg or less)",0,No Trailers,777777777777,No Trailing Units,777777777777,No Trailing Units,777777777777,No Trailing Units,77,No Trailing Units,77,No Trailing Units,77,No Trailing Units,0,Not an Articulated Vehicle,00000000000,Not Applicable,0,Not Applicable,0,Not Applicable,0,Not Applicable,0,Not Applicable (N/A),1,No,0,Not Applicable,0,Not Applicable,0,Not Applicable,0,Not Applicable,0,Not a Bus,0,No Special Use Noted,0,Not Applicable,5,005 MPH,8,Not Reported,0,No Rollover,0,No Rollover,6,6 Clock Point,6,6 Clock Point,4,Functional Damage,8,Not Reported,12,Motor Vehicle In-Transport,12,Motor Vehicle In-Transport,0,No or Not Reported,1,Yes,0,No Apparent Injury (O),0,No Apparent Injury (O),0,No Person Injured in Vehicle,0,No Person Injured in Vehicle,9,Reported as Unknown,2,No Alcohol Involved,12402,Ford Escape,44646,44646,0,No,1,"Two-Way, Not Divided",2,Two lanes,35,35 MPH,1,Straight,1,Level,1,Dry,0,No Controls,0,No Controls,2,Decelerating in Road,2,Decelerating in Road,53,Traveling in same direction with higher speed,99,Unknown/Not Reported,1,Tracking,1,Stayed in original travel lane,29,"D29-Same Trafficway, Same Direction-Rear End-Decelerating (Slowing), Going Straight",201,"Same Trafficway, Same Direction-Rear End, Trailing Vehicle"
202304653111,2,25,25,8,2,"Midwest (OH, IN, IL, MI, WI, MN, ND, SD, NE, IA, MO, KS)",1,Urban Area,10,Stratum 10 - Other,4150,218.84769319,2,1,January,12,12:00pm-12:59pm,44,44,12,Motor Vehicle In-Transport,1,Front-to-Rear,1,01,1,Motor Vehicle In-Transport (Inside or Outside the Trafficway),0,No,KNAFU4A23C55,KNAFU4A23C55,2012,2012,2012,2012,499,Kia,2462,Forte,13,Sedan/Saloon,63,KIA,38,4,"4-door sedan, hardtop",0,Not Applicable,11,"Class 1: 6,000 lbs. or less (2,722 kg or less)",11,"Class 1: 6,000 lbs. or less (2,722 kg or less)",0,No Trailers,777777777777,No Trailing Units,777777777777,No Trailing Units,777777777777,No Trailing Units,77,No Trailing Units,77,No Trailing Units,77,No Trailing Units,0,Not an Articulated Vehicle,00000000000,Not Applicable,0,Not Applicable,0,Not Applicable,0,Not Applicable,0,Not Applicable (N/A),1,No,0,Not Applicable,0,Not Applicable,0,Not Applicable,0,Not Applicable,0,Not a Bus,0,No Special Use Noted,0,Not Applicable,15,015 MPH,8,Not Reported,0,No Rollover,0,No Rollover,12,12 Clock Point,12,12 Clock Point,6,Disabling Damage,6,Towed,12,Motor Vehicle In-Transport,12,Motor Vehicle In-Transport,0,No or Not Reported,1,Yes,0,No Apparent Injury (O),0,No Apparent Injury (O),0,No Person Injured in Vehicle,0,No Person Injured in Vehicle,9,Reported as Unknown,2,No Alcohol Involved,63038,KIA Forte,44647,44647,0,No,1,"Two-Way, Not Divided",2,Two lanes,35,35 MPH,1,Straight,1,Level,1,Dry,0,No Controls,0,No Controls,1,Going Straight,1,Going Straight,52,Traveling in same direction while decelerating,99,Unknown/Not Reported,1,Tracking,1,Stayed in original travel lane,28,"D28-Same Trafficway, Same Direction-Rear End-Decelerating (Slowing)",202,"Same Trafficway, Same Direction-Rear End, Lead Vehicle"
202304653116,1,25,25,8,2,"Midwest (OH, IN, IL, MI, WI, MN, ND, SD, NE, IA, MO, KS)",1,Urban Area,6,Stratum 6 - LMY PV Minor Injury,4150,53.178957614,2,1,January,19,7:00pm-7:59pm,15,15,12,Motor Vehicle In-Transport,6,Angle,1,01,1,Motor Vehicle In-Transport (Inside or Outside the Trafficway),0,No,JTDBR32E2701,JTDBR32E2701,2007,2007,2007,2007,448,Toyota,2208,Corolla,13,Sedan/Saloon,49,Toyota,32,4,"4-door sedan, hardtop",0,Not Applicable,11,"Class 1: 6,000 lbs. or less (2,722 kg or less)",11,"Class 1: 6,000 lbs. or less (2,722 kg or less)",0,No Trailers,777777777777,No Trailing Units,777777777777,No Trailing Units,777777777777,No Trailing Units,77,No Trailing Units,77,No Trailing Units,77,No Trailing Units,0,Not an Articulated Vehicle,00000000000,Not Applicable,0,Not Applicable,0,Not Applicable,0,Not Applicable,0,Not Applicable (N/A),1,No,0,Not Applicable,0,Not Applicable,0,Not Applicable,0,Not Applicable,0,Not a Bus,0,No Special Use Noted,0,Not Applicable,35,035 MPH,0,No Underride or Override,0,No Rollover,0,No Rollover,12,12 Clock Point,12,12 Clock Point,6,Disabling Damage,6,Towed,12,Motor Vehicle In-Transport,12,Motor Vehicle In-Transport,0,No or Not Reported,1,Yes,1,Possible Injury (C),1,Possible Injury (C),1,1,1,1,9,Reported as Unknown,2,No Alcohol Involved,49032,Toyota Corolla,44685,44685,0,No,5,"Two-Way, Not Divided With a Continuous Left-Turn Lane",5,Five lanes,40,40 MPH,1,Straight,2,"Grade, Unknown Slope",1,Dry,0,No Controls,0,No Controls,1,Going Straight,1,Going Straight,62,From opposite direction  over left lane line,99,Unknown/Not Reported,1,Tracking,1,Stayed in original travel lane,98,M98-Other Crash Type,998,Other Crash Type
202304653116,2,25,25,8,2,"Midwest (OH, IN, IL, MI, WI, MN, ND, SD, NE, IA, MO, KS)",1,Urban Area,6,Stratum 6 - LMY PV Minor Injury,4150,53.178957614,2,1,January,19,7:00pm-7:59pm,15,15,12,Motor Vehicle In-Transport,6,Angle,4,04,1,Motor Vehicle In-Transport (Inside or Outside the Trafficway),0,No,1C6RRFFG0KN8,1C6RRFFG0KN8,2019,2019,2019,2019,496,Ram,13620,1500,60,Pickup,7,Dodge,482,34,Light Pickup,0,Not Applicable,12,"Class 2: 6,001 - 10,000 lbs. (2,722 - 4,536 kg)",12,"Class 2: 6,001 - 10,000 lbs. (2,722 - 4,536 kg)",0,No Trailers,777777777777,No Trailing Units,777777777777,No Trailing Units,777777777777,No Trailing Units,77,No Trailing Units,77,No Trailing Units,77,No Trailing Units,0,Not an Articulated Vehicle,00000000000,Not Applicable,0,Not Applicable,0,Not Applicable,0,Not Applicable,0,Not Applicable (N/A),1,No,0,Not Applicable,0,Not Applicable,0,Not Applicable,0,Not Applicable,0,Not a Bus,0,No Special Use Noted,0,Not Applicable,2,002 MPH,0,No Underride or Override,0,No Rollover,0,No Rollover,2,2 Clock Point,2,2 Clock Point,6,Disabling Damage,6,Towed,12,Motor Vehicle In-Transport,12,Motor Vehicle In-Transport,0,No or Not Reported,1,Yes,1,Possible Injury (C),1,Possible Injury (C),3,3,3,3,9,Reported as Unknown,2,No Alcohol Involved,7482,Dodge Ram Pickup,44312,44312,0,No,5,"Two-Way, Not Divided With a Continuous Left-Turn Lane",5,Five lanes,40,40 MPH,1,Straight,2,"Grade, Unknown Slope",1,Dry,0,No Controls,0,No Controls,12,Making a U-turn,12,Making a U-turn,21,Making a U-Turn,99,Unknown/Not Reported,1,Tracking,2,"Stayed on roadway, but left original travel lane",98,M98-Other Crash Type,998,Other Crash Type
202304653128,1,67,67,8,2,"Midwest (OH, IN, IL, MI, WI, MN, ND, SD, NE, IA, MO, KS)",1,Urban Area,9,Stratum 9 - LMY PV No Injuries in Crash,4152,137.41921075,2,1,January,4,4:00am-4:59am,43,43,12,Motor Vehicle In-Transport,6,Angle,2,02,1,Motor Vehicle In-Transport (Inside or Outside the Trafficway),0,No,5J8TC1H3XKL0,5J8TC1H3XKL0,2019,2019,2019,2019,475,Acura,1871,RDX,7,Sport Utility Vehicle (SUV)/Multi-Purpose Vehicle (MPV),54,Acura,402,14,"Compact Utility (Utility Vehicle Categories ""Small"" and ""Midsize"")",0,Not Applicable,11,"Class 1: 6,000 lbs. or less (2,722 kg or less)",11,"Class 1: 6,000 lbs. or less (2,722 kg or less)",0,No Trailers,777777777777,No Trailing Units,777777777777,No Trailing Units,777777777777,No Trailing Units,77,No Trailing Units,77,No Trailing Units,77,No Trailing Units,0,Not an Articulated Vehicle,00000000000,Not Applicable,0,Not Applicable,0,Not Applicable,0,Not Applicable,0,Not Applicable (N/A),1,No,0,Not Applicable,0,Not Applicable,0,Not Applicable,0,Not Applicable,0,Not a Bus,0,No Special Use Noted,0,Not Applicable,15,015 MPH,8,Not Reported,0,No Rollover,0,No Rollover,9,9 Clock Point,9,9 Clock Point,6,Disabling Damage,6,Towed,12,Motor Vehicle In-Transport,12,Motor Vehicle In-Transport,0,No or Not Reported,1,Yes,0,No Apparent Injury (O),0,No Apparent Injury (O),0,No Person Injured in Vehicle,0,No Person Injured in Vehicle,9,Reported as Unknown,2,No Alcohol Involved,54402,Acura RDX,43004,43004,0,No,1,"Two-Way, Not Divided",2,Two lanes,35,35 MPH,1,Straight,8,Not Reported,98,Not Reported,20,Stop Sign,3,Device Functioning Properly,11,Turning Left,11,Turning Left,15,Turning Left,99,Unknown/Not Reported,1,Tracking,1,Stayed in original travel lane,82,K82-Trafficway Vehicle Turning-Turn Into Path-Turn Into Opposite Directions (Turning Left),414,"Changing Trafficway, Vehicle Turning-Turn Into Path, Turn into Opposite Directions [Turning Left]"
202304653128,2,67,67,8,2,"Midwest (OH, IN, IL, MI, WI, MN, ND, SD, NE, IA, MO, KS)",1,Urban Area,9,Stratum 9 - LMY PV No Injuries in Crash,4152,137.41921075,2,1,January,4,4:00am-4:59am,43,43,12,Motor Vehicle In-Transport,6,Angle,1,01,1,Motor Vehicle In-Transport (Inside or Outside the Trafficway),0,No,1G1AT58H5971,1G1AT58H5971,2009,2009,2009,2009,467,Chevrolet,4234,Cobalt,13,Sedan/Saloon,20,Chevrolet,22,4,"4-door sedan, hardtop",0,Not Applicable,11,"Class 1: 6,000 lbs. or less (2,722 kg or less)",11,"Class 1: 6,000 lbs. or less (2,722 kg or less)",0,No Trailers,777777777777,No Trailing Units,777777777777,No Trailing Units,777777777777,No Trailing Units,77,No Trailing Units,77,No Trailing Units,77,No Trailing Units,0,Not an Articulated Vehicle,00000000000,Not Applicable,0,Not Applicable,0,Not Applicable,0,Not Applicable,0,Not Applicable (N/A),1,No,0,Not Applicable,0,Not Applicable,0,Not Applicable,0,Not Applicable,0,Not a Bus,0,No Special Use Noted,0,Not Applicable,35,035 MPH,8,Not Reported,0,No Rollover,0,No Rollover,12,12 Clock Point,12,12 Clock Point,6,Disabling Damage,6,Towed,12,Motor Vehicle In-Transport,12,Motor Vehicle In-Transport,0,No or Not Reported,1,Yes,0,No Apparent Injury (O),0,No Apparent Injury (O),0,No Person Injured in Vehicle,0,No Person Injured in Vehicle,9,Reported as Unknown,2,No Alcohol Involved,20022,Chevrolet Cobalt,43201,43201,0,No,5,"Two-Way, Not Divided With a Continuous Left-Turn Lane",3,Three lanes,35,35 MPH,1,Straight,1,Level,1,Dry,0,No Controls,0,No Controls,1,Going Straight,1,Going Straight,67,"From crossing street, turning into opposite direction",99,Unknown/Not Reported,1,Tracking,1,Stayed in original travel lane,83,K83-Trafficway Vehicle Turning-Turn Into Path-Turn Into Opposite Directions (Going Straight),415,"Changing Trafficway, Vehicle Turning-Turn Into Path, Turn into Opposite Directions [Going Straight, Other Vehicle Turning Left]"
202304653153,1,47,47,9,2,"Midwest (OH, IN, IL, MI, WI, MN, ND, SD, NE, IA, MO, KS)",2,Rural Area,9,Stratum 9 - LMY PV No Injuries in Crash,4153,138.55644026,1,1,January,8,8:00am-8:59am,30,30,11,Live Animal,0,The First Harmful Event was Not a Collision with a Motor Vehicle In-Transport,1,01,1,Motor Vehicle In-Transport (Inside or Outside the Trafficway),0,No,1C4HJXFN5LW2,1C4HJXFN5LW2,2020,2020,2020,2020,483,Jeep,1943,Wrangler,7,Sport Utility Vehicle (SUV)/Multi-Purpose Vehicle (MPV),2,Jeep / Kaiser-Jeep / Willys- Jeep,403,14,"Compact Utility (Utility Vehicle Categories ""Small"" and ""Midsize"")",0,Not Applicable,11,"Class 1: 6,000 lbs. or less (2,722 kg or less)",11,"Class 1: 6,000 lbs. or less (2,722 kg or less)",0,No Trailers,777777777777,No Trailing Units,777777777777,No Trailing Units,777777777777,No Trailing Units,77,No Trailing Units,77,No Trailing Units,77,No Trailing Units,0,Not an Articulated Vehicle,00000000000,Not Applicable,0,Not Applicable,0,Not Applicable,0,Not Applicable,0,Not Applicable (N/A),1,No,0,Not Applicable,0,Not Applicable,0,Not Applicable,0,Not Applicable,0,Not a Bus,0,No Special Use Noted,0,Not Applicable,60,060 MPH,7,Not Applicable,0,No Rollover,0,No Rollover,12,12 Clock Point,12,12 Clock Point,4,Functional Damage,8,Not Reported,11,Live Animal,11,Live Animal,0,No or Not Reported,1,Yes,0,No Apparent Injury (O),0,No Apparent Injury (O),0,No Person Injured in Vehicle,0,No Person Injured in Vehicle,9,Reported as Unknown,2,No Alcohol Involved,2403,Jeep / Kaiser-Jeep / Willys- Jeep YJ series/Wrangler,43314,43314,0,No,1,"Two-Way, Not Divided",2,Two lanes,55,55 MPH,1,Straight,1,Level,1,Dry,0,No Controls,0,No Controls,1,Going Straight,1,Going Straight,89,Animal -unknown location,99,Unknown/Not Reported,1,Tracking,1,Stayed in original travel lane,13,C13-Single Driver-Forward Impact-Pedestrian/ Animal,103,Single Driver-Struck Object While Moving Forward
202304653156,1,47,47,9,2,"Midwest (OH, IN, IL, MI, WI, MN, ND, SD, NE, IA, MO, KS)",2,Rural Area,10,Stratum 10 - Other,4153,218.1275432,1,1,January,0,0:00am-0:59am,20,20,32,Culvert,0,The First Harmful Event was Not a Collision with a Motor Vehicle In-Transport,1,01,1,Motor Vehicle In-Transport (Inside or Outside the Trafficway),0,No,4S3BMCG65B32,4S3BMCG65B32,2011,2011,2011,2011,523,Subaru,2232,Legacy,13,Sedan/Saloon,48,Subaru,34,4,"4-door sedan, hardtop",0,Not Applicable,11,"Class 1: 6,000 lbs. or less (2,722 kg or less)",11,"Class 1: 6,000 lbs. or less (2,722 kg or less)",0,No Trailers,777777777777,No Trailing Units,777777777777,No Trailing Units,777777777777,No Trailing Units,77,No Trailing Units,77,No Trailing Units,77,No Trailing Units,0,Not an Articulated Vehicle,00000000000,Not Applicable,0,Not Applicable,0,Not Applicable,0,Not Applicable,0,Not Applicable (N/A),1,No,0,Not Applicable,0,Not Applicable,0,Not Applicable,0,Not Applicable,0,Not a Bus,0,No Special Use Noted,0,Not Applicable,998,Not Reported,7,Not Applicable,0,No Rollover,0,No Rollover,12,12 Clock Point,12,12 Clock Point,7,"Damage Reported, Extent Unknown",8,Not Reported,32,Culvert,32,Culvert,0,No or Not Reported,1,Yes,0,No Apparent Injury (O),0,No Apparent Injury (O),0,No Person Injured in Vehicle,0,No Person Injured in Vehicle,1,Alcohol Involved,1,Alcohol Involved,48034,Subaru Legacy/Outback(prior to 2003 only; see 045 for 2003 on),45843,45843,0,No,6,Entrance/Exit Ramp,1,One lane,98,Not Reported,3,Curve - Left,2,"Grade, Unknown Slope",1,Dry,0,No Controls,0,No Controls,14,Negotiating a Curve,14,Negotiating a Curve,12,Off the edge of the road on the left side,99,Unknown/Not Reported,1,Tracking,4,Departed roadway,6,B6-Single Driver-Left Roadside Departure-Drive Off Road,102,Single Driver-Left Roadside Departure
202304653160,1,39,39,7,2,"Midwest (OH, IN, IL, MI, WI, MN, ND, SD, NE, IA, MO, KS)",1,Urban Area,8,Stratum 8 - NLMY PV Minor Injury,4154,128.45262486,2,1,January,16,4:00pm-4:59pm,49,49,12,Motor Vehicle In-Transport,1,Front-to-Rear,2,02,1,Motor Vehicle In-Transport (Inside or Outside the Trafficway),0,No,1D7HU18296S6,1D7HU18296S6,2006,2006,2006,2006,476,Dodge,1938,Ram,60,Pickup,7,Dodge,482,34,Light Pickup,0,Not Applicable,12,"Class 2: 6,001 - 10,000 lbs. (2,722 - 4,536 kg)",12,"Class 2: 6,001 - 10,000 lbs. (2,722 - 4,536 kg)",0,No Trailers,777777777777,No Trailing Units,777777777777,No Trailing Units,777777777777,No Trailing Units,77,No Trailing Units,77,No Trailing Units,77,No Trailing Units,0,Not an Articulated Vehicle,00000000000,Not Applicable,0,Not Applicable,0,Not Applicable,0,Not Applicable,0,Not Applicable (N/A),1,No,0,Not Applicable,0,Not Applicable,0,Not Applicable,0,Not Applicable,0,Not a Bus,0,No Special Use Noted,0,Not Applicable,0,Stopped Motor Vehicle In- Transport,8,Not Reported,0,No Rollover,0,No Rollover,6,6 Clock Point,6,6 Clock Point,6,Disabling Damage,6,Towed,12,Motor Vehicle In-Transport,12,Motor Vehicle In-Transport,0,No or Not Reported,1,Yes,2,Suspected Minor Injury (B),2,Suspected Minor Injury (B),2,2,2,2,2,No Alcohol Involved,2,No Alcohol Involved,7482,Dodge Ram Pickup,55056,55056,0,No,1,"Two-Way, Not Divided",2,Two lanes,45,45 MPH,1,Straight,1,Level,1,Dry,0,No Controls,0,No Controls,5,Stopped in Roadway,5,Stopped in Roadway,53,Traveling in same direction with higher speed,1,No Avoidance Maneuver,1,Tracking,1,Stayed in original travel lane,21,"D21-Same Trafficway, Same Direction-Rear End-Stopped, Straight",201,"Same Trafficway, Same Direction-Rear End, Trailing Vehicle"
202304653160,2,39,39,7,2,"Midwest (OH, IN, IL, MI, WI, MN, ND, SD, NE, IA, MO, KS)",1,Urban Area,8,Stratum 8 - NLMY PV Minor Injury,4154,128.45262486,2,1,January,16,4:00pm-4:59pm,49,49,12,Motor Vehicle In-Transport,1,Front-to-Rear,1,01,1,Motor Vehicle In-Transport (Inside or Outside the Trafficway),0,No,5TDZA22C65S2,5TDZA22C65S2,2005,2005,2005,2005,448,Toyota,2468,Sienna,2,Minivan,49,Toyota,442,20,"Minivan (Chrysler Town and Country, Caravan, Grand Caravan, Voyager, Voyager, Honda-Odyssey, ...)",0,Not Applicable,11,"Class 1: 6,000 lbs. or less (2,722 kg or less)",11,"Class 1: 6,000 lbs. or less (2,722 kg or less)",0,No Trailers,777777777777,No Trailing Units,777777777777,No Trailing Units,777777777777,No Trailing Units,77,No Trailing Units,77,No Trailing Units,77,No Trailing Units,0,Not an Articulated Vehicle,00000000000,Not Applicable,0,Not Applicable,0,Not Applicable,0,Not Applicable,0,Not Applicable (N/A),1,No,0,Not Applicable,0,Not Applicable,0,Not Applicable,0,Not Applicable,0,Not a Bus,0,No Special Use Noted,0,Not Applicable,998,Not Reported,8,Not Reported,0,No Rollover,0,No Rollover,12,12 Clock Point,12,12 Clock Point,6,Disabling Damage,6,Towed,12,Motor Vehicle In-Transport,12,Motor Vehicle In-Transport,0,No or Not Reported,1,Yes,2,Suspected Minor Injury (B),2,Suspected Minor Injury (B),1,1,1,1,2,No Alcohol Involved,2,No Alcohol Involved,49442,Toyota Sienna,55056,55056,9,Reported as Unknown,1,"Two-Way, Not Divided",2,Two lanes,45,45 MPH,1,Straight,1,Level,1,Dry,0,No Controls,0,No Controls,1,Going Straight,1,Going Straight,50,Other vehicle stopped,99,Unknown/Not Reported,1,Tracking,1,Stayed in original travel lane,20,"D20-Same Trafficway, Same Direction-Rear End-Stopped",202,"Same Trafficway, Same Direction-Rear End, Lead Vehicle"
202304654456,1,63,63,16,3,"South (MD, DE, DC, WV, VA, KY, TN, NC, SC, GA, FL, AL, MS, LA, AR, OK, TX)",2,Rural Area,9,Stratum 9 - LMY PV No Injuries in Crash,4135,137.52015994,2,1,January,9,9:00am-9:59am,23,23,12,Motor Vehicle In-Transport,6,Angle,2,02,1,Motor Vehicle In-Transport (Inside or Outside the Trafficway),0,No,5XYRLDLC4MG0,5XYRLDLC4MG0,2021,2021,2021,2021,499,Kia,2769,Sorento,7,Sport Utility Vehicle (SUV)/Multi-Purpose Vehicle (MPV),63,KIA,402,14,"Compact Utility (Utility Vehicle Categories ""Small"" and ""Midsize"")",0,Not Applicable,11,"Class 1: 6,000 lbs. or less (2,722 kg or less)",11,"Class 1: 6,000 lbs. or less (2,722 kg or less)",0,No Trailers,777777777777,No Trailing Units,777777777777,No Trailing Units,777777777777,No Trailing Units,77,No Trailing Units,77,No Trailing Units,77,No Trailing Units,0,Not an Articulated Vehicle,00000000000,Not Applicable,0,Not Applicable,0,Not Applicable,0,Not Applicable,0,Not Applicable (N/A),1,No,0,Not Applicable,0,Not Applicable,0,Not Applicable,0,Not Applicable,0,Not a Bus,0,No Special Use Noted,0,Not Applicable,998,Not Reported,0,No Underride or Override,0,No Rollover,0,No Rollover,9,9 Clock Point,9,9 Clock Point,2,Minor Damage,8,Not Reported,12,Motor Vehicle In-Transport,12,Motor Vehicle In-Transport,0,No or Not Reported,1,Yes,0,No Apparent Injury (O),0,No Apparent Injury (O),0,No Person Injured in Vehicle,0,No Person Injured in Vehicle,9,Reported as Unknown,2,No Alcohol Involved,63402,KIA Sorento,75691,75691,0,No,1,"Two-Way, Not Divided",2,Two lanes,30,30 MPH,1,Straight,1,Level,1,Dry,0,No Controls,0,No Controls,11,Turning Left,11,Turning Left,67,"From crossing street, turning into opposite direction",99,Unknown/Not Reported,1,Tracking,1,Stayed in original travel lane,84,K84-Trafficway Vehicle Turning-Turn Into Path-Specifics Other,416,"Changing Trafficway, Vehicle Turning-Turn into Path, Other or Unknown"
202304654456,2,63,63,16,3,"South (MD, DE, DC, WV, VA, KY, TN, NC, SC, GA, FL, AL, MS, LA, AR, OK, TX)",2,Rural Area,9,Stratum 9 - LMY PV No Injuries in Crash,4135,137.52015994,2,1,January,9,9:00am-9:59am,23,23,12,Motor Vehicle In-Transport,6,Angle,2,02,1,Motor Vehicle In-Transport (Inside or Outside the Trafficway),0,No,1GYKNBRSXHZ1,1GYKNBRSXHZ1,2017,2017,2017,2017,469,Cadillac,11442,XT5,7,Sport Utility Vehicle (SUV)/Multi-Purpose Vehicle (MPV),19,Cadillac,401,14,"Compact Utility (Utility Vehicle Categories ""Small"" and ""Midsize"")",0,Not Applicable,12,"Class 2: 6,001 - 10,000 lbs. (2,722 - 4,536 kg)",12,"Class 2: 6,001 - 10,000 lbs. (2,722 - 4,536 kg)",0,No Trailers,777777777777,No Trailing Units,777777777777,No Trailing Units,777777777777,No Trailing Units,77,No Trailing Units,77,No Trailing Units,77,No Trailing Units,0,Not an Articulated Vehicle,00000000000,Not Applicable,0,Not Applicable,0,Not Applicable,0,Not Applicable,0,Not Applicable (N/A),1,No,0,Not Applicable,0,Not Applicable,0,Not Applicable,0,Not Applicable,0,Not a Bus,0,No Special Use Noted,0,Not Applicable,998,Not Reported,0,No Underride or Override,0,No Rollover,0,No Rollover,12,12 Clock Point,12,12 Clock Point,2,Minor Damage,8,Not Reported,12,Motor Vehicle In-Transport,12,Motor Vehicle In-Transport,0,No or Not Reported,1,Yes,0,No Apparent Injury (O),0,No Apparent Injury (O),0,No Person Injured in Vehicle,0,No Person Injured in Vehicle,9,Reported as Unknown,2,No Alcohol Involved,19401,Cadillac XT5,75651,75651,0,No,1,"Two-Way, Not Divided",2,Two lanes,98,Not Reported,1,Straight,8,Not Reported,98,Not Reported,97,Not Reported,8,Not Reported,10,Turning Right,10,Turning Right,16,Turning Right,99,Unknown/Not Reported,1,Tracking,1,Stayed in original travel lane,84,K84-Trafficway Vehicle Turning-Turn Into Path-Specifics Other,416,"Changing Trafficway, Vehicle Turning-Turn into Path, Other or Unknown"
202304654460,1,63,63,16,3,"South (MD, DE, DC, WV, VA, KY, TN, NC, SC, GA, FL, AL, MS, LA, AR, OK, TX)",2,Rural Area,6,Stratum 6 - LMY PV Minor Injury,4135,52.930660016,1,1,January,2,2:00am-2:59am,25,25,24,Guardrail Face,0,The First Harmful Event was Not a Collision with a Motor Vehicle In-Transport,1,01,1,Motor Vehicle In-Transport (Inside or Outside the Trafficway),0,No,4T1EZ1FB7LU0,4T1EZ1FB7LU0,2020,2020,2020,2020,448,Toyota,2465,Avalon,13,Sedan/Saloon,49,Toyota,43,4,"4-door sedan, hardtop",0,Not Applicable,11,"Class 1: 6,000 lbs. or less (2,722 kg or less)",11,"Class 1: 6,000 lbs. or less (2,722 kg or less)",0,No Trailers,777777777777,No Trailing Units,777777777777,No Trailing Units,777777777777,No Trailing Units,77,No Trailing Units,77,No Trailing Units,77,No Trailing Units,0,Not an Articulated Vehicle,00000000000,Not Applicable,0,Not Applicable,0,Not Applicable,0,Not Applicable,0,Not Applicable (N/A),1,No,0,Not Applicable,0,Not Applicable,0,Not Applicable,0,Not Applicable,0,Not a Bus,0,No Special Use Noted,0,Not Applicable,998,Not Reported,7,Not Applicable,0,No Rollover,0,No Rollover,12,12 Clock Point,12,12 Clock Point,7,"Damage Reported, Extent Unknown",6,Towed,24,Guardrail Face,24,Guardrail Face,0,No or Not Reported,1,Yes,1,Possible Injury (C),1,Possible Injury (C),1,1,1,1,9,Reported as Unknown,2,No Alcohol Involved,49043,Toyota Avalon,75605,75605,0,No,2,"Two-Way, Divided, Unprotected Median",2,Two lanes,70,70 MPH,1,Straight,2,"Grade, Unknown Slope",1,Dry,0,No Controls,0,No Controls,1,Going Straight,1,Going Straight,12,Off the edge of the road on the left side,1,No Avoidance Maneuver,9,Precrash stability unknown,4,Departed roadway,6,B6-Single Driver-Left Roadside Departure-Drive Off Road,102,Single Driver-Left Roadside Departure
202304654467,1,63,63,16,3,"South (MD, DE, DC, WV, VA, KY, TN, NC, SC, GA, FL, AL, MS, LA, AR, OK, TX)",2,Rural Area,8,Stratum 8 - NLMY PV Minor Injury,4135,131.11775453,3,1,January,7,7:00am-7:59am,44,44,12,Motor Vehicle In-Transport,1,Front-to-Rear,1,01,1,Motor Vehicle In-Transport (Inside or Outside the Trafficway),0,No,ML32A3HJ5FH0,ML32A3HJ5FH0,2015,2015,2015,2015,481,Mitsubishi,2342,Mirage,5,Hatchback/Liftback/Notchback,52,Mitsubishi,48,5,5-door/4-door hatchback,0,Not Applicable,11,"Class 1: 6,000 lbs. or less (2,722 kg or less)",11,"Class 1: 6,000 lbs. or less (2,722 kg or less)",0,No Trailers,777777777777,No Trailing Units,777777777777,No Trailing Units,777777777777,No Trailing Units,77,No Trailing Units,77,No Trailing Units,77,No Trailing Units,0,Not an Articulated Vehicle,00000000000,Not Applicable,0,Not Applicable,0,Not Applicable,0,Not Applicable,0,Not Applicable (N/A),1,No,0,Not Applicable,0,Not Applicable,0,Not Applicable,0,Not Applicable,0,Not a Bus,0,No Special Use Noted,0,Not Applicable,0,Stopped Motor Vehicle In- Transport,8,Not Reported,0,No Rollover,0,No Rollover,6,6 Clock Point,6,6 Clock Point,2,Minor Damage,8,Not Reported,12,Motor Vehicle In-Transport,12,Motor Vehicle In-Transport,0,No or Not Reported,1,Yes,0,No Apparent Injury (O),0,No Apparent Injury (O),0,No Person Injured in Vehicle,0,No Person Injured in Vehicle,9,Reported as Unknown,2,No Alcohol Involved,52048,Mitsubishi Mirage (2014 on.  For 1985-2002 use 52-035.),75693,75693,0,No,1,"Two-Way, Not Divided",2,Two lanes,40,40 MPH,1,Straight,1,Level,1,Dry,0,No Controls,0,No Controls,5,Stopped in Roadway,5,Stopped in Roadway,53,Traveling in same direction with higher speed,1,No Avoidance Maneuver,1,Tracking,1,Stayed in original travel lane,98,M98-Other Crash Type,998,Other Crash Type
202304654467,2,63,63,16,3,"South (MD, DE, DC, WV, VA, KY, TN, NC, SC, GA, FL, AL, MS, LA, AR, OK, TX)",2,Rural Area,8,Stratum 8 - NLMY PV Minor Injury,4135,131.11775453,3,1,January,7,7:00am-7:59am,44,44,12,Motor Vehicle In-Transport,1,Front-to-Rear,2,02,1,Motor Vehicle In-Transport (Inside or Outside the Trafficway),0,No,4T1BD1FK3DU0,4T1BD1FK3DU0,2013,2013,2013,2013,448,Toyota,2469,Camry,13,Sedan/Saloon,49,Toyota,40,4,"4-door sedan, hardtop",0,Not Applicable,11,"Class 1: 6,000 lbs. or less (2,722 kg or less)",11,"Class 1: 6,000 lbs. or less (2,722 kg or less)",0,No Trailers,777777777777,No Trailing Units,777777777777,No Trailing Units,777777777777,No Trailing Units,77,No Trailing Units,77,No Trailing Units,77,No Trailing Units,0,Not an Articulated Vehicle,00000000000,Not Applicable,0,Not Applicable,0,Not Applicable,0,Not Applicable,0,Not Applicable (N/A),1,No,0,Not Applicable,0,Not Applicable,0,Not Applicable,0,Not Applicable,0,Not a Bus,0,No Special Use Noted,0,Not Applicable,0,Stopped Motor Vehicle In- Transport,8,Not Reported,0,No Rollover,0,No Rollover,6,6 Clock Point,6,6 Clock Point,7,"Damage Reported, Extent Unknown",6,Towed,12,Motor Vehicle In-Transport,12,Motor Vehicle In-Transport,0,No or Not Reported,1,Yes,0,No Apparent Injury (O),0,No Apparent Injury (O),0,No Person Injured in Vehicle,0,No Person Injured in Vehicle,9,Reported as Unknown,2,No Alcohol Involved,49040,Toyota Camry,75672,75672,0,No,1,"Two-Way, Not Divided",2,Two lanes,40,40 MPH,1,Straight,1,Level,1,Dry,0,No Controls,0,No Controls,5,Stopped in Roadway,5,Stopped in Roadway,53,Traveling in same direction with higher speed,1,No Avoidance Maneuver,1,Tracking,1,Stayed in original travel lane,21,"D21-Same Trafficway, Same Direction-Rear End-Stopped, Straight",201,"Same Trafficway, Same Direction-Rear End, Trailing Vehicle"
202304654467,3,63,63,16,3,"South (MD, DE, DC, WV, VA, KY, TN, NC, SC, GA, FL, AL, MS, LA, AR, OK, TX)",2,Rural Area,8,Stratum 8 - NLMY PV Minor Injury,4135,131.11775453,3,1,January,7,7:00am-7:59am,44,44,12,Motor Vehicle In-Transport,1,Front-to-Rear,1,01,1,Motor Vehicle In-Transport (Inside or Outside the Trafficway),0,No,1FMRU17L23LA,1FMRU17L23LA,2003,2003,2003,2003,460,Ford,1799,Expedition,7,Sport Utility Vehicle (SUV)/Multi-Purpose Vehicle (MPV),12,Ford,422,15,"Large utility (ANSI D16.1 Utility Vehicle Categories and ""Full Size"" and ""Large"")",0,Not Applicable,12,"Class 2: 6,001 - 10,000 lbs. (2,722 - 4,536 kg)",12,"Class 2: 6,001 - 10,000 lbs. (2,722 - 4,536 kg)",0,No Trailers,777777777777,No Trailing Units,777777777777,No Trailing Units,777777777777,No Trailing Units,77,No Trailing Units,77,No Trailing Units,77,No Trailing Units,0,Not an Articulated Vehicle,00000000000,Not Applicable,0,Not Applicable,0,Not Applicable,0,Not Applicable,0,Not Applicable (N/A),1,No,0,Not Applicable,0,Not Applicable,0,Not Applicable,0,Not Applicable,0,Not a Bus,0,No Special Use Noted,0,Not Applicable,998,Not Reported,8,Not Reported,0,No Rollover,0,No Rollover,12,12 Clock Point,12,12 Clock Point,7,"Damage Reported, Extent Unknown",6,Towed,12,Motor Vehicle In-Transport,12,Motor Vehicle In-Transport,0,No or Not Reported,1,Yes,1,Possible Injury (C),1,Possible Injury (C),1,1,1,1,9,Reported as Unknown,2,No Alcohol Involved,12422,Ford Expedition,75693,75693,4,"Yes, Too Fast for Conditions",1,"Two-Way, Not Divided",2,Two lanes,40,40 MPH,1,Straight,1,Level,1,Dry,0,No Controls,0,No Controls,1,Going Straight,1,Going Straight,50,Other vehicle stopped,99,Unknown/Not Reported,1,Tracking,1,Stayed in original travel lane,20,"D20-Same Trafficway, Same Direction-Rear End-Stopped",202,"Same Trafficway, Same Direction-Rear End, Lead Vehicle"
202304654468,1,63,63,16,3,"South (MD, DE, DC, WV, VA, KY, TN, NC, SC, GA, FL, AL, MS, LA, AR, OK, TX)",2,Rural Area,9,Stratum 9 - LMY PV No Injuries in Crash,4135,137.52015994,2,1,January,12,12:00pm-12:59pm,35,35,12,Motor Vehicle In-Transport,1,Front-to-Rear,1,01,1,Motor Vehicle In-Transport (Inside or Outside the Trafficway),0,No,1G4GC5E36DF2,1G4GC5E36DF2,2013,2013,2013,2013,468,Buick,1821,LaCrosse,13,Sedan/Saloon,18,Buick / Opel,22,4,"4-door sedan, hardtop",0,Not Applicable,11,"Class 1: 6,000 lbs. or less (2,722 kg or less)",11,"Class 1: 6,000 lbs. or less (2,722 kg or less)",0,No Trailers,777777777777,No Trailing Units,777777777777,No Trailing Units,777777777777,No Trailing Units,77,No Trailing Units,77,No Trailing Units,77,No Trailing Units,0,Not an Articulated Vehicle,00000000000,Not Applicable,0,Not Applicable,0,Not Applicable,0,Not Applicable,0,Not Applicable (N/A),1,No,0,Not Applicable,0,Not Applicable,0,Not Applicable,0,Not Applicable,0,Not a Bus,0,No Special Use Noted,0,Not Applicable,998,Not Reported,8,Not Reported,0,No Rollover,0,No Rollover,12,12 Clock Point,12,12 Clock Point,7,"Damage Reported, Extent Unknown",6,Towed,12,Motor Vehicle In-Transport,12,Motor Vehicle In-Transport,0,No or Not Reported,1,Yes,0,No Apparent Injury (O),0,No Apparent Injury (O),0,No Person Injured in Vehicle,0,No Person Injured in Vehicle,9,Reported as Unknown,2,No Alcohol Involved,18022,Buick / Opel LaCrosse,75601,75601,4,"Yes, Too Fast for Conditions",5,"Two-Way, Not Divided With a Continuous Left-Turn Lane",5,Five lanes,45,45 MPH,1,Straight,2,"Grade, Unknown Slope",1,Dry,0,No Controls,0,No Controls,1,Going Straight,1,Going Straight,50,Other vehicle stopped,99,Unknown/Not Reported,1,Tracking,1,Stayed in original travel lane,20,"D20-Same Trafficway, Same Direction-Rear End-Stopped",202,"Same Trafficway, Same Direction-Rear End, Lead Vehicle"
202304654468,2,63,63,16,3,"South (MD, DE, DC, WV, VA, KY, TN, NC, SC, GA, FL, AL, MS, LA, AR, OK, TX)",2,Rural Area,9,Stratum 9 - LMY PV No Injuries in Crash,4135,137.52015994,2,1,January,12,12:00pm-12:59pm,35,35,12,Motor Vehicle In-Transport,1,Front-to-Rear,1,01,1,Motor Vehicle In-Transport (Inside or Outside the Trafficway),0,No,3GTUUDED8NG6,3GTUUDED8NG6,2022,2022,2022,2022,472,GMC,1857,Sierra,60,Pickup,23,GMC,481,34,Light Pickup,0,Not Applicable,12,"Class 2: 6,001 - 10,000 lbs. (2,722 - 4,536 kg)",12,"Class 2: 6,001 - 10,000 lbs. (2,722 - 4,536 kg)",0,No Trailers,777777777777,No Trailing Units,777777777777,No Trailing Units,777777777777,No Trailing Units,77,No Trailing Units,77,No Trailing Units,77,No Trailing Units,0,Not an Articulated Vehicle,00000000000,Not Applicable,0,Not Applicable,0,Not Applicable,0,Not Applicable,0,Not Applicable (N/A),1,No,0,Not Applicable,0,Not Applicable,0,Not Applicable,0,Not Applicable,0,Not a Bus,0,No Special Use Noted,0,Not Applicable,0,Stopped Motor Vehicle In- Transport,8,Not Reported,0,No Rollover,0,No Rollover,6,6 Clock Point,6,6 Clock Point,2,Minor Damage,8,Not Reported,12,Motor Vehicle In-Transport,12,Motor Vehicle In-Transport,0,No or Not Reported,1,Yes,0,No Apparent Injury (O),0,No Apparent Injury (O),0,No Person Injured in Vehicle,0,No Person Injured in Vehicle,9,Reported as Unknown,2,No Alcohol Involved,23481,"GMC C, K, R, V-series pickup/     Sierra",75605,75605,0,No,5,"Two-Way, Not Divided With a Continuous Left-Turn Lane",5,Five lanes,45,45 MPH,1,Straight,2,"Grade, Unknown Slope",1,Dry,0,No Controls,0,No Controls,5,Stopped in Roadway,5,Stopped in Roadway,53,Traveling in same direction with higher speed,1,No Avoidance Maneuver,1,Tracking,1,Stayed in original travel lane,21,"D21-Same Trafficway, Same Direction-Rear End-Stopped, Straight",201,"Same Trafficway, Same Direction-Rear End, Trailing Vehicle"
202304654480,1,63,63,16,3,"South (MD, DE, DC, WV, VA, KY, TN, NC, SC, GA, FL, AL, MS, LA, AR, OK, TX)",2,Rural Area,10,Stratum 10 - Other,4135,216.81106297,3,1,January,17,5:00pm-5:59pm,31,31,12,Motor Vehicle In-Transport,1,Front-to-Rear,1,01,1,Motor Vehicle In-Transport (Inside or Outside the Trafficway),0,No,2C3CCAGG9GH2,2C3CCAGG9GH2,2016,2016,2016,2016,477,Chrysler,1878,300,13,Sedan/Saloon,6,Chrysler,51,4,"4-door sedan, hardtop",0,Not Applicable,11,"Class 1: 6,000 lbs. or less (2,722 kg or less)",11,"Class 1: 6,000 lbs. or less (2,722 kg or less)",0,No Trailers,777777777777,No Trailing Units,777777777777,No Trailing Units,777777777777,No Trailing Units,77,No Trailing Units,77,No Trailing Units,77,No Trailing Units,0,Not an Articulated Vehicle,00000000000,Not Applicable,0,Not Applicable,0,Not Applicable,0,Not Applicable,0,Not Applicable (N/A),1,No,0,Not Applicable,0,Not Applicable,0,Not Applicable,0,Not Applicable,0,Not a Bus,0,No Special Use Noted,0,Not Applicable,0,Stopped Motor Vehicle In- Transport,8,Not Reported,0,No Rollover,0,No Rollover,6,6 Clock Point,6,6 Clock Point,2,Minor Damage,8,Not Reported,12,Motor Vehicle In-Transport,12,Motor Vehicle In-Transport,0,No or Not Reported,1,Yes,0,No Apparent Injury (O),0,No Apparent Injury (O),0,No Person Injured in Vehicle,0,No Person Injured in Vehicle,9,Reported as Unknown,2,No Alcohol Involved,6051,Chrysler 300M/300/300C/300S,99998,Not Reported,0,No,1,"Two-Way, Not Divided",5,Five lanes,45,45 MPH,1,Straight,1,Level,1,Dry,97,Not Reported,8,Not Reported,5,Stopped in Roadway,5,Stopped in Roadway,53,Traveling in same direction with higher speed,1,No Avoidance Maneuver,1,Tracking,1,Stayed in original travel lane,98,M98-Other Crash Type,998,Other Crash Type
202304654480,2,63,63,16,3,"South (MD, DE, DC, WV, VA, KY, TN, NC, SC, GA, FL, AL, MS, LA, AR, OK, TX)",2,Rural Area,10,Stratum 10 - Other,4135,216.81106297,3,1,January,17,5:00pm-5:59pm,31,31,12,Motor Vehicle In-Transport,1,Front-to-Rear,1,01,1,Motor Vehicle In-Transport (Inside or Outside the Trafficway),0,No,4T1BK1EB0GU2,4T1BK1EB0GU2,2016,2016,2016,2016,448,Toyota,2465,Avalon,13,Sedan/Saloon,49,Toyota,43,4,"4-door sedan, hardtop",0,Not Applicable,11,"Class 1: 6,000 lbs. or less (2,722 kg or less)",11,"Class 1: 6,000 lbs. or less (2,722 kg or less)",0,No Trailers,777777777777,No Trailing Units,777777777777,No Trailing Units,777777777777,No Trailing Units,77,No Trailing Units,77,No Trailing Units,77,No Trailing Units,0,Not an Articulated Vehicle,00000000000,Not Applicable,0,Not Applicable,0,Not Applicable,0,Not Applicable,0,Not Applicable (N/A),1,No,0,Not Applicable,0,Not Applicable,0,Not Applicable,0,Not Applicable,0,Not a Bus,0,No Special Use Noted,0,Not Applicable,0,Stopped Motor Vehicle In- Transport,8,Not Reported,0,No Rollover,0,No Rollover,6,6 Clock Point,6,6 Clock Point,2,Minor Damage,8,Not Reported,12,Motor Vehicle In-Transport,12,Motor Vehicle In-Transport,0,No or Not Reported,1,Yes,0,No Apparent Injury (O),0,No Apparent Injury (O),0,No Person Injured in Vehicle,0,No Person Injured in Vehicle,9,Reported as Unknown,2,No Alcohol Involved,49043,Toyota Avalon,75650,75650,0,No,1,"Two-Way, Not Divided",5,Five lanes,45,45 MPH,1,Straight,1,Level,1,Dry,97,Not Reported,8,Not Reported,5,Stopped in Roadway,5,Stopped in Roadway,53,Traveling in same direction with higher speed,1,No Avoidance Maneuver,1,Tracking,1,Stayed in original travel lane,22,"D22-Same Trafficway, Same Direction-Rear End-Stopped, Left",201,"Same Trafficway, Same Direction-Rear End, Trailing Vehicle"
202304654480,3,63,63,16,3,"South (MD, DE, DC, WV, VA, KY, TN, NC, SC, GA, FL, AL, MS, LA, AR, OK, TX)",2,Rural Area,10,Stratum 10 - Other,4135,216.81106297,3,1,January,17,5:00pm-5:59pm,31,31,12,Motor Vehicle In-Transport,1,Front-to-Rear,1,01,1,Motor Vehicle In-Transport (Inside or Outside the Trafficway),0,No,1G1PC5SB1E73,1G1PC5SB1E73,2014,2014,2014,2014,467,Chevrolet,1832,Cruze,13,Sedan/Saloon,20,Chevrolet,25,4,"4-door sedan, hardtop",0,Not Applicable,11,"Class 1: 6,000 lbs. or less (2,722 kg or less)",11,"Class 1: 6,000 lbs. or less (2,722 kg or less)",0,No Trailers,777777777777,No Trailing Units,777777777777,No Trailing Units,777777777777,No Trailing Units,77,No Trailing Units,77,No Trailing Units,77,No Trailing Units,0,Not an Articulated Vehicle,00000000000,Not Applicable,0,Not Applicable,0,Not Applicable,0,Not Applicable,0,Not Applicable (N/A),1,No,0,Not Applicable,0,Not Applicable,0,Not Applicable,0,Not Applicable,0,Not a Bus,0,No Special Use Noted,0,Not Applicable,998,Not Reported,8,Not Reported,0,No Rollover,0,No Rollover,12,12 Clock Point,12,12 Clock Point,2,Minor Damage,8,Not Reported,12,Motor Vehicle In-Transport,12,Motor Vehicle In-Transport,0,No or Not Reported,1,Yes,0,No Apparent Injury (O),0,No Apparent Injury (O),0,No Person Injured in Vehicle,0,No Person Injured in Vehicle,9,Reported as Unknown,2,No Alcohol Involved,20025,Chevrolet Cruze,75647,75647,4,"Yes, Too Fast for Conditions",1,"Two-Way, Not Divided",5,Five lanes,45,45 MPH,1,Straight,1,Level,1,Dry,97,Not Reported,8,Not Reported,1,Going Straight,1,Going Straight,50,Other vehicle stopped,99,Unknown/Not Reported,1,Tracking,1,Stayed in original travel lane,20,"D20-Same Trafficway, Same Direction-Rear End-Stopped",202,"Same Trafficway, Same Direction-Rear End, Lead Vehicle"
202304654482,1,63,63,16,3,"South (MD, DE, DC, WV, VA, KY, TN, NC, SC, GA, FL, AL, MS, LA, AR, OK, TX)",2,Rural Area,8,Stratum 8 - NLMY PV Minor Injury,4135,131.11775453,1,1,January,6,6:00am-6:59am,45,45,11,Live Animal,0,The First Harmful Event was Not a Collision with a Motor Vehicle In-Transport,1,01,1,Motor Vehicle In-Transport (Inside or Outside the Trafficway),0,No,4A3AC84H34E0,4A3AC84H34E0,2004,2004,2004,2004,481,Mitsubishi,2166,Eclipse,5,Hatchback/Liftback/Notchback,52,Mitsubishi,37,3,3-door/2-door hatchback,0,Not Applicable,11,"Class 1: 6,000 lbs. or less (2,722 kg or less)",11,"Class 1: 6,000 lbs. or less (2,722 kg or less)",0,No Trailers,777777777777,No Trailing Units,777777777777,No Trailing Units,777777777777,No Trailing Units,77,No Trailing Units,77,No Trailing Units,77,No Trailing Units,0,Not an Articulated Vehicle,00000000000,Not Applicable,0,Not Applicable,0,Not Applicable,0,Not Applicable,0,Not Applicable (N/A),1,No,0,Not Applicable,0,Not Applicable,0,Not Applicable,0,Not Applicable,0,Not a Bus,0,No Special Use Noted,0,Not Applicable,998,Not Reported,7,Not Applicable,0,No Rollover,0,No Rollover,12,12 Clock Point,12,12 Clock Point,7,"Damage Reported, Extent Unknown",6,Towed,42,Tree (Standing Only),42,Tree (Standing Only),0,No or Not Reported,1,Yes,1,Possible Injury (C),1,Possible Injury (C),1,1,1,1,9,Reported as Unknown,2,No Alcohol Involved,52037,Mitsubishi Eclipse,75605,75605,0,No,1,"Two-Way, Not Divided",2,Two lanes,70,70 MPH,1,Straight,2,"Grade, Unknown Slope",1,Dry,0,No Controls,0,No Controls,1,Going Straight,1,Going Straight,87,Animal in road,99,Unknown/Not Reported,1,Tracking,1,Stayed in original travel lane,13,C13-Single Driver-Forward Impact-Pedestrian/ Animal,103,Single Driver-Struck Object While Moving Forward
202304654622,1,59,59,10,3,"South (MD, DE, DC, WV, VA, KY, TN, NC, SC, GA, FL, AL, MS, LA, AR, OK, TX)",1,Urban Area,9,Stratum 9 - LMY PV No Injuries in Crash,4137,142.15884183,2,1,January,18,6:00pm-6:59pm,55,55,12,Motor Vehicle In-Transport,6,Angle,1,01,1,Motor Vehicle In-Transport (Inside or Outside the Trafficway),0,No,1N4BL4EV9KC1,1N4BL4EV9KC1,2019,2019,2019,2019,478,Nissan,1904,Altima,13,Sedan/Saloon,35,Nissan/Datsun,47,4,"4-door sedan, hardtop",0,Not Applicable,11,"Class 1: 6,000 lbs. or less (2,722 kg or less)",11,"Class 1: 6,000 lbs. or less (2,722 kg or less)",0,No Trailers,777777777777,No Trailing Units,777777777777,No Trailing Units,777777777777,No Trailing Units,77,No Trailing Units,77,No Trailing Units,77,No Trailing Units,0,Not an Articulated Vehicle,00000000000,Not Applicable,0,Not Applicable,0,Not Applicable,0,Not Applicable,0,Not Applicable (N/A),1,No,0,Not Applicable,0,Not Applicable,0,Not Applicable,0,Not Applicable,0,Not a Bus,0,No Special Use Noted,0,Not Applicable,10,010 MPH,0,No Underride or Override,0,No Rollover,0,No Rollover,12,12 Clock Point,12,12 Clock Point,4,Functional Damage,5,Not Towed,12,Motor Vehicle In-Transport,12,Motor Vehicle In-Transport,0,No or Not Reported,1,Yes,0,No Apparent Injury (O),0,No Apparent Injury (O),0,No Person Injured in Vehicle,0,No Person Injured in Vehicle,2,No Alcohol Involved,2,No Alcohol Involved,35047,Nissan/Datsun Altima,33168,33168,0,No,1,"Two-Way, Not Divided",6,Six lanes,35,35 MPH,1,Straight,1,Level,1,Dry,3,Traffic control signal(on colors) not known whether or not Pedestrian Signal,3,Device Functioning Properly,12,Making a U-turn,12,Making a U-turn,21,Making a U-Turn,99,Unknown/Not Reported,1,Tracking,1,Stayed in original travel lane,98,M98-Other Crash Type,998,Other Crash Type
202304654622,2,59,59,10,3,"South (MD, DE, DC, WV, VA, KY, TN, NC, SC, GA, FL, AL, MS, LA, AR, OK, TX)",1,Urban Area,9,Stratum 9 - LMY PV No Injuries in Crash,4137,142.15884183,2,1,January,18,6:00pm-6:59pm,55,55,12,Motor Vehicle In-Transport,6,Angle,1,01,1,Motor Vehicle In-Transport (Inside or Outside the Trafficway),0,No,JN8AS5MT7EW6,JN8AS5MT7EW6,2014,2014,2014,2014,478,Nissan,18137,Rogue Select,8,Crossover Utility Vehicle (CUV),35,Nissan/Datsun,51,6,Station Wagon (excluding van and truck based),0,Not Applicable,11,"Class 1: 6,000 lbs. or less (2,722 kg or less)",11,"Class 1: 6,000 lbs. or less (2,722 kg or less)",0,No Trailers,777777777777,No Trailing Units,777777777777,No Trailing Units,777777777777,No Trailing Units,77,No Trailing Units,77,No Trailing Units,77,No Trailing Units,0,Not an Articulated Vehicle,00000000000,Not Applicable,0,Not Applicable,0,Not Applicable,0,Not Applicable,0,Not Applicable (N/A),1,No,0,Not Applicable,0,Not Applicable,0,Not Applicable,0,Not Applicable,0,Not a Bus,0,No Special Use Noted,0,Not Applicable,35,035 MPH,0,No Underride or Override,0,No Rollover,0,No Rollover,11,11 Clock Point,11,11 Clock Point,4,Functional Damage,5,Not Towed,12,Motor Vehicle In-Transport,12,Motor Vehicle In-Transport,0,No or Not Reported,1,Yes,0,No Apparent Injury (O),0,No Apparent Injury (O),0,No Person Injured in Vehicle,0,No Person Injured in Vehicle,2,No Alcohol Involved,2,No Alcohol Involved,35051,"Nissan/Datsun Rogue (For 2008-2018 only.  For model years 2019 on, see 35-404.)",33161,33161,0,No,1,"Two-Way, Not Divided",7,Seven or more lanes,35,35 MPH,1,Straight,1,Level,1,Dry,3,Traffic control signal(on colors) not known whether or not Pedestrian Signal,3,Device Functioning Properly,1,Going Straight,1,Going Straight,62,From opposite direction  over left lane line,99,Unknown/Not Reported,1,Tracking,1,Stayed in original travel lane,98,M98-Other Crash Type,998,Other Crash Type
202304654806,1,65,65,13,3,"South (MD, DE, DC, WV, VA, KY, TN, NC, SC, GA, FL, AL, MS, LA, AR, OK, TX)",1,Urban Area,2,Stratum 2 - Not a MV Occupant Any Injury,4138,23.350457748,1,1,January,11,11:00am-11:59am,58,58,8,Pedestrian,0,The First Harmful Event was Not a Collision with a Motor Vehicle In-Transport,99,Unknown,1,Motor Vehicle In-Transport (Inside or Outside the Trafficway),1,Yes,888888888888,Not Reported,9999,Unknown,2015,2015,460,Ford,1800,Explorer,7,Sport Utility Vehicle (SUV)/Multi-Purpose Vehicle (MPV),12,Ford,498,19,"Utility Vehicle, Unknown body type",0,Not Applicable,11,"Class 1: 6,000 lbs. or less (2,722 kg or less)",12,"Class 2: 6,001 - 10,000 lbs. (2,722 - 4,536 kg)",0,No Trailers,777777777777,No Trailing Units,777777777777,No Trailing Units,777777777777,No Trailing Units,77,No Trailing Units,77,No Trailing Units,77,No Trailing Units,0,Not an Articulated Vehicle,00000000000,Not Applicable,0,Not Applicable,0,Not Applicable,0,Not Applicable,0,Not Applicable (N/A),1,No,0,Not Applicable,0,Not Applicable,0,Not Applicable,0,Not Applicable,0,Not a Bus,0,No Special Use Noted,0,Not Applicable,998,Not Reported,7,Not Applicable,0,No Rollover,0,No Rollover,2,2 Clock Point,2,2 Clock Point,8,Not Reported,5,Not Towed,8,Pedestrian,8,Pedestrian,0,No or Not Reported,1,Yes,9,Unknown/Not Reported,0,No Apparent Injury (O),99,All Persons in Vehicle are unknown if Injured,0,No Person Injured in Vehicle,9,Reported as Unknown,2,No Alcohol Involved,12498,Ford Other (light truck),99998,Not Reported,0,No,2,"Two-Way, Divided, Unprotected Median",3,Three lanes,30,30 MPH,1,Straight,1,Level,1,Dry,0,No Controls,0,No Controls,1,Going Straight,1,Going Straight,80,Pedestrian in road,99,Unknown/Not Reported,1,Tracking,1,Stayed in original travel lane,13,C13-Single Driver-Forward Impact-Pedestrian/ Animal,103,Single Driver-Struck Object While Moving Forward
202304654873,1,28,28,11,3,"South (MD, DE, DC, WV, VA, KY, TN, NC, SC, GA, FL, AL, MS, LA, AR, OK, TX)",1,Urban Area,6,Stratum 6 - LMY PV Minor Injury,4139,54.461391025,5,1,January,6,6:00am-6:59am,0,0,12,Motor Vehicle In-Transport,7,Sideswipe - Same Direction,1,01,1,Motor Vehicle In-Transport (Inside or Outside the Trafficway),0,No,3VWD17AJXGM2,3VWD17AJXGM2,2016,2016,2016,2016,482,Volkswagen,3137,Jetta,13,Sedan/Saloon,30,Volkswagen,40,4,"4-door sedan, hardtop",0,Not Applicable,11,"Class 1: 6,000 lbs. or less (2,722 kg or less)",11,"Class 1: 6,000 lbs. or less (2,722 kg or less)",0,No Trailers,777777777777,No Trailing Units,777777777777,No Trailing Units,777777777777,No Trailing Units,77,No Trailing Units,77,No Trailing Units,77,No Trailing Units,0,Not an Articulated Vehicle,00000000000,Not Applicable,0,Not Applicable,0,Not Applicable,0,Not Applicable,0,Not Applicable (N/A),1,No,0,Not Applicable,0,Not Applicable,0,Not Applicable,0,Not Applicable,0,Not a Bus,0,No Special Use Noted,0,Not Applicable,65,065 MPH,8,Not Reported,0,No Rollover,0,No Rollover,62,Left-Front Side,62,Left-Front Side,6,Disabling Damage,6,Towed,12,Motor Vehicle In-Transport,12,Motor Vehicle In-Transport,0,No or Not Reported,1,Yes,0,No Apparent Injury (O),0,No Apparent Injury (O),0,No Person Injured in Vehicle,0,No Person Injured in Vehicle,2,No Alcohol Involved,2,No Alcohol Involved,30040,Volkswagen Jetta/Jetta SportsWagen,33009,33009,0,No,3,"Two-Way,  Divided, Positive  Median Barrier",6,Six lanes,65,65 MPH,1,Straight,1,Level,1,Dry,0,No Controls,0,No Controls,15,Changing Lanes,15,Changing Lanes,10,Over the lane line on left side of travel lane,99,Unknown/Not Reported,1,Tracking,2,"Stayed on roadway, but left original travel lane",47,"F47-Same Trafficway, Same Direction-Angle, Sideswipe-Changing Lanes to the Left",208,"Same Trafficway, Same Direction-Sideswipe, Angle, Vehicle on Right"
202304654873,2,28,28,11,3,"South (MD, DE, DC, WV, VA, KY, TN, NC, SC, GA, FL, AL, MS, LA, AR, OK, TX)",1,Urban Area,6,Stratum 6 - LMY PV Minor Injury,4139,54.461391025,5,1,January,6,6:00am-6:59am,0,0,12,Motor Vehicle In-Transport,7,Sideswipe - Same Direction,1,01,1,Motor Vehicle In-Transport (Inside or Outside the Trafficway),0,No,WP0CA2A82EK1,WP0CA2A82EK1,2014,2014,2014,2014,584,Porsche,7847,Boxster,1,Convertible/Cabriolet,45,Porsche,40,1,"Convertible(excludes sun-roof,t-bar)",0,Not Applicable,11,"Class 1: 6,000 lbs. or less (2,722 kg or less)",11,"Class 1: 6,000 lbs. or less (2,722 kg or less)",0,No Trailers,777777777777,No Trailing Units,777777777777,No Trailing Units,777777777777,No Trailing Units,77,No Trailing Units,77,No Trailing Units,77,No Trailing Units,0,Not an Articulated Vehicle,00000000000,Not Applicable,0,Not Applicable,0,Not Applicable,0,Not Applicable,0,Not Applicable (N/A),1,No,0,Not Applicable,0,Not Applicable,0,Not Applicable,0,Not Applicable,0,Not a Bus,0,No Special Use Noted,0,Not Applicable,65,065 MPH,0,No Underride or Override,0,No Rollover,0,No Rollover,82,Right-Front Side,82,Right-Front Side,4,Functional Damage,6,Towed,12,Motor Vehicle In-Transport,12,Motor Vehicle In-Transport,0,No or Not Reported,1,Yes,0,No Apparent Injury (O),0,No Apparent Injury (O),0,No Person Injured in Vehicle,0,No Person Injured in Vehicle,2,No Alcohol Involved,2,No Alcohol Involved,45040,Porsche 986/Boxster,33309,33309,0,No,3,"Two-Way,  Divided, Positive  Median Barrier",6,Six lanes,65,65 MPH,1,Straight,1,Level,1,Dry,0,No Controls,0,No Controls,1,Going Straight,1,Going Straight,61,From adjacent lane (same direction) over right lane line,99,Unknown/Not Reported,1,Tracking,1,Stayed in original travel lane,45,"F45-Same Trafficway, Same Direction-Angle, Sideswipe-Straight Ahead on Left/Right",207,"Same Trafficway, Same Direction-Sideswipe, Angle, Vehicle on Left"
202304654873,3,28,28,11,3,"South (MD, DE, DC, WV, VA, KY, TN, NC, SC, GA, FL, AL, MS, LA, AR, OK, TX)",1,Urban Area,6,Stratum 6 - LMY PV Minor Injury,4139,54.461391025,5,1,January,6,6:00am-6:59am,0,0,12,Motor Vehicle In-Transport,7,Sideswipe - Same Direction,3,03,1,Motor Vehicle In-Transport (Inside or Outside the Trafficway),0,No,2T3W1RFV4MC1,2T3W1RFV4MC1,2021,2021,2021,2021,448,Toyota,2217,RAV4,7,Sport Utility Vehicle (SUV)/Multi-Purpose Vehicle (MPV),49,Toyota,402,14,"Compact Utility (Utility Vehicle Categories ""Small"" and ""Midsize"")",0,Not Applicable,11,"Class 1: 6,000 lbs. or less (2,722 kg or less)",11,"Class 1: 6,000 lbs. or less (2,722 kg or less)",0,No Trailers,777777777777,No Trailing Units,777777777777,No Trailing Units,777777777777,No Trailing Units,77,No Trailing Units,77,No Trailing Units,77,No Trailing Units,0,Not an Articulated Vehicle,00000000000,Not Applicable,0,Not Applicable,0,Not Applicable,0,Not Applicable,0,Not Applicable (N/A),1,No,0,Not Applicable,0,Not Applicable,0,Not Applicable,0,Not Applicable,0,Not a Bus,0,No Special Use Noted,0,Not Applicable,65,065 MPH,8,Not Reported,0,No Rollover,0,No Rollover,12,12 Clock Point,12,12 Clock Point,6,Disabling Damage,6,Towed,12,Motor Vehicle In-Transport,12,Motor Vehicle In-Transport,0,No or Not Reported,1,Yes,2,Suspected Minor Injury (B),2,Suspected Minor Injury (B),3,3,3,3,2,No Alcohol Involved,2,No Alcohol Involved,49402,Toyota RAV4 *,33458,33458,0,No,3,"Two-Way,  Divided, Positive  Median Barrier",6,Six lanes,65,65 MPH,1,Straight,1,Level,1,Dry,0,No Controls,0,No Controls,1,Going Straight,1,Going Straight,60,From adjacent lane (same direction) over left lane line,99,Unknown/Not Reported,1,Tracking,1,Stayed in original travel lane,98,M98-Other Crash Type,998,Other Crash Type
202304654873,4,28,28,11,3,"South (MD, DE, DC, WV, VA, KY, TN, NC, SC, GA, FL, AL, MS, LA, AR, OK, TX)",1,Urban Area,6,Stratum 6 - LMY PV Minor Injury,4139,54.461391025,5,1,January,6,6:00am-6:59am,0,0,12,Motor Vehicle In-Transport,7,Sideswipe - Same Direction,1,01,1,Motor Vehicle In-Transport (Inside or Outside the Trafficway),0,No,1GNERKKW8LJ2,1GNERKKW8LJ2,2020,2020,2020,2020,467,Chevrolet,1853,Traverse,7,Sport Utility Vehicle (SUV)/Multi-Purpose Vehicle (MPV),20,Chevrolet,423,15,"Large utility (ANSI D16.1 Utility Vehicle Categories and ""Full Size"" and ""Large"")",0,Not Applicable,12,"Class 2: 6,001 - 10,000 lbs. (2,722 - 4,536 kg)",12,"Class 2: 6,001 - 10,000 lbs. (2,722 - 4,536 kg)",0,No Trailers,777777777777,No Trailing Units,777777777777,No Trailing Units,777777777777,No Trailing Units,77,No Trailing Units,77,No Trailing Units,77,No Trailing Units,0,Not an Articulated Vehicle,00000000000,Not Applicable,0,Not Applicable,0,Not Applicable,0,Not Applicable,0,Not Applicable (N/A),1,No,0,Not Applicable,0,Not Applicable,0,Not Applicable,0,Not Applicable,0,Not a Bus,0,No Special Use Noted,0,Not Applicable,65,065 MPH,0,No Underride or Override,0,No Rollover,0,No Rollover,62,Left-Front Side,62,Left-Front Side,6,Disabling Damage,6,Towed,12,Motor Vehicle In-Transport,12,Motor Vehicle In-Transport,0,No or Not Reported,1,Yes,2,Suspected Minor Injury (B),2,Suspected Minor Injury (B),1,1,1,1,2,No Alcohol Involved,2,No Alcohol Involved,20423,Chevrolet Traverse (2013 on.  For 2009-2012 see model 024.),33312,33312,0,No,3,"Two-Way,  Divided, Positive  Median Barrier",6,Six lanes,65,65 MPH,1,Straight,1,Level,1,Dry,0,No Controls,0,No Controls,1,Going Straight,1,Going Straight,60,From adjacent lane (same direction) over left lane line,99,Unknown/Not Reported,1,Tracking,1,Stayed in original travel lane,98,M98-Other Crash Type,998,Other Crash Type
202304654873,5,28,28,11,3,"South (MD, DE, DC, WV, VA, KY, TN, NC, SC, GA, FL, AL, MS, LA, AR, OK, TX)",1,Urban Area,6,Stratum 6 - LMY PV Minor Injury,4139,54.461391025,5,1,January,6,6:00am-6:59am,0,0,12,Motor Vehicle In-Transport,7,Sideswipe - Same Direction,1,01,1,Motor Vehicle In-Transport (Inside or Outside the Trafficway),0,No,1N6AA1EF6LN5,1N6AA1EF6LN5,2020,2020,2020,2020,478,Nissan,1920,Titan,60,Pickup,35,Nissan/Datsun,481,34,Light Pickup,0,Not Applicable,12,"Class 2: 6,001 - 10,000 lbs. (2,722 - 4,536 kg)",12,"Class 2: 6,001 - 10,000 lbs. (2,722 - 4,536 kg)",0,No Trailers,777777777777,No Trailing Units,777777777777,No Trailing Units,777777777777,No Trailing Units,77,No Trailing Units,77,No Trailing Units,77,No Trailing Units,0,Not an Articulated Vehicle,00000000000,Not Applicable,0,Not Applicable,0,Not Applicable,0,Not Applicable,0,Not Applicable (N/A),1,No,0,Not Applicable,0,Not Applicable,0,Not Applicable,0,Not Applicable,0,Not a Bus,0,No Special Use Noted,0,Not Applicable,65,065 MPH,0,No Underride or Override,0,No Rollover,0,No Rollover,61,Left,61,Left,6,Disabling Damage,6,Towed,25,Concrete Traffic Barrier,25,Concrete Traffic Barrier,0,No or Not Reported,1,Yes,2,Suspected Minor Injury (B),2,Suspected Minor Injury (B),1,1,1,1,2,No Alcohol Involved,2,No Alcohol Involved,35481,Nissan/Datsun Titan (from 2007 on; see 473 for 2004-06),33322,33322,0,No,3,"Two-Way,  Divided, Positive  Median Barrier",6,Six lanes,65,65 MPH,1,Straight,1,Level,1,Dry,0,No Controls,0,No Controls,1,Going Straight,1,Going Straight,60,From adjacent lane (same direction) over left lane line,99,Unknown/Not Reported,1,Tracking,1,Stayed in original travel lane,98,M98-Other Crash Type,998,Other Crash Type
202304654912,1,28,28,11,3,"South (MD, DE, DC, WV, VA, KY, TN, NC, SC, GA, FL, AL, MS, LA, AR, OK, TX)",1,Urban Area,9,Stratum 9 - LMY PV No Injuries in Crash,4139,141.34570405,4,1,January,20,8:00pm-8:59pm,25,25,12,Motor Vehicle In-Transport,7,Sideswipe - Same Direction,99,Unknown,1,Motor Vehicle In-Transport (Inside or Outside the Trafficway),1,Yes,888888888888,Not Reported,9998,Not Reported,2012,2012,99998,Not Reported,99998,Not Reported,998,Not Reported,97,Not Reported,997,98,Not Reported,0,Not Applicable,98,Not Reported,98,Not Reported,0,No Trailers,777777777777,No Trailing Units,777777777777,No Trailing Units,777777777777,No Trailing Units,77,No Trailing Units,77,No Trailing Units,77,No Trailing Units,0,Not an Articulated Vehicle,99999999999,Unknown,99,Unknown,999999999,Unknown,99,Unknown,99,Unknown,1,No,0,Not Applicable,0,Not Applicable,0,Not Applicable,0,Not Applicable,99,Reported as Unknown,0,No Special Use Noted,0,Not Applicable,65,065 MPH,0,No Underride or Override,0,No Rollover,0,No Rollover,63,Left-Back Side,63,Left-Back Side,7,"Damage Reported, Extent Unknown",5,Not Towed,12,Motor Vehicle In-Transport,12,Motor Vehicle In-Transport,0,No or Not Reported,1,Yes,9,Unknown/Not Reported,0,No Apparent Injury (O),99,All Persons in Vehicle are unknown if Injured,0,No Person Injured in Vehicle,9,Reported as Unknown,2,No Alcohol Involved,97997,Not Reported Not Reported,99998,Not Reported,0,No,3,"Two-Way,  Divided, Positive  Median Barrier",6,Six lanes,65,65 MPH,1,Straight,1,Level,1,Dry,0,No Controls,0,No Controls,15,Changing Lanes,15,Changing Lanes,11,Over the lane line on right side of travel lane,99,Unknown/Not Reported,1,Tracking,2,"Stayed on roadway, but left original travel lane",44,"F44-Same Trafficway, Same Direction-Angle, Sideswipe-Straight Ahead on Left",207,"Same Trafficway, Same Direction-Sideswipe, Angle, Vehicle on Left"
202304654912,2,28,28,11,3,"South (MD, DE, DC, WV, VA, KY, TN, NC, SC, GA, FL, AL, MS, LA, AR, OK, TX)",1,Urban Area,9,Stratum 9 - LMY PV No Injuries in Crash,4139,141.34570405,4,1,January,20,8:00pm-8:59pm,25,25,12,Motor Vehicle In-Transport,7,Sideswipe - Same Direction,1,01,1,Motor Vehicle In-Transport (Inside or Outside the Trafficway),0,No,1HGCR2F78EA0,1HGCR2F78EA0,2014,2014,2014,2014,474,Honda,1861,Accord,13,Sedan/Saloon,37,Honda,32,4,"4-door sedan, hardtop",0,Not Applicable,11,"Class 1: 6,000 lbs. or less (2,722 kg or less)",11,"Class 1: 6,000 lbs. or less (2,722 kg or less)",0,No Trailers,777777777777,No Trailing Units,777777777777,No Trailing Units,777777777777,No Trailing Units,77,No Trailing Units,77,No Trailing Units,77,No Trailing Units,0,Not an Articulated Vehicle,00000000000,Not Applicable,0,Not Applicable,0,Not Applicable,0,Not Applicable,0,Not Applicable (N/A),1,No,0,Not Applicable,0,Not Applicable,0,Not Applicable,0,Not Applicable,0,Not a Bus,0,No Special Use Noted,0,Not Applicable,65,065 MPH,8,Not Reported,3,Rollover,1,On Roadway,82,Right-Front Side,82,Right-Front Side,6,Disabling Damage,6,Towed,1,Rollover/Overturn,1,Rollover/Overturn,0,No or Not Reported,1,Yes,0,No Apparent Injury (O),0,No Apparent Injury (O),0,No Person Injured in Vehicle,0,No Person Injured in Vehicle,2,No Alcohol Involved,2,No Alcohol Involved,37032,"Honda Accord (Note: For Crosstour model years 2010 and 2011 only. For Crosstour model years 2012-2015, see vehicle model 37-405)",33444,33444,0,No,3,"Two-Way,  Divided, Positive  Median Barrier",6,Six lanes,65,65 MPH,1,Straight,1,Level,1,Dry,0,No Controls,0,No Controls,1,Going Straight,1,Going Straight,60,From adjacent lane (same direction) over left lane line,99,Unknown/Not Reported,1,Tracking,2,"Stayed on roadway, but left original travel lane",45,"F45-Same Trafficway, Same Direction-Angle, Sideswipe-Straight Ahead on Left/Right",208,"Same Trafficway, Same Direction-Sideswipe, Angle, Vehicle on Right"
202304654912,3,28,28,11,3,"South (MD, DE, DC, WV, VA, KY, TN, NC, SC, GA, FL, AL, MS, LA, AR, OK, TX)",1,Urban Area,9,Stratum 9 - LMY PV No Injuries in Crash,4139,141.34570405,4,1,January,20,8:00pm-8:59pm,25,25,12,Motor Vehicle In-Transport,7,Sideswipe - Same Direction,2,02,1,Motor Vehicle In-Transport (Inside or Outside the Trafficway),0,No,3N1AB8CV6MY2,3N1AB8CV6MY2,2021,2021,2021,2021,478,Nissan,1907,Sentra,13,Sedan/Saloon,35,Nissan/Datsun,43,4,"4-door sedan, hardtop",0,Not Applicable,11,"Class 1: 6,000 lbs. or less (2,722 kg or less)",11,"Class 1: 6,000 lbs. or less (2,722 kg or less)",0,No Trailers,777777777777,No Trailing Units,777777777777,No Trailing Units,777777777777,No Trailing Units,77,No Trailing Units,77,No Trailing Units,77,No Trailing Units,0,Not an Articulated Vehicle,00000000000,Not Applicable,0,Not Applicable,0,Not Applicable,0,Not Applicable,0,Not Applicable (N/A),1,No,0,Not Applicable,0,Not Applicable,0,Not Applicable,0,Not Applicable,0,Not a Bus,0,No Special Use Noted,0,Not Applicable,65,065 MPH,0,No Underride or Override,0,No Rollover,0,No Rollover,7,7 Clock Point,7,7 Clock Point,4,Functional Damage,8,Not Reported,12,Motor Vehicle In-Transport,12,Motor Vehicle In-Transport,0,No or Not Reported,1,Yes,0,No Apparent Injury (O),0,No Apparent Injury (O),0,No Person Injured in Vehicle,0,No Person Injured in Vehicle,2,No Alcohol Involved,2,No Alcohol Involved,35043,Nissan/Datsun Sentra,33069,33069,0,No,3,"Two-Way,  Divided, Positive  Median Barrier",6,Six lanes,65,65 MPH,1,Straight,1,Level,1,Dry,0,No Controls,0,No Controls,1,Going Straight,1,Going Straight,60,From adjacent lane (same direction) over left lane line,99,Unknown/Not Reported,1,Tracking,5,Remained off roadway,98,M98-Other Crash Type,998,Other Crash Type
202304654912,4,28,28,11,3,"South (MD, DE, DC, WV, VA, KY, TN, NC, SC, GA, FL, AL, MS, LA, AR, OK, TX)",1,Urban Area,9,Stratum 9 - LMY PV No Injuries in Crash,4139,141.34570405,4,1,January,20,8:00pm-8:59pm,25,25,12,Motor Vehicle In-Transport,7,Sideswipe - Same Direction,1,01,1,Motor Vehicle In-Transport (Inside or Outside the Trafficway),0,No,1C4HJXDN5NW2,1C4HJXDN5NW2,2022,2022,2022,2022,483,Jeep,1943,Wrangler,7,Sport Utility Vehicle (SUV)/Multi-Purpose Vehicle (MPV),2,Jeep / Kaiser-Jeep / Willys- Jeep,403,14,"Compact Utility (Utility Vehicle Categories ""Small"" and ""Midsize"")",0,Not Applicable,11,"Class 1: 6,000 lbs. or less (2,722 kg or less)",11,"Class 1: 6,000 lbs. or less (2,722 kg or less)",0,No Trailers,777777777777,No Trailing Units,777777777777,No Trailing Units,777777777777,No Trailing Units,77,No Trailing Units,77,No Trailing Units,77,No Trailing Units,0,Not an Articulated Vehicle,00000000000,Not Applicable,0,Not Applicable,0,Not Applicable,0,Not Applicable,0,Not Applicable (N/A),1,No,0,Not Applicable,0,Not Applicable,0,Not Applicable,0,Not Applicable,0,Not a Bus,0,No Special Use Noted,0,Not Applicable,65,065 MPH,8,Not Reported,0,No Rollover,0,No Rollover,63,Left-Back Side,63,Left-Back Side,6,Disabling Damage,6,Towed,12,Motor Vehicle In-Transport,12,Motor Vehicle In-Transport,0,No or Not Reported,1,Yes,0,No Apparent Injury (O),0,No Apparent Injury (O),0,No Person Injured in Vehicle,0,No Person Injured in Vehicle,2,No Alcohol Involved,2,No Alcohol Involved,2403,Jeep / Kaiser-Jeep / Willys- Jeep YJ series/Wrangler,33169,33169,0,No,3,"Two-Way,  Divided, Positive  Median Barrier",6,Six lanes,65,65 MPH,1,Straight,1,Level,1,Dry,0,No Controls,0,No Controls,1,Going Straight,1,Going Straight,61,From adjacent lane (same direction) over right lane line,99,Unknown/Not Reported,1,Tracking,5,Remained off roadway,98,M98-Other Crash Type,998,Other Crash Type
202304654975,1,28,28,11,3,"South (MD, DE, DC, WV, VA, KY, TN, NC, SC, GA, FL, AL, MS, LA, AR, OK, TX)",1,Urban Area,2,Stratum 2 - Not a MV Occupant Any Injury,4139,23.42444426,1,1,January,18,6:00pm-6:59pm,20,20,15,Non-Motorist on Personal Conveyance,0,The First Harmful Event was Not a Collision with a Motor Vehicle In-Transport,1,01,1,Motor Vehicle In-Transport (Inside or Outside the Trafficway),0,No,JM3KFADM9J03,JM3KFADM9J03,2018,2018,2018,2018,473,Mazda,2369,CX-5,7,Sport Utility Vehicle (SUV)/Multi-Purpose Vehicle (MPV),41,Mazda,403,14,"Compact Utility (Utility Vehicle Categories ""Small"" and ""Midsize"")",0,Not Applicable,11,"Class 1: 6,000 lbs. or less (2,722 kg or less)",11,"Class 1: 6,000 lbs. or less (2,722 kg or less)",0,No Trailers,777777777777,No Trailing Units,777777777777,No Trailing Units,777777777777,No Trailing Units,77,No Trailing Units,77,No Trailing Units,77,No Trailing Units,0,Not an Articulated Vehicle,00000000000,Not Applicable,0,Not Applicable,0,Not Applicable,0,Not Applicable,0,Not Applicable (N/A),1,No,0,Not Applicable,0,Not Applicable,0,Not Applicable,0,Not Applicable,0,Not a Bus,0,No Special Use Noted,0,Not Applicable,4,004 MPH,7,Not Applicable,0,No Rollover,0,No Rollover,12,12 Clock Point,12,12 Clock Point,0,No Damage,5,Not Towed,15,Non-Motorist on Personal Conveyance,15,Non-Motorist on Personal Conveyance,0,No or Not Reported,1,Yes,0,No Apparent Injury (O),0,No Apparent Injury (O),0,No Person Injured in Vehicle,0,No Person Injured in Vehicle,2,No Alcohol Involved,2,No Alcohol Involved,41403,Mazda CX5,33312,33312,0,No,7,"Two-Way Divided, Unknown if Unprotected Median or Positive Median Barrier",2,Two lanes,45,45 MPH,1,Straight,1,Level,1,Dry,20,Stop Sign,3,Device Functioning Properly,10,Turning Right,10,Turning Right,83,Pedalcyclist or other non-motorist in road,99,Unknown/Not Reported,1,Tracking,1,Stayed in original travel lane,13,C13-Single Driver-Forward Impact-Pedestrian/ Animal,103,Single Driver-Struck Object While Moving Forward
202304654983,1,28,28,11,3,"South (MD, DE, DC, WV, VA, KY, TN, NC, SC, GA, FL, AL, MS, LA, AR, OK, TX)",1,Urban Area,3,Stratum 3 - Motorcycle Any Injury,4139,26.200051658,2,1,January,17,5:00pm-5:59pm,25,25,12,Motor Vehicle In-Transport,6,Angle,1,01,1,Motor Vehicle In-Transport (Inside or Outside the Trafficway),0,No,L5YTCKPVXN11,L5YTCKPVXN11,2022,2022,2022,2022,3395,ZNEN,13525,ZN50QT/ ZN150T,125,Motorcycle - Unknown Body Class,98,Other Make,703,80,Two Wheel Motorcycle (excluding motor scooters),0,Not Applicable,11,"Class 1: 6,000 lbs. or less (2,722 kg or less)",11,"Class 1: 6,000 lbs. or less (2,722 kg or less)",0,No Trailers,777777777777,No Trailing Units,777777777777,No Trailing Units,777777777777,No Trailing Units,77,No Trailing Units,77,No Trailing Units,77,No Trailing Units,0,Not an Articulated Vehicle,00000000000,Not Applicable,0,Not Applicable,0,Not Applicable,0,Not Applicable,0,Not Applicable (N/A),1,No,0,Not Applicable,0,Not Applicable,0,Not Applicable,0,Not Applicable,0,Not a Bus,0,No Special Use Noted,0,Not Applicable,998,Not Reported,7,Not Applicable,8,Not Applicable,8,Not Applicable,12,12 Clock Point,12,12 Clock Point,6,Disabling Damage,6,Towed,12,Motor Vehicle In-Transport,12,Motor Vehicle In-Transport,0,No or Not Reported,1,Yes,1,Possible Injury (C),1,Possible Injury (C),1,1,1,1,2,No Alcohol Involved,2,No Alcohol Involved,98703,Other Make 125-349cc,33063,33063,0,No,1,"Two-Way, Not Divided",2,Two lanes,25,25 MPH,2,Curve - Right,1,Level,1,Dry,0,No Controls,0,No Controls,3,Accelerating in Road,3,Accelerating in Road,10,Over the lane line on left side of travel lane,99,Unknown/Not Reported,1,Tracking,2,"Stayed on roadway, but left original travel lane",64,"I64-Same Trafficway, Opposite Direction-Angle, Sideswipe-Lateral Move (Left/Right)",301,"Same Trafficway, Opposite Direction-Lateral Move [Left/Right], Head-On, Sideswipe, or Angle"
202304654983,2,28,28,11,3,"South (MD, DE, DC, WV, VA, KY, TN, NC, SC, GA, FL, AL, MS, LA, AR, OK, TX)",1,Urban Area,3,Stratum 3 - Motorcycle Any Injury,4139,26.200051658,2,1,January,17,5:00pm-5:59pm,25,25,12,Motor Vehicle In-Transport,6,Angle,1,01,1,Motor Vehicle In-Transport (Inside or Outside the Trafficway),0,No,2HGFG12628H5,2HGFG12628H5,2008,2008,2008,2008,474,Honda,1863,Civic,3,Coupe,37,Honda,31,2,"2-door sedan,hardtop,coupe",0,Not Applicable,11,"Class 1: 6,000 lbs. or less (2,722 kg or less)",11,"Class 1: 6,000 lbs. or less (2,722 kg or less)",0,No Trailers,777777777777,No Trailing Units,777777777777,No Trailing Units,777777777777,No Trailing Units,77,No Trailing Units,77,No Trailing Units,77,No Trailing Units,0,Not an Articulated Vehicle,00000000000,Not Applicable,0,Not Applicable,0,Not Applicable,0,Not Applicable,0,Not Applicable (N/A),1,No,0,Not Applicable,0,Not Applicable,0,Not Applicable,0,Not Applicable,0,Not a Bus,0,No Special Use Noted,0,Not Applicable,15,015 MPH,7,Not Applicable,0,No Rollover,0,No Rollover,11,11 Clock Point,11,11 Clock Point,4,Functional Damage,8,Not Reported,12,Motor Vehicle In-Transport,12,Motor Vehicle In-Transport,0,No or Not Reported,1,Yes,0,No Apparent Injury (O),0,No Apparent Injury (O),0,No Person Injured in Vehicle,0,No Person Injured in Vehicle,2,No Alcohol Involved,2,No Alcohol Involved,37031,"Honda Civic/CRX, del Sol",33319,33319,0,No,1,"Two-Way, Not Divided",2,Two lanes,25,25 MPH,3,Curve - Left,1,Level,1,Dry,0,No Controls,0,No Controls,14,Negotiating a Curve,14,Negotiating a Curve,62,From opposite direction  over left lane line,99,Unknown/Not Reported,1,Tracking,1,Stayed in original travel lane,65,"I65-Same Trafficway, Opposite Direction-Angle, Sideswipe-Lateral Move (Going Straight)",302,"Same Trafficway, Opposite Direction-Lateral Move [Going Straight], Head-On, Sideswipe, or Angle"
202304655011,1,12,12,12,3,"South (MD, DE, DC, WV, VA, KY, TN, NC, SC, GA, FL, AL, MS, LA, AR, OK, TX)",1,Urban Area,4,Stratum 4 - LMY PV Serious Injury,4142,11.128151133,3,1,January,19,7:00pm-7:59pm,54,54,12,Motor Vehicle In-Transport,1,Front-to-Rear,1,01,1,Motor Vehicle In-Transport (Inside or Outside the Trafficway),0,No,5KKHAEDV8LPL,5KKHAEDV8LPL,2020,2020,2020,2020,4512,Western Star,9571,4900,11,Truck,98,Other Make,804,63,"Single-unit straight truck or Cab-Chassis (GVWR greater than 26,000 lbs.)",0,Not Applicable,18,"Class 8: 33,001 lbs. and above (14,969 kg and above)",18,"Class 8: 33,001 lbs. and above (14,969 kg and above)",1,One Trailer,5E0AA1648MG5,5E0AA1648MG5,777777777777,No Trailing Units,777777777777,No Trailing Units,98,Not Reported,77,No Trailing Units,77,No Trailing Units,1,No,575407,575407,57,US DOT,5407,5407,4,Truck Pulling Trailer(s),6,Auto Transporter,1,No,0,Not Applicable,0,Not Applicable,0,Not Applicable,0,Not Applicable,0,Not a Bus,0,No Special Use Noted,0,Not Applicable,25,025 MPH,8,Not Reported,0,No Rollover,0,No Rollover,12,12 Clock Point,12,12 Clock Point,2,Minor Damage,8,Not Reported,12,Motor Vehicle In-Transport,12,Motor Vehicle In-Transport,0,No or Not Reported,1,Yes,0,No Apparent Injury (O),0,No Apparent Injury (O),0,No Person Injured in Vehicle,0,No Person Injured in Vehicle,2,No Alcohol Involved,2,No Alcohol Involved,98804,Other Make Western Star,19355,19355,0,No,6,Entrance/Exit Ramp,1,One lane,35,35 MPH,3,Curve - Left,1,Level,1,Dry,97,Not Reported,8,Not Reported,11,Turning Left,11,Turning Left,50,Other vehicle stopped,99,Unknown/Not Reported,1,Tracking,1,Stayed in original travel lane,20,"D20-Same Trafficway, Same Direction-Rear End-Stopped",202,"Same Trafficway, Same Direction-Rear End, Lead Vehicle"
202304655011,2,12,12,12,3,"South (MD, DE, DC, WV, VA, KY, TN, NC, SC, GA, FL, AL, MS, LA, AR, OK, TX)",1,Urban Area,4,Stratum 4 - LMY PV Serious Injury,4142,11.128151133,3,1,January,19,7:00pm-7:59pm,54,54,12,Motor Vehicle In-Transport,1,Front-to-Rear,1,01,1,Motor Vehicle In-Transport (Inside or Outside the Trafficway),0,No,3C4NJCBB2NT1,3C4NJCBB2NT1,2022,2022,2022,2022,483,Jeep,1946,Compass,7,Sport Utility Vehicle (SUV)/Multi-Purpose Vehicle (MPV),2,Jeep / Kaiser-Jeep / Willys- Jeep,498,14,"Compact Utility (Utility Vehicle Categories ""Small"" and ""Midsize"")",0,Not Applicable,11,"Class 1: 6,000 lbs. or less (2,722 kg or less)",11,"Class 1: 6,000 lbs. or less (2,722 kg or less)",0,No Trailers,777777777777,No Trailing Units,777777777777,No Trailing Units,777777777777,No Trailing Units,77,No Trailing Units,77,No Trailing Units,77,No Trailing Units,0,Not an Articulated Vehicle,00000000000,Not Applicable,0,Not Applicable,0,Not Applicable,0,Not Applicable,0,Not Applicable (N/A),1,No,0,Not Applicable,0,Not Applicable,0,Not Applicable,0,Not Applicable,0,Not a Bus,0,No Special Use Noted,0,Not Applicable,0,Stopped Motor Vehicle In- Transport,8,Not Reported,0,No Rollover,0,No Rollover,6,6 Clock Point,6,6 Clock Point,6,Disabling Damage,6,Towed,12,Motor Vehicle In-Transport,12,Motor Vehicle In-Transport,0,No or Not Reported,1,Yes,3,Suspected Serious Injury (A),3,Suspected Serious Injury (A),1,1,1,1,2,No Alcohol Involved,2,No Alcohol Involved,2498,Jeep / Kaiser-Jeep / Willys- Jeep Other (light truck),33572,33572,0,No,6,Entrance/Exit Ramp,1,One lane,35,35 MPH,3,Curve - Left,1,Level,1,Dry,97,Not Reported,8,Not Reported,5,Stopped in Roadway,5,Stopped in Roadway,53,Traveling in same direction with higher speed,1,No Avoidance Maneuver,1,Tracking,1,Stayed in original travel lane,22,"D22-Same Trafficway, Same Direction-Rear End-Stopped, Left",201,"Same Trafficway, Same Direction-Rear End, Trailing Vehicle"
202304655011,3,12,12,12,3,"South (MD, DE, DC, WV, VA, KY, TN, NC, SC, GA, FL, AL, MS, LA, AR, OK, TX)",1,Urban Area,4,Stratum 4 - LMY PV Serious Injury,4142,11.128151133,3,1,January,19,7:00pm-7:59pm,54,54,12,Motor Vehicle In-Transport,1,Front-to-Rear,1,01,1,Motor Vehicle In-Transport (Inside or Outside the Trafficway),0,No,WBA4R7C58HK8,WBA4R7C58HK8,2017,2017,2017,2017,452,BMW,13827,430i,3,Coupe,34,BMW,47,2,"2-door sedan,hardtop,coupe",0,Not Applicable,11,"Class 1: 6,000 lbs. or less (2,722 kg or less)",11,"Class 1: 6,000 lbs. or less (2,722 kg or less)",0,No Trailers,777777777777,No Trailing Units,777777777777,No Trailing Units,777777777777,No Trailing Units,77,No Trailing Units,77,No Trailing Units,77,No Trailing Units,0,Not an Articulated Vehicle,00000000000,Not Applicable,0,Not Applicable,0,Not Applicable,0,Not Applicable,0,Not Applicable (N/A),1,No,0,Not Applicable,0,Not Applicable,0,Not Applicable,0,Not Applicable,0,Not a Bus,0,No Special Use Noted,0,Not Applicable,0,Stopped Motor Vehicle In- Transport,8,Not Reported,0,No Rollover,0,No Rollover,6,6 Clock Point,6,6 Clock Point,6,Disabling Damage,6,Towed,12,Motor Vehicle In-Transport,12,Motor Vehicle In-Transport,0,No or Not Reported,1,Yes,0,No Apparent Injury (O),0,No Apparent Injury (O),0,No Person Injured in Vehicle,0,No Person Injured in Vehicle,2,No Alcohol Involved,2,No Alcohol Involved,34047,BMW 4-Series,33572,33572,0,No,6,Entrance/Exit Ramp,1,One lane,35,35 MPH,3,Curve - Left,1,Level,1,Dry,97,Not Reported,8,Not Reported,5,Stopped in Roadway,5,Stopped in Roadway,53,Traveling in same direction with higher speed,1,No Avoidance Maneuver,1,Tracking,1,Stayed in original travel lane,98,M98-Other Crash Type,998,Other Crash Type
202304655049,1,12,12,12,3,"South (MD, DE, DC, WV, VA, KY, TN, NC, SC, GA, FL, AL, MS, LA, AR, OK, TX)",1,Urban Area,9,Stratum 9 - LMY PV No Injuries in Crash,4142,141.83585636,2,1,January,6,6:00am-6:59am,34,34,12,Motor Vehicle In-Transport,6,Angle,1,01,1,Motor Vehicle In-Transport (Inside or Outside the Trafficway),0,No,1C6RRFNG3NN4,1C6RRFNG3NN4,2022,2022,2022,2022,496,Ram,13620,1500,60,Pickup,7,Dodge,482,34,Light Pickup,0,Not Applicable,12,"Class 2: 6,001 - 10,000 lbs. (2,722 - 4,536 kg)",12,"Class 2: 6,001 - 10,000 lbs. (2,722 - 4,536 kg)",0,No Trailers,777777777777,No Trailing Units,777777777777,No Trailing Units,777777777777,No Trailing Units,77,No Trailing Units,77,No Trailing Units,77,No Trailing Units,0,Not an Articulated Vehicle,00000000000,Not Applicable,0,Not Applicable,0,Not Applicable,0,Not Applicable,0,Not Applicable (N/A),1,No,0,Not Applicable,0,Not Applicable,0,Not Applicable,0,Not Applicable,0,Not a Bus,0,No Special Use Noted,0,Not Applicable,25,025 MPH,0,No Underride or Override,0,No Rollover,0,No Rollover,12,12 Clock Point,12,12 Clock Point,4,Functional Damage,8,Not Reported,12,Motor Vehicle In-Transport,12,Motor Vehicle In-Transport,0,No or Not Reported,1,Yes,0,No Apparent Injury (O),0,No Apparent Injury (O),0,No Person Injured in Vehicle,0,No Person Injured in Vehicle,2,No Alcohol Involved,2,No Alcohol Involved,7482,Dodge Ram Pickup,33563,33563,0,No,7,"Two-Way Divided, Unknown if Unprotected Median or Positive Median Barrier",8,Not Reported,60,60 MPH,1,Straight,1,Level,1,Dry,0,No Controls,0,No Controls,1,Going Straight,1,Going Straight,61,From adjacent lane (same direction) over right lane line,6,Steering left,1,Tracking,3,"Stayed on roadway, not known if left original travel lane",48,"F48-Same Trafficway, Same Direction-Angle, Sideswipe-Specifics Other",209,"Same Trafficway, Same Direction-Sideswipe, Angle, Other or Unknown"
202304655049,2,12,12,12,3,"South (MD, DE, DC, WV, VA, KY, TN, NC, SC, GA, FL, AL, MS, LA, AR, OK, TX)",1,Urban Area,9,Stratum 9 - LMY PV No Injuries in Crash,4142,141.83585636,2,1,January,6,6:00am-6:59am,34,34,12,Motor Vehicle In-Transport,6,Angle,1,01,1,Motor Vehicle In-Transport (Inside or Outside the Trafficway),0,No,1FTRW07L42KE,1FTRW07L42KE,2002,2002,2002,2002,460,Ford,1801,F-150,60,Pickup,12,Ford,481,34,Light Pickup,0,Not Applicable,12,"Class 2: 6,001 - 10,000 lbs. (2,722 - 4,536 kg)",12,"Class 2: 6,001 - 10,000 lbs. (2,722 - 4,536 kg)",1,One Trailer,NOVIN0034678,NOVIN0034678,777777777777,No Trailing Units,777777777777,No Trailing Units,98,Not Reported,77,No Trailing Units,77,No Trailing Units,1,No,88888888888,,88,,888888888,,4,Truck Pulling Trailer(s),98,Unknown Cargo Body Type,1,No,0,Not Applicable,0,Not Applicable,0,Not Applicable,0,Not Applicable,0,Not a Bus,0,No Special Use Noted,0,Not Applicable,15,015 MPH,0,No Underride or Override,0,No Rollover,0,No Rollover,63,Left-Back Side,63,Left-Back Side,2,Minor Damage,8,Not Reported,12,Motor Vehicle In-Transport,12,Motor Vehicle In-Transport,0,No or Not Reported,1,Yes,0,No Apparent Injury (O),0,No Apparent Injury (O),0,No Person Injured in Vehicle,0,No Person Injured in Vehicle,2,No Alcohol Involved,2,No Alcohol Involved,12481,Ford F-Series pickup,33565,33565,0,No,7,"Two-Way Divided, Unknown if Unprotected Median or Positive Median Barrier",8,Not Reported,60,60 MPH,1,Straight,1,Level,1,Dry,0,No Controls,0,No Controls,1,Going Straight,1,Going Straight,50,Other vehicle stopped,6,Steering left,1,Tracking,2,"Stayed on roadway, but left original travel lane",48,"F48-Same Trafficway, Same Direction-Angle, Sideswipe-Specifics Other",209,"Same Trafficway, Same Direction-Sideswipe, Angle, Other or Unknown"
202304655061,1,12,12,12,3,"South (MD, DE, DC, WV, VA, KY, TN, NC, SC, GA, FL, AL, MS, LA, AR, OK, TX)",1,Urban Area,8,Stratum 8 - NLMY PV Minor Injury,4142,135.18572704,1,1,January,4,4:00am-4:59am,21,21,18,Other Object (not fixed),0,The First Harmful Event was Not a Collision with a Motor Vehicle In-Transport,1,01,1,Motor Vehicle In-Transport (Inside or Outside the Trafficway),0,No,2G1WA5EK2A12,2G1WA5EK2A12,2010,2010,2010,2010,467,Chevrolet,1833,Impala,13,Sedan/Saloon,20,Chevrolet,2,4,"4-door sedan, hardtop",0,Not Applicable,11,"Class 1: 6,000 lbs. or less (2,722 kg or less)",11,"Class 1: 6,000 lbs. or less (2,722 kg or less)",0,No Trailers,777777777777,No Trailing Units,777777777777,No Trailing Units,777777777777,No Trailing Units,77,No Trailing Units,77,No Trailing Units,77,No Trailing Units,0,Not an Articulated Vehicle,00000000000,Not Applicable,0,Not Applicable,0,Not Applicable,0,Not Applicable,0,Not Applicable (N/A),1,No,0,Not Applicable,0,Not Applicable,0,Not Applicable,0,Not Applicable,0,Not a Bus,0,No Special Use Noted,0,Not Applicable,50,050 MPH,7,Not Applicable,0,No Rollover,0,No Rollover,12,12 Clock Point,12,12 Clock Point,6,Disabling Damage,8,Not Reported,30,Utility Pole/Light Support,30,Utility Pole/Light Support,0,No or Not Reported,1,Yes,1,Possible Injury (C),1,Possible Injury (C),1,1,1,1,2,No Alcohol Involved,2,No Alcohol Involved,20002,"Chevrolet Impala/Caprice (For SS from 2014 on, use 20-021.)",33584,33584,0,No,7,"Two-Way Divided, Unknown if Unprotected Median or Positive Median Barrier",5,Five lanes,50,50 MPH,1,Straight,1,Level,1,Dry,0,No Controls,0,No Controls,1,Going Straight,1,Going Straight,90,Object in road,98,Other actions (specify:),1,Tracking,1,Stayed in original travel lane,12,C12-Single Driver-Forward Impact-Sta. Object,103,Single Driver-Struck Object While Moving Forward
202304655098,1,12,12,12,3,"South (MD, DE, DC, WV, VA, KY, TN, NC, SC, GA, FL, AL, MS, LA, AR, OK, TX)",1,Urban Area,6,Stratum 6 - LMY PV Minor Injury,4142,54.442512321,2,1,January,11,11:00am-11:59am,41,41,12,Motor Vehicle In-Transport,6,Angle,2,02,1,Motor Vehicle In-Transport (Inside or Outside the Trafficway),0,No,4T1BF3EKXAU0,4T1BF3EKXAU0,2010,2010,2010,2010,448,Toyota,2469,Camry,13,Sedan/Saloon,49,Toyota,40,4,"4-door sedan, hardtop",0,Not Applicable,11,"Class 1: 6,000 lbs. or less (2,722 kg or less)",11,"Class 1: 6,000 lbs. or less (2,722 kg or less)",0,No Trailers,777777777777,No Trailing Units,777777777777,No Trailing Units,777777777777,No Trailing Units,77,No Trailing Units,77,No Trailing Units,77,No Trailing Units,0,Not an Articulated Vehicle,00000000000,Not Applicable,0,Not Applicable,0,Not Applicable,0,Not Applicable,0,Not Applicable (N/A),1,No,0,Not Applicable,0,Not Applicable,0,Not Applicable,0,Not Applicable,0,Not a Bus,0,No Special Use Noted,0,Not Applicable,20,020 MPH,0,No Underride or Override,0,No Rollover,0,No Rollover,3,3 Clock Point,3,3 Clock Point,6,Disabling Damage,6,Towed,12,Motor Vehicle In-Transport,12,Motor Vehicle In-Transport,0,No or Not Reported,1,Yes,1,Possible Injury (C),1,Possible Injury (C),1,1,1,1,2,No Alcohol Involved,2,No Alcohol Involved,49040,Toyota Camry,15235,15235,0,No,7,"Two-Way Divided, Unknown if Unprotected Median or Positive Median Barrier",4,Four lanes,45,45 MPH,1,Straight,1,Level,2,Wet,0,No Controls,0,No Controls,11,Turning Left,11,Turning Left,15,Turning Left,1,No Avoidance Maneuver,1,Tracking,1,Stayed in original travel lane,68,J68-Trafficway Vehicle Turning-Turn Across Path-Initial Opposite Directions (Left/Right),401,"Changing Trafficway, Vehicle Turning-Turn Across Path, Initial Opposite Directions [Left/Right]"
