CASENUM,VEH_NO,MAKE,MAKENAME,MOD_YEAR,MODEL,BODY_TYP,BODY_TYPNAME,VPICBODYCLASS,VPICBODYCLASSNAME,IMPACT1,IMPACT1NAME,P_CRASH1,P_CRASH1NAME,ACC_CONFIG,ACC_CONFIGNAME,VSPD_LIM,TRAV_SP,ROLLOVER,ROLLOVERNAME,NUMOCCS,VSURCOND,VSURCONDNAME,VEH_ALCH,VEH_ALCHNAME,AIRBAGS_DEPLOYED_COUNT,TOTAL_OCCUPANTS,DEPLOYMENT_RATE,AVG_AGE,PREDOMINANT_SEX,MAX_INJURY_SEV,ANY_DRINKING,ANY_ALCOHOL,FRONT_MOST_SEAT_POS,ANY_UNRESTRAINED,MAX_EJECTION,ALL_AIRBAGS_DEPLOYED,REGIONNAME,URBANICITYNAME,MONTH,MONTHNAME,DAY_WEEK,DAY_WEEKNAME,YEAR,HOUR,HOURNAME,MINUTE,MINUTENAME,HARM_EV,HARM_EVNAME,MAN_COLL,MAN_COLLNAME,TYP_INT,TYP_INTNAME,REL_ROAD,REL_ROADNAME,WEATHER,WEATHERNAME,LGT_COND,LGT_CONDNAME,NUM_INJ,VEHICLE_AGE,FRONTAL_IMPACT,HIGH_SPEED_CRASH,MIN_AIRBAG_SPEED,CRASH_SEVERITY_INDEX,predicted_target,predicted_probability,actual
202305372911,1,20,Chevrolet,2014,37,4,"4-door sedan, hardtop",13,Sedan/Saloon,12,12 Clock Point,1,Going Straight,202,"Same Trafficway, Same Direction-Rear End, Lead Vehicle",45,40,0,No Rollover,1,1,Dry,2,No Alcohol Involved,0,1,0.0,19.0,2,0,0,0,11,0,0,0,"South (MD, DE, DC, WV, VA, KY, TN, NC, SC, GA, FL, AL, MS, LA, AR, OK, TX)",Rural Area,10,October,2,Monday,2023,16,4:00pm-4:59pm,31,31,12,Motor Vehicle In-Transport,1,Front-to-Rear,1,Not an Intersection,1,On Roadway,10,Cloudy,1,Daylight,1,9,1,1,1,13.333333333333334,0,0.3637933,0
202305563083,1,35,Nissan/Datsun,2012,401,14,"Compact Utility (Utility Vehicle Categories ""Small"" and ""Midsize"")",8,Crossover Utility Vehicle (CUV),12,12 Clock Point,1,Going Straight,415,"Changing Trafficway, Vehicle Turning-Turn Into Path, Turn into Opposite Directions [Going Straight, Other Vehicle Turning Left]",98,30,0,No Rollover,1,98,Not Reported,2,No Alcohol Involved,0,1,0.0,68.0,1,0,0,8,11,0,0,0,"South (MD, DE, DC, WV, VA, KY, TN, NC, SC, GA, FL, AL, MS, LA, AR, OK, TX)",Urban Area,11,November,7,Saturday,2023,16,4:00pm-4:59pm,0,0,12,Motor Vehicle In-Transport,2,Front-to-Front,3,T-Intersection,1,On Roadway,1,Clear,1,Daylight,0,11,1,0,1,10.0,0,0.47085908,0
202305019954,1,35,Nissan/Datsun,2018,50,4,"4-door sedan, hardtop",13,Sedan/Saloon,5,5 Clock Point,1,Going Straight,502,"Intersecting Paths-Straight Paths, Struck on the Right",25,25,0,No Rollover,1,98,Not Reported,2,No Alcohol Involved,0,1,0.0,22.0,2,0,0,8,11,0,0,0,"South (MD, DE, DC, WV, VA, KY, TN, NC, SC, GA, FL, AL, MS, LA, AR, OK, TX)",Urban Area,4,April,7,Saturday,2023,22,10:00pm-10:59pm,20,20,12,Motor Vehicle In-Transport,6,Angle,2,Four-Way Intersection,1,On Roadway,1,Clear,3,Dark - Lighted,0,5,1,0,1,8.333333333333332,0,0.46817997,0
202304750573,2,20,Chevrolet,2006,37,4,"4-door sedan, hardtop",13,Sedan/Saloon,12,12 Clock Point,1,Going Straight,202,"Same Trafficway, Same Direction-Rear End, Lead Vehicle",35,25,0,No Rollover,1,1,Dry,9,Reported as Unknown,0,1,0.0,18.0,1,0,8,0,11,0,0,0,"Midwest (OH, IN, IL, MI, WI, MN, ND, SD, NE, IA, MO, KS)",Urban Area,2,February,5,Thursday,2023,18,6:00pm-6:59pm,23,23,12,Motor Vehicle In-Transport,1,Front-to-Rear,2,Four-Way Intersection,1,On Roadway,1,Clear,3,Dark - Lighted,1,17,1,0,1,8.333333333333332,0,0.22303005,0
202304921455,1,7,Dodge,2012,422,15,"Large utility (ANSI D16.1 Utility Vehicle Categories and ""Full Size"" and ""Large"")",7,Sport Utility Vehicle (SUV)/Multi-Purpose Vehicle (MPV),12,12 Clock Point,1,Going Straight,103,Single Driver-Struck Object While Moving Forward,25,10,0,No Rollover,3,1,Dry,9,Reported as Unknown,0,3,0.0,16.0,2,0,8,8,11,0,0,0,"West (MT, ID, WA, OR, CA, NV, NM, AZ, UT, CO, WY, AK, HI)",Urban Area,4,April,6,Friday,2023,15,3:00pm-3:59pm,24,24,15,Non-Motorist on Personal Conveyance,0,The First Harmful Event was Not a Collision with a Motor Vehicle In-Transport,2,Four-Way Intersection,1,On Roadway,10,Cloudy,1,Daylight,1,11,1,0,0,3.333333333333333,0,0.009650797,0
202305222328,1,49,Toyota,2006,40,4,"4-door sedan, hardtop",13,Sedan/Saloon,3,3 Clock Point,2,Decelerating in Road,207,"Same Trafficway, Same Direction-Sideswipe, Angle, Vehicle on Left",65,65,0,No Rollover,1,1,Dry,2,No Alcohol Involved,0,1,0.0,30.0,2,1,0,0,11,0,0,0,"West (MT, ID, WA, OR, CA, NV, NM, AZ, UT, CO, WY, AK, HI)",Urban Area,8,August,6,Friday,2023,4,4:00am-4:59am,45,45,12,Motor Vehicle In-Transport,7,Sideswipe - Same Direction,1,Not an Intersection,1,On Roadway,1,Clear,4,Dawn,2,17,1,1,1,30.0,0,0.15302508,0
202304817049,1,35,Nissan/Datsun,2021,56,5,5-door/4-door hatchback,5,Hatchback/Liftback/Notchback,1,1 Clock Point,17,Successful Avoidance Maneuver to a Previous Critical Event,207,"Same Trafficway, Same Direction-Sideswipe, Angle, Vehicle on Left",65,53,0,No Rollover,2,1,Dry,2,No Alcohol Involved,0,2,0.0,52.0,1,1,8,0,11,0,0,0,"South (MD, DE, DC, WV, VA, KY, TN, NC, SC, GA, FL, AL, MS, LA, AR, OK, TX)",Urban Area,2,February,6,Friday,2023,13,1:00pm-1:59pm,46,46,12,Motor Vehicle In-Transport,7,Sideswipe - Same Direction,1,Not an Intersection,1,On Roadway,1,Clear,1,Daylight,1,2,1,1,1,26.0,0,0.106276155,0
202305063811,2,84,International Harvester/Navistar,2018,881,63,"Single-unit straight truck or Cab-Chassis (GVWR greater than 26,000 lbs.)",11,Truck,12,12 Clock Point,1,Going Straight,203,"Same Trafficway, Same Direction-Rear End, Other or Unknown",40,30,0,No Rollover,1,1,Dry,2,No Alcohol Involved,0,1,0.0,62.0,1,0,0,8,11,0,0,0,"South (MD, DE, DC, WV, VA, KY, TN, NC, SC, GA, FL, AL, MS, LA, AR, OK, TX)",Urban Area,4,April,3,Tuesday,2023,13,1:00pm-1:59pm,45,45,12,Motor Vehicle In-Transport,1,Front-to-Rear,1,Not an Intersection,1,On Roadway,10,Cloudy,1,Daylight,0,5,1,0,1,10.0,0,0.0044919676,0
202305228983,3,48,Subaru,2011,401,14,"Compact Utility (Utility Vehicle Categories ""Small"" and ""Midsize"")",7,Sport Utility Vehicle (SUV)/Multi-Purpose Vehicle (MPV),6,6 Clock Point,5,Stopped in Roadway,998,Other Crash Type,45,0,0,No Rollover,1,1,Dry,2,No Alcohol Involved,0,1,0.0,64.0,2,0,0,8,11,0,0,0,"South (MD, DE, DC, WV, VA, KY, TN, NC, SC, GA, FL, AL, MS, LA, AR, OK, TX)",Urban Area,9,September,6,Friday,2023,12,12:00pm-12:59pm,45,45,12,Motor Vehicle In-Transport,1,Front-to-Rear,1,Not an Intersection,1,On Roadway,98,Not Reported,1,Daylight,0,12,1,0,0,0.0,0,0.02433126,0
202305257450,1,37,Honda,2008,32,4,"4-door sedan, hardtop",13,Sedan/Saloon,12,12 Clock Point,2,Decelerating in Road,202,"Same Trafficway, Same Direction-Rear End, Lead Vehicle",45,35,0,No Rollover,1,1,Dry,2,No Alcohol Involved,0,1,0.0,25.0,1,0,0,0,11,0,0,0,"South (MD, DE, DC, WV, VA, KY, TN, NC, SC, GA, FL, AL, MS, LA, AR, OK, TX)",Urban Area,9,September,5,Thursday,2023,17,5:00pm-5:59pm,7,7,12,Motor Vehicle In-Transport,1,Front-to-Rear,1,Not an Intersection,1,On Roadway,1,Clear,1,Daylight,0,15,1,1,1,11.666666666666666,0,0.33049044,0
202304881074,1,7,Dodge,2018,482,34,Light Pickup,60,Pickup,12,12 Clock Point,5,Stopped in Roadway,993,Other Vehicle,45,0,0,No Rollover,4,1,Dry,2,No Alcohol Involved,0,4,0.0,15.25,2,0,8,0,11,0,0,0,"South (MD, DE, DC, WV, VA, KY, TN, NC, SC, GA, FL, AL, MS, LA, AR, OK, TX)",Rural Area,3,March,3,Tuesday,2023,15,3:00pm-3:59pm,16,16,12,Motor Vehicle In-Transport,1,Front-to-Rear,1,Not an Intersection,1,On Roadway,1,Clear,1,Daylight,0,5,1,0,0,0.0,0,0.024281615,0
202305081072,3,35,Nissan/Datsun,2019,404,14,"Compact Utility (Utility Vehicle Categories ""Small"" and ""Midsize"")",7,Sport Utility Vehicle (SUV)/Multi-Purpose Vehicle (MPV),11,11 Clock Point,5,Stopped in Roadway,998,Other Crash Type,45,0,0,No Rollover,1,98,Not Reported,2,No Alcohol Involved,1,1,1.0,59.0,1,0,0,8,11,0,0,1,"South (MD, DE, DC, WV, VA, KY, TN, NC, SC, GA, FL, AL, MS, LA, AR, OK, TX)",Urban Area,5,May,1,Sunday,2023,12,12:00pm-12:59pm,28,28,12,Motor Vehicle In-Transport,6,Angle,2,Four-Way Intersection,1,On Roadway,1,Clear,1,Daylight,0,4,1,0,0,0.0,0,0.16005999,1
202304940871,2,49,Toyota,2016,32,4,"4-door sedan, hardtop",13,Sedan/Saloon,11,11 Clock Point,1,Going Straight,208,"Same Trafficway, Same Direction-Sideswipe, Angle, Vehicle on Right",25,20,0,No Rollover,1,1,Dry,2,No Alcohol Involved,0,1,0.0,18.0,1,0,0,8,11,0,0,0,"South (MD, DE, DC, WV, VA, KY, TN, NC, SC, GA, FL, AL, MS, LA, AR, OK, TX)",Urban Area,2,February,6,Friday,2023,12,12:00pm-12:59pm,30,30,12,Motor Vehicle In-Transport,7,Sideswipe - Same Direction,1,Not an Intersection,1,On Roadway,1,Clear,1,Daylight,0,7,1,0,0,6.666666666666667,0,0.0154121015,0
202305088202,3,20,Chevrolet,2010,481,34,Light Pickup,60,Pickup,6,6 Clock Point,2,Decelerating in Road,998,Other Crash Type,45,45,0,No Rollover,1,1,Dry,2,No Alcohol Involved,0,1,0.0,17.0,1,0,0,0,11,0,0,0,"South (MD, DE, DC, WV, VA, KY, TN, NC, SC, GA, FL, AL, MS, LA, AR, OK, TX)",Urban Area,7,July,7,Saturday,2023,23,11:00pm-11:59pm,5,5,12,Motor Vehicle In-Transport,1,Front-to-Rear,1,Not an Intersection,1,On Roadway,1,Clear,2,Dark - Not Lighted,0,13,1,1,1,15.0,0,0.04386034,0
202305381113,5,82,Freightliner,2005,881,66,"Truck-tractor (Cab only, or with any number of trailing unit; any weight)",66,Truck-Tractor,12,12 Clock Point,1,Going Straight,998,Other Crash Type,65,65,0,No Rollover,1,1,Dry,2,No Alcohol Involved,0,1,0.0,40.0,1,0,0,0,11,0,0,0,"South (MD, DE, DC, WV, VA, KY, TN, NC, SC, GA, FL, AL, MS, LA, AR, OK, TX)",Urban Area,8,August,2,Monday,2023,14,2:00pm-2:59pm,0,0,12,Motor Vehicle In-Transport,1,Front-to-Rear,1,Not an Intersection,1,On Roadway,1,Clear,1,Daylight,1,18,1,1,1,21.666666666666668,0,0.004604759,0
202304828660,1,20,Chevrolet,2014,25,4,"4-door sedan, hardtop",13,Sedan/Saloon,12,12 Clock Point,1,Going Straight,202,"Same Trafficway, Same Direction-Rear End, Lead Vehicle",35,30,0,No Rollover,1,1,Dry,2,No Alcohol Involved,0,1,0.0,23.0,1,0,0,0,11,0,0,0,"South (MD, DE, DC, WV, VA, KY, TN, NC, SC, GA, FL, AL, MS, LA, AR, OK, TX)",Urban Area,3,March,1,Sunday,2023,19,7:00pm-7:59pm,3,3,12,Motor Vehicle In-Transport,1,Front-to-Rear,1,Not an Intersection,1,On Roadway,1,Clear,1,Daylight,0,9,1,0,1,10.0,0,0.29878888,0
202305051355,1,37,Honda,2012,31,4,"4-door sedan, hardtop",13,Sedan/Saloon,12,12 Clock Point,1,Going Straight,202,"Same Trafficway, Same Direction-Rear End, Lead Vehicle",35,10,0,No Rollover,99,1,Dry,2,No Alcohol Involved,0,1,0.0,25.0,2,0,0,8,11,0,0,0,"South (MD, DE, DC, WV, VA, KY, TN, NC, SC, GA, FL, AL, MS, LA, AR, OK, TX)",Urban Area,4,April,4,Wednesday,2023,14,2:00pm-2:59pm,8,8,12,Motor Vehicle In-Transport,1,Front-to-Rear,2,Four-Way Intersection,1,On Roadway,1,Clear,1,Daylight,0,11,1,0,0,3.333333333333333,0,0.02116471,0
202305445827,1,98,Other Make,2011,882,62,"Single-unit straight truck or Cab-Chassis (GVWR range 19,501 to 26,000 lbs.)",112,Incomplete - Commercial Chassis,1,1 Clock Point,1,Going Straight,502,"Intersecting Paths-Straight Paths, Struck on the Right",35,27,0,No Rollover,1,1,Dry,9,Reported as Unknown,0,1,0.0,59.0,1,0,8,0,13,0,0,0,"Midwest (OH, IN, IL, MI, WI, MN, ND, SD, NE, IA, MO, KS)",Urban Area,11,November,3,Tuesday,2023,15,3:00pm-3:59pm,27,27,12,Motor Vehicle In-Transport,6,Angle,2,Four-Way Intersection,1,On Roadway,1,Clear,1,Daylight,1,12,1,0,1,9.0,0,0.005134099,0
202305356980,3,32,Audi,2013,55,4,"4-door sedan, hardtop",13,Sedan/Saloon,6,6 Clock Point,5,Stopped in Roadway,998,Other Crash Type,45,0,0,No Rollover,1,1,Dry,2,No Alcohol Involved,0,1,0.0,77.0,1,1,0,0,11,0,0,0,"West (MT, ID, WA, OR, CA, NV, NM, AZ, UT, CO, WY, AK, HI)",Urban Area,10,October,4,Wednesday,2023,16,4:00pm-4:59pm,13,13,12,Motor Vehicle In-Transport,1,Front-to-Rear,1,Not an Intersection,1,On Roadway,1,Clear,1,Daylight,4,10,1,0,0,8.333333333333332,0,0.021158768,0
202304774011,2,35,Nissan/Datsun,2015,50,4,"4-door sedan, hardtop",13,Sedan/Saloon,6,6 Clock Point,5,Stopped in Roadway,201,"Same Trafficway, Same Direction-Rear End, Trailing Vehicle",35,0,0,No Rollover,1,1,Dry,2,No Alcohol Involved,0,1,0.0,24.0,1,0,0,0,11,0,0,0,"South (MD, DE, DC, WV, VA, KY, TN, NC, SC, GA, FL, AL, MS, LA, AR, OK, TX)",Urban Area,1,January,4,Wednesday,2023,13,1:00pm-1:59pm,30,30,12,Motor Vehicle In-Transport,1,Front-to-Rear,3,T-Intersection,1,On Roadway,1,Clear,1,Daylight,0,8,1,0,0,0.0,0,0.034553953,0
202305070950,2,49,Toyota,2002,422,15,"Large utility (ANSI D16.1 Utility Vehicle Categories and ""Full Size"" and ""Large"")",7,Sport Utility Vehicle (SUV)/Multi-Purpose Vehicle (MPV),12,12 Clock Point,1,Going Straight,202,"Same Trafficway, Same Direction-Rear End, Lead Vehicle",70,30,0,No Rollover,1,1,Dry,2,No Alcohol Involved,0,1,0.0,19.0,1,0,0,0,11,0,0,0,"South (MD, DE, DC, WV, VA, KY, TN, NC, SC, GA, FL, AL, MS, LA, AR, OK, TX)",Urban Area,4,April,4,Wednesday,2023,6,6:00am-6:59am,20,20,12,Motor Vehicle In-Transport,1,Front-to-Rear,1,Not an Intersection,1,On Roadway,1,Clear,4,Dawn,0,21,1,0,1,10.0,0,0.18415561,0
202304726093,2,12,Ford,2020,481,34,Light Pickup,60,Pickup,11,11 Clock Point,5,Stopped in Roadway,208,"Same Trafficway, Same Direction-Sideswipe, Angle, Vehicle on Right",45,0,0,No Rollover,1,1,Dry,2,No Alcohol Involved,0,1,0.0,44.0,1,0,0,0,11,0,0,0,"South (MD, DE, DC, WV, VA, KY, TN, NC, SC, GA, FL, AL, MS, LA, AR, OK, TX)",Urban Area,1,January,2,Monday,2023,18,6:00pm-6:59pm,45,45,12,Motor Vehicle In-Transport,7,Sideswipe - Same Direction,3,T-Intersection,1,On Roadway,1,Clear,3,Dark - Lighted,0,3,1,0,0,0.0,0,0.013542796,0
202305224395,2,2,Jeep / Kaiser-Jeep / Willys- Jeep,2018,403,14,"Compact Utility (Utility Vehicle Categories ""Small"" and ""Midsize"")",7,Sport Utility Vehicle (SUV)/Multi-Purpose Vehicle (MPV),9,9 Clock Point,1,Going Straight,208,"Same Trafficway, Same Direction-Sideswipe, Angle, Vehicle on Right",35,25,0,No Rollover,5,1,Dry,2,No Alcohol Involved,0,5,0.0,22.0,1,0,8,0,11,0,0,0,"West (MT, ID, WA, OR, CA, NV, NM, AZ, UT, CO, WY, AK, HI)",Urban Area,8,August,2,Monday,2023,9,9:00am-9:59am,17,17,12,Motor Vehicle In-Transport,7,Sideswipe - Same Direction,1,Not an Intersection,1,On Roadway,1,Clear,1,Daylight,0,5,1,0,1,8.333333333333332,0,0.012490117,0
202305321219,1,37,Honda,2005,402,14,"Compact Utility (Utility Vehicle Categories ""Small"" and ""Midsize"")",7,Sport Utility Vehicle (SUV)/Multi-Purpose Vehicle (MPV),1,1 Clock Point,11,Turning Left,401,"Changing Trafficway, Vehicle Turning-Turn Across Path, Initial Opposite Directions [Left/Right]",45,15,0,No Rollover,2,1,Dry,2,No Alcohol Involved,0,2,0.0,32.5,1,2,8,0,11,0,0,0,"South (MD, DE, DC, WV, VA, KY, TN, NC, SC, GA, FL, AL, MS, LA, AR, OK, TX)",Urban Area,8,August,2,Monday,2023,11,11:00am-11:59am,18,18,12,Motor Vehicle In-Transport,6,Angle,3,T-Intersection,1,On Roadway,10,Cloudy,1,Daylight,3,18,1,0,0,21.666666666666664,0,0.23158921,0
202305349417,1,63,KIA,2023,32,5,5-door/4-door hatchback,5,Hatchback/Liftback/Notchback,12,12 Clock Point,1,Going Straight,501,"Intersecting Paths-Straight Paths, Striking from the Right",35,5,0,No Rollover,1,1,Dry,2,No Alcohol Involved,0,1,0.0,73.0,2,0,0,8,11,0,0,0,"South (MD, DE, DC, WV, VA, KY, TN, NC, SC, GA, FL, AL, MS, LA, AR, OK, TX)",Urban Area,7,July,6,Friday,2023,17,5:00pm-5:59pm,36,36,12,Motor Vehicle In-Transport,6,Angle,2,Four-Way Intersection,1,On Roadway,1,Clear,1,Daylight,2,0,1,0,0,1.6666666666666667,0,0.18104814,0
202304896327,1,12,Ford,2022,498,34,Light Pickup,60,Pickup,6,6 Clock Point,5,Stopped in Roadway,201,"Same Trafficway, Same Direction-Rear End, Trailing Vehicle",40,0,0,No Rollover,4,1,Dry,9,Reported as Unknown,0,4,0.0,30.25,1,0,8,0,11,0,0,0,"South (MD, DE, DC, WV, VA, KY, TN, NC, SC, GA, FL, AL, MS, LA, AR, OK, TX)",Urban Area,2,February,4,Wednesday,2023,17,5:00pm-5:59pm,33,33,12,Motor Vehicle In-Transport,1,Front-to-Rear,1,Not an Intersection,1,On Roadway,1,Clear,1,Daylight,0,1,1,0,0,0.0,0,0.020555725,0
202304898900,1,53,Suzuki,2006,709,80,Two Wheel Motorcycle (excluding motor scooters),125,Motorcycle - Unknown Body Class,12,12 Clock Point,1,Going Straight,202,"Same Trafficway, Same Direction-Rear End, Lead Vehicle",25,25,8,Not Applicable,1,1,Dry,9,Reported as Unknown,0,1,0.0,23.0,1,1,8,0,11,0,8,0,"Midwest (OH, IN, IL, MI, WI, MN, ND, SD, NE, IA, MO, KS)",Urban Area,4,April,5,Thursday,2023,15,3:00pm-3:59pm,58,58,12,Motor Vehicle In-Transport,1,Front-to-Rear,1,Not an Intersection,1,On Roadway,1,Clear,1,Daylight,1,17,1,0,1,16.666666666666664,0,0.006814896,0
202305546859,2,49,Toyota,2019,403,14,"Compact Utility (Utility Vehicle Categories ""Small"" and ""Midsize"")",7,Sport Utility Vehicle (SUV)/Multi-Purpose Vehicle (MPV),6,6 Clock Point,5,Stopped in Roadway,201,"Same Trafficway, Same Direction-Rear End, Trailing Vehicle",40,0,0,No Rollover,1,1,Dry,2,No Alcohol Involved,0,1,0.0,72.0,1,0,0,0,11,0,0,0,"South (MD, DE, DC, WV, VA, KY, TN, NC, SC, GA, FL, AL, MS, LA, AR, OK, TX)",Urban Area,1,January,3,Tuesday,2023,13,1:00pm-1:59pm,5,5,12,Motor Vehicle In-Transport,1,Front-to-Rear,2,Four-Way Intersection,1,On Roadway,1,Clear,1,Daylight,0,4,1,0,0,0.0,0,0.018501773,0
202304741665,2,92,Gillig,2014,988,52,Transit Bus (City Bus),16,Bus,3,3 Clock Point,10,Turning Right,407,"Changing Trafficway, Vehicle Turning-Turn Across Path, Other or Unknown",25,5,0,No Rollover,1,1,Dry,2,No Alcohol Involved,0,1,0.0,49.0,2,0,0,0,11,0,0,0,"South (MD, DE, DC, WV, VA, KY, TN, NC, SC, GA, FL, AL, MS, LA, AR, OK, TX)",Urban Area,2,February,7,Saturday,2023,19,7:00pm-7:59pm,20,20,12,Motor Vehicle In-Transport,7,Sideswipe - Same Direction,2,Four-Way Intersection,1,On Roadway,98,Not Reported,3,Dark - Lighted,0,9,1,0,0,1.6666666666666667,0,0.0070942384,0
202305181837,1,49,Toyota,2003,32,4,"4-door sedan, hardtop",13,Sedan/Saloon,3,3 Clock Point,11,Turning Left,408,"Changing Trafficway, Vehicle Turning-Turn Into Path, Turn into Same Direction [Turning Left]",0,5,0,No Rollover,1,0,Non-Trafficway or Driveway Access,9,Reported as Unknown,0,1,0.0,33.0,1,0,8,0,11,0,0,0,"Midwest (OH, IN, IL, MI, WI, MN, ND, SD, NE, IA, MO, KS)",Rural Area,8,August,2,Monday,2023,20,8:00pm-8:59pm,2,2,12,Motor Vehicle In-Transport,6,Angle,1,Not an Intersection,1,On Roadway,2,Rain,5,Dusk,0,20,1,0,0,1.6666666666666667,0,0.09829939,0
202304778963,1,18,Buick / Opel,2016,25,4,"4-door sedan, hardtop",13,Sedan/Saloon,1,1 Clock Point,2,Decelerating in Road,998,Other Crash Type,40,30,0,No Rollover,1,1,Dry,2,No Alcohol Involved,0,1,0.0,23.0,1,0,0,0,11,0,0,0,"West (MT, ID, WA, OR, CA, NV, NM, AZ, UT, CO, WY, AK, HI)",Urban Area,2,February,7,Saturday,2023,17,5:00pm-5:59pm,40,40,12,Motor Vehicle In-Transport,7,Sideswipe - Same Direction,2,Four-Way Intersection,1,On Roadway,1,Clear,1,Daylight,0,7,1,0,1,10.0,0,0.09694377,0
202305121098,3,49,Toyota,2019,472,34,Light Pickup,60,Pickup,6,6 Clock Point,5,Stopped in Roadway,998,Other Crash Type,40,0,0,No Rollover,1,1,Dry,9,Reported as Unknown,0,1,0.0,43.0,2,0,8,0,11,0,0,0,"South (MD, DE, DC, WV, VA, KY, TN, NC, SC, GA, FL, AL, MS, LA, AR, OK, TX)",Rural Area,7,July,3,Tuesday,2023,7,7:00am-7:59am,56,56,12,Motor Vehicle In-Transport,1,Front-to-Rear,1,Not an Intersection,1,On Roadway,1,Clear,1,Daylight,0,4,1,0,0,0.0,0,0.020997552,0
202304853900,1,49,Toyota,2004,32,4,"4-door sedan, hardtop",13,Sedan/Saloon,12,12 Clock Point,1,Going Straight,103,Single Driver-Struck Object While Moving Forward,45,45,0,No Rollover,1,1,Dry,2,No Alcohol Involved,0,1,0.0,18.0,2,0,0,0,11,0,0,0,"South (MD, DE, DC, WV, VA, KY, TN, NC, SC, GA, FL, AL, MS, LA, AR, OK, TX)",Rural Area,4,April,3,Tuesday,2023,20,8:00pm-8:59pm,14,14,9,Pedalcyclist,0,The First Harmful Event was Not a Collision with a Motor Vehicle In-Transport,1,Not an Intersection,1,On Roadway,1,Clear,3,Dark - Lighted,1,19,1,1,1,15.0,0,0.04249221,0
202305448324,1,20,Chevrolet,2019,481,34,Light Pickup,60,Pickup,11,11 Clock Point,1,Going Straight,103,Single Driver-Struck Object While Moving Forward,55,55,0,No Rollover,1,1,Dry,9,Reported as Unknown,0,1,0.0,64.0,1,0,8,0,11,0,0,0,"Midwest (OH, IN, IL, MI, WI, MN, ND, SD, NE, IA, MO, KS)",Urban Area,11,November,4,Wednesday,2023,20,8:00pm-8:59pm,36,36,11,Live Animal,0,The First Harmful Event was Not a Collision with a Motor Vehicle In-Transport,1,Not an Intersection,1,On Roadway,1,Clear,2,Dark - Not Lighted,0,4,1,1,1,18.33333333333333,0,0.13410595,0
202304829942,1,37,Honda,2001,32,4,"4-door sedan, hardtop",13,Sedan/Saloon,11,11 Clock Point,10,Turning Right,410,"Changing Trafficway, Vehicle Turning-Turn Into Path, Turn into Same Direction [Turning Right]",35,10,0,No Rollover,1,1,Dry,9,Reported as Unknown,0,1,0.0,73.0,2,0,8,8,11,0,0,0,"West (MT, ID, WA, OR, CA, NV, NM, AZ, UT, CO, WY, AK, HI)",Rural Area,1,January,5,Thursday,2023,9,9:00am-9:59am,21,21,12,Motor Vehicle In-Transport,7,Sideswipe - Same Direction,3,T-Intersection,1,On Roadway,1,Clear,1,Daylight,0,22,1,0,0,3.333333333333333,0,0.050882272,0
202305232245,2,49,Toyota,2020,442,20,"Minivan (Chrysler Town and Country, Caravan, Grand Caravan, Voyager, Voyager, Honda-Odyssey, ...)",2,Minivan,12,12 Clock Point,1,Going Straight,402,"Changing Trafficway, Vehicle Turning-Turn Across Path, Initial Opposite Directions [Going Straight]",45,40,0,No Rollover,2,1,Dry,2,No Alcohol Involved,2,2,1.0,52.0,2,1,8,0,11,0,0,1,"West (MT, ID, WA, OR, CA, NV, NM, AZ, UT, CO, WY, AK, HI)",Urban Area,6,June,5,Thursday,2023,16,4:00pm-4:59pm,15,15,12,Motor Vehicle In-Transport,2,Front-to-Front,3,T-Intersection,1,On Roadway,10,Cloudy,1,Daylight,1,3,1,1,1,21.666666666666664,1,0.7190536,1
202305218123,1,41,Mazda,2019,403,14,"Compact Utility (Utility Vehicle Categories ""Small"" and ""Midsize"")",7,Sport Utility Vehicle (SUV)/Multi-Purpose Vehicle (MPV),10,10 Clock Point,1,Going Straight,102,Single Driver-Left Roadside Departure,70,70,0,No Rollover,1,1,Dry,2,No Alcohol Involved,0,1,0.0,26.0,2,0,0,0,11,0,0,0,"South (MD, DE, DC, WV, VA, KY, TN, NC, SC, GA, FL, AL, MS, LA, AR, OK, TX)",Urban Area,9,September,6,Friday,2023,13,1:00pm-1:59pm,45,45,57,Cable Barrier,0,The First Harmful Event was Not a Collision with a Motor Vehicle In-Transport,1,Not an Intersection,3,On Median,1,Clear,1,Daylight,0,4,1,1,1,23.33333333333333,0,0.30594757,0
202304665540,1,63,KIA,2015,37,6,Station Wagon (excluding van and truck based),7,Sport Utility Vehicle (SUV)/Multi-Purpose Vehicle (MPV),12,12 Clock Point,1,Going Straight,202,"Same Trafficway, Same Direction-Rear End, Lead Vehicle",25,20,0,No Rollover,1,1,Dry,9,Reported as Unknown,1,1,1.0,26.0,2,2,8,8,11,0,0,1,"South (MD, DE, DC, WV, VA, KY, TN, NC, SC, GA, FL, AL, MS, LA, AR, OK, TX)",Urban Area,1,January,6,Friday,2023,8,8:00am-8:59am,15,15,12,Motor Vehicle In-Transport,1,Front-to-Rear,1,Not an Intersection,1,On Roadway,98,Not Reported,1,Daylight,2,8,1,0,0,23.33333333333333,0,0.13530739,1
202304703085,2,49,Toyota,2014,401,14,"Compact Utility (Utility Vehicle Categories ""Small"" and ""Midsize"")",7,Sport Utility Vehicle (SUV)/Multi-Purpose Vehicle (MPV),6,6 Clock Point,5,Stopped in Roadway,201,"Same Trafficway, Same Direction-Rear End, Trailing Vehicle",55,0,0,No Rollover,1,1,Dry,2,No Alcohol Involved,0,1,0.0,42.0,1,0,0,0,11,0,0,0,"South (MD, DE, DC, WV, VA, KY, TN, NC, SC, GA, FL, AL, MS, LA, AR, OK, TX)",Urban Area,1,January,3,Tuesday,2023,6,6:00am-6:59am,25,25,12,Motor Vehicle In-Transport,1,Front-to-Rear,1,Not an Intersection,1,On Roadway,1,Clear,1,Daylight,0,9,1,0,0,0.0,0,0.0650295,0
202305671225,1,49,Toyota,2019,32,4,"4-door sedan, hardtop",13,Sedan/Saloon,12,12 Clock Point,1,Going Straight,202,"Same Trafficway, Same Direction-Rear End, Lead Vehicle",40,5,0,No Rollover,1,1,Dry,2,No Alcohol Involved,0,1,0.0,41.0,1,0,0,8,11,0,0,0,"South (MD, DE, DC, WV, VA, KY, TN, NC, SC, GA, FL, AL, MS, LA, AR, OK, TX)",Urban Area,7,July,5,Thursday,2023,17,5:00pm-5:59pm,41,41,12,Motor Vehicle In-Transport,1,Front-to-Rear,3,T-Intersection,1,On Roadway,1,Clear,1,Daylight,0,4,1,0,0,1.6666666666666667,0,0.027060537,0
202304975190,1,35,Nissan/Datsun,2015,43,4,"4-door sedan, hardtop",13,Sedan/Saloon,12,12 Clock Point,5,Stopped in Roadway,415,"Changing Trafficway, Vehicle Turning-Turn Into Path, Turn into Opposite Directions [Going Straight, Other Vehicle Turning Left]",25,0,0,No Rollover,1,98,Not Reported,9,Reported as Unknown,0,1,0.0,38.0,2,1,8,0,11,0,0,0,"Midwest (OH, IN, IL, MI, WI, MN, ND, SD, NE, IA, MO, KS)",Rural Area,5,May,1,Sunday,2023,2,2:00am-2:59am,0,0,12,Motor Vehicle In-Transport,2,Front-to-Front,2,Four-Way Intersection,1,On Roadway,1,Clear,3,Dark - Lighted,1,8,1,0,0,8.333333333333332,0,0.30385777,0
202305573368,2,37,Honda,2021,421,15,"Large utility (ANSI D16.1 Utility Vehicle Categories and ""Full Size"" and ""Large"")",7,Sport Utility Vehicle (SUV)/Multi-Purpose Vehicle (MPV),6,6 Clock Point,5,Stopped in Roadway,201,"Same Trafficway, Same Direction-Rear End, Trailing Vehicle",65,0,0,No Rollover,1,1,Dry,9,Reported as Unknown,0,1,0.0,44.0,2,0,8,0,11,0,0,0,"Midwest (OH, IN, IL, MI, WI, MN, ND, SD, NE, IA, MO, KS)",Urban Area,10,October,5,Thursday,2023,7,7:00am-7:59am,50,50,12,Motor Vehicle In-Transport,1,Front-to-Rear,2,Four-Way Intersection,1,On Roadway,10,Cloudy,4,Dawn,0,2,1,0,0,0.0,0,0.056056425,0
202304884507,1,85,Kenworth,2022,881,66,"Truck-tractor (Cab only, or with any number of trailing unit; any weight)",66,Truck-Tractor,9,9 Clock Point,14,Negotiating a Curve,103,Single Driver-Struck Object While Moving Forward,25,10,0,No Rollover,99,1,Dry,9,Reported as Unknown,0,1,0.0,47.0,8,0,8,0,11,0,0,0,"Midwest (OH, IN, IL, MI, WI, MN, ND, SD, NE, IA, MO, KS)",Urban Area,4,April,7,Saturday,2023,10,10:00am-10:59am,51,51,14,Parked Motor Vehicle,0,The First Harmful Event was Not a Collision with a Motor Vehicle In-Transport,1,Not an Intersection,7,In Parking Lane/Zone,1,Clear,1,Daylight,0,1,1,0,0,3.333333333333333,0,0.0042290124,0
202305279562,2,63,KIA,2019,38,4,"4-door sedan, hardtop",13,Sedan/Saloon,2,2 Clock Point,1,Going Straight,207,"Same Trafficway, Same Direction-Sideswipe, Angle, Vehicle on Left",35,30,0,No Rollover,1,1,Dry,2,No Alcohol Involved,0,1,0.0,25.0,1,0,0,8,11,0,0,0,"South (MD, DE, DC, WV, VA, KY, TN, NC, SC, GA, FL, AL, MS, LA, AR, OK, TX)",Urban Area,7,July,6,Friday,2023,22,10:00pm-10:59pm,45,45,12,Motor Vehicle In-Transport,7,Sideswipe - Same Direction,1,Not an Intersection,1,On Roadway,1,Clear,3,Dark - Lighted,0,4,1,0,1,10.0,0,0.04421009,0
202305373201,2,12,Ford,2005,402,14,"Compact Utility (Utility Vehicle Categories ""Small"" and ""Midsize"")",7,Sport Utility Vehicle (SUV)/Multi-Purpose Vehicle (MPV),6,6 Clock Point,1,Going Straight,201,"Same Trafficway, Same Direction-Rear End, Trailing Vehicle",15,15,0,No Rollover,1,2,Wet,2,No Alcohol Involved,0,1,0.0,58.0,2,0,0,8,11,0,0,0,"South (MD, DE, DC, WV, VA, KY, TN, NC, SC, GA, FL, AL, MS, LA, AR, OK, TX)",Urban Area,7,July,5,Thursday,2023,19,7:00pm-7:59pm,8,8,12,Motor Vehicle In-Transport,1,Front-to-Rear,2,Four-Way Intersection,1,On Roadway,1,Clear,3,Dark - Lighted,0,18,1,0,0,5.0,0,0.03664999,0
202305328289,1,20,Chevrolet,2012,25,4,"4-door sedan, hardtop",13,Sedan/Saloon,7,7 Clock Point,13,Backing Up (other than for Parking Position),992,Backing Vehicle,0,5,0,No Rollover,1,0,Non-Trafficway or Driveway Access,9,Reported as Unknown,0,1,0.0,70.0,1,0,8,0,11,0,0,0,"Midwest (OH, IN, IL, MI, WI, MN, ND, SD, NE, IA, MO, KS)",Rural Area,10,October,4,Wednesday,2023,14,2:00pm-2:59pm,11,11,30,Utility Pole/Light Support,0,The First Harmful Event was Not a Collision with a Motor Vehicle In-Transport,1,Not an Intersection,4,On Roadside,1,Clear,1,Daylight,0,11,1,0,0,1.6666666666666667,0,0.031937443,0
202304931396,2,20,Chevrolet,2022,481,34,Light Pickup,60,Pickup,3,3 Clock Point,1,Going Straight,207,"Same Trafficway, Same Direction-Sideswipe, Angle, Vehicle on Left",45,25,0,No Rollover,1,1,Dry,2,No Alcohol Involved,0,1,0.0,39.0,1,0,0,8,11,0,0,0,"South (MD, DE, DC, WV, VA, KY, TN, NC, SC, GA, FL, AL, MS, LA, AR, OK, TX)",Urban Area,2,February,4,Wednesday,2023,18,6:00pm-6:59pm,5,5,12,Motor Vehicle In-Transport,7,Sideswipe - Same Direction,1,Not an Intersection,11,Continuous Left - Turn Lane,1,Clear,5,Dusk,0,1,1,0,1,8.333333333333332,0,0.030251963,0
202305739439,2,49,Toyota,2022,403,14,"Compact Utility (Utility Vehicle Categories ""Small"" and ""Midsize"")",7,Sport Utility Vehicle (SUV)/Multi-Purpose Vehicle (MPV),10,10 Clock Point,1,Going Straight,208,"Same Trafficway, Same Direction-Sideswipe, Angle, Vehicle on Right",45,15,0,No Rollover,1,1,Dry,2,No Alcohol Involved,0,1,0.0,48.0,1,0,0,8,11,0,0,0,"South (MD, DE, DC, WV, VA, KY, TN, NC, SC, GA, FL, AL, MS, LA, AR, OK, TX)",Urban Area,12,December,7,Saturday,2023,8,8:00am-8:59am,55,55,12,Motor Vehicle In-Transport,7,Sideswipe - Same Direction,1,Not an Intersection,1,On Roadway,1,Clear,1,Daylight,0,1,1,0,0,5.0,0,0.010683653,0
202305064299,2,58,Infiniti,2018,41,4,"4-door sedan, hardtop",13,Sedan/Saloon,6,6 Clock Point,1,Going Straight,201,"Same Trafficway, Same Direction-Rear End, Trailing Vehicle",30,20,0,No Rollover,1,1,Dry,2,No Alcohol Involved,0,1,0.0,33.0,1,0,0,8,11,0,0,0,"South (MD, DE, DC, WV, VA, KY, TN, NC, SC, GA, FL, AL, MS, LA, AR, OK, TX)",Urban Area,5,May,2,Monday,2023,8,8:00am-8:59am,38,38,12,Motor Vehicle In-Transport,1,Front-to-Rear,1,Not an Intersection,1,On Roadway,1,Clear,1,Daylight,0,5,1,0,0,6.666666666666667,0,0.04085134,0
202305413198,2,63,KIA,2020,401,14,"Compact Utility (Utility Vehicle Categories ""Small"" and ""Midsize"")",7,Sport Utility Vehicle (SUV)/Multi-Purpose Vehicle (MPV),6,6 Clock Point,1,Going Straight,201,"Same Trafficway, Same Direction-Rear End, Trailing Vehicle",40,2,0,No Rollover,2,1,Dry,2,No Alcohol Involved,0,1,0.0,75.0,2,0,0,0,11,0,0,0,"Midwest (OH, IN, IL, MI, WI, MN, ND, SD, NE, IA, MO, KS)",Rural Area,10,October,2,Monday,2023,15,3:00pm-3:59pm,38,38,12,Motor Vehicle In-Transport,1,Front-to-Rear,2,Four-Way Intersection,1,On Roadway,10,Cloudy,1,Daylight,0,3,1,0,0,0.6666666666666667,0,0.02119965,0
202304989844,1,6,Chrysler,2007,51,4,"4-door sedan, hardtop",13,Sedan/Saloon,13,Top,1,Going Straight,998,Other Crash Type,65,35,0,No Rollover,1,1,Dry,2,No Alcohol Involved,0,1,0.0,39.0,1,0,0,0,11,0,0,0,"West (MT, ID, WA, OR, CA, NV, NM, AZ, UT, CO, WY, AK, HI)",Urban Area,5,May,5,Thursday,2023,12,12:00pm-12:59pm,0,0,54,"Motor Vehicle In-Transport Strikes or is Struck by Cargo, Persons or Objects Set-in-Motion from/by Another Motor Vehicle In Transport",11,Other,1,Not an Intersection,1,On Roadway,10,Cloudy,1,Daylight,0,16,0,1,1,11.666666666666666,0,0.04648512,0
202304878614,1,20,Chevrolet,2002,37,4,"4-door sedan, hardtop",13,Sedan/Saloon,12,12 Clock Point,11,Turning Left,401,"Changing Trafficway, Vehicle Turning-Turn Across Path, Initial Opposite Directions [Left/Right]",35,30,0,No Rollover,1,1,Dry,9,Reported as Unknown,1,1,1.0,29.0,1,0,8,0,11,0,0,1,"South (MD, DE, DC, WV, VA, KY, TN, NC, SC, GA, FL, AL, MS, LA, AR, OK, TX)",Urban Area,3,March,2,Monday,2023,21,9:00pm-9:59pm,35,35,12,Motor Vehicle In-Transport,6,Angle,2,Four-Way Intersection,1,On Roadway,1,Clear,1,Daylight,1,21,1,0,1,10.0,0,0.4193651,1
202304971604,2,35,Nissan/Datsun,2020,43,4,"4-door sedan, hardtop",13,Sedan/Saloon,6,6 Clock Point,5,Stopped in Roadway,201,"Same Trafficway, Same Direction-Rear End, Trailing Vehicle",35,0,0,No Rollover,1,1,Dry,2,No Alcohol Involved,0,1,0.0,30.0,1,0,0,0,11,0,0,0,"South (MD, DE, DC, WV, VA, KY, TN, NC, SC, GA, FL, AL, MS, LA, AR, OK, TX)",Urban Area,5,May,3,Tuesday,2023,8,8:00am-8:59am,44,44,12,Motor Vehicle In-Transport,1,Front-to-Rear,2,Four-Way Intersection,1,On Roadway,1,Clear,1,Daylight,0,3,1,0,0,0.0,0,0.05001254,0
202305450307,2,49,Toyota,2001,40,4,"4-door sedan, hardtop",13,Sedan/Saloon,12,12 Clock Point,1,Going Straight,202,"Same Trafficway, Same Direction-Rear End, Lead Vehicle",35,35,0,No Rollover,2,1,Dry,2,No Alcohol Involved,0,1,0.0,15.0,2,0,0,0,11,0,0,0,"Midwest (OH, IN, IL, MI, WI, MN, ND, SD, NE, IA, MO, KS)",Rural Area,10,October,5,Thursday,2023,15,3:00pm-3:59pm,16,16,12,Motor Vehicle In-Transport,1,Front-to-Rear,1,Not an Intersection,1,On Roadway,10,Cloudy,1,Daylight,0,22,1,1,1,11.666666666666666,0,0.2434159,0
202305331027,3,49,Toyota,2018,40,4,"4-door sedan, hardtop",13,Sedan/Saloon,6,6 Clock Point,1,Going Straight,201,"Same Trafficway, Same Direction-Rear End, Trailing Vehicle",50,50,0,No Rollover,3,1,Dry,2,No Alcohol Involved,0,3,0.0,6.666666666666667,2,0,8,0,11,0,0,0,"South (MD, DE, DC, WV, VA, KY, TN, NC, SC, GA, FL, AL, MS, LA, AR, OK, TX)",Rural Area,10,October,4,Wednesday,2023,17,5:00pm-5:59pm,55,55,12,Motor Vehicle In-Transport,1,Front-to-Rear,1,Not an Intersection,1,On Roadway,10,Cloudy,5,Dusk,2,5,1,1,1,16.666666666666664,0,0.06021985,0
202305174331,1,23,GMC,2016,423,15,"Large utility (ANSI D16.1 Utility Vehicle Categories and ""Full Size"" and ""Large"")",7,Sport Utility Vehicle (SUV)/Multi-Purpose Vehicle (MPV),12,12 Clock Point,1,Going Straight,202,"Same Trafficway, Same Direction-Rear End, Lead Vehicle",35,40,0,No Rollover,1,1,Dry,9,Reported as Unknown,0,1,0.0,27.0,1,0,8,0,11,0,0,0,"South (MD, DE, DC, WV, VA, KY, TN, NC, SC, GA, FL, AL, MS, LA, AR, OK, TX)",Urban Area,3,March,2,Monday,2023,18,6:00pm-6:59pm,0,0,12,Motor Vehicle In-Transport,1,Front-to-Rear,3,T-Intersection,1,On Roadway,1,Clear,5,Dusk,0,7,1,1,1,13.333333333333334,1,0.5478063,0
202305645243,1,20,Chevrolet,2012,481,34,Light Pickup,60,Pickup,12,12 Clock Point,14,Negotiating a Curve,102,Single Driver-Left Roadside Departure,35,30,0,No Rollover,1,1,Dry,9,Reported as Unknown,1,1,1.0,40.0,1,1,9,8,11,0,0,1,"South (MD, DE, DC, WV, VA, KY, TN, NC, SC, GA, FL, AL, MS, LA, AR, OK, TX)",Urban Area,12,December,7,Saturday,2023,99,Unknown Hours,99,Unknown Minutes,42,Tree (Standing Only),0,The First Harmful Event was Not a Collision with a Motor Vehicle In-Transport,1,Not an Intersection,6,Off Roadway-Location Unknown,1,Clear,2,Dark - Not Lighted,1,11,1,0,1,18.33333333333333,0,0.43172657,1
202305565772,2,42,Mercedes-Benz,2017,422,15,"Large utility (ANSI D16.1 Utility Vehicle Categories and ""Full Size"" and ""Large"")",7,Sport Utility Vehicle (SUV)/Multi-Purpose Vehicle (MPV),6,6 Clock Point,5,Stopped in Roadway,201,"Same Trafficway, Same Direction-Rear End, Trailing Vehicle",45,0,0,No Rollover,1,1,Dry,2,No Alcohol Involved,0,1,0.0,51.0,2,0,0,0,11,0,0,0,"South (MD, DE, DC, WV, VA, KY, TN, NC, SC, GA, FL, AL, MS, LA, AR, OK, TX)",Urban Area,12,December,5,Thursday,2023,11,11:00am-11:59am,31,31,12,Motor Vehicle In-Transport,1,Front-to-Rear,2,Four-Way Intersection,1,On Roadway,1,Clear,1,Daylight,0,6,1,0,0,0.0,0,0.024912562,0
202304997489,1,35,Nissan/Datsun,2012,43,4,"4-door sedan, hardtop",13,Sedan/Saloon,6,6 Clock Point,5,Stopped in Roadway,201,"Same Trafficway, Same Direction-Rear End, Trailing Vehicle",45,0,0,No Rollover,1,2,Wet,2,No Alcohol Involved,0,1,0.0,34.0,1,1,0,0,11,0,0,0,"South (MD, DE, DC, WV, VA, KY, TN, NC, SC, GA, FL, AL, MS, LA, AR, OK, TX)",Urban Area,5,May,1,Sunday,2023,11,11:00am-11:59am,20,20,12,Motor Vehicle In-Transport,1,Front-to-Rear,2,Four-Way Intersection,1,On Roadway,2,Rain,1,Daylight,3,11,1,0,0,8.333333333333332,0,0.036947843,0
202304720062,2,2,Jeep / Kaiser-Jeep / Willys- Jeep,2014,403,14,"Compact Utility (Utility Vehicle Categories ""Small"" and ""Midsize"")",7,Sport Utility Vehicle (SUV)/Multi-Purpose Vehicle (MPV),12,12 Clock Point,1,Going Straight,402,"Changing Trafficway, Vehicle Turning-Turn Across Path, Initial Opposite Directions [Going Straight]",35,35,0,No Rollover,1,1,Dry,2,No Alcohol Involved,0,1,0.0,20.0,2,0,0,0,11,0,0,0,"West (MT, ID, WA, OR, CA, NV, NM, AZ, UT, CO, WY, AK, HI)",Rural Area,1,January,7,Saturday,2023,17,5:00pm-5:59pm,10,10,12,Motor Vehicle In-Transport,6,Angle,1,Not an Intersection,1,On Roadway,1,Clear,3,Dark - Lighted,0,9,1,1,1,11.666666666666666,0,0.44709828,0
202304992179,1,55,Hyundai,2018,35,4,"4-door sedan, hardtop",13,Sedan/Saloon,12,12 Clock Point,1,Going Straight,202,"Same Trafficway, Same Direction-Rear End, Lead Vehicle",50,10,0,No Rollover,1,1,Dry,2,No Alcohol Involved,0,1,0.0,23.0,2,0,0,0,11,0,0,0,"South (MD, DE, DC, WV, VA, KY, TN, NC, SC, GA, FL, AL, MS, LA, AR, OK, TX)",Rural Area,5,May,2,Monday,2023,18,6:00pm-6:59pm,46,46,12,Motor Vehicle In-Transport,1,Front-to-Rear,2,Four-Way Intersection,1,On Roadway,1,Clear,1,Daylight,1,5,1,0,0,3.333333333333333,0,0.03886055,0
202305397522,1,6,Chrysler,2019,443,20,"Minivan (Chrysler Town and Country, Caravan, Grand Caravan, Voyager, Voyager, Honda-Odyssey, ...)",2,Minivan,12,12 Clock Point,1,Going Straight,103,Single Driver-Struck Object While Moving Forward,70,70,0,No Rollover,1,1,Dry,2,No Alcohol Involved,0,1,0.0,54.0,2,0,0,0,11,0,0,0,"South (MD, DE, DC, WV, VA, KY, TN, NC, SC, GA, FL, AL, MS, LA, AR, OK, TX)",Urban Area,11,November,2,Monday,2023,6,6:00am-6:59am,48,48,11,Live Animal,0,The First Harmful Event was Not a Collision with a Motor Vehicle In-Transport,1,Not an Intersection,1,On Roadway,1,Clear,1,Daylight,0,4,1,1,1,23.33333333333333,0,0.33873117,0
202305559312,1,6,Chrysler,2007,51,4,"4-door sedan, hardtop",13,Sedan/Saloon,12,12 Clock Point,1,Going Straight,503,"Intersecting Paths-Straight Paths, Striking from the Left",45,45,0,No Rollover,1,1,Dry,9,Reported as Unknown,1,1,1.0,55.0,1,2,8,8,11,0,0,1,"West (MT, ID, WA, OR, CA, NV, NM, AZ, UT, CO, WY, AK, HI)",Rural Area,12,December,1,Sunday,2023,13,1:00pm-1:59pm,14,14,12,Motor Vehicle In-Transport,6,Angle,2,Four-Way Intersection,1,On Roadway,1,Clear,1,Daylight,2,16,1,1,1,31.666666666666664,1,0.5221113,1
202305504690,3,20,Chevrolet,2010,481,34,Light Pickup,60,Pickup,6,6 Clock Point,2,Decelerating in Road,998,Other Crash Type,25,20,0,No Rollover,1,1,Dry,2,No Alcohol Involved,0,1,0.0,49.0,1,0,0,0,11,0,0,0,"South (MD, DE, DC, WV, VA, KY, TN, NC, SC, GA, FL, AL, MS, LA, AR, OK, TX)",Urban Area,12,December,3,Tuesday,2023,20,8:00pm-8:59pm,10,10,12,Motor Vehicle In-Transport,1,Front-to-Rear,2,Four-Way Intersection,1,On Roadway,1,Clear,2,Dark - Not Lighted,1,13,1,0,0,6.666666666666667,0,0.03569322,0
202305250609,2,63,KIA,2019,38,4,"4-door sedan, hardtop",13,Sedan/Saloon,12,12 Clock Point,1,Going Straight,415,"Changing Trafficway, Vehicle Turning-Turn Into Path, Turn into Opposite Directions [Going Straight, Other Vehicle Turning Left]",45,45,0,No Rollover,1,1,Dry,9,Reported as Unknown,1,1,1.0,36.0,2,1,8,0,11,0,0,1,"South (MD, DE, DC, WV, VA, KY, TN, NC, SC, GA, FL, AL, MS, LA, AR, OK, TX)",Urban Area,9,September,7,Saturday,2023,14,2:00pm-2:59pm,55,55,12,Motor Vehicle In-Transport,6,Angle,1,Not an Intersection,1,On Roadway,1,Clear,1,Daylight,2,4,1,1,1,23.33333333333333,1,0.632283,1
202304952448,2,30,Volkswagen,2021,40,4,"4-door sedan, hardtop",13,Sedan/Saloon,62,Left-Front Side,1,Going Straight,208,"Same Trafficway, Same Direction-Sideswipe, Angle, Vehicle on Right",45,45,0,No Rollover,1,1,Dry,2,No Alcohol Involved,0,1,0.0,32.0,1,0,0,0,11,0,0,0,"South (MD, DE, DC, WV, VA, KY, TN, NC, SC, GA, FL, AL, MS, LA, AR, OK, TX)",Urban Area,3,March,2,Monday,2023,14,2:00pm-2:59pm,38,38,12,Motor Vehicle In-Transport,7,Sideswipe - Same Direction,1,Not an Intersection,1,On Roadway,1,Clear,1,Daylight,0,2,0,1,1,15.0,0,0.056284238,0
202305378603,2,7,Dodge,2021,482,34,Light Pickup,60,Pickup,12,12 Clock Point,1,Going Straight,503,"Intersecting Paths-Straight Paths, Striking from the Left",45,20,0,No Rollover,2,2,Wet,2,No Alcohol Involved,0,2,0.0,40.0,1,0,8,0,11,0,0,0,"South (MD, DE, DC, WV, VA, KY, TN, NC, SC, GA, FL, AL, MS, LA, AR, OK, TX)",Urban Area,10,October,3,Tuesday,2023,17,5:00pm-5:59pm,21,21,12,Motor Vehicle In-Transport,6,Angle,2,Four-Way Intersection,1,On Roadway,10,Cloudy,1,Daylight,0,2,1,0,0,6.666666666666667,0,0.3085635,0
202304918374,1,49,Toyota,2013,403,14,"Compact Utility (Utility Vehicle Categories ""Small"" and ""Midsize"")",7,Sport Utility Vehicle (SUV)/Multi-Purpose Vehicle (MPV),12,12 Clock Point,1,Going Straight,101,Single Driver-Right Roadside Departure,65,65,0,No Rollover,1,2,Wet,9,Reported as Unknown,0,1,0.0,44.0,2,2,8,0,11,0,0,0,"Midwest (OH, IN, IL, MI, WI, MN, ND, SD, NE, IA, MO, KS)",Urban Area,5,May,1,Sunday,2023,6,6:00am-6:59am,41,41,24,Guardrail Face,0,The First Harmful Event was Not a Collision with a Motor Vehicle In-Transport,1,Not an Intersection,4,On Roadside,2,Rain,4,Dawn,1,10,1,1,1,38.33333333333333,1,0.7401908,0
202304735371,2,20,Chevrolet,2022,498,14,"Compact Utility (Utility Vehicle Categories ""Small"" and ""Midsize"")",7,Sport Utility Vehicle (SUV)/Multi-Purpose Vehicle (MPV),6,6 Clock Point,5,Stopped in Roadway,201,"Same Trafficway, Same Direction-Rear End, Trailing Vehicle",35,0,0,No Rollover,2,1,Dry,9,Reported as Unknown,0,2,0.0,20.0,1,0,8,0,11,0,0,0,"Midwest (OH, IN, IL, MI, WI, MN, ND, SD, NE, IA, MO, KS)",Urban Area,2,February,4,Wednesday,2023,18,6:00pm-6:59pm,48,48,12,Motor Vehicle In-Transport,1,Front-to-Rear,2,Four-Way Intersection,1,On Roadway,1,Clear,3,Dark - Lighted,0,1,1,0,0,0.0,0,0.03251396,0
202305607701,2,59,Lexus,2018,403,14,"Compact Utility (Utility Vehicle Categories ""Small"" and ""Midsize"")",7,Sport Utility Vehicle (SUV)/Multi-Purpose Vehicle (MPV),12,12 Clock Point,1,Going Straight,998,Other Crash Type,45,40,0,No Rollover,2,2,Wet,2,No Alcohol Involved,0,2,0.0,33.0,1,0,8,0,11,0,0,0,"South (MD, DE, DC, WV, VA, KY, TN, NC, SC, GA, FL, AL, MS, LA, AR, OK, TX)",Urban Area,11,November,1,Sunday,2023,14,2:00pm-2:59pm,10,10,12,Motor Vehicle In-Transport,6,Angle,2,Four-Way Intersection,1,On Roadway,2,Rain,1,Daylight,0,5,1,1,1,13.333333333333334,1,0.54255056,0
202305254608,1,69,Other Import,2019,54,1,"Convertible(excludes sun-roof,t-bar)",1,Convertible/Cabriolet,6,6 Clock Point,5,Stopped in Roadway,201,"Same Trafficway, Same Direction-Rear End, Trailing Vehicle",45,0,0,No Rollover,2,1,Dry,2,No Alcohol Involved,0,2,0.0,32.0,1,2,8,0,11,0,0,0,"South (MD, DE, DC, WV, VA, KY, TN, NC, SC, GA, FL, AL, MS, LA, AR, OK, TX)",Urban Area,9,September,7,Saturday,2023,10,10:00am-10:59am,32,32,12,Motor Vehicle In-Transport,1,Front-to-Rear,1,Not an Intersection,1,On Roadway,1,Clear,1,Daylight,1,4,1,0,0,16.666666666666664,0,0.04084011,0
202304884886,3,20,Chevrolet,2022,37,4,"4-door sedan, hardtop",13,Sedan/Saloon,12,12 Clock Point,5,Stopped in Roadway,998,Other Crash Type,98,0,0,No Rollover,2,98,Not Reported,2,No Alcohol Involved,2,2,1.0,23.0,2,2,8,0,11,0,0,1,"South (MD, DE, DC, WV, VA, KY, TN, NC, SC, GA, FL, AL, MS, LA, AR, OK, TX)",Urban Area,3,March,3,Tuesday,2023,18,6:00pm-6:59pm,37,37,12,Motor Vehicle In-Transport,6,Angle,2,Four-Way Intersection,1,On Roadway,1,Clear,1,Daylight,4,1,1,0,0,16.666666666666664,0,0.14234401,1
202304856693,1,87,Peterbilt,2012,881,66,"Truck-tractor (Cab only, or with any number of trailing unit; any weight)",66,Truck-Tractor,0,Non-Collision,1,Going Straight,102,Single Driver-Left Roadside Departure,55,10,3,Rollover,1,1,Dry,9,Reported as Unknown,0,1,0.0,56.0,1,0,8,8,11,0,0,0,"West (MT, ID, WA, OR, CA, NV, NM, AZ, UT, CO, WY, AK, HI)",Urban Area,3,March,5,Thursday,2023,12,12:00pm-12:59pm,5,5,1,Rollover/Overturn,0,The First Harmful Event was Not a Collision with a Motor Vehicle In-Transport,1,Not an Intersection,4,On Roadside,1,Clear,1,Daylight,0,11,0,0,0,3.333333333333333,0,0.008816712,0
202305647545,1,12,Ford,2005,880,67,"Medium/heavy Pickup (GVWR greater than 10,000 lbs.)",60,Pickup,12,12 Clock Point,1,Going Straight,103,Single Driver-Struck Object While Moving Forward,30,30,0,No Rollover,99,1,Dry,2,No Alcohol Involved,0,1,0.0,53.0,1,1,0,0,11,0,0,0,"South (MD, DE, DC, WV, VA, KY, TN, NC, SC, GA, FL, AL, MS, LA, AR, OK, TX)",Urban Area,11,November,6,Friday,2023,19,7:00pm-7:59pm,50,50,8,Pedestrian,0,The First Harmful Event was Not a Collision with a Motor Vehicle In-Transport,3,T-Intersection,1,On Roadway,1,Clear,3,Dark - Lighted,3,18,1,0,1,18.33333333333333,0,0.016439578,0
202305577871,2,55,Hyundai,2020,33,4,"4-door sedan, hardtop",13,Sedan/Saloon,10,10 Clock Point,1,Going Straight,208,"Same Trafficway, Same Direction-Sideswipe, Angle, Vehicle on Right",35,15,0,No Rollover,1,1,Dry,9,Reported as Unknown,0,1,0.0,45.0,2,0,8,0,11,0,0,0,"South (MD, DE, DC, WV, VA, KY, TN, NC, SC, GA, FL, AL, MS, LA, AR, OK, TX)",Urban Area,12,December,2,Monday,2023,13,1:00pm-1:59pm,12,12,12,Motor Vehicle In-Transport,7,Sideswipe - Same Direction,2,Four-Way Intersection,1,On Roadway,1,Clear,1,Daylight,0,3,1,0,0,5.0,0,0.018232785,0
202304711856,2,38,Isuzu,2020,882,61,"Single-unit straight truck or Cab-Chassis (GVWR range 10,001 to 19,500 lbs.)",63,Incomplete - Chassis Cab (Single Cab),5,5 Clock Point,1,Going Straight,502,"Intersecting Paths-Straight Paths, Struck on the Right",45,45,0,No Rollover,1,98,Not Reported,2,No Alcohol Involved,0,1,0.0,57.0,1,0,0,8,11,0,0,0,"South (MD, DE, DC, WV, VA, KY, TN, NC, SC, GA, FL, AL, MS, LA, AR, OK, TX)",Urban Area,1,January,3,Tuesday,2023,8,8:00am-8:59am,30,30,12,Motor Vehicle In-Transport,6,Angle,2,Four-Way Intersection,1,On Roadway,1,Clear,1,Daylight,0,3,1,1,1,15.0,0,0.019183345,0
202305380934,1,49,Toyota,2022,498,14,"Compact Utility (Utility Vehicle Categories ""Small"" and ""Midsize"")",7,Sport Utility Vehicle (SUV)/Multi-Purpose Vehicle (MPV),12,12 Clock Point,1,Going Straight,202,"Same Trafficway, Same Direction-Rear End, Lead Vehicle",45,5,0,No Rollover,1,1,Dry,2,No Alcohol Involved,0,1,0.0,35.0,2,0,0,0,11,0,0,0,"South (MD, DE, DC, WV, VA, KY, TN, NC, SC, GA, FL, AL, MS, LA, AR, OK, TX)",Urban Area,8,August,4,Wednesday,2023,20,8:00pm-8:59pm,25,25,12,Motor Vehicle In-Transport,1,Front-to-Rear,3,T-Intersection,1,On Roadway,1,Clear,3,Dark - Lighted,0,1,1,0,0,1.6666666666666667,0,0.035474606,0
202305171553,1,98,Other Make,2009,809,61,"Single-unit straight truck or Cab-Chassis (GVWR range 10,001 to 19,500 lbs.)",63,Incomplete - Chassis Cab (Single Cab),12,12 Clock Point,1,Going Straight,202,"Same Trafficway, Same Direction-Rear End, Lead Vehicle",50,30,0,No Rollover,1,2,Wet,2,No Alcohol Involved,0,1,0.0,62.0,1,0,0,0,11,0,0,0,"South (MD, DE, DC, WV, VA, KY, TN, NC, SC, GA, FL, AL, MS, LA, AR, OK, TX)",Rural Area,8,August,3,Tuesday,2023,11,11:00am-11:59am,30,30,12,Motor Vehicle In-Transport,1,Front-to-Rear,1,Not an Intersection,1,On Roadway,2,Rain,1,Daylight,1,14,1,0,1,10.0,0,0.005702575,0
202304786416,2,49,Toyota,2011,472,34,Light Pickup,60,Pickup,12,12 Clock Point,5,Stopped in Roadway,993,Other Vehicle,65,0,0,No Rollover,1,1,Dry,2,No Alcohol Involved,0,1,0.0,24.0,1,0,0,0,11,0,0,0,"South (MD, DE, DC, WV, VA, KY, TN, NC, SC, GA, FL, AL, MS, LA, AR, OK, TX)",Rural Area,3,March,4,Wednesday,2023,12,12:00pm-12:59pm,12,12,12,Motor Vehicle In-Transport,1,Front-to-Rear,2,Four-Way Intersection,1,On Roadway,10,Cloudy,1,Daylight,0,12,1,0,0,0.0,0,0.030531805,0
202304831712,1,12,Ford,2000,481,34,Light Pickup,60,Pickup,12,12 Clock Point,2,Decelerating in Road,202,"Same Trafficway, Same Direction-Rear End, Lead Vehicle",35,10,0,No Rollover,1,4,Ice/Frost,2,No Alcohol Involved,0,1,0.0,71.0,1,0,0,0,11,0,0,0,"Midwest (OH, IN, IL, MI, WI, MN, ND, SD, NE, IA, MO, KS)",Rural Area,2,February,5,Thursday,2023,12,12:00pm-12:59pm,11,11,12,Motor Vehicle In-Transport,1,Front-to-Rear,2,Four-Way Intersection,1,On Roadway,1,Clear,1,Daylight,0,23,1,0,0,3.333333333333333,0,0.014139167,0
202305253814,2,20,Chevrolet,2007,2,4,"4-door sedan, hardtop",13,Sedan/Saloon,12,12 Clock Point,1,Going Straight,202,"Same Trafficway, Same Direction-Rear End, Lead Vehicle",70,7,0,No Rollover,1,1,Dry,9,Reported as Unknown,0,1,0.0,24.0,2,0,8,0,11,0,0,0,"South (MD, DE, DC, WV, VA, KY, TN, NC, SC, GA, FL, AL, MS, LA, AR, OK, TX)",Urban Area,8,August,5,Thursday,2023,12,12:00pm-12:59pm,12,12,12,Motor Vehicle In-Transport,1,Front-to-Rear,1,Not an Intersection,1,On Roadway,1,Clear,1,Daylight,2,16,1,0,0,2.333333333333333,0,0.08009616,0
202304704004,2,37,Honda,2012,31,4,"4-door sedan, hardtop",13,Sedan/Saloon,83,Right-Back Side,5,Stopped in Roadway,207,"Same Trafficway, Same Direction-Sideswipe, Angle, Vehicle on Left",40,0,0,No Rollover,1,1,Dry,2,No Alcohol Involved,0,1,0.0,68.0,1,0,0,8,11,0,0,0,"South (MD, DE, DC, WV, VA, KY, TN, NC, SC, GA, FL, AL, MS, LA, AR, OK, TX)",Urban Area,1,January,6,Friday,2023,15,3:00pm-3:59pm,1,1,12,Motor Vehicle In-Transport,7,Sideswipe - Same Direction,1,Not an Intersection,1,On Roadway,10,Cloudy,1,Daylight,0,11,0,0,0,0.0,0,0.023907006,0
202305092066,2,32,Audi,2014,42,4,"4-door sedan, hardtop",13,Sedan/Saloon,11,11 Clock Point,1,Going Straight,209,"Same Trafficway, Same Direction-Sideswipe, Angle, Other or Unknown",65,55,0,No Rollover,1,1,Dry,2,No Alcohol Involved,0,1,0.0,50.0,1,0,0,0,11,0,0,0,"South (MD, DE, DC, WV, VA, KY, TN, NC, SC, GA, FL, AL, MS, LA, AR, OK, TX)",Urban Area,5,May,7,Saturday,2023,12,12:00pm-12:59pm,24,24,12,Motor Vehicle In-Transport,7,Sideswipe - Same Direction,1,Not an Intersection,1,On Roadway,1,Clear,1,Daylight,0,9,1,1,1,18.33333333333333,0,0.12176189,0
202305343666,1,85,Kenworth,2023,881,66,"Truck-tractor (Cab only, or with any number of trailing unit; any weight)",66,Truck-Tractor,12,12 Clock Point,1,Going Straight,202,"Same Trafficway, Same Direction-Rear End, Lead Vehicle",70,68,3,Rollover,1,2,Wet,9,Reported as Unknown,0,1,0.0,56.0,1,1,8,0,11,0,0,0,"South (MD, DE, DC, WV, VA, KY, TN, NC, SC, GA, FL, AL, MS, LA, AR, OK, TX)",Urban Area,9,September,1,Sunday,2023,10,10:00am-10:59am,40,40,12,Motor Vehicle In-Transport,1,Front-to-Rear,1,Not an Intersection,1,On Roadway,2,Rain,1,Daylight,3,0,1,1,1,31.0,0,0.02695921,0
202304923075,1,55,Hyundai,2011,402,14,"Compact Utility (Utility Vehicle Categories ""Small"" and ""Midsize"")",7,Sport Utility Vehicle (SUV)/Multi-Purpose Vehicle (MPV),12,12 Clock Point,1,Going Straight,202,"Same Trafficway, Same Direction-Rear End, Lead Vehicle",55,25,0,No Rollover,1,1,Dry,2,No Alcohol Involved,1,1,1.0,40.0,1,0,0,0,11,0,0,1,"South (MD, DE, DC, WV, VA, KY, TN, NC, SC, GA, FL, AL, MS, LA, AR, OK, TX)",Urban Area,3,March,2,Monday,2023,7,7:00am-7:59am,20,20,12,Motor Vehicle In-Transport,1,Front-to-Rear,1,Not an Intersection,1,On Roadway,1,Clear,1,Daylight,1,12,1,0,1,8.333333333333332,0,0.15218388,1
202305035258,2,51,Volvo,2019,881,66,"Truck-tractor (Cab only, or with any number of trailing unit; any weight)",66,Truck-Tractor,6,6 Clock Point,5,Stopped in Roadway,201,"Same Trafficway, Same Direction-Rear End, Trailing Vehicle",70,0,0,No Rollover,1,2,Wet,2,No Alcohol Involved,0,1,0.0,28.0,1,0,0,0,11,0,0,0,"South (MD, DE, DC, WV, VA, KY, TN, NC, SC, GA, FL, AL, MS, LA, AR, OK, TX)",Urban Area,6,June,4,Wednesday,2023,14,2:00pm-2:59pm,15,15,12,Motor Vehicle In-Transport,1,Front-to-Rear,1,Not an Intersection,1,On Roadway,2,Rain,1,Daylight,1,4,1,0,0,0.0,0,0.016471459,0
202304802523,3,49,Toyota,2020,482,34,Light Pickup,60,Pickup,6,6 Clock Point,5,Stopped in Roadway,998,Other Crash Type,50,0,0,No Rollover,1,1,Dry,2,No Alcohol Involved,0,1,0.0,58.0,1,0,0,0,11,0,0,0,"South (MD, DE, DC, WV, VA, KY, TN, NC, SC, GA, FL, AL, MS, LA, AR, OK, TX)",Urban Area,2,February,2,Monday,2023,15,3:00pm-3:59pm,37,37,12,Motor Vehicle In-Transport,7,Sideswipe - Same Direction,1,Not an Intersection,1,On Roadway,1,Clear,1,Daylight,3,3,1,0,0,0.0,0,0.022223826,0
202304763877,2,37,Honda,2005,32,4,"4-door sedan, hardtop",13,Sedan/Saloon,6,6 Clock Point,2,Decelerating in Road,201,"Same Trafficway, Same Direction-Rear End, Trailing Vehicle",45,25,0,No Rollover,1,1,Dry,2,No Alcohol Involved,0,1,0.0,27.0,2,0,0,0,11,0,0,0,"South (MD, DE, DC, WV, VA, KY, TN, NC, SC, GA, FL, AL, MS, LA, AR, OK, TX)",Urban Area,2,February,4,Wednesday,2023,14,2:00pm-2:59pm,55,55,12,Motor Vehicle In-Transport,1,Front-to-Rear,3,T-Intersection,1,On Roadway,1,Clear,1,Daylight,0,18,1,0,1,8.333333333333332,0,0.06938666,0
202304823149,2,49,Toyota,2022,401,14,"Compact Utility (Utility Vehicle Categories ""Small"" and ""Midsize"")",7,Sport Utility Vehicle (SUV)/Multi-Purpose Vehicle (MPV),6,6 Clock Point,5,Stopped in Roadway,201,"Same Trafficway, Same Direction-Rear End, Trailing Vehicle",45,0,0,No Rollover,1,1,Dry,2,No Alcohol Involved,0,1,0.0,53.0,1,0,0,0,11,0,0,0,"South (MD, DE, DC, WV, VA, KY, TN, NC, SC, GA, FL, AL, MS, LA, AR, OK, TX)",Urban Area,3,March,2,Monday,2023,9,9:00am-9:59am,29,29,12,Motor Vehicle In-Transport,1,Front-to-Rear,1,Not an Intersection,1,On Roadway,1,Clear,1,Daylight,0,1,1,0,0,0.0,0,0.028999805,0
202305016244,2,37,Honda,2022,32,4,"4-door sedan, hardtop",13,Sedan/Saloon,6,6 Clock Point,5,Stopped in Roadway,201,"Same Trafficway, Same Direction-Rear End, Trailing Vehicle",45,0,0,No Rollover,1,1,Dry,2,No Alcohol Involved,0,1,0.0,50.0,2,1,0,0,11,0,0,0,"South (MD, DE, DC, WV, VA, KY, TN, NC, SC, GA, FL, AL, MS, LA, AR, OK, TX)",Urban Area,4,April,4,Wednesday,2023,17,5:00pm-5:59pm,0,0,12,Motor Vehicle In-Transport,1,Front-to-Rear,2,Four-Way Intersection,1,On Roadway,10,Cloudy,1,Daylight,1,1,1,0,0,8.333333333333332,0,0.038152646,0
202304895124,1,7,Dodge,2017,27,6,Station Wagon (excluding van and truck based),7,Sport Utility Vehicle (SUV)/Multi-Purpose Vehicle (MPV),12,12 Clock Point,1,Going Straight,202,"Same Trafficway, Same Direction-Rear End, Lead Vehicle",35,60,0,No Rollover,1,1,Dry,1,Alcohol Involved,1,1,1.0,33.0,1,0,1,0,11,0,0,1,"South (MD, DE, DC, WV, VA, KY, TN, NC, SC, GA, FL, AL, MS, LA, AR, OK, TX)",Urban Area,3,March,4,Wednesday,2023,20,8:00pm-8:59pm,30,30,12,Motor Vehicle In-Transport,1,Front-to-Rear,2,Four-Way Intersection,1,On Roadway,10,Cloudy,3,Dark - Lighted,1,6,1,1,1,20.0,1,0.7812882,1
202304877411,2,63,KIA,2013,34,4,"4-door sedan, hardtop",13,Sedan/Saloon,6,6 Clock Point,5,Stopped in Roadway,201,"Same Trafficway, Same Direction-Rear End, Trailing Vehicle",20,0,0,No Rollover,2,1,Dry,2,No Alcohol Involved,0,2,0.0,26.0,2,1,8,0,11,0,0,0,"South (MD, DE, DC, WV, VA, KY, TN, NC, SC, GA, FL, AL, MS, LA, AR, OK, TX)",Urban Area,4,April,2,Monday,2023,7,7:00am-7:59am,30,30,12,Motor Vehicle In-Transport,1,Front-to-Rear,1,Not an Intersection,1,On Roadway,1,Clear,1,Daylight,1,10,1,0,0,8.333333333333332,0,0.015177819,0
202305094726,2,49,Toyota,2006,442,20,"Minivan (Chrysler Town and Country, Caravan, Grand Caravan, Voyager, Voyager, Honda-Odyssey, ...)",2,Minivan,12,12 Clock Point,1,Going Straight,503,"Intersecting Paths-Straight Paths, Striking from the Left",50,45,0,No Rollover,1,1,Dry,2,No Alcohol Involved,0,1,0.0,71.0,1,2,0,0,11,0,0,0,"West (MT, ID, WA, OR, CA, NV, NM, AZ, UT, CO, WY, AK, HI)",Urban Area,5,May,4,Wednesday,2023,8,8:00am-8:59am,5,5,12,Motor Vehicle In-Transport,6,Angle,2,Four-Way Intersection,1,On Roadway,1,Clear,1,Daylight,1,17,1,1,1,31.666666666666664,1,0.6455203,0
202305463669,1,52,Mitsubishi,2008,37,3,3-door/2-door hatchback,5,Hatchback/Liftback/Notchback,12,12 Clock Point,1,Going Straight,303,"Same Trafficway, Opposite Direction-Lateral Move, Other or Unknown",35,25,0,No Rollover,1,1,Dry,9,Reported as Unknown,1,1,1.0,41.0,1,0,8,0,11,0,0,1,"Midwest (OH, IN, IL, MI, WI, MN, ND, SD, NE, IA, MO, KS)",Urban Area,11,November,7,Saturday,2023,4,4:00am-4:59am,8,8,12,Motor Vehicle In-Transport,2,Front-to-Front,3,T-Intersection,1,On Roadway,1,Clear,3,Dark - Lighted,1,15,1,0,1,8.333333333333332,1,0.5987459,1
202304748138,2,20,Chevrolet,2022,481,34,Light Pickup,60,Pickup,4,4 Clock Point,1,Going Straight,502,"Intersecting Paths-Straight Paths, Struck on the Right",35,10,0,No Rollover,1,98,Not Reported,9,Reported as Unknown,1,1,1.0,55.0,1,1,8,0,11,0,0,1,"Midwest (OH, IN, IL, MI, WI, MN, ND, SD, NE, IA, MO, KS)",Urban Area,2,February,3,Tuesday,2023,11,11:00am-11:59am,7,7,12,Motor Vehicle In-Transport,6,Angle,2,Four-Way Intersection,1,On Roadway,10,Cloudy,1,Daylight,2,1,1,0,0,11.666666666666666,0,0.1506918,1
202305069028,1,82,Freightliner,2022,881,66,"Truck-tractor (Cab only, or with any number of trailing unit; any weight)",66,Truck-Tractor,0,Non-Collision,14,Negotiating a Curve,0,No Impact,70,70,0,No Rollover,1,1,Dry,2,No Alcohol Involved,0,1,0.0,25.0,1,0,0,0,11,0,0,0,"Northeast (PA, NJ, NY, NH, VT, RI, MA, ME, CT)",Urban Area,6,June,5,Thursday,2023,4,4:00am-4:59am,22,22,72,"Cargo/Equipment Loss, Shift, or Damage [harmful]",0,The First Harmful Event was Not a Collision with a Motor Vehicle In-Transport,1,Not an Intersection,1,On Roadway,1,Clear,2,Dark - Not Lighted,0,1,0,1,1,23.33333333333333,0,0.012078819,0
202305394499,1,3,AM General,2007,402,14,"Compact Utility (Utility Vehicle Categories ""Small"" and ""Midsize"")",7,Sport Utility Vehicle (SUV)/Multi-Purpose Vehicle (MPV),12,12 Clock Point,2,Decelerating in Road,202,"Same Trafficway, Same Direction-Rear End, Lead Vehicle",45,5,0,No Rollover,1,1,Dry,2,No Alcohol Involved,0,1,0.0,39.0,2,0,0,8,11,0,0,0,"South (MD, DE, DC, WV, VA, KY, TN, NC, SC, GA, FL, AL, MS, LA, AR, OK, TX)",Urban Area,9,September,3,Tuesday,2023,18,6:00pm-6:59pm,25,25,12,Motor Vehicle In-Transport,1,Front-to-Rear,2,Four-Way Intersection,1,On Roadway,1,Clear,1,Daylight,0,16,1,0,0,1.6666666666666667,0,0.01600633,0
202305516658,2,55,Hyundai,2017,33,4,"4-door sedan, hardtop",13,Sedan/Saloon,6,6 Clock Point,5,Stopped in Roadway,203,"Same Trafficway, Same Direction-Rear End, Other or Unknown",45,0,0,No Rollover,1,1,Dry,2,No Alcohol Involved,0,1,0.0,51.0,2,0,0,0,11,0,0,0,"Midwest (OH, IN, IL, MI, WI, MN, ND, SD, NE, IA, MO, KS)",Urban Area,12,December,4,Wednesday,2023,11,11:00am-11:59am,40,40,12,Motor Vehicle In-Transport,1,Front-to-Rear,2,Four-Way Intersection,1,On Roadway,1,Clear,1,Daylight,0,6,1,0,0,0.0,0,0.03356137,0
202304767503,3,49,Toyota,2017,32,4,"4-door sedan, hardtop",13,Sedan/Saloon,10,10 Clock Point,5,Stopped in Roadway,998,Other Crash Type,45,0,0,No Rollover,1,98,Not Reported,2,No Alcohol Involved,0,1,0.0,25.0,2,0,0,8,11,0,0,0,"South (MD, DE, DC, WV, VA, KY, TN, NC, SC, GA, FL, AL, MS, LA, AR, OK, TX)",Urban Area,2,February,7,Saturday,2023,22,10:00pm-10:59pm,19,19,12,Motor Vehicle In-Transport,6,Angle,3,T-Intersection,1,On Roadway,1,Clear,3,Dark - Lighted,1,6,1,0,0,0.0,0,0.27082992,0
202304770847,2,49,Toyota,2007,402,14,"Compact Utility (Utility Vehicle Categories ""Small"" and ""Midsize"")",7,Sport Utility Vehicle (SUV)/Multi-Purpose Vehicle (MPV),1,1 Clock Point,1,Going Straight,207,"Same Trafficway, Same Direction-Sideswipe, Angle, Vehicle on Left",70,65,0,No Rollover,2,1,Dry,2,No Alcohol Involved,0,2,0.0,38.5,1,0,8,0,11,0,0,0,"West (MT, ID, WA, OR, CA, NV, NM, AZ, UT, CO, WY, AK, HI)",Urban Area,1,January,1,Sunday,2023,10,10:00am-10:59am,35,35,12,Motor Vehicle In-Transport,7,Sideswipe - Same Direction,1,Not an Intersection,1,On Roadway,1,Clear,1,Daylight,3,16,1,1,1,21.666666666666668,0,0.11034601,0
202305489955,1,20,Chevrolet,2016,404,14,"Compact Utility (Utility Vehicle Categories ""Small"" and ""Midsize"")",7,Sport Utility Vehicle (SUV)/Multi-Purpose Vehicle (MPV),12,12 Clock Point,14,Negotiating a Curve,202,"Same Trafficway, Same Direction-Rear End, Lead Vehicle",65,4,0,No Rollover,1,1,Dry,2,No Alcohol Involved,0,1,0.0,26.0,2,0,0,0,11,0,0,0,"South (MD, DE, DC, WV, VA, KY, TN, NC, SC, GA, FL, AL, MS, LA, AR, OK, TX)",Rural Area,12,December,4,Wednesday,2023,17,5:00pm-5:59pm,18,18,12,Motor Vehicle In-Transport,1,Front-to-Rear,2,Four-Way Intersection,1,On Roadway,1,Clear,3,Dark - Lighted,0,7,1,0,0,1.3333333333333337,0,0.078092046,0
202305060567,1,12,Ford,2000,401,14,"Compact Utility (Utility Vehicle Categories ""Small"" and ""Midsize"")",7,Sport Utility Vehicle (SUV)/Multi-Purpose Vehicle (MPV),7,7 Clock Point,1,Going Straight,209,"Same Trafficway, Same Direction-Sideswipe, Angle, Other or Unknown",70,75,0,No Rollover,4,1,Dry,2,No Alcohol Involved,0,1,0.0,24.0,1,2,0,8,11,0,0,0,"South (MD, DE, DC, WV, VA, KY, TN, NC, SC, GA, FL, AL, MS, LA, AR, OK, TX)",Urban Area,6,June,6,Friday,2023,18,6:00pm-6:59pm,44,44,12,Motor Vehicle In-Transport,6,Angle,1,Not an Intersection,1,On Roadway,98,Not Reported,1,Daylight,3,23,1,1,1,41.66666666666666,0,0.15740326,0
202305302452,1,63,KIA,2023,38,4,"4-door sedan, hardtop",13,Sedan/Saloon,12,12 Clock Point,11,Turning Left,401,"Changing Trafficway, Vehicle Turning-Turn Across Path, Initial Opposite Directions [Left/Right]",35,15,0,No Rollover,1,1,Dry,2,No Alcohol Involved,0,1,0.0,43.0,1,0,0,8,11,0,0,0,"South (MD, DE, DC, WV, VA, KY, TN, NC, SC, GA, FL, AL, MS, LA, AR, OK, TX)",Urban Area,7,July,2,Monday,2023,15,3:00pm-3:59pm,27,27,12,Motor Vehicle In-Transport,2,Front-to-Front,1,Not an Intersection,1,On Roadway,1,Clear,1,Daylight,1,0,1,0,0,5.0,1,0.5433799,0
202305322399,1,52,Mitsubishi,2022,404,14,"Compact Utility (Utility Vehicle Categories ""Small"" and ""Midsize"")",7,Sport Utility Vehicle (SUV)/Multi-Purpose Vehicle (MPV),11,11 Clock Point,11,Turning Left,401,"Changing Trafficway, Vehicle Turning-Turn Across Path, Initial Opposite Directions [Left/Right]",40,20,0,No Rollover,2,2,Wet,2,No Alcohol Involved,2,2,1.0,38.0,2,2,8,8,11,0,0,1,"South (MD, DE, DC, WV, VA, KY, TN, NC, SC, GA, FL, AL, MS, LA, AR, OK, TX)",Urban Area,8,August,1,Sunday,2023,17,5:00pm-5:59pm,30,30,12,Motor Vehicle In-Transport,6,Angle,2,Four-Way Intersection,1,On Roadway,2,Rain,1,Daylight,3,1,1,0,0,23.33333333333333,0,0.47784102,1
202305061528,1,35,Nissan/Datsun,2015,47,4,"4-door sedan, hardtop",13,Sedan/Saloon,12,12 Clock Point,1,Going Straight,202,"Same Trafficway, Same Direction-Rear End, Lead Vehicle",45,20,0,No Rollover,1,1,Dry,9,Reported as Unknown,1,1,1.0,40.0,1,0,8,8,11,0,0,1,"West (MT, ID, WA, OR, CA, NV, NM, AZ, UT, CO, WY, AK, HI)",Urban Area,6,June,6,Friday,2023,12,12:00pm-12:59pm,53,53,12,Motor Vehicle In-Transport,1,Front-to-Rear,2,Four-Way Intersection,1,On Roadway,1,Clear,1,Daylight,1,8,1,0,0,6.666666666666667,0,0.11572154,1
202305088088,2,63,KIA,2015,38,4,"4-door sedan, hardtop",13,Sedan/Saloon,63,Left-Back Side,0,No Driver Present / Unknown if Driver Present,209,"Same Trafficway, Same Direction-Sideswipe, Angle, Other or Unknown",65,0,0,No Rollover,1,1,Dry,8,No Driver Present,0,1,0.0,23.0,2,0,8,0,13,0,0,0,"South (MD, DE, DC, WV, VA, KY, TN, NC, SC, GA, FL, AL, MS, LA, AR, OK, TX)",Urban Area,6,June,2,Monday,2023,16,4:00pm-4:59pm,4,4,12,Motor Vehicle In-Transport,7,Sideswipe - Same Direction,1,Not an Intersection,1,On Roadway,1,Clear,1,Daylight,2,8,0,0,0,0.0,0,0.10492963,0
202305448347,1,37,Honda,2008,31,2,"2-door sedan,hardtop,coupe",3,Coupe,12,12 Clock Point,1,Going Straight,103,Single Driver-Struck Object While Moving Forward,25,10,0,No Rollover,1,1,Dry,9,Reported as Unknown,0,1,0.0,22.0,1,0,8,0,11,0,0,0,"Midwest (OH, IN, IL, MI, WI, MN, ND, SD, NE, IA, MO, KS)",Urban Area,11,November,2,Monday,2023,21,9:00pm-9:59pm,52,52,8,Pedestrian,0,The First Harmful Event was Not a Collision with a Motor Vehicle In-Transport,3,T-Intersection,1,On Roadway,1,Clear,2,Dark - Not Lighted,1,15,1,0,0,3.333333333333333,0,0.017933546,0
202304826044,2,62,Land Rover,2021,421,15,"Large utility (ANSI D16.1 Utility Vehicle Categories and ""Full Size"" and ""Large"")",7,Sport Utility Vehicle (SUV)/Multi-Purpose Vehicle (MPV),7,7 Clock Point,15,Changing Lanes,208,"Same Trafficway, Same Direction-Sideswipe, Angle, Vehicle on Right",60,90,0,No Rollover,1,1,Dry,2,No Alcohol Involved,0,1,0.0,25.0,1,0,0,0,11,0,0,0,"Midwest (OH, IN, IL, MI, WI, MN, ND, SD, NE, IA, MO, KS)",Urban Area,3,March,3,Tuesday,2023,9,9:00am-9:59am,0,0,12,Motor Vehicle In-Transport,7,Sideswipe - Same Direction,1,Not an Intersection,1,On Roadway,1,Clear,1,Daylight,0,2,1,1,1,30.0,0,0.15786253,0
202305071697,1,37,Honda,2017,421,15,"Large utility (ANSI D16.1 Utility Vehicle Categories and ""Full Size"" and ""Large"")",7,Sport Utility Vehicle (SUV)/Multi-Purpose Vehicle (MPV),1,1 Clock Point,1,Going Straight,502,"Intersecting Paths-Straight Paths, Struck on the Right",35,35,0,No Rollover,2,1,Dry,2,No Alcohol Involved,0,2,0.0,68.5,2,0,8,0,11,0,0,0,"South (MD, DE, DC, WV, VA, KY, TN, NC, SC, GA, FL, AL, MS, LA, AR, OK, TX)",Urban Area,6,June,4,Wednesday,2023,12,12:00pm-12:59pm,34,34,12,Motor Vehicle In-Transport,6,Angle,2,Four-Way Intersection,1,On Roadway,1,Clear,1,Daylight,0,6,1,1,1,11.666666666666666,0,0.46241003,0
202305463807,1,7,Dodge,2010,27,6,Station Wagon (excluding van and truck based),7,Sport Utility Vehicle (SUV)/Multi-Purpose Vehicle (MPV),12,12 Clock Point,1,Going Straight,202,"Same Trafficway, Same Direction-Rear End, Lead Vehicle",35,35,0,No Rollover,3,1,Dry,2,No Alcohol Involved,0,2,0.0,25.0,2,1,8,0,11,0,0,0,"Midwest (OH, IN, IL, MI, WI, MN, ND, SD, NE, IA, MO, KS)",Rural Area,10,October,5,Thursday,2023,16,4:00pm-4:59pm,19,19,12,Motor Vehicle In-Transport,1,Front-to-Rear,1,Not an Intersection,1,On Roadway,10,Cloudy,1,Daylight,2,13,1,1,1,20.0,0,0.2914145,0
202305165164,1,12,Ford,2013,870,61,"Single-unit straight truck or Cab-Chassis (GVWR range 10,001 to 19,500 lbs.)",67,Incomplete - Stripped Chassis,9,9 Clock Point,1,Going Straight,504,"Intersecting Paths-Straight Paths, Struck on the Left",40,5,0,No Rollover,1,2,Wet,2,No Alcohol Involved,0,1,0.0,22.0,1,0,0,8,11,0,0,0,"South (MD, DE, DC, WV, VA, KY, TN, NC, SC, GA, FL, AL, MS, LA, AR, OK, TX)",Urban Area,6,June,6,Friday,2023,16,4:00pm-4:59pm,47,47,12,Motor Vehicle In-Transport,6,Angle,3,T-Intersection,1,On Roadway,2,Rain,1,Daylight,1,10,1,0,0,1.6666666666666667,0,0.03648208,0
202304729704,1,49,Toyota,2017,403,14,"Compact Utility (Utility Vehicle Categories ""Small"" and ""Midsize"")",7,Sport Utility Vehicle (SUV)/Multi-Purpose Vehicle (MPV),12,12 Clock Point,1,Going Straight,202,"Same Trafficway, Same Direction-Rear End, Lead Vehicle",30,30,0,No Rollover,4,3,Snow,2,No Alcohol Involved,0,1,0.0,59.0,2,0,0,0,11,0,0,0,"Midwest (OH, IN, IL, MI, WI, MN, ND, SD, NE, IA, MO, KS)",Rural Area,1,January,1,Sunday,2023,10,10:00am-10:59am,4,4,12,Motor Vehicle In-Transport,1,Front-to-Rear,3,T-Intersection,1,On Roadway,1,Clear,1,Daylight,0,6,1,0,1,10.0,0,0.20990515,0
202305483672,2,82,Freightliner,2012,881,66,"Truck-tractor (Cab only, or with any number of trailing unit; any weight)",66,Truck-Tractor,8,8 Clock Point,1,Going Straight,303,"Same Trafficway, Opposite Direction-Lateral Move, Other or Unknown",98,35,0,No Rollover,1,1,Dry,9,Reported as Unknown,0,1,0.0,47.0,1,0,8,8,11,0,0,0,"West (MT, ID, WA, OR, CA, NV, NM, AZ, UT, CO, WY, AK, HI)",Rural Area,11,November,3,Tuesday,2023,23,11:00pm-11:59pm,30,30,12,Motor Vehicle In-Transport,8,Sideswipe - Opposite Direction,1,Not an Intersection,1,On Roadway,1,Clear,2,Dark - Not Lighted,1,11,1,1,1,11.666666666666666,0,0.0047406466,0
202305436701,2,49,Toyota,2021,401,14,"Compact Utility (Utility Vehicle Categories ""Small"" and ""Midsize"")",7,Sport Utility Vehicle (SUV)/Multi-Purpose Vehicle (MPV),10,10 Clock Point,5,Stopped in Roadway,407,"Changing Trafficway, Vehicle Turning-Turn Across Path, Other or Unknown",45,0,0,No Rollover,1,1,Dry,9,Reported as Unknown,0,1,0.0,54.0,2,0,8,8,11,0,0,0,"West (MT, ID, WA, OR, CA, NV, NM, AZ, UT, CO, WY, AK, HI)",Urban Area,11,November,5,Thursday,2023,13,1:00pm-1:59pm,0,0,12,Motor Vehicle In-Transport,7,Sideswipe - Same Direction,2,Four-Way Intersection,1,On Roadway,10,Cloudy,1,Daylight,0,2,1,0,0,0.0,0,0.026124591,0
202304957512,3,7,Dodge,2010,482,34,Light Pickup,60,Pickup,11,11 Clock Point,5,Stopped in Roadway,998,Other Crash Type,25,0,0,No Rollover,1,98,Not Reported,2,No Alcohol Involved,0,1,0.0,36.0,1,0,0,0,11,0,0,0,"Midwest (OH, IN, IL, MI, WI, MN, ND, SD, NE, IA, MO, KS)",Rural Area,5,May,2,Monday,2023,17,5:00pm-5:59pm,58,58,12,Motor Vehicle In-Transport,6,Angle,2,Four-Way Intersection,1,On Roadway,1,Clear,1,Daylight,2,13,1,0,0,0.0,0,0.06948528,0
202305438607,1,20,Chevrolet,2011,404,14,"Compact Utility (Utility Vehicle Categories ""Small"" and ""Midsize"")",7,Sport Utility Vehicle (SUV)/Multi-Purpose Vehicle (MPV),12,12 Clock Point,1,Going Straight,202,"Same Trafficway, Same Direction-Rear End, Lead Vehicle",45,30,0,No Rollover,1,1,Dry,2,No Alcohol Involved,0,1,0.0,44.0,1,2,0,0,11,0,0,0,"South (MD, DE, DC, WV, VA, KY, TN, NC, SC, GA, FL, AL, MS, LA, AR, OK, TX)",Urban Area,9,September,6,Friday,2023,6,6:00am-6:59am,18,18,12,Motor Vehicle In-Transport,1,Front-to-Rear,3,T-Intersection,1,On Roadway,1,Clear,3,Dark - Lighted,1,12,1,0,1,26.666666666666664,0,0.33458194,0
202305270574,1,6,Chrysler,2000,442,20,"Minivan (Chrysler Town and Country, Caravan, Grand Caravan, Voyager, Voyager, Honda-Odyssey, ...)",2,Minivan,12,12 Clock Point,1,Going Straight,301,"Same Trafficway, Opposite Direction-Lateral Move [Left/Right], Head-On, Sideswipe, or Angle",55,55,0,No Rollover,1,1,Dry,1,Alcohol Involved,0,1,0.0,41.0,1,2,1,2,11,0,0,0,"South (MD, DE, DC, WV, VA, KY, TN, NC, SC, GA, FL, AL, MS, LA, AR, OK, TX)",Urban Area,9,September,1,Sunday,2023,20,8:00pm-8:59pm,37,37,12,Motor Vehicle In-Transport,2,Front-to-Front,1,Not an Intersection,1,On Roadway,1,Clear,2,Dark - Not Lighted,3,23,1,1,1,35.0,1,0.63841295,0
202304898093,1,20,Chevrolet,2007,22,2,"2-door sedan,hardtop,coupe",3,Coupe,12,12 Clock Point,1,Going Straight,202,"Same Trafficway, Same Direction-Rear End, Lead Vehicle",50,45,0,No Rollover,2,1,Dry,2,No Alcohol Involved,0,2,0.0,57.5,1,0,8,0,11,0,0,0,"South (MD, DE, DC, WV, VA, KY, TN, NC, SC, GA, FL, AL, MS, LA, AR, OK, TX)",Urban Area,2,February,5,Thursday,2023,12,12:00pm-12:59pm,45,45,12,Motor Vehicle In-Transport,1,Front-to-Rear,2,Four-Way Intersection,1,On Roadway,1,Clear,1,Daylight,0,16,1,1,1,15.0,0,0.47488824,0
202304889982,1,63,KIA,2018,402,14,"Compact Utility (Utility Vehicle Categories ""Small"" and ""Midsize"")",7,Sport Utility Vehicle (SUV)/Multi-Purpose Vehicle (MPV),61,Left,1,Going Straight,102,Single Driver-Left Roadside Departure,98,50,0,No Rollover,1,1,Dry,9,Reported as Unknown,0,1,0.0,83.0,1,3,8,8,11,0,0,0,"West (MT, ID, WA, OR, CA, NV, NM, AZ, UT, CO, WY, AK, HI)",Urban Area,4,April,7,Saturday,2023,15,3:00pm-3:59pm,46,46,33,Curb,0,The First Harmful Event was Not a Collision with a Motor Vehicle In-Transport,1,Not an Intersection,3,On Median,1,Clear,1,Daylight,1,5,0,1,1,41.66666666666666,0,0.3694666,0
202305383748,1,12,Ford,2003,481,34,Light Pickup,60,Pickup,12,12 Clock Point,1,Going Straight,103,Single Driver-Struck Object While Moving Forward,15,20,0,No Rollover,1,1,Dry,2,No Alcohol Involved,0,1,0.0,24.0,1,0,0,8,11,0,0,0,"South (MD, DE, DC, WV, VA, KY, TN, NC, SC, GA, FL, AL, MS, LA, AR, OK, TX)",Urban Area,8,August,1,Sunday,2023,4,4:00am-4:59am,39,39,19,Building,0,The First Harmful Event was Not a Collision with a Motor Vehicle In-Transport,1,Not an Intersection,5,Outside Trafficway,1,Clear,3,Dark - Lighted,1,20,1,0,0,6.666666666666667,0,0.11639906,0
202305192586,1,55,Hyundai,2013,36,4,"4-door sedan, hardtop",13,Sedan/Saloon,12,12 Clock Point,11,Turning Left,401,"Changing Trafficway, Vehicle Turning-Turn Across Path, Initial Opposite Directions [Left/Right]",35,25,0,No Rollover,1,1,Dry,2,No Alcohol Involved,1,1,1.0,60.0,2,3,0,8,11,0,0,1,"West (MT, ID, WA, OR, CA, NV, NM, AZ, UT, CO, WY, AK, HI)",Urban Area,6,June,5,Thursday,2023,12,12:00pm-12:59pm,11,11,12,Motor Vehicle In-Transport,2,Front-to-Front,2,Four-Way Intersection,1,On Roadway,1,Clear,1,Daylight,1,10,1,0,1,33.33333333333333,1,0.65016973,1
202305154259,2,49,Toyota,2023,403,14,"Compact Utility (Utility Vehicle Categories ""Small"" and ""Midsize"")",7,Sport Utility Vehicle (SUV)/Multi-Purpose Vehicle (MPV),6,6 Clock Point,5,Stopped in Roadway,201,"Same Trafficway, Same Direction-Rear End, Trailing Vehicle",40,0,0,No Rollover,1,1,Dry,2,No Alcohol Involved,0,1,0.0,25.0,2,0,0,0,11,0,0,0,"South (MD, DE, DC, WV, VA, KY, TN, NC, SC, GA, FL, AL, MS, LA, AR, OK, TX)",Urban Area,6,June,4,Wednesday,2023,9,9:00am-9:59am,49,49,12,Motor Vehicle In-Transport,1,Front-to-Rear,2,Four-Way Intersection,1,On Roadway,10,Cloudy,1,Daylight,0,0,1,0,0,0.0,0,0.028167479,0
202304758682,2,19,Cadillac,1990,3,4,"4-door sedan, hardtop",13,Sedan/Saloon,12,12 Clock Point,11,Turning Left,401,"Changing Trafficway, Vehicle Turning-Turn Across Path, Initial Opposite Directions [Left/Right]",40,30,0,No Rollover,99,98,Not Reported,9,Reported as Unknown,1,1,1.0,23.0,2,2,8,2,11,0,0,1,"Midwest (OH, IN, IL, MI, WI, MN, ND, SD, NE, IA, MO, KS)",Rural Area,2,February,5,Thursday,2023,12,12:00pm-12:59pm,20,20,12,Motor Vehicle In-Transport,2,Front-to-Front,2,Four-Way Intersection,1,On Roadway,10,Cloudy,1,Daylight,2,33,1,0,1,26.666666666666664,0,0.20762984,1
202304811968,2,49,Toyota,2019,40,4,"4-door sedan, hardtop",13,Sedan/Saloon,6,6 Clock Point,5,Stopped in Roadway,201,"Same Trafficway, Same Direction-Rear End, Trailing Vehicle",40,0,0,No Rollover,1,2,Wet,2,No Alcohol Involved,0,1,0.0,39.0,1,0,0,0,11,0,0,0,"West (MT, ID, WA, OR, CA, NV, NM, AZ, UT, CO, WY, AK, HI)",Urban Area,3,March,6,Friday,2023,16,4:00pm-4:59pm,1,1,12,Motor Vehicle In-Transport,1,Front-to-Rear,2,Four-Way Intersection,1,On Roadway,2,Rain,1,Daylight,0,4,1,0,0,0.0,0,0.028041517,0
202305265229,1,7,Dodge,2010,24,4,"4-door sedan, hardtop",13,Sedan/Saloon,12,12 Clock Point,1,Going Straight,303,"Same Trafficway, Opposite Direction-Lateral Move, Other or Unknown",25,70,0,No Rollover,99,1,Dry,2,No Alcohol Involved,1,1,1.0,37.0,1,3,0,8,11,0,0,1,"South (MD, DE, DC, WV, VA, KY, TN, NC, SC, GA, FL, AL, MS, LA, AR, OK, TX)",Urban Area,9,September,5,Thursday,2023,17,5:00pm-5:59pm,5,5,12,Motor Vehicle In-Transport,2,Front-to-Front,2,Four-Way Intersection,1,On Roadway,98,Not Reported,1,Daylight,2,13,1,1,1,48.33333333333333,1,0.77444196,1
202304668022,1,49,Toyota,1999,472,34,Light Pickup,60,Pickup,2,2 Clock Point,1,Going Straight,502,"Intersecting Paths-Straight Paths, Struck on the Right",45,50,3,Rollover,2,1,Dry,2,No Alcohol Involved,0,1,0.0,23.0,1,2,0,0,11,0,0,0,"South (MD, DE, DC, WV, VA, KY, TN, NC, SC, GA, FL, AL, MS, LA, AR, OK, TX)",Urban Area,1,January,7,Saturday,2023,17,5:00pm-5:59pm,11,11,12,Motor Vehicle In-Transport,6,Angle,2,Four-Way Intersection,1,On Roadway,1,Clear,6,Dark - Unknown Lighting,2,24,1,1,1,33.33333333333333,0,0.36843178,0
202304826625,1,55,Hyundai,2018,35,4,"4-door sedan, hardtop",13,Sedan/Saloon,1,1 Clock Point,14,Negotiating a Curve,101,Single Driver-Right Roadside Departure,55,45,0,No Rollover,2,2,Wet,9,Reported as Unknown,2,2,1.0,24.0,1,0,8,0,11,0,0,1,"Midwest (OH, IN, IL, MI, WI, MN, ND, SD, NE, IA, MO, KS)",Rural Area,3,March,6,Friday,2023,14,2:00pm-2:59pm,8,8,34,Ditch,0,The First Harmful Event was Not a Collision with a Motor Vehicle In-Transport,1,Not an Intersection,4,On Roadside,10,Cloudy,1,Daylight,0,5,1,1,1,15.0,0,0.37192753,1
202304994078,3,12,Ford,2015,24,6,Station Wagon (excluding van and truck based),7,Sport Utility Vehicle (SUV)/Multi-Purpose Vehicle (MPV),4,4 Clock Point,5,Stopped in Roadway,998,Other Crash Type,45,0,0,No Rollover,1,1,Dry,2,No Alcohol Involved,0,1,0.0,63.0,2,0,0,0,11,0,0,0,"South (MD, DE, DC, WV, VA, KY, TN, NC, SC, GA, FL, AL, MS, LA, AR, OK, TX)",Urban Area,4,April,5,Thursday,2023,15,3:00pm-3:59pm,15,15,12,Motor Vehicle In-Transport,7,Sideswipe - Same Direction,1,Not an Intersection,1,On Roadway,1,Clear,1,Daylight,0,8,1,0,0,0.0,0,0.03529624,0
202304720043,1,2,Jeep / Kaiser-Jeep / Willys- Jeep,2014,407,14,"Compact Utility (Utility Vehicle Categories ""Small"" and ""Midsize"")",7,Sport Utility Vehicle (SUV)/Multi-Purpose Vehicle (MPV),12,12 Clock Point,1,Going Straight,202,"Same Trafficway, Same Direction-Rear End, Lead Vehicle",30,30,0,No Rollover,1,1,Dry,2,No Alcohol Involved,1,1,1.0,21.0,2,1,0,0,11,0,0,1,"West (MT, ID, WA, OR, CA, NV, NM, AZ, UT, CO, WY, AK, HI)",Rural Area,1,January,5,Thursday,2023,10,10:00am-10:59am,29,29,12,Motor Vehicle In-Transport,1,Front-to-Rear,2,Four-Way Intersection,1,On Roadway,1,Clear,1,Daylight,2,9,1,0,1,18.33333333333333,0,0.24208273,1
202304722804,2,12,Ford,2015,24,6,Station Wagon (excluding van and truck based),7,Sport Utility Vehicle (SUV)/Multi-Purpose Vehicle (MPV),6,6 Clock Point,5,Stopped in Roadway,201,"Same Trafficway, Same Direction-Rear End, Trailing Vehicle",45,0,0,No Rollover,1,1,Dry,2,No Alcohol Involved,0,1,0.0,36.0,1,0,0,0,11,0,0,0,"South (MD, DE, DC, WV, VA, KY, TN, NC, SC, GA, FL, AL, MS, LA, AR, OK, TX)",Urban Area,1,January,2,Monday,2023,15,3:00pm-3:59pm,2,2,12,Motor Vehicle In-Transport,1,Front-to-Rear,1,Not an Intersection,1,On Roadway,1,Clear,1,Daylight,0,8,1,0,0,0.0,0,0.030446585,0
202304905873,1,12,Ford,2015,481,34,Light Pickup,60,Pickup,12,12 Clock Point,1,Going Straight,415,"Changing Trafficway, Vehicle Turning-Turn Into Path, Turn into Opposite Directions [Going Straight, Other Vehicle Turning Left]",45,45,0,No Rollover,1,1,Dry,9,Reported as Unknown,0,1,0.0,42.0,1,0,8,8,11,0,0,0,"West (MT, ID, WA, OR, CA, NV, NM, AZ, UT, CO, WY, AK, HI)",Urban Area,4,April,1,Sunday,2023,10,10:00am-10:59am,16,16,12,Motor Vehicle In-Transport,6,Angle,3,T-Intersection,1,On Roadway,1,Clear,1,Daylight,2,8,1,1,1,15.0,0,0.47924936,0
202305537940,2,2,Jeep / Kaiser-Jeep / Willys- Jeep,2015,403,14,"Compact Utility (Utility Vehicle Categories ""Small"" and ""Midsize"")",7,Sport Utility Vehicle (SUV)/Multi-Purpose Vehicle (MPV),6,6 Clock Point,1,Going Straight,203,"Same Trafficway, Same Direction-Rear End, Other or Unknown",55,20,0,No Rollover,2,1,Dry,9,Reported as Unknown,0,2,0.0,50.5,1,0,8,0,11,0,0,0,"Midwest (OH, IN, IL, MI, WI, MN, ND, SD, NE, IA, MO, KS)",Urban Area,12,December,7,Saturday,2023,18,6:00pm-6:59pm,50,50,12,Motor Vehicle In-Transport,1,Front-to-Rear,2,Four-Way Intersection,1,On Roadway,10,Cloudy,2,Dark - Not Lighted,0,8,1,0,0,6.666666666666667,0,0.11277455,0
202305018219,2,48,Subaru,2004,34,6,Station Wagon (excluding van and truck based),15,Wagon,12,12 Clock Point,1,Going Straight,402,"Changing Trafficway, Vehicle Turning-Turn Across Path, Initial Opposite Directions [Going Straight]",50,55,0,No Rollover,1,1,Dry,2,No Alcohol Involved,0,1,0.0,28.0,2,1,0,0,11,0,0,0,"South (MD, DE, DC, WV, VA, KY, TN, NC, SC, GA, FL, AL, MS, LA, AR, OK, TX)",Urban Area,6,June,5,Thursday,2023,19,7:00pm-7:59pm,12,12,12,Motor Vehicle In-Transport,2,Front-to-Front,2,Four-Way Intersection,1,On Roadway,10,Cloudy,1,Daylight,2,19,1,1,1,26.666666666666664,1,0.7023368,0
202304969132,2,49,Toyota,2015,472,34,Light Pickup,60,Pickup,12,12 Clock Point,1,Going Straight,503,"Intersecting Paths-Straight Paths, Striking from the Left",55,55,0,No Rollover,1,2,Wet,9,Reported as Unknown,1,1,1.0,57.0,8,2,8,0,11,0,0,1,"Midwest (OH, IN, IL, MI, WI, MN, ND, SD, NE, IA, MO, KS)",Rural Area,5,May,6,Friday,2023,15,3:00pm-3:59pm,46,46,12,Motor Vehicle In-Transport,6,Angle,2,Four-Way Intersection,1,On Roadway,2,Rain,1,Daylight,2,8,1,1,1,35.0,1,0.68503237,1
202305160597,2,82,Freightliner,2013,881,66,"Truck-tractor (Cab only, or with any number of trailing unit; any weight)",66,Truck-Tractor,10,10 Clock Point,1,Going Straight,208,"Same Trafficway, Same Direction-Sideswipe, Angle, Vehicle on Right",55,55,0,No Rollover,1,1,Dry,2,No Alcohol Involved,0,1,0.0,48.0,1,0,0,0,11,0,0,0,"West (MT, ID, WA, OR, CA, NV, NM, AZ, UT, CO, WY, AK, HI)",Urban Area,8,August,3,Tuesday,2023,19,7:00pm-7:59pm,14,14,12,Motor Vehicle In-Transport,7,Sideswipe - Same Direction,1,Not an Intersection,1,On Roadway,1,Clear,1,Daylight,0,10,1,1,1,18.33333333333333,0,0.003909923,0
202305164033,1,20,Chevrolet,2018,25,4,"4-door sedan, hardtop",13,Sedan/Saloon,12,12 Clock Point,1,Going Straight,202,"Same Trafficway, Same Direction-Rear End, Lead Vehicle",35,5,0,No Rollover,1,1,Dry,9,Reported as Unknown,0,1,0.0,46.0,1,0,8,0,11,0,0,0,"Midwest (OH, IN, IL, MI, WI, MN, ND, SD, NE, IA, MO, KS)",Urban Area,8,August,3,Tuesday,2023,14,2:00pm-2:59pm,39,39,12,Motor Vehicle In-Transport,1,Front-to-Rear,3,T-Intersection,1,On Roadway,1,Clear,1,Daylight,1,5,1,0,0,1.6666666666666667,0,0.026544418,0
202305650629,1,20,Chevrolet,2021,404,14,"Compact Utility (Utility Vehicle Categories ""Small"" and ""Midsize"")",7,Sport Utility Vehicle (SUV)/Multi-Purpose Vehicle (MPV),12,12 Clock Point,99,Unknown,202,"Same Trafficway, Same Direction-Rear End, Lead Vehicle",98,30,0,No Rollover,1,1,Dry,2,No Alcohol Involved,1,1,1.0,38.0,1,0,0,8,11,0,0,1,"South (MD, DE, DC, WV, VA, KY, TN, NC, SC, GA, FL, AL, MS, LA, AR, OK, TX)",Urban Area,6,June,6,Friday,2023,16,4:00pm-4:59pm,52,52,12,Motor Vehicle In-Transport,1,Front-to-Rear,2,Four-Way Intersection,1,On Roadway,1,Clear,1,Daylight,0,2,1,0,1,10.0,0,0.23572378,1
202304962223,1,12,Ford,1998,3,2,"2-door sedan,hardtop,coupe",3,Coupe,12,12 Clock Point,1,Going Straight,202,"Same Trafficway, Same Direction-Rear End, Lead Vehicle",35,20,0,No Rollover,2,11,"Mud, Dirt or Gravel",1,Alcohol Involved,2,2,1.0,28.5,1,3,8,2,11,0,0,1,"West (MT, ID, WA, OR, CA, NV, NM, AZ, UT, CO, WY, AK, HI)",Urban Area,5,May,4,Wednesday,2023,18,6:00pm-6:59pm,30,30,12,Motor Vehicle In-Transport,1,Front-to-Rear,1,Not an Intersection,1,On Roadway,10,Cloudy,2,Dark - Not Lighted,1,25,1,0,0,31.666666666666668,0,0.26691204,1
202304899553,1,7,Dodge,2018,28,2,"2-door sedan,hardtop,coupe",3,Coupe,63,Left-Back Side,11,Turning Left,416,"Changing Trafficway, Vehicle Turning-Turn into Path, Other or Unknown",35,20,0,No Rollover,1,1,Dry,2,No Alcohol Involved,0,1,0.0,54.0,1,0,0,0,11,0,0,0,"South (MD, DE, DC, WV, VA, KY, TN, NC, SC, GA, FL, AL, MS, LA, AR, OK, TX)",Urban Area,4,April,7,Saturday,2023,22,10:00pm-10:59pm,3,3,12,Motor Vehicle In-Transport,8,Sideswipe - Opposite Direction,2,Four-Way Intersection,1,On Roadway,1,Clear,3,Dark - Lighted,0,5,0,0,0,6.666666666666667,0,0.10212578,0
202304947317,2,12,Ford,2012,23,4,"4-door sedan, hardtop",13,Sedan/Saloon,12,12 Clock Point,1,Going Straight,202,"Same Trafficway, Same Direction-Rear End, Lead Vehicle",25,5,0,No Rollover,1,1,Dry,9,Reported as Unknown,0,1,0.0,21.0,1,0,8,0,11,0,0,0,"South (MD, DE, DC, WV, VA, KY, TN, NC, SC, GA, FL, AL, MS, LA, AR, OK, TX)",Urban Area,4,April,4,Wednesday,2023,22,10:00pm-10:59pm,20,20,12,Motor Vehicle In-Transport,1,Front-to-Rear,2,Four-Way Intersection,1,On Roadway,1,Clear,6,Dark - Unknown Lighting,0,11,1,0,0,1.6666666666666667,0,0.015731888,0
202305479363,3,49,Toyota,2017,402,14,"Compact Utility (Utility Vehicle Categories ""Small"" and ""Midsize"")",7,Sport Utility Vehicle (SUV)/Multi-Purpose Vehicle (MPV),6,6 Clock Point,2,Decelerating in Road,998,Other Crash Type,35,35,0,No Rollover,1,2,Wet,2,No Alcohol Involved,0,1,0.0,38.0,2,0,0,8,11,0,0,0,"South (MD, DE, DC, WV, VA, KY, TN, NC, SC, GA, FL, AL, MS, LA, AR, OK, TX)",Urban Area,9,September,4,Wednesday,2023,17,5:00pm-5:59pm,32,32,12,Motor Vehicle In-Transport,1,Front-to-Rear,3,T-Intersection,1,On Roadway,2,Rain,1,Daylight,1,6,1,1,1,11.666666666666666,0,0.06736433,0
202304984837,2,55,Hyundai,2013,41,4,"4-door sedan, hardtop",13,Sedan/Saloon,12,12 Clock Point,1,Going Straight,409,"Changing Trafficway, Vehicle Turning-Turn Into Path, Turn into Same Direction [Going Straight, Other Vehicle Turning Left]",25,25,0,No Rollover,1,98,Not Reported,2,No Alcohol Involved,1,1,1.0,25.0,2,1,0,0,11,0,0,1,"South (MD, DE, DC, WV, VA, KY, TN, NC, SC, GA, FL, AL, MS, LA, AR, OK, TX)",Urban Area,5,May,1,Sunday,2023,18,6:00pm-6:59pm,30,30,12,Motor Vehicle In-Transport,6,Angle,2,Four-Way Intersection,1,On Roadway,98,Not Reported,1,Daylight,2,10,1,0,1,16.666666666666664,0,0.23460837,1
202305339295,2,55,Hyundai,2018,402,14,"Compact Utility (Utility Vehicle Categories ""Small"" and ""Midsize"")",7,Sport Utility Vehicle (SUV)/Multi-Purpose Vehicle (MPV),1,1 Clock Point,1,Going Straight,407,"Changing Trafficway, Vehicle Turning-Turn Across Path, Other or Unknown",25,25,0,No Rollover,1,1,Dry,9,Reported as Unknown,0,1,0.0,45.0,1,0,8,0,11,0,0,0,"Midwest (OH, IN, IL, MI, WI, MN, ND, SD, NE, IA, MO, KS)",Urban Area,10,October,3,Tuesday,2023,8,8:00am-8:59am,24,24,12,Motor Vehicle In-Transport,6,Angle,2,Four-Way Intersection,1,On Roadway,1,Clear,1,Daylight,0,5,1,0,1,8.333333333333332,0,0.12380699,0
202305043442,2,76,Yamaha,2003,705,80,Two Wheel Motorcycle (excluding motor scooters),80,Motorcycle - Sport,6,6 Clock Point,1,Going Straight,201,"Same Trafficway, Same Direction-Rear End, Trailing Vehicle",30,15,8,Not Applicable,1,1,Dry,9,Reported as Unknown,0,1,0.0,20.0,1,0,8,0,11,0,8,0,"South (MD, DE, DC, WV, VA, KY, TN, NC, SC, GA, FL, AL, MS, LA, AR, OK, TX)",Urban Area,4,April,3,Tuesday,2023,21,9:00pm-9:59pm,30,30,12,Motor Vehicle In-Transport,1,Front-to-Rear,1,Not an Intersection,1,On Roadway,1,Clear,2,Dark - Not Lighted,1,20,1,0,0,5.0,0,0.0034464314,0
202305578138,1,7,Dodge,2021,24,4,"4-door sedan, hardtop",13,Sedan/Saloon,12,12 Clock Point,14,Negotiating a Curve,999,Unknown Crash Type,98,30,0,No Rollover,1,1,Dry,2,No Alcohol Involved,0,1,0.0,21.0,1,0,0,0,11,0,0,0,"West (MT, ID, WA, OR, CA, NV, NM, AZ, UT, CO, WY, AK, HI)",Urban Area,1,January,7,Saturday,2023,8,8:00am-8:59am,30,30,40,Fire Hydrant,0,The First Harmful Event was Not a Collision with a Motor Vehicle In-Transport,1,Not an Intersection,4,On Roadside,1,Clear,1,Daylight,0,2,1,0,1,10.0,0,0.31280345,0
202305553703,2,37,Honda,2011,31,4,"4-door sedan, hardtop",13,Sedan/Saloon,12,12 Clock Point,1,Going Straight,998,Other Crash Type,55,55,0,No Rollover,3,1,Dry,2,No Alcohol Involved,3,3,1.0,18.33333333333333,8,3,0,0,11,0,0,1,"West (MT, ID, WA, OR, CA, NV, NM, AZ, UT, CO, WY, AK, HI)",Urban Area,12,December,1,Sunday,2023,21,9:00pm-9:59pm,34,34,59,Traffic Sign Support,0,The First Harmful Event was Not a Collision with a Motor Vehicle In-Transport,2,Four-Way Intersection,3,On Median,1,Clear,2,Dark - Not Lighted,3,12,1,1,1,43.33333333333333,0,0.37662575,1
202305060650,1,2,Jeep / Kaiser-Jeep / Willys- Jeep,2018,1,6,Station Wagon (excluding van and truck based),7,Sport Utility Vehicle (SUV)/Multi-Purpose Vehicle (MPV),12,12 Clock Point,1,Going Straight,202,"Same Trafficway, Same Direction-Rear End, Lead Vehicle",40,40,0,No Rollover,1,1,Dry,2,No Alcohol Involved,1,1,1.0,31.0,2,0,0,0,11,0,0,1,"West (MT, ID, WA, OR, CA, NV, NM, AZ, UT, CO, WY, AK, HI)",Urban Area,6,June,6,Friday,2023,12,12:00pm-12:59pm,50,50,12,Motor Vehicle In-Transport,1,Front-to-Rear,1,Not an Intersection,1,On Roadway,1,Clear,1,Daylight,0,5,1,1,1,13.333333333333334,0,0.36358812,1
202305555476,2,2,Jeep / Kaiser-Jeep / Willys- Jeep,2024,422,15,"Large utility (ANSI D16.1 Utility Vehicle Categories and ""Full Size"" and ""Large"")",7,Sport Utility Vehicle (SUV)/Multi-Purpose Vehicle (MPV),6,6 Clock Point,5,Stopped in Roadway,201,"Same Trafficway, Same Direction-Rear End, Trailing Vehicle",50,0,0,No Rollover,1,98,Not Reported,2,No Alcohol Involved,0,1,0.0,28.0,2,0,0,8,11,0,0,0,"South (MD, DE, DC, WV, VA, KY, TN, NC, SC, GA, FL, AL, MS, LA, AR, OK, TX)",Urban Area,11,November,5,Thursday,2023,9,9:00am-9:59am,0,0,12,Motor Vehicle In-Transport,1,Front-to-Rear,2,Four-Way Intersection,1,On Roadway,1,Clear,1,Daylight,0,-1,1,0,0,0.0,0,0.083289884,0
202304726402,1,35,Nissan/Datsun,2021,404,14,"Compact Utility (Utility Vehicle Categories ""Small"" and ""Midsize"")",7,Sport Utility Vehicle (SUV)/Multi-Purpose Vehicle (MPV),12,12 Clock Point,1,Going Straight,998,Other Crash Type,45,45,0,No Rollover,2,2,Wet,2,No Alcohol Involved,2,2,1.0,45.0,1,3,8,0,11,0,0,1,"South (MD, DE, DC, WV, VA, KY, TN, NC, SC, GA, FL, AL, MS, LA, AR, OK, TX)",Urban Area,2,February,5,Thursday,2023,12,12:00pm-12:59pm,30,30,33,Curb,0,The First Harmful Event was Not a Collision with a Motor Vehicle In-Transport,1,Not an Intersection,3,On Median,2,Rain,1,Daylight,3,2,1,1,1,40.0,0,0.45739052,1
202305068593,2,59,Lexus,2019,404,14,"Compact Utility (Utility Vehicle Categories ""Small"" and ""Midsize"")",7,Sport Utility Vehicle (SUV)/Multi-Purpose Vehicle (MPV),7,7 Clock Point,5,Stopped in Roadway,411,"Changing Trafficway, Vehicle Turning-Turn Into Path, Turn into Same Direction [Going Straight, Other Vehicle Turning Right]",45,0,0,No Rollover,3,1,Dry,2,No Alcohol Involved,0,3,0.0,13.333333333333334,2,1,8,0,11,0,0,0,"South (MD, DE, DC, WV, VA, KY, TN, NC, SC, GA, FL, AL, MS, LA, AR, OK, TX)",Urban Area,6,June,3,Tuesday,2023,13,1:00pm-1:59pm,30,30,12,Motor Vehicle In-Transport,7,Sideswipe - Same Direction,3,T-Intersection,1,On Roadway,1,Clear,1,Daylight,1,4,1,0,0,8.333333333333332,0,0.0221173,0
202305448442,2,30,Volkswagen,2014,47,3,3-door/2-door hatchback,5,Hatchback/Liftback/Notchback,12,12 Clock Point,1,Going Straight,202,"Same Trafficway, Same Direction-Rear End, Lead Vehicle",40,40,0,No Rollover,1,1,Dry,9,Reported as Unknown,1,1,1.0,17.0,1,0,8,8,11,0,0,1,"West (MT, ID, WA, OR, CA, NV, NM, AZ, UT, CO, WY, AK, HI)",Urban Area,11,November,5,Thursday,2023,20,8:00pm-8:59pm,14,14,12,Motor Vehicle In-Transport,1,Front-to-Rear,1,Not an Intersection,1,On Roadway,1,Clear,3,Dark - Lighted,0,9,1,1,1,13.333333333333334,0,0.4962882,1
202305230469,2,12,Ford,2020,23,4,"4-door sedan, hardtop",13,Sedan/Saloon,12,12 Clock Point,14,Negotiating a Curve,402,"Changing Trafficway, Vehicle Turning-Turn Across Path, Initial Opposite Directions [Going Straight]",40,40,0,No Rollover,1,1,Dry,2,No Alcohol Involved,1,1,1.0,59.0,2,2,0,0,11,0,0,1,"South (MD, DE, DC, WV, VA, KY, TN, NC, SC, GA, FL, AL, MS, LA, AR, OK, TX)",Urban Area,9,September,4,Wednesday,2023,16,4:00pm-4:59pm,10,10,12,Motor Vehicle In-Transport,2,Front-to-Front,2,Four-Way Intersection,1,On Roadway,10,Cloudy,1,Daylight,1,3,1,1,1,30.0,1,0.74917114,1
202305106579,2,35,Nissan/Datsun,1997,471,34,Light Pickup,60,Pickup,12,12 Clock Point,1,Going Straight,415,"Changing Trafficway, Vehicle Turning-Turn Into Path, Turn into Opposite Directions [Going Straight, Other Vehicle Turning Left]",35,25,0,No Rollover,1,1,Dry,2,No Alcohol Involved,0,1,0.0,34.0,1,1,0,0,11,0,0,0,"South (MD, DE, DC, WV, VA, KY, TN, NC, SC, GA, FL, AL, MS, LA, AR, OK, TX)",Urban Area,7,July,5,Thursday,2023,18,6:00pm-6:59pm,45,45,12,Motor Vehicle In-Transport,6,Angle,3,T-Intersection,1,On Roadway,1,Clear,1,Daylight,1,26,1,0,1,16.666666666666664,0,0.11452805,0
202305470580,2,35,Nissan/Datsun,2011,52,6,Station Wagon (excluding van and truck based),7,Sport Utility Vehicle (SUV)/Multi-Purpose Vehicle (MPV),8,8 Clock Point,1,Going Straight,504,"Intersecting Paths-Straight Paths, Struck on the Left",55,55,3,Rollover,2,1,Dry,2,No Alcohol Involved,2,2,1.0,43.0,1,3,8,0,11,0,0,1,"South (MD, DE, DC, WV, VA, KY, TN, NC, SC, GA, FL, AL, MS, LA, AR, OK, TX)",Urban Area,12,December,6,Friday,2023,9,9:00am-9:59am,20,20,12,Motor Vehicle In-Transport,6,Angle,2,Four-Way Intersection,1,On Roadway,1,Clear,1,Daylight,1,12,1,1,1,43.33333333333333,1,0.82229406,1
202304666379,2,12,Ford,2008,402,14,"Compact Utility (Utility Vehicle Categories ""Small"" and ""Midsize"")",7,Sport Utility Vehicle (SUV)/Multi-Purpose Vehicle (MPV),10,10 Clock Point,1,Going Straight,208,"Same Trafficway, Same Direction-Sideswipe, Angle, Vehicle on Right",40,25,0,No Rollover,2,2,Wet,9,Reported as Unknown,0,2,0.0,16.5,1,1,8,0,11,0,0,0,"Midwest (OH, IN, IL, MI, WI, MN, ND, SD, NE, IA, MO, KS)",Urban Area,1,January,5,Thursday,2023,17,5:00pm-5:59pm,4,4,12,Motor Vehicle In-Transport,7,Sideswipe - Same Direction,2,Four-Way Intersection,1,On Roadway,2,Rain,2,Dark - Not Lighted,2,15,1,0,1,16.666666666666664,0,0.030721156,0
202305471457,1,55,Hyundai,2019,402,14,"Compact Utility (Utility Vehicle Categories ""Small"" and ""Midsize"")",7,Sport Utility Vehicle (SUV)/Multi-Purpose Vehicle (MPV),12,12 Clock Point,1,Going Straight,501,"Intersecting Paths-Straight Paths, Striking from the Right",25,25,0,No Rollover,3,98,Not Reported,2,No Alcohol Involved,1,3,0.3333333333333333,38.66666666666666,1,1,8,0,11,0,0,0,"South (MD, DE, DC, WV, VA, KY, TN, NC, SC, GA, FL, AL, MS, LA, AR, OK, TX)",Urban Area,10,October,2,Monday,2023,20,8:00pm-8:59pm,35,35,12,Motor Vehicle In-Transport,6,Angle,2,Four-Way Intersection,1,On Roadway,1,Clear,3,Dark - Lighted,6,4,1,0,1,16.666666666666664,0,0.40685353,0
202305065167,1,20,Chevrolet,2020,473,34,Light Pickup,60,Pickup,12,12 Clock Point,1,Going Straight,501,"Intersecting Paths-Straight Paths, Striking from the Right",50,15,0,No Rollover,1,1,Dry,2,No Alcohol Involved,0,1,0.0,36.0,1,0,0,0,11,0,0,0,"South (MD, DE, DC, WV, VA, KY, TN, NC, SC, GA, FL, AL, MS, LA, AR, OK, TX)",Urban Area,6,June,6,Friday,2023,15,3:00pm-3:59pm,36,36,12,Motor Vehicle In-Transport,6,Angle,3,T-Intersection,1,On Roadway,1,Clear,1,Daylight,0,3,1,0,0,5.0,0,0.18416639,0
202304950724,1,12,Ford,2021,425,15,"Large utility (ANSI D16.1 Utility Vehicle Categories and ""Full Size"" and ""Large"")",7,Sport Utility Vehicle (SUV)/Multi-Purpose Vehicle (MPV),6,6 Clock Point,5,Stopped in Roadway,201,"Same Trafficway, Same Direction-Rear End, Trailing Vehicle",40,0,0,No Rollover,1,1,Dry,9,Reported as Unknown,0,1,0.0,53.0,1,0,8,0,11,0,0,0,"Midwest (OH, IN, IL, MI, WI, MN, ND, SD, NE, IA, MO, KS)",Urban Area,5,May,3,Tuesday,2023,14,2:00pm-2:59pm,55,55,12,Motor Vehicle In-Transport,1,Front-to-Rear,2,Four-Way Intersection,1,On Roadway,10,Cloudy,1,Daylight,0,2,1,0,0,0.0,0,0.022342023,0
202305133886,2,37,Honda,2018,31,4,"4-door sedan, hardtop",13,Sedan/Saloon,12,12 Clock Point,1,Going Straight,402,"Changing Trafficway, Vehicle Turning-Turn Across Path, Initial Opposite Directions [Going Straight]",45,45,0,No Rollover,2,1,Dry,2,No Alcohol Involved,1,2,0.5,19.0,1,1,8,0,11,0,0,0,"South (MD, DE, DC, WV, VA, KY, TN, NC, SC, GA, FL, AL, MS, LA, AR, OK, TX)",Rural Area,7,July,4,Wednesday,2023,17,5:00pm-5:59pm,21,21,12,Motor Vehicle In-Transport,6,Angle,2,Four-Way Intersection,1,On Roadway,1,Clear,1,Daylight,2,5,1,1,1,23.33333333333333,1,0.7329158,0
202304913829,1,49,Toyota,2012,40,4,"4-door sedan, hardtop",13,Sedan/Saloon,12,12 Clock Point,1,Going Straight,202,"Same Trafficway, Same Direction-Rear End, Lead Vehicle",55,55,0,No Rollover,1,1,Dry,2,No Alcohol Involved,1,1,1.0,24.0,2,3,0,0,11,0,0,1,"South (MD, DE, DC, WV, VA, KY, TN, NC, SC, GA, FL, AL, MS, LA, AR, OK, TX)",Rural Area,5,May,2,Monday,2023,10,10:00am-10:59am,40,40,12,Motor Vehicle In-Transport,1,Front-to-Rear,1,Not an Intersection,1,On Roadway,1,Clear,1,Daylight,2,11,1,1,1,43.33333333333333,0,0.38784644,1
202305302672,1,20,Chevrolet,2020,29,5,5-door/4-door hatchback,5,Hatchback/Liftback/Notchback,7,7 Clock Point,15,Changing Lanes,208,"Same Trafficway, Same Direction-Sideswipe, Angle, Vehicle on Right",35,25,0,No Rollover,1,1,Dry,2,No Alcohol Involved,0,1,0.0,30.0,1,0,0,8,11,0,0,0,"South (MD, DE, DC, WV, VA, KY, TN, NC, SC, GA, FL, AL, MS, LA, AR, OK, TX)",Urban Area,8,August,3,Tuesday,2023,13,1:00pm-1:59pm,30,30,12,Motor Vehicle In-Transport,7,Sideswipe - Same Direction,3,T-Intersection,1,On Roadway,1,Clear,1,Daylight,0,3,1,0,1,8.333333333333332,0,0.018414924,0
202304857466,2,48,Subaru,2021,421,15,"Large utility (ANSI D16.1 Utility Vehicle Categories and ""Full Size"" and ""Large"")",7,Sport Utility Vehicle (SUV)/Multi-Purpose Vehicle (MPV),12,12 Clock Point,1,Going Straight,998,Other Crash Type,45,45,0,No Rollover,2,1,Dry,9,Reported as Unknown,2,2,1.0,62.5,1,1,8,8,11,0,0,1,"West (MT, ID, WA, OR, CA, NV, NM, AZ, UT, CO, WY, AK, HI)",Urban Area,3,March,7,Saturday,2023,11,11:00am-11:59am,37,37,12,Motor Vehicle In-Transport,6,Angle,2,Four-Way Intersection,1,On Roadway,1,Clear,1,Daylight,2,2,1,1,1,23.33333333333333,1,0.59942925,1
202304897139,2,20,Chevrolet,2013,481,34,Light Pickup,60,Pickup,8,8 Clock Point,1,Going Straight,302,"Same Trafficway, Opposite Direction-Lateral Move [Going Straight], Head-On, Sideswipe, or Angle",35,30,0,No Rollover,1,1,Dry,2,No Alcohol Involved,0,1,0.0,23.0,1,0,0,0,11,0,0,0,"Northeast (PA, NJ, NY, NH, VT, RI, MA, ME, CT)",Urban Area,3,March,4,Wednesday,2023,18,6:00pm-6:59pm,34,34,12,Motor Vehicle In-Transport,8,Sideswipe - Opposite Direction,1,Not an Intersection,1,On Roadway,1,Clear,3,Dark - Lighted,2,10,1,0,1,10.0,0,0.06542705,0
202305477511,3,30,Volkswagen,2011,42,5,5-door/4-door hatchback,5,Hatchback/Liftback/Notchback,6,6 Clock Point,5,Stopped in Roadway,998,Other Crash Type,65,0,0,No Rollover,1,2,Wet,2,No Alcohol Involved,0,1,0.0,44.0,2,0,0,0,11,0,0,0,"South (MD, DE, DC, WV, VA, KY, TN, NC, SC, GA, FL, AL, MS, LA, AR, OK, TX)",Urban Area,12,December,4,Wednesday,2023,8,8:00am-8:59am,7,7,12,Motor Vehicle In-Transport,1,Front-to-Rear,1,Not an Intersection,1,On Roadway,1,Clear,1,Daylight,3,12,1,0,0,0.0,0,0.067131795,0
202304980768,1,49,Toyota,2007,40,4,"4-door sedan, hardtop",13,Sedan/Saloon,12,12 Clock Point,1,Going Straight,501,"Intersecting Paths-Straight Paths, Striking from the Right",25,15,0,No Rollover,1,2,Wet,2,No Alcohol Involved,1,1,1.0,21.0,1,0,0,8,11,0,0,1,"South (MD, DE, DC, WV, VA, KY, TN, NC, SC, GA, FL, AL, MS, LA, AR, OK, TX)",Urban Area,3,March,4,Wednesday,2023,21,9:00pm-9:59pm,20,20,12,Motor Vehicle In-Transport,6,Angle,2,Four-Way Intersection,1,On Roadway,2,Rain,3,Dark - Lighted,1,16,1,0,0,5.0,0,0.21958332,1
202305604293,1,20,Chevrolet,2006,481,34,Light Pickup,60,Pickup,12,12 Clock Point,1,Going Straight,102,Single Driver-Left Roadside Departure,40,40,3,Rollover,1,1,Dry,9,Reported as Unknown,0,1,0.0,34.0,1,0,9,0,11,0,0,0,"Northeast (PA, NJ, NY, NH, VT, RI, MA, ME, CT)",Urban Area,12,December,6,Friday,2023,1,1:00am-1:59am,28,28,32,Culvert,0,The First Harmful Event was Not a Collision with a Motor Vehicle In-Transport,1,Not an Intersection,4,On Roadside,1,Clear,2,Dark - Not Lighted,0,17,1,1,1,13.333333333333334,0,0.42892295,0
202304819623,1,19,Cadillac,2005,21,4,"4-door sedan, hardtop",13,Sedan/Saloon,7,7 Clock Point,11,Turning Left,405,"Changing Trafficway, Vehicle Turning-Turn Across Path, Initial Same Directions [Turning Left]",35,20,0,No Rollover,1,1,Dry,2,No Alcohol Involved,0,1,0.0,42.0,1,0,0,0,11,0,0,0,"South (MD, DE, DC, WV, VA, KY, TN, NC, SC, GA, FL, AL, MS, LA, AR, OK, TX)",Urban Area,3,March,1,Sunday,2023,16,4:00pm-4:59pm,22,22,12,Motor Vehicle In-Transport,7,Sideswipe - Same Direction,3,T-Intersection,1,On Roadway,1,Clear,1,Daylight,0,18,1,0,0,6.666666666666667,0,0.023345556,0
202305647606,1,37,Honda,2022,32,4,"4-door sedan, hardtop",13,Sedan/Saloon,12,12 Clock Point,1,Going Straight,103,Single Driver-Struck Object While Moving Forward,55,55,0,No Rollover,1,1,Dry,9,Reported as Unknown,0,1,0.0,42.0,1,0,8,0,11,0,0,0,"Midwest (OH, IN, IL, MI, WI, MN, ND, SD, NE, IA, MO, KS)",Rural Area,10,October,3,Tuesday,2023,22,10:00pm-10:59pm,44,44,11,Live Animal,0,The First Harmful Event was Not a Collision with a Motor Vehicle In-Transport,1,Not an Intersection,1,On Roadway,1,Clear,2,Dark - Not Lighted,0,1,1,1,1,18.33333333333333,0,0.161718,0
202305360681,2,2,Jeep / Kaiser-Jeep / Willys- Jeep,2021,483,34,Light Pickup,60,Pickup,6,6 Clock Point,5,Stopped in Roadway,201,"Same Trafficway, Same Direction-Rear End, Trailing Vehicle",45,0,0,No Rollover,1,1,Dry,9,Reported as Unknown,0,1,0.0,45.0,1,2,8,0,11,0,0,0,"Midwest (OH, IN, IL, MI, WI, MN, ND, SD, NE, IA, MO, KS)",Rural Area,10,October,2,Monday,2023,7,7:00am-7:59am,45,45,12,Motor Vehicle In-Transport,1,Front-to-Rear,3,T-Intersection,1,On Roadway,1,Clear,1,Daylight,2,2,1,0,0,16.666666666666664,0,0.01751832,0
202305341424,1,59,Lexus,2007,32,4,"4-door sedan, hardtop",13,Sedan/Saloon,12,12 Clock Point,1,Going Straight,202,"Same Trafficway, Same Direction-Rear End, Lead Vehicle",35,15,0,No Rollover,1,1,Dry,2,No Alcohol Involved,0,1,0.0,46.0,1,0,0,8,11,0,0,0,"South (MD, DE, DC, WV, VA, KY, TN, NC, SC, GA, FL, AL, MS, LA, AR, OK, TX)",Urban Area,10,October,4,Wednesday,2023,22,10:00pm-10:59pm,15,15,12,Motor Vehicle In-Transport,1,Front-to-Rear,2,Four-Way Intersection,1,On Roadway,98,Not Reported,2,Dark - Not Lighted,0,16,1,0,0,5.0,0,0.13169478,0
202305273217,3,20,Chevrolet,2008,481,34,Light Pickup,60,Pickup,6,6 Clock Point,5,Stopped in Roadway,998,Other Crash Type,45,0,0,No Rollover,1,1,Dry,2,No Alcohol Involved,1,1,1.0,78.0,1,1,0,0,11,0,0,1,"South (MD, DE, DC, WV, VA, KY, TN, NC, SC, GA, FL, AL, MS, LA, AR, OK, TX)",Urban Area,9,September,6,Friday,2023,11,11:00am-11:59am,27,27,12,Motor Vehicle In-Transport,1,Front-to-Rear,1,Not an Intersection,1,On Roadway,1,Clear,1,Daylight,1,15,1,0,0,8.333333333333332,0,0.01360552,1
202305330743,2,12,Ford,2022,424,15,"Large utility (ANSI D16.1 Utility Vehicle Categories and ""Full Size"" and ""Large"")",7,Sport Utility Vehicle (SUV)/Multi-Purpose Vehicle (MPV),6,6 Clock Point,5,Stopped in Roadway,201,"Same Trafficway, Same Direction-Rear End, Trailing Vehicle",50,0,0,No Rollover,1,1,Dry,2,No Alcohol Involved,0,1,0.0,31.0,2,0,0,0,11,0,0,0,"South (MD, DE, DC, WV, VA, KY, TN, NC, SC, GA, FL, AL, MS, LA, AR, OK, TX)",Urban Area,10,October,5,Thursday,2023,10,10:00am-10:59am,50,50,12,Motor Vehicle In-Transport,1,Front-to-Rear,2,Four-Way Intersection,1,On Roadway,1,Clear,1,Daylight,0,1,1,0,0,0.0,0,0.03692915,0
202305312738,1,19,Cadillac,2021,421,15,"Large utility (ANSI D16.1 Utility Vehicle Categories and ""Full Size"" and ""Large"")",7,Sport Utility Vehicle (SUV)/Multi-Purpose Vehicle (MPV),12,12 Clock Point,1,Going Straight,103,Single Driver-Struck Object While Moving Forward,45,45,0,No Rollover,1,1,Dry,2,No Alcohol Involved,0,1,0.0,42.0,1,0,0,8,11,0,0,0,"South (MD, DE, DC, WV, VA, KY, TN, NC, SC, GA, FL, AL, MS, LA, AR, OK, TX)",Urban Area,1,January,2,Monday,2023,5,5:00am-5:59am,2,2,9,Pedalcyclist,0,The First Harmful Event was Not a Collision with a Motor Vehicle In-Transport,2,Four-Way Intersection,1,On Roadway,1,Clear,3,Dark - Lighted,1,2,1,1,1,15.0,0,0.05232273,0
202305372871,1,12,Ford,2016,401,14,"Compact Utility (Utility Vehicle Categories ""Small"" and ""Midsize"")",7,Sport Utility Vehicle (SUV)/Multi-Purpose Vehicle (MPV),12,12 Clock Point,1,Going Straight,415,"Changing Trafficway, Vehicle Turning-Turn Into Path, Turn into Opposite Directions [Going Straight, Other Vehicle Turning Left]",40,5,0,No Rollover,1,1,Dry,2,No Alcohol Involved,0,1,0.0,33.0,2,0,0,0,11,0,0,0,"South (MD, DE, DC, WV, VA, KY, TN, NC, SC, GA, FL, AL, MS, LA, AR, OK, TX)",Rural Area,11,November,7,Saturday,2023,17,5:00pm-5:59pm,0,0,12,Motor Vehicle In-Transport,6,Angle,2,Four-Way Intersection,1,On Roadway,1,Clear,1,Daylight,0,7,1,0,0,1.6666666666666667,0,0.15146457,0
202305200473,2,63,KIA,2017,34,4,"4-door sedan, hardtop",13,Sedan/Saloon,6,6 Clock Point,1,Going Straight,201,"Same Trafficway, Same Direction-Rear End, Trailing Vehicle",65,65,0,No Rollover,1,2,Wet,2,No Alcohol Involved,1,1,1.0,65.0,2,1,0,0,11,0,0,1,"West (MT, ID, WA, OR, CA, NV, NM, AZ, UT, CO, WY, AK, HI)",Urban Area,8,August,1,Sunday,2023,4,4:00am-4:59am,8,8,12,Motor Vehicle In-Transport,1,Front-to-Rear,1,Not an Intersection,1,On Roadway,2,Rain,3,Dark - Lighted,1,6,1,1,1,30.0,0,0.1214608,1
202304684897,1,42,Mercedes-Benz,2019,461,21,"Large Van-Includes van-based buses (B150-B350, Sportsman, Royal Maxiwagon, Ram, Tradesman,...)",63,Incomplete - Chassis Cab (Single Cab),5,5 Clock Point,15,Changing Lanes,207,"Same Trafficway, Same Direction-Sideswipe, Angle, Vehicle on Left",40,10,0,No Rollover,1,1,Dry,2,No Alcohol Involved,0,1,0.0,41.0,2,0,0,8,11,0,0,0,"South (MD, DE, DC, WV, VA, KY, TN, NC, SC, GA, FL, AL, MS, LA, AR, OK, TX)",Urban Area,1,January,6,Friday,2023,17,5:00pm-5:59pm,14,14,12,Motor Vehicle In-Transport,7,Sideswipe - Same Direction,1,Not an Intersection,1,On Roadway,1,Clear,5,Dusk,0,4,1,0,0,3.333333333333333,0,0.0141179655,0
202304890052,1,20,Chevrolet,2003,481,34,Light Pickup,60,Pickup,12,12 Clock Point,1,Going Straight,103,Single Driver-Struck Object While Moving Forward,35,45,0,No Rollover,1,1,Dry,2,No Alcohol Involved,1,1,1.0,63.0,1,2,0,0,11,0,0,1,"West (MT, ID, WA, OR, CA, NV, NM, AZ, UT, CO, WY, AK, HI)",Rural Area,4,April,3,Tuesday,2023,17,5:00pm-5:59pm,19,19,14,Parked Motor Vehicle,0,The First Harmful Event was Not a Collision with a Motor Vehicle In-Transport,1,Not an Intersection,7,In Parking Lane/Zone,1,Clear,1,Daylight,1,20,1,1,1,31.666666666666664,0,0.304446,1
202305305896,2,49,Toyota,2019,32,4,"4-door sedan, hardtop",13,Sedan/Saloon,6,6 Clock Point,5,Stopped in Roadway,201,"Same Trafficway, Same Direction-Rear End, Trailing Vehicle",45,0,0,No Rollover,1,2,Wet,2,No Alcohol Involved,0,1,0.0,31.0,1,0,0,8,11,0,0,0,"South (MD, DE, DC, WV, VA, KY, TN, NC, SC, GA, FL, AL, MS, LA, AR, OK, TX)",Urban Area,8,August,4,Wednesday,2023,17,5:00pm-5:59pm,15,15,12,Motor Vehicle In-Transport,1,Front-to-Rear,2,Four-Way Intersection,1,On Roadway,2,Rain,1,Daylight,0,4,1,0,0,0.0,0,0.029879242,0
202305663858,2,20,Chevrolet,2013,29,5,5-door/4-door hatchback,5,Hatchback/Liftback/Notchback,6,6 Clock Point,5,Stopped in Roadway,201,"Same Trafficway, Same Direction-Rear End, Trailing Vehicle",40,0,0,No Rollover,2,1,Dry,2,No Alcohol Involved,2,2,1.0,41.0,1,2,8,8,11,0,0,1,"South (MD, DE, DC, WV, VA, KY, TN, NC, SC, GA, FL, AL, MS, LA, AR, OK, TX)",Urban Area,12,December,2,Monday,2023,4,4:00am-4:59am,48,48,12,Motor Vehicle In-Transport,1,Front-to-Rear,2,Four-Way Intersection,1,On Roadway,1,Clear,3,Dark - Lighted,3,10,1,0,0,16.666666666666664,0,0.03383186,1
202304752086,1,29,Other Domestic Manufacturers,2022,5,5,5-door/4-door hatchback,5,Hatchback/Liftback/Notchback,12,12 Clock Point,1,Going Straight,103,Single Driver-Struck Object While Moving Forward,70,80,0,No Rollover,1,1,Dry,1,Alcohol Involved,1,1,1.0,34.0,1,1,1,0,11,0,0,1,"South (MD, DE, DC, WV, VA, KY, TN, NC, SC, GA, FL, AL, MS, LA, AR, OK, TX)",Urban Area,2,February,7,Saturday,2023,7,7:00am-7:59am,40,40,14,Parked Motor Vehicle,0,The First Harmful Event was Not a Collision with a Motor Vehicle In-Transport,1,Not an Intersection,2,On Shoulder,10,Cloudy,1,Daylight,2,1,1,1,1,35.0,1,0.71270156,1
202305713514,2,49,Toyota,2022,403,14,"Compact Utility (Utility Vehicle Categories ""Small"" and ""Midsize"")",7,Sport Utility Vehicle (SUV)/Multi-Purpose Vehicle (MPV),12,12 Clock Point,1,Going Straight,202,"Same Trafficway, Same Direction-Rear End, Lead Vehicle",60,60,0,No Rollover,4,1,Dry,2,No Alcohol Involved,0,4,0.0,44.75,2,1,8,0,11,0,0,0,"South (MD, DE, DC, WV, VA, KY, TN, NC, SC, GA, FL, AL, MS, LA, AR, OK, TX)",Urban Area,12,December,6,Friday,2023,8,8:00am-8:59am,51,51,12,Motor Vehicle In-Transport,1,Front-to-Rear,1,Not an Intersection,1,On Roadway,1,Clear,1,Daylight,6,1,1,1,1,28.33333333333333,0,0.21537438,0
202304866176,1,29,Other Domestic Manufacturers,2016,5,5,5-door/4-door hatchback,5,Hatchback/Liftback/Notchback,1,1 Clock Point,11,Turning Left,401,"Changing Trafficway, Vehicle Turning-Turn Across Path, Initial Opposite Directions [Left/Right]",35,10,0,No Rollover,4,1,Dry,9,Reported as Unknown,0,4,0.0,17.75,1,0,8,0,11,0,0,0,"Midwest (OH, IN, IL, MI, WI, MN, ND, SD, NE, IA, MO, KS)",Urban Area,4,April,3,Tuesday,2023,17,5:00pm-5:59pm,38,38,12,Motor Vehicle In-Transport,6,Angle,1,Not an Intersection,1,On Roadway,1,Clear,1,Daylight,1,7,1,0,0,3.333333333333333,0,0.30529982,0
202305314661,2,32,Audi,2021,42,4,"4-door sedan, hardtop",13,Sedan/Saloon,6,6 Clock Point,5,Stopped in Roadway,201,"Same Trafficway, Same Direction-Rear End, Trailing Vehicle",40,0,0,No Rollover,1,1,Dry,2,No Alcohol Involved,0,1,0.0,28.0,1,0,0,8,11,0,0,0,"South (MD, DE, DC, WV, VA, KY, TN, NC, SC, GA, FL, AL, MS, LA, AR, OK, TX)",Urban Area,8,August,7,Saturday,2023,2,2:00am-2:59am,26,26,12,Motor Vehicle In-Transport,1,Front-to-Rear,2,Four-Way Intersection,1,On Roadway,1,Clear,3,Dark - Lighted,0,2,1,0,0,0.0,0,0.053137608,0
202304842166,2,55,Hyundai,2011,36,4,"4-door sedan, hardtop",13,Sedan/Saloon,8,8 Clock Point,1,Going Straight,208,"Same Trafficway, Same Direction-Sideswipe, Angle, Vehicle on Right",40,40,0,No Rollover,1,1,Dry,9,Reported as Unknown,0,1,0.0,19.0,2,0,8,8,11,0,0,0,"West (MT, ID, WA, OR, CA, NV, NM, AZ, UT, CO, WY, AK, HI)",Urban Area,2,February,1,Sunday,2023,9,9:00am-9:59am,9,9,12,Motor Vehicle In-Transport,7,Sideswipe - Same Direction,2,Four-Way Intersection,1,On Roadway,1,Clear,1,Daylight,0,12,1,1,1,13.333333333333334,0,0.06570859,0
202305394499,2,12,Ford,2021,402,14,"Compact Utility (Utility Vehicle Categories ""Small"" and ""Midsize"")",7,Sport Utility Vehicle (SUV)/Multi-Purpose Vehicle (MPV),6,6 Clock Point,2,Decelerating in Road,201,"Same Trafficway, Same Direction-Rear End, Trailing Vehicle",45,5,0,No Rollover,1,1,Dry,2,No Alcohol Involved,0,1,0.0,38.0,1,0,0,8,11,0,0,0,"South (MD, DE, DC, WV, VA, KY, TN, NC, SC, GA, FL, AL, MS, LA, AR, OK, TX)",Urban Area,9,September,3,Tuesday,2023,18,6:00pm-6:59pm,25,25,12,Motor Vehicle In-Transport,1,Front-to-Rear,2,Four-Way Intersection,1,On Roadway,1,Clear,1,Daylight,0,2,1,0,0,1.6666666666666667,0,0.02007865,0
202305316434,1,85,Kenworth,2009,881,66,"Truck-tractor (Cab only, or with any number of trailing unit; any weight)",66,Truck-Tractor,63,Left-Back Side,11,Turning Left,408,"Changing Trafficway, Vehicle Turning-Turn Into Path, Turn into Same Direction [Turning Left]",0,5,0,No Rollover,1,0,Non-Trafficway or Driveway Access,9,Reported as Unknown,0,1,0.0,39.0,1,0,8,8,11,0,0,0,"West (MT, ID, WA, OR, CA, NV, NM, AZ, UT, CO, WY, AK, HI)",Rural Area,9,September,3,Tuesday,2023,4,4:00am-4:59am,50,50,12,Motor Vehicle In-Transport,6,Angle,1,Not an Intersection,1,On Roadway,1,Clear,2,Dark - Not Lighted,2,14,0,0,0,1.6666666666666667,0,0.0123073235,0
202304722880,2,69,Other Import,2004,54,3,3-door/2-door hatchback,5,Hatchback/Liftback/Notchback,6,6 Clock Point,5,Stopped in Roadway,201,"Same Trafficway, Same Direction-Rear End, Trailing Vehicle",35,0,0,No Rollover,1,2,Wet,2,No Alcohol Involved,0,1,0.0,28.0,1,0,0,0,11,0,0,0,"South (MD, DE, DC, WV, VA, KY, TN, NC, SC, GA, FL, AL, MS, LA, AR, OK, TX)",Rural Area,1,January,3,Tuesday,2023,20,8:00pm-8:59pm,46,46,12,Motor Vehicle In-Transport,1,Front-to-Rear,2,Four-Way Intersection,1,On Roadway,2,Rain,3,Dark - Lighted,0,19,1,0,0,0.0,0,0.050933108,0
202305665965,1,72,Harley-Davidson,2005,706,80,Two Wheel Motorcycle (excluding motor scooters),94,Motorcycle - Custom,3,3 Clock Point,14,Negotiating a Curve,102,Single Driver-Left Roadside Departure,98,65,8,Not Applicable,1,1,Dry,9,Reported as Unknown,0,1,0.0,45.0,1,4,8,8,11,0,8,0,"West (MT, ID, WA, OR, CA, NV, NM, AZ, UT, CO, WY, AK, HI)",Rural Area,10,October,2,Monday,2023,17,5:00pm-5:59pm,18,18,42,Tree (Standing Only),0,The First Harmful Event was Not a Collision with a Motor Vehicle In-Transport,1,Not an Intersection,4,On Roadside,1,Clear,1,Daylight,1,18,1,1,1,55.0,0,0.0041470705,0
202305005976,1,63,KIA,2022,498,14,"Compact Utility (Utility Vehicle Categories ""Small"" and ""Midsize"")",7,Sport Utility Vehicle (SUV)/Multi-Purpose Vehicle (MPV),82,Right-Front Side,15,Changing Lanes,207,"Same Trafficway, Same Direction-Sideswipe, Angle, Vehicle on Left",40,25,0,No Rollover,2,2,Wet,2,No Alcohol Involved,0,2,0.0,62.0,1,0,8,8,11,0,0,0,"South (MD, DE, DC, WV, VA, KY, TN, NC, SC, GA, FL, AL, MS, LA, AR, OK, TX)",Urban Area,4,April,7,Saturday,2023,20,8:00pm-8:59pm,50,50,12,Motor Vehicle In-Transport,7,Sideswipe - Same Direction,1,Not an Intersection,1,On Roadway,10,Cloudy,2,Dark - Not Lighted,0,1,0,0,1,8.333333333333332,0,0.027121957,0
202304647329,1,30,Volkswagen,2014,40,4,"4-door sedan, hardtop",13,Sedan/Saloon,1,1 Clock Point,1,Going Straight,101,Single Driver-Right Roadside Departure,55,55,0,No Rollover,1,1,Dry,9,Reported as Unknown,0,1,0.0,19.0,2,0,8,0,11,0,0,0,"Midwest (OH, IN, IL, MI, WI, MN, ND, SD, NE, IA, MO, KS)",Rural Area,1,January,6,Friday,2023,18,6:00pm-6:59pm,28,28,53,Mail Box,0,The First Harmful Event was Not a Collision with a Motor Vehicle In-Transport,1,Not an Intersection,4,On Roadside,10,Cloudy,2,Dark - Not Lighted,0,9,1,1,1,18.33333333333333,0,0.3175016,0
202305647586,3,20,Chevrolet,2012,2,4,"4-door sedan, hardtop",13,Sedan/Saloon,6,6 Clock Point,5,Stopped in Roadway,998,Other Crash Type,35,0,0,No Rollover,1,1,Dry,9,Reported as Unknown,0,1,0.0,35.0,1,0,8,0,11,0,0,0,"Midwest (OH, IN, IL, MI, WI, MN, ND, SD, NE, IA, MO, KS)",Urban Area,9,September,2,Monday,2023,17,5:00pm-5:59pm,55,55,12,Motor Vehicle In-Transport,1,Front-to-Rear,2,Four-Way Intersection,1,On Roadway,1,Clear,1,Daylight,0,11,1,0,0,0.0,0,0.030608788,0
202304691665,1,59,Lexus,2022,43,5,5-door/4-door hatchback,15,Wagon,10,10 Clock Point,11,Turning Left,407,"Changing Trafficway, Vehicle Turning-Turn Across Path, Other or Unknown",45,20,0,No Rollover,2,1,Dry,2,No Alcohol Involved,0,2,0.0,24.5,1,0,8,8,11,0,0,0,"South (MD, DE, DC, WV, VA, KY, TN, NC, SC, GA, FL, AL, MS, LA, AR, OK, TX)",Urban Area,1,January,5,Thursday,2023,13,1:00pm-1:59pm,42,42,12,Motor Vehicle In-Transport,7,Sideswipe - Same Direction,2,Four-Way Intersection,1,On Roadway,1,Clear,1,Daylight,1,1,1,0,0,6.666666666666667,0,0.029823072,0
202304768549,1,37,Honda,2003,31,4,"4-door sedan, hardtop",13,Sedan/Saloon,11,11 Clock Point,15,Changing Lanes,208,"Same Trafficway, Same Direction-Sideswipe, Angle, Vehicle on Right",45,25,0,No Rollover,2,1,Dry,2,No Alcohol Involved,0,2,0.0,17.0,1,0,8,0,11,0,0,0,"West (MT, ID, WA, OR, CA, NV, NM, AZ, UT, CO, WY, AK, HI)",Urban Area,2,February,3,Tuesday,2023,16,4:00pm-4:59pm,35,35,12,Motor Vehicle In-Transport,7,Sideswipe - Same Direction,1,Not an Intersection,1,On Roadway,1,Clear,1,Daylight,0,20,1,0,1,8.333333333333332,0,0.018321767,0
202305489978,2,12,Ford,2006,3,2,"2-door sedan,hardtop,coupe",3,Coupe,4,4 Clock Point,1,Going Straight,415,"Changing Trafficway, Vehicle Turning-Turn Into Path, Turn into Opposite Directions [Going Straight, Other Vehicle Turning Left]",40,45,0,No Rollover,1,1,Dry,2,No Alcohol Involved,0,1,0.0,21.0,1,0,0,0,11,0,0,0,"South (MD, DE, DC, WV, VA, KY, TN, NC, SC, GA, FL, AL, MS, LA, AR, OK, TX)",Rural Area,12,December,5,Thursday,2023,19,7:00pm-7:59pm,30,30,12,Motor Vehicle In-Transport,6,Angle,3,T-Intersection,1,On Roadway,1,Clear,3,Dark - Lighted,0,17,1,1,1,15.0,0,0.27673662,0
202304745646,1,12,Ford,2012,23,4,"4-door sedan, hardtop",13,Sedan/Saloon,12,12 Clock Point,1,Going Straight,998,Other Crash Type,0,15,0,No Rollover,1,0,Non-Trafficway or Driveway Access,2,No Alcohol Involved,0,1,0.0,74.0,2,2,0,8,11,0,0,0,"South (MD, DE, DC, WV, VA, KY, TN, NC, SC, GA, FL, AL, MS, LA, AR, OK, TX)",Urban Area,2,February,6,Friday,2023,12,12:00pm-12:59pm,40,40,19,Building,0,The First Harmful Event was Not a Collision with a Motor Vehicle In-Transport,1,Not an Intersection,5,Outside Trafficway,98,Not Reported,1,Daylight,2,11,1,0,0,21.666666666666664,0,0.10274478,0
202305175616,1,37,Honda,2016,32,4,"4-door sedan, hardtop",13,Sedan/Saloon,12,12 Clock Point,1,Going Straight,103,Single Driver-Struck Object While Moving Forward,45,10,0,No Rollover,99,1,Dry,2,No Alcohol Involved,0,1,0.0,42.0,1,0,0,0,11,0,0,0,"West (MT, ID, WA, OR, CA, NV, NM, AZ, UT, CO, WY, AK, HI)",Urban Area,8,August,7,Saturday,2023,5,5:00am-5:59am,46,46,8,Pedestrian,0,The First Harmful Event was Not a Collision with a Motor Vehicle In-Transport,2,Four-Way Intersection,1,On Roadway,1,Clear,3,Dark - Lighted,1,7,1,0,0,3.333333333333333,0,0.009797967,0
202304716069,1,72,Harley-Davidson,2019,706,80,Two Wheel Motorcycle (excluding motor scooters),94,Motorcycle - Custom,2,2 Clock Point,6,Passing or Overtaking Another Vehicle,209,"Same Trafficway, Same Direction-Sideswipe, Angle, Other or Unknown",45,10,8,Not Applicable,1,2,Wet,2,No Alcohol Involved,0,1,0.0,32.0,1,2,0,8,11,0,8,0,"South (MD, DE, DC, WV, VA, KY, TN, NC, SC, GA, FL, AL, MS, LA, AR, OK, TX)",Urban Area,1,January,2,Monday,2023,6,6:00am-6:59am,40,40,12,Motor Vehicle In-Transport,7,Sideswipe - Same Direction,1,Not an Intersection,1,On Roadway,1,Clear,4,Dawn,1,4,1,0,0,20.0,0,0.00586674,0
202305588964,2,49,Toyota,2017,40,4,"4-door sedan, hardtop",13,Sedan/Saloon,2,2 Clock Point,1,Going Straight,998,Other Crash Type,45,45,0,No Rollover,2,1,Dry,2,No Alcohol Involved,0,2,0.0,28.5,1,5,8,0,11,0,0,0,"West (MT, ID, WA, OR, CA, NV, NM, AZ, UT, CO, WY, AK, HI)",Urban Area,3,March,3,Tuesday,2023,17,5:00pm-5:59pm,52,52,12,Motor Vehicle In-Transport,6,Angle,3,T-Intersection,1,On Roadway,1,Clear,5,Dusk,4,6,1,1,1,56.66666666666667,0,0.39191353,0
202304689140,2,12,Ford,1997,481,34,Light Pickup,60,Pickup,12,12 Clock Point,1,Going Straight,415,"Changing Trafficway, Vehicle Turning-Turn Into Path, Turn into Opposite Directions [Going Straight, Other Vehicle Turning Left]",45,45,0,No Rollover,2,2,Wet,2,No Alcohol Involved,2,2,1.0,18.0,1,2,8,0,11,0,0,1,"South (MD, DE, DC, WV, VA, KY, TN, NC, SC, GA, FL, AL, MS, LA, AR, OK, TX)",Urban Area,1,January,7,Saturday,2023,14,2:00pm-2:59pm,14,14,12,Motor Vehicle In-Transport,6,Angle,2,Four-Way Intersection,1,On Roadway,10,Cloudy,1,Daylight,3,26,1,1,1,31.666666666666664,0,0.1798173,1
202305357435,2,55,Hyundai,2013,402,14,"Compact Utility (Utility Vehicle Categories ""Small"" and ""Midsize"")",7,Sport Utility Vehicle (SUV)/Multi-Purpose Vehicle (MPV),6,6 Clock Point,2,Decelerating in Road,201,"Same Trafficway, Same Direction-Rear End, Trailing Vehicle",25,10,0,No Rollover,1,1,Dry,9,Reported as Unknown,0,1,0.0,28.0,2,1,8,0,11,0,0,0,"Midwest (OH, IN, IL, MI, WI, MN, ND, SD, NE, IA, MO, KS)",Urban Area,8,August,6,Friday,2023,16,4:00pm-4:59pm,24,24,12,Motor Vehicle In-Transport,1,Front-to-Rear,3,T-Intersection,1,On Roadway,1,Clear,1,Daylight,1,10,1,0,0,11.666666666666666,0,0.01638255,0
202305334499,2,55,Hyundai,2022,402,14,"Compact Utility (Utility Vehicle Categories ""Small"" and ""Midsize"")",7,Sport Utility Vehicle (SUV)/Multi-Purpose Vehicle (MPV),12,12 Clock Point,1,Going Straight,415,"Changing Trafficway, Vehicle Turning-Turn Into Path, Turn into Opposite Directions [Going Straight, Other Vehicle Turning Left]",35,25,0,No Rollover,1,1,Dry,9,Reported as Unknown,0,1,0.0,36.0,2,0,8,0,11,0,0,0,"Midwest (OH, IN, IL, MI, WI, MN, ND, SD, NE, IA, MO, KS)",Urban Area,7,July,3,Tuesday,2023,9,9:00am-9:59am,41,41,12,Motor Vehicle In-Transport,6,Angle,2,Four-Way Intersection,1,On Roadway,10,Cloudy,1,Daylight,0,1,1,0,1,8.333333333333332,0,0.47910383,0
202304778682,2,53,Suzuki,2013,706,80,Two Wheel Motorcycle (excluding motor scooters),98,Motorcycle - Street,12,12 Clock Point,1,Going Straight,203,"Same Trafficway, Same Direction-Rear End, Other or Unknown",45,45,8,Not Applicable,1,1,Dry,9,Reported as Unknown,0,1,0.0,26.0,1,2,9,0,11,0,8,0,"South (MD, DE, DC, WV, VA, KY, TN, NC, SC, GA, FL, AL, MS, LA, AR, OK, TX)",Urban Area,1,January,1,Sunday,2023,11,11:00am-11:59am,20,20,12,Motor Vehicle In-Transport,1,Front-to-Rear,1,Not an Intersection,1,On Roadway,1,Clear,1,Daylight,1,10,1,1,1,31.666666666666664,0,0.0066696703,0
202304775890,2,19,Cadillac,2016,24,2,"2-door sedan,hardtop,coupe",3,Coupe,11,11 Clock Point,15,Changing Lanes,208,"Same Trafficway, Same Direction-Sideswipe, Angle, Vehicle on Right",50,60,0,No Rollover,2,1,Dry,9,Reported as Unknown,0,2,0.0,58.0,1,0,8,0,11,0,0,0,"Midwest (OH, IN, IL, MI, WI, MN, ND, SD, NE, IA, MO, KS)",Urban Area,2,February,7,Saturday,2023,13,1:00pm-1:59pm,49,49,12,Motor Vehicle In-Transport,7,Sideswipe - Same Direction,1,Not an Intersection,1,On Roadway,1,Clear,1,Daylight,0,7,1,1,1,20.0,0,0.09018593,0
202305246942,3,20,Chevrolet,2005,880,67,"Medium/heavy Pickup (GVWR greater than 10,000 lbs.)",60,Pickup,8,8 Clock Point,14,Negotiating a Curve,203,"Same Trafficway, Same Direction-Rear End, Other or Unknown",35,35,0,No Rollover,1,2,Wet,9,Reported as Unknown,0,1,0.0,44.0,1,0,8,0,11,0,0,0,"South (MD, DE, DC, WV, VA, KY, TN, NC, SC, GA, FL, AL, MS, LA, AR, OK, TX)",Urban Area,8,August,5,Thursday,2023,7,7:00am-7:59am,52,52,12,Motor Vehicle In-Transport,9,Rear-to-Side,3,T-Intersection,1,On Roadway,2,Rain,4,Dawn,0,18,1,1,1,11.666666666666666,0,0.020438705,0
202305631993,2,2,Jeep / Kaiser-Jeep / Willys- Jeep,2003,405,14,"Compact Utility (Utility Vehicle Categories ""Small"" and ""Midsize"")",7,Sport Utility Vehicle (SUV)/Multi-Purpose Vehicle (MPV),10,10 Clock Point,1,Going Straight,402,"Changing Trafficway, Vehicle Turning-Turn Across Path, Initial Opposite Directions [Going Straight]",35,35,0,No Rollover,1,1,Dry,9,Reported as Unknown,0,1,0.0,25.0,1,0,8,0,11,0,0,0,"South (MD, DE, DC, WV, VA, KY, TN, NC, SC, GA, FL, AL, MS, LA, AR, OK, TX)",Urban Area,12,December,7,Saturday,2023,16,4:00pm-4:59pm,38,38,12,Motor Vehicle In-Transport,6,Angle,2,Four-Way Intersection,1,On Roadway,1,Clear,1,Daylight,0,20,1,1,1,11.666666666666666,0,0.25654387,0
202304830002,1,37,Honda,2023,31,4,"4-door sedan, hardtop",13,Sedan/Saloon,12,12 Clock Point,1,Going Straight,202,"Same Trafficway, Same Direction-Rear End, Lead Vehicle",40,40,0,No Rollover,1,2,Wet,2,No Alcohol Involved,1,1,1.0,33.0,2,2,0,0,11,0,0,1,"West (MT, ID, WA, OR, CA, NV, NM, AZ, UT, CO, WY, AK, HI)",Urban Area,1,January,1,Sunday,2023,16,4:00pm-4:59pm,25,25,12,Motor Vehicle In-Transport,1,Front-to-Rear,1,Not an Intersection,1,On Roadway,2,Rain,1,Daylight,3,0,1,1,1,30.0,0,0.41661683,1
202304858019,2,42,Mercedes-Benz,2021,423,15,"Large utility (ANSI D16.1 Utility Vehicle Categories and ""Full Size"" and ""Large"")",7,Sport Utility Vehicle (SUV)/Multi-Purpose Vehicle (MPV),2,2 Clock Point,1,Going Straight,207,"Same Trafficway, Same Direction-Sideswipe, Angle, Vehicle on Left",25,25,0,No Rollover,1,1,Dry,2,No Alcohol Involved,0,1,0.0,60.0,1,0,0,0,11,0,0,0,"South (MD, DE, DC, WV, VA, KY, TN, NC, SC, GA, FL, AL, MS, LA, AR, OK, TX)",Urban Area,3,March,6,Friday,2023,13,1:00pm-1:59pm,25,25,12,Motor Vehicle In-Transport,7,Sideswipe - Same Direction,1,Not an Intersection,1,On Roadway,10,Cloudy,1,Daylight,0,2,1,0,1,8.333333333333332,0,0.017194677,0
202305130695,3,35,Nissan/Datsun,2014,39,4,"4-door sedan, hardtop",13,Sedan/Saloon,10,10 Clock Point,1,Going Straight,998,Other Crash Type,30,10,0,No Rollover,1,98,Not Reported,2,No Alcohol Involved,0,1,0.0,32.0,9,0,0,8,11,0,0,0,"South (MD, DE, DC, WV, VA, KY, TN, NC, SC, GA, FL, AL, MS, LA, AR, OK, TX)",Urban Area,5,May,6,Friday,2023,17,5:00pm-5:59pm,50,50,12,Motor Vehicle In-Transport,6,Angle,2,Four-Way Intersection,1,On Roadway,1,Clear,1,Daylight,0,9,1,0,0,3.333333333333333,0,0.32305476,0
202305350720,2,12,Ford,2022,481,34,Light Pickup,60,Pickup,12,12 Clock Point,1,Going Straight,998,Other Crash Type,45,45,0,No Rollover,2,1,Dry,9,Reported as Unknown,2,2,1.0,42.0,1,2,8,0,11,0,0,1,"Midwest (OH, IN, IL, MI, WI, MN, ND, SD, NE, IA, MO, KS)",Urban Area,10,October,5,Thursday,2023,6,6:00am-6:59am,58,58,11,Live Animal,0,The First Harmful Event was Not a Collision with a Motor Vehicle In-Transport,1,Not an Intersection,1,On Roadway,10,Cloudy,2,Dark - Not Lighted,2,1,1,1,1,31.666666666666664,0,0.13224761,1
202305418263,1,49,Toyota,2020,472,34,Light Pickup,60,Pickup,12,12 Clock Point,14,Negotiating a Curve,103,Single Driver-Struck Object While Moving Forward,65,69,0,No Rollover,1,1,Dry,2,No Alcohol Involved,0,1,0.0,34.0,1,0,0,0,11,0,0,0,"Northeast (PA, NJ, NY, NH, VT, RI, MA, ME, CT)",Rural Area,10,October,5,Thursday,2023,8,8:00am-8:59am,28,28,11,Live Animal,0,The First Harmful Event was Not a Collision with a Motor Vehicle In-Transport,1,Not an Intersection,1,On Roadway,1,Clear,1,Daylight,0,3,1,1,1,23.0,0,0.33705,0
202304943224,3,19,Cadillac,2019,421,15,"Large utility (ANSI D16.1 Utility Vehicle Categories and ""Full Size"" and ""Large"")",7,Sport Utility Vehicle (SUV)/Multi-Purpose Vehicle (MPV),11,11 Clock Point,1,Going Straight,998,Other Crash Type,35,35,0,No Rollover,2,1,Dry,2,No Alcohol Involved,0,2,0.0,63.0,2,0,8,0,11,0,0,0,"Northeast (PA, NJ, NY, NH, VT, RI, MA, ME, CT)",Rural Area,4,April,6,Friday,2023,9,9:00am-9:59am,8,8,12,Motor Vehicle In-Transport,6,Angle,1,Not an Intersection,1,On Roadway,1,Clear,1,Daylight,1,4,1,1,1,11.666666666666666,0,0.32401165,0
202305258669,1,20,Chevrolet,2006,2,4,"4-door sedan, hardtop",13,Sedan/Saloon,3,3 Clock Point,1,Going Straight,207,"Same Trafficway, Same Direction-Sideswipe, Angle, Vehicle on Left",80,80,0,No Rollover,2,1,Dry,9,Reported as Unknown,0,1,0.0,17.0,1,0,9,0,11,0,0,0,"Midwest (OH, IN, IL, MI, WI, MN, ND, SD, NE, IA, MO, KS)",Rural Area,9,September,7,Saturday,2023,16,4:00pm-4:59pm,0,0,12,Motor Vehicle In-Transport,7,Sideswipe - Same Direction,1,Not an Intersection,1,On Roadway,1,Clear,1,Daylight,0,17,1,1,1,26.666666666666668,0,0.1370793,0
202304759112,1,54,Acura,2022,421,15,"Large utility (ANSI D16.1 Utility Vehicle Categories and ""Full Size"" and ""Large"")",7,Sport Utility Vehicle (SUV)/Multi-Purpose Vehicle (MPV),6,6 Clock Point,1,Going Straight,102,Single Driver-Left Roadside Departure,70,55,0,No Rollover,1,3,Snow,2,No Alcohol Involved,1,1,1.0,44.0,2,0,0,0,11,0,0,1,"Northeast (PA, NJ, NY, NH, VT, RI, MA, ME, CT)",Urban Area,1,January,4,Wednesday,2023,9,9:00am-9:59am,46,46,25,Concrete Traffic Barrier,0,The First Harmful Event was Not a Collision with a Motor Vehicle In-Transport,1,Not an Intersection,3,On Median,4,Snow,1,Daylight,0,1,1,1,1,18.33333333333333,0,0.34462813,1
202304892934,2,7,Dodge,2018,442,20,"Minivan (Chrysler Town and Country, Caravan, Grand Caravan, Voyager, Voyager, Honda-Odyssey, ...)",2,Minivan,6,6 Clock Point,5,Stopped in Roadway,201,"Same Trafficway, Same Direction-Rear End, Trailing Vehicle",60,0,0,No Rollover,3,1,Dry,2,No Alcohol Involved,0,1,0.0,47.0,1,1,0,0,11,0,0,0,"South (MD, DE, DC, WV, VA, KY, TN, NC, SC, GA, FL, AL, MS, LA, AR, OK, TX)",Urban Area,4,April,5,Thursday,2023,14,2:00pm-2:59pm,32,32,12,Motor Vehicle In-Transport,1,Front-to-Rear,1,Not an Intersection,1,On Roadway,1,Clear,1,Daylight,1,5,1,0,0,8.333333333333332,0,0.03570438,0
202304838787,2,12,Ford,2021,424,15,"Large utility (ANSI D16.1 Utility Vehicle Categories and ""Full Size"" and ""Large"")",7,Sport Utility Vehicle (SUV)/Multi-Purpose Vehicle (MPV),12,12 Clock Point,1,Going Straight,501,"Intersecting Paths-Straight Paths, Striking from the Right",45,45,0,No Rollover,1,1,Dry,9,Reported as Unknown,1,1,1.0,77.0,1,2,8,0,11,0,0,1,"Midwest (OH, IN, IL, MI, WI, MN, ND, SD, NE, IA, MO, KS)",Urban Area,3,March,3,Tuesday,2023,14,2:00pm-2:59pm,13,13,12,Motor Vehicle In-Transport,6,Angle,2,Four-Way Intersection,1,On Roadway,1,Clear,1,Daylight,2,2,1,1,1,31.666666666666664,1,0.7013413,1
202305413795,1,20,Chevrolet,2021,498,14,"Compact Utility (Utility Vehicle Categories ""Small"" and ""Midsize"")",7,Sport Utility Vehicle (SUV)/Multi-Purpose Vehicle (MPV),12,12 Clock Point,1,Going Straight,202,"Same Trafficway, Same Direction-Rear End, Lead Vehicle",65,20,0,No Rollover,2,1,Dry,9,Reported as Unknown,0,2,0.0,24.5,2,0,8,8,11,0,0,0,"West (MT, ID, WA, OR, CA, NV, NM, AZ, UT, CO, WY, AK, HI)",Urban Area,11,November,7,Saturday,2023,18,6:00pm-6:59pm,42,42,12,Motor Vehicle In-Transport,1,Front-to-Rear,1,Not an Intersection,1,On Roadway,1,Clear,3,Dark - Lighted,0,2,1,0,0,6.666666666666667,0,0.1691736,0
202304692421,2,12,Ford,2018,481,34,Light Pickup,60,Pickup,6,6 Clock Point,5,Stopped in Roadway,201,"Same Trafficway, Same Direction-Rear End, Trailing Vehicle",55,0,0,No Rollover,1,2,Wet,9,Reported as Unknown,0,1,0.0,49.0,1,0,9,8,11,0,0,0,"West (MT, ID, WA, OR, CA, NV, NM, AZ, UT, CO, WY, AK, HI)",Urban Area,1,January,6,Friday,2023,11,11:00am-11:59am,30,30,12,Motor Vehicle In-Transport,1,Front-to-Rear,3,T-Intersection,1,On Roadway,10,Cloudy,1,Daylight,0,5,1,0,0,0.0,0,0.019300941,0
202304936709,3,37,Honda,2000,32,4,"4-door sedan, hardtop",13,Sedan/Saloon,12,12 Clock Point,1,Going Straight,998,Other Crash Type,45,45,0,No Rollover,1,1,Dry,2,No Alcohol Involved,0,1,0.0,22.0,1,0,0,8,11,0,0,0,"South (MD, DE, DC, WV, VA, KY, TN, NC, SC, GA, FL, AL, MS, LA, AR, OK, TX)",Urban Area,3,March,4,Wednesday,2023,16,4:00pm-4:59pm,56,56,12,Motor Vehicle In-Transport,6,Angle,2,Four-Way Intersection,1,On Roadway,1,Clear,1,Daylight,2,23,1,1,1,15.0,1,0.6122298,0
202305283587,2,37,Honda,2022,421,15,"Large utility (ANSI D16.1 Utility Vehicle Categories and ""Full Size"" and ""Large"")",7,Sport Utility Vehicle (SUV)/Multi-Purpose Vehicle (MPV),6,6 Clock Point,5,Stopped in Roadway,201,"Same Trafficway, Same Direction-Rear End, Trailing Vehicle",40,0,0,No Rollover,4,1,Dry,2,No Alcohol Involved,0,4,0.0,12.25,1,0,8,0,11,0,0,0,"South (MD, DE, DC, WV, VA, KY, TN, NC, SC, GA, FL, AL, MS, LA, AR, OK, TX)",Urban Area,9,September,2,Monday,2023,15,3:00pm-3:59pm,54,54,12,Motor Vehicle In-Transport,1,Front-to-Rear,2,Four-Way Intersection,1,On Roadway,1,Clear,1,Daylight,0,1,1,0,0,0.0,0,0.014408587,0
202305227759,2,12,Ford,2003,481,34,Light Pickup,60,Pickup,6,6 Clock Point,5,Stopped in Roadway,201,"Same Trafficway, Same Direction-Rear End, Trailing Vehicle",65,0,0,No Rollover,1,1,Dry,9,Reported as Unknown,0,1,0.0,51.0,1,0,8,8,11,0,0,0,"West (MT, ID, WA, OR, CA, NV, NM, AZ, UT, CO, WY, AK, HI)",Urban Area,8,August,6,Friday,2023,7,7:00am-7:59am,24,24,12,Motor Vehicle In-Transport,1,Front-to-Rear,1,Not an Intersection,1,On Roadway,1,Clear,1,Daylight,0,20,1,0,0,0.0,0,0.028201848,0
202305253010,5,63,KIA,2012,38,4,"4-door sedan, hardtop",13,Sedan/Saloon,6,6 Clock Point,2,Decelerating in Road,998,Other Crash Type,70,5,0,No Rollover,1,1,Dry,2,No Alcohol Involved,0,1,0.0,29.0,1,0,0,0,11,0,0,0,"South (MD, DE, DC, WV, VA, KY, TN, NC, SC, GA, FL, AL, MS, LA, AR, OK, TX)",Urban Area,9,September,6,Friday,2023,16,4:00pm-4:59pm,33,33,12,Motor Vehicle In-Transport,1,Front-to-Rear,1,Not an Intersection,1,On Roadway,1,Clear,1,Daylight,3,11,1,0,0,1.6666666666666667,0,0.044603366,0
202305180760,2,49,Toyota,2023,402,14,"Compact Utility (Utility Vehicle Categories ""Small"" and ""Midsize"")",7,Sport Utility Vehicle (SUV)/Multi-Purpose Vehicle (MPV),9,9 Clock Point,11,Turning Left,405,"Changing Trafficway, Vehicle Turning-Turn Across Path, Initial Same Directions [Turning Left]",25,2,0,No Rollover,1,1,Dry,2,No Alcohol Involved,1,1,1.0,53.0,1,0,0,8,11,0,0,1,"South (MD, DE, DC, WV, VA, KY, TN, NC, SC, GA, FL, AL, MS, LA, AR, OK, TX)",Urban Area,6,June,3,Tuesday,2023,10,10:00am-10:59am,39,39,12,Motor Vehicle In-Transport,7,Sideswipe - Same Direction,1,Not an Intersection,1,On Roadway,10,Cloudy,1,Daylight,0,0,1,0,0,0.6666666666666667,0,0.019933535,1
202304962676,3,37,Honda,2018,31,4,"4-door sedan, hardtop",13,Sedan/Saloon,6,6 Clock Point,14,Negotiating a Curve,998,Other Crash Type,65,65,0,No Rollover,1,98,Not Reported,9,Reported as Unknown,1,1,1.0,28.0,2,1,8,0,11,0,0,1,"Midwest (OH, IN, IL, MI, WI, MN, ND, SD, NE, IA, MO, KS)",Urban Area,5,May,6,Friday,2023,14,2:00pm-2:59pm,10,10,12,Motor Vehicle In-Transport,1,Front-to-Rear,1,Not an Intersection,1,On Roadway,1,Clear,1,Daylight,4,5,1,1,1,30.0,0,0.19768083,1
202305115516,2,20,Chevrolet,2017,28,4,"4-door sedan, hardtop",13,Sedan/Saloon,10,10 Clock Point,1,Going Straight,402,"Changing Trafficway, Vehicle Turning-Turn Across Path, Initial Opposite Directions [Going Straight]",30,30,0,No Rollover,1,1,Dry,2,No Alcohol Involved,1,1,1.0,28.0,1,0,0,8,11,0,0,1,"South (MD, DE, DC, WV, VA, KY, TN, NC, SC, GA, FL, AL, MS, LA, AR, OK, TX)",Urban Area,5,May,1,Sunday,2023,17,5:00pm-5:59pm,37,37,12,Motor Vehicle In-Transport,6,Angle,2,Four-Way Intersection,1,On Roadway,1,Clear,1,Daylight,0,6,1,0,1,10.0,0,0.38959387,1
202305480876,1,13,Lincoln,2022,422,15,"Large utility (ANSI D16.1 Utility Vehicle Categories and ""Full Size"" and ""Large"")",7,Sport Utility Vehicle (SUV)/Multi-Purpose Vehicle (MPV),7,7 Clock Point,11,Turning Left,414,"Changing Trafficway, Vehicle Turning-Turn Into Path, Turn into Opposite Directions [Turning Left]",45,5,0,No Rollover,1,1,Dry,9,Reported as Unknown,1,1,1.0,78.0,1,2,8,8,11,0,0,1,"West (MT, ID, WA, OR, CA, NV, NM, AZ, UT, CO, WY, AK, HI)",Rural Area,11,November,5,Thursday,2023,16,4:00pm-4:59pm,1,1,12,Motor Vehicle In-Transport,6,Angle,3,T-Intersection,1,On Roadway,10,Cloudy,1,Daylight,1,1,1,0,0,18.33333333333333,0,0.22564124,1
202304909842,1,49,Toyota,2015,472,34,Light Pickup,60,Pickup,11,11 Clock Point,15,Changing Lanes,301,"Same Trafficway, Opposite Direction-Lateral Move [Left/Right], Head-On, Sideswipe, or Angle",50,50,0,No Rollover,1,1,Dry,1,Alcohol Involved,0,1,0.0,54.0,1,0,1,8,11,0,0,0,"West (MT, ID, WA, OR, CA, NV, NM, AZ, UT, CO, WY, AK, HI)",Rural Area,4,April,7,Saturday,2023,19,7:00pm-7:59pm,57,57,12,Motor Vehicle In-Transport,8,Sideswipe - Opposite Direction,1,Not an Intersection,1,On Roadway,1,Clear,2,Dark - Not Lighted,2,8,1,1,1,16.666666666666664,1,0.7132805,0
202305354405,1,12,Ford,2020,403,14,"Compact Utility (Utility Vehicle Categories ""Small"" and ""Midsize"")",7,Sport Utility Vehicle (SUV)/Multi-Purpose Vehicle (MPV),1,1 Clock Point,11,Turning Left,103,Single Driver-Struck Object While Moving Forward,98,13,0,No Rollover,1,98,Not Reported,2,No Alcohol Involved,0,1,0.0,17.0,2,0,0,0,11,0,0,0,"South (MD, DE, DC, WV, VA, KY, TN, NC, SC, GA, FL, AL, MS, LA, AR, OK, TX)",Urban Area,9,September,5,Thursday,2023,6,6:00am-6:59am,38,38,8,Pedestrian,0,The First Harmful Event was Not a Collision with a Motor Vehicle In-Transport,2,Four-Way Intersection,1,On Roadway,1,Clear,2,Dark - Not Lighted,1,3,1,0,0,4.333333333333334,0,0.029486844,0
202305253185,2,13,Lincoln,2011,15,4,"4-door sedan, hardtop",13,Sedan/Saloon,12,12 Clock Point,1,Going Straight,505,"Intersecting Paths-Straight Paths, Other or Unknown",55,45,0,No Rollover,1,1,Dry,2,No Alcohol Involved,0,1,0.0,56.0,1,0,0,0,11,0,0,0,"South (MD, DE, DC, WV, VA, KY, TN, NC, SC, GA, FL, AL, MS, LA, AR, OK, TX)",Rural Area,9,September,6,Friday,2023,16,4:00pm-4:59pm,21,21,12,Motor Vehicle In-Transport,2,Front-to-Front,98,Not Reported,1,On Roadway,1,Clear,1,Daylight,0,12,1,1,1,15.0,1,0.56446093,0
202304785270,1,55,Hyundai,2011,33,4,"4-door sedan, hardtop",13,Sedan/Saloon,12,12 Clock Point,1,Going Straight,501,"Intersecting Paths-Straight Paths, Striking from the Right",35,5,0,No Rollover,1,98,Not Reported,9,Reported as Unknown,0,1,0.0,18.0,2,0,8,0,11,0,0,0,"Midwest (OH, IN, IL, MI, WI, MN, ND, SD, NE, IA, MO, KS)",Rural Area,3,March,4,Wednesday,2023,14,2:00pm-2:59pm,53,53,12,Motor Vehicle In-Transport,6,Angle,2,Four-Way Intersection,1,On Roadway,1,Clear,1,Daylight,0,12,1,0,0,1.6666666666666667,0,0.17046885,0
202304709876,1,29,Other Domestic Manufacturers,2019,5,4,"4-door sedan, hardtop",13,Sedan/Saloon,12,12 Clock Point,1,Going Straight,202,"Same Trafficway, Same Direction-Rear End, Lead Vehicle",65,20,0,No Rollover,2,1,Dry,2,No Alcohol Involved,0,2,0.0,25.5,1,0,8,0,11,0,0,0,"West (MT, ID, WA, OR, CA, NV, NM, AZ, UT, CO, WY, AK, HI)",Urban Area,1,January,1,Sunday,2023,18,6:00pm-6:59pm,45,45,12,Motor Vehicle In-Transport,1,Front-to-Rear,1,Not an Intersection,1,On Roadway,1,Clear,2,Dark - Not Lighted,0,4,1,0,0,6.666666666666667,0,0.23759826,0
202304755940,1,35,Nissan/Datsun,2015,47,4,"4-door sedan, hardtop",13,Sedan/Saloon,1,1 Clock Point,1,Going Straight,101,Single Driver-Right Roadside Departure,45,50,3,Rollover,1,1,Dry,2,No Alcohol Involved,0,1,0.0,28.0,1,2,0,0,11,0,0,0,"South (MD, DE, DC, WV, VA, KY, TN, NC, SC, GA, FL, AL, MS, LA, AR, OK, TX)",Rural Area,2,February,2,Monday,2023,1,1:00am-1:59am,43,43,34,Ditch,0,The First Harmful Event was Not a Collision with a Motor Vehicle In-Transport,1,Not an Intersection,4,On Roadside,1,Clear,2,Dark - Not Lighted,1,8,1,1,1,33.33333333333333,1,0.8871866,0
202304718775,1,49,Toyota,2002,40,4,"4-door sedan, hardtop",13,Sedan/Saloon,12,12 Clock Point,1,Going Straight,202,"Same Trafficway, Same Direction-Rear End, Lead Vehicle",45,35,0,No Rollover,1,1,Dry,2,No Alcohol Involved,0,1,0.0,36.0,2,0,0,0,11,0,0,0,"South (MD, DE, DC, WV, VA, KY, TN, NC, SC, GA, FL, AL, MS, LA, AR, OK, TX)",Rural Area,2,February,7,Saturday,2023,15,3:00pm-3:59pm,23,23,12,Motor Vehicle In-Transport,1,Front-to-Rear,2,Four-Way Intersection,1,On Roadway,1,Clear,1,Daylight,0,21,1,1,1,11.666666666666666,0,0.27941436,0
202304882923,2,49,Toyota,2017,472,34,Light Pickup,60,Pickup,6,6 Clock Point,5,Stopped in Roadway,201,"Same Trafficway, Same Direction-Rear End, Trailing Vehicle",45,0,0,No Rollover,1,1,Dry,2,No Alcohol Involved,0,1,0.0,83.0,1,0,0,0,11,0,0,0,"South (MD, DE, DC, WV, VA, KY, TN, NC, SC, GA, FL, AL, MS, LA, AR, OK, TX)",Urban Area,3,March,1,Sunday,2023,13,1:00pm-1:59pm,41,41,12,Motor Vehicle In-Transport,1,Front-to-Rear,2,Four-Way Intersection,1,On Roadway,10,Cloudy,1,Daylight,0,6,1,0,0,0.0,0,0.014715887,0
202305260169,1,20,Chevrolet,2009,22,8,"Sedan/Hardtop, number of doors unknown",13,Sedan/Saloon,12,12 Clock Point,1,Going Straight,202,"Same Trafficway, Same Direction-Rear End, Lead Vehicle",65,51,0,No Rollover,1,1,Dry,2,No Alcohol Involved,0,1,0.0,31.0,1,0,0,0,11,0,0,0,"West (MT, ID, WA, OR, CA, NV, NM, AZ, UT, CO, WY, AK, HI)",Urban Area,9,September,2,Monday,2023,11,11:00am-11:59am,45,45,12,Motor Vehicle In-Transport,1,Front-to-Rear,1,Not an Intersection,1,On Roadway,1,Clear,1,Daylight,1,14,1,1,1,17.0,0,0.4321244,0
202304885486,2,35,Nissan/Datsun,2019,43,4,"4-door sedan, hardtop",13,Sedan/Saloon,12,12 Clock Point,1,Going Straight,503,"Intersecting Paths-Straight Paths, Striking from the Left",45,45,0,No Rollover,1,1,Dry,2,No Alcohol Involved,1,1,1.0,67.0,2,2,0,0,11,0,0,1,"South (MD, DE, DC, WV, VA, KY, TN, NC, SC, GA, FL, AL, MS, LA, AR, OK, TX)",Urban Area,4,April,3,Tuesday,2023,9,9:00am-9:59am,40,40,12,Motor Vehicle In-Transport,6,Angle,2,Four-Way Intersection,1,On Roadway,1,Clear,1,Daylight,2,4,1,1,1,31.666666666666664,1,0.71605134,1
202304702514,3,35,Nissan/Datsun,2021,43,4,"4-door sedan, hardtop",13,Sedan/Saloon,1,1 Clock Point,1,Going Straight,998,Other Crash Type,65,68,0,No Rollover,1,1,Dry,2,No Alcohol Involved,0,1,0.0,24.0,2,0,0,0,11,0,0,0,"West (MT, ID, WA, OR, CA, NV, NM, AZ, UT, CO, WY, AK, HI)",Urban Area,1,January,4,Wednesday,2023,15,3:00pm-3:59pm,0,0,12,Motor Vehicle In-Transport,1,Front-to-Rear,1,Not an Intersection,1,On Roadway,1,Clear,1,Daylight,1,2,1,1,1,22.666666666666664,0,0.24686694,0
202304997325,2,49,Toyota,2013,32,4,"4-door sedan, hardtop",13,Sedan/Saloon,6,6 Clock Point,5,Stopped in Roadway,201,"Same Trafficway, Same Direction-Rear End, Trailing Vehicle",45,0,0,No Rollover,1,1,Dry,2,No Alcohol Involved,0,1,0.0,26.0,2,0,0,0,11,0,0,0,"South (MD, DE, DC, WV, VA, KY, TN, NC, SC, GA, FL, AL, MS, LA, AR, OK, TX)",Urban Area,5,May,6,Friday,2023,19,7:00pm-7:59pm,9,9,12,Motor Vehicle In-Transport,1,Front-to-Rear,2,Four-Way Intersection,1,On Roadway,1,Clear,1,Daylight,0,10,1,0,0,0.0,0,0.03958345,0
202304996069,2,49,Toyota,2012,404,14,"Compact Utility (Utility Vehicle Categories ""Small"" and ""Midsize"")",7,Sport Utility Vehicle (SUV)/Multi-Purpose Vehicle (MPV),7,7 Clock Point,1,Going Straight,208,"Same Trafficway, Same Direction-Sideswipe, Angle, Vehicle on Right",65,60,0,No Rollover,1,1,Dry,2,No Alcohol Involved,0,1,0.0,37.0,1,0,0,0,11,0,0,0,"West (MT, ID, WA, OR, CA, NV, NM, AZ, UT, CO, WY, AK, HI)",Urban Area,6,June,6,Friday,2023,10,10:00am-10:59am,35,35,12,Motor Vehicle In-Transport,7,Sideswipe - Same Direction,1,Not an Intersection,1,On Roadway,1,Clear,1,Daylight,0,11,1,1,1,20.0,0,0.07644407,0
202305132249,1,20,Chevrolet,2012,473,34,Light Pickup,60,Pickup,12,12 Clock Point,1,Going Straight,501,"Intersecting Paths-Straight Paths, Striking from the Right",55,40,3,Rollover,2,98,Not Reported,9,Reported as Unknown,2,2,1.0,79.0,1,3,8,0,11,0,0,1,"Midwest (OH, IN, IL, MI, WI, MN, ND, SD, NE, IA, MO, KS)",Rural Area,7,July,3,Tuesday,2023,20,8:00pm-8:59pm,16,16,12,Motor Vehicle In-Transport,6,Angle,2,Four-Way Intersection,1,On Roadway,1,Clear,1,Daylight,2,11,1,1,1,38.333333333333336,1,0.61793256,1
202305134035,1,12,Ford,2019,462,21,"Large Van-Includes van-based buses (B150-B350, Sportsman, Royal Maxiwagon, Ram, Tradesman,...)",95,Cargo Van,12,12 Clock Point,1,Going Straight,202,"Same Trafficway, Same Direction-Rear End, Lead Vehicle",45,35,0,No Rollover,1,2,Wet,2,No Alcohol Involved,0,1,0.0,43.0,1,0,0,8,11,0,0,0,"South (MD, DE, DC, WV, VA, KY, TN, NC, SC, GA, FL, AL, MS, LA, AR, OK, TX)",Urban Area,5,May,5,Thursday,2023,14,2:00pm-2:59pm,55,55,12,Motor Vehicle In-Transport,1,Front-to-Rear,2,Four-Way Intersection,1,On Roadway,1,Clear,1,Daylight,0,4,1,1,1,11.666666666666666,0,0.19038017,0
202304803049,2,55,Hyundai,2023,402,14,"Compact Utility (Utility Vehicle Categories ""Small"" and ""Midsize"")",7,Sport Utility Vehicle (SUV)/Multi-Purpose Vehicle (MPV),6,6 Clock Point,5,Stopped in Roadway,201,"Same Trafficway, Same Direction-Rear End, Trailing Vehicle",50,0,0,No Rollover,2,1,Dry,2,No Alcohol Involved,1,2,0.5,32.5,2,1,8,0,11,0,0,0,"South (MD, DE, DC, WV, VA, KY, TN, NC, SC, GA, FL, AL, MS, LA, AR, OK, TX)",Urban Area,2,February,3,Tuesday,2023,16,4:00pm-4:59pm,37,37,12,Motor Vehicle In-Transport,1,Front-to-Rear,1,Not an Intersection,1,On Roadway,10,Cloudy,1,Daylight,1,0,1,0,0,8.333333333333332,0,0.028443886,0
202304858558,1,72,Harley-Davidson,2005,706,80,Two Wheel Motorcycle (excluding motor scooters),81,Motorcycle - Touring / Sport Touring,0,Non-Collision,14,Negotiating a Curve,998,Other Crash Type,45,45,8,Not Applicable,1,1,Dry,2,No Alcohol Involved,0,1,0.0,53.0,1,2,0,0,11,0,8,0,"South (MD, DE, DC, WV, VA, KY, TN, NC, SC, GA, FL, AL, MS, LA, AR, OK, TX)",Urban Area,4,April,4,Wednesday,2023,15,3:00pm-3:59pm,35,35,1,Rollover/Overturn,0,The First Harmful Event was Not a Collision with a Motor Vehicle In-Transport,1,Not an Intersection,1,On Roadway,1,Clear,1,Daylight,1,18,0,1,1,31.666666666666664,0,0.0028287664,0
202305527366,1,7,Dodge,2017,482,34,Light Pickup,60,Pickup,9,9 Clock Point,1,Going Straight,404,"Changing Trafficway, Vehicle Turning-Turn Across Path, Initial Same Directions [Going Straight, Other Vehicle Turning Right]",40,25,0,No Rollover,1,1,Dry,2,No Alcohol Involved,0,1,0.0,17.0,1,0,0,8,11,0,0,0,"South (MD, DE, DC, WV, VA, KY, TN, NC, SC, GA, FL, AL, MS, LA, AR, OK, TX)",Urban Area,10,October,2,Monday,2023,7,7:00am-7:59am,25,25,12,Motor Vehicle In-Transport,7,Sideswipe - Same Direction,2,Four-Way Intersection,1,On Roadway,1,Clear,1,Daylight,0,6,1,0,1,8.333333333333332,0,0.018311886,0
202304957956,2,54,Acura,2020,44,4,"4-door sedan, hardtop",13,Sedan/Saloon,11,11 Clock Point,1,Going Straight,208,"Same Trafficway, Same Direction-Sideswipe, Angle, Vehicle on Right",55,45,0,No Rollover,3,1,Dry,2,No Alcohol Involved,0,3,0.0,15.666666666666666,2,0,8,0,11,0,0,0,"South (MD, DE, DC, WV, VA, KY, TN, NC, SC, GA, FL, AL, MS, LA, AR, OK, TX)",Rural Area,5,May,7,Saturday,2023,0,0:00am-0:59am,10,10,12,Motor Vehicle In-Transport,7,Sideswipe - Same Direction,1,Not an Intersection,1,On Roadway,10,Cloudy,2,Dark - Not Lighted,0,3,1,1,1,15.0,0,0.10659493,0
202305166225,2,12,Ford,2012,481,34,Light Pickup,60,Pickup,6,6 Clock Point,5,Stopped in Roadway,201,"Same Trafficway, Same Direction-Rear End, Trailing Vehicle",35,0,0,No Rollover,2,1,Dry,2,No Alcohol Involved,0,2,0.0,53.0,1,0,8,0,11,0,0,0,"South (MD, DE, DC, WV, VA, KY, TN, NC, SC, GA, FL, AL, MS, LA, AR, OK, TX)",Urban Area,7,July,2,Monday,2023,13,1:00pm-1:59pm,50,50,12,Motor Vehicle In-Transport,1,Front-to-Rear,2,Four-Way Intersection,1,On Roadway,1,Clear,1,Daylight,0,11,1,0,0,0.0,0,0.011610772,0
202305380562,3,20,Chevrolet,2019,481,34,Light Pickup,60,Pickup,6,6 Clock Point,1,Going Straight,998,Other Crash Type,60,5,0,No Rollover,1,1,Dry,2,No Alcohol Involved,0,1,0.0,53.0,1,0,0,0,11,0,0,0,"Midwest (OH, IN, IL, MI, WI, MN, ND, SD, NE, IA, MO, KS)",Urban Area,11,November,2,Monday,2023,14,2:00pm-2:59pm,58,58,12,Motor Vehicle In-Transport,1,Front-to-Rear,1,Not an Intersection,1,On Roadway,10,Cloudy,1,Daylight,1,4,1,0,0,1.6666666666666667,0,0.021330059,0
202305161920,2,20,Chevrolet,2017,481,34,Light Pickup,60,Pickup,82,Right-Front Side,15,Changing Lanes,207,"Same Trafficway, Same Direction-Sideswipe, Angle, Vehicle on Left",45,30,0,No Rollover,1,1,Dry,9,Reported as Unknown,0,1,0.0,12.0,2,0,8,0,11,0,0,0,"South (MD, DE, DC, WV, VA, KY, TN, NC, SC, GA, FL, AL, MS, LA, AR, OK, TX)",Urban Area,6,June,3,Tuesday,2023,8,8:00am-8:59am,10,10,12,Motor Vehicle In-Transport,7,Sideswipe - Same Direction,1,Not an Intersection,1,On Roadway,1,Clear,1,Daylight,0,6,0,0,1,10.0,0,0.020598004,0
202305171917,1,48,Subaru,2018,38,5,5-door/4-door hatchback,5,Hatchback/Liftback/Notchback,12,12 Clock Point,10,Turning Right,103,Single Driver-Struck Object While Moving Forward,30,5,0,No Rollover,1,1,Dry,2,No Alcohol Involved,0,1,0.0,54.0,1,0,0,8,11,0,0,0,"South (MD, DE, DC, WV, VA, KY, TN, NC, SC, GA, FL, AL, MS, LA, AR, OK, TX)",Urban Area,6,June,6,Friday,2023,19,7:00pm-7:59pm,48,48,8,Pedestrian,0,The First Harmful Event was Not a Collision with a Motor Vehicle In-Transport,2,Four-Way Intersection,1,On Roadway,1,Clear,1,Daylight,1,5,1,0,0,1.6666666666666667,0,0.006074859,0
202304878008,1,7,Dodge,1995,482,34,Light Pickup,60,Pickup,12,12 Clock Point,1,Going Straight,202,"Same Trafficway, Same Direction-Rear End, Lead Vehicle",65,50,0,No Rollover,1,1,Dry,2,No Alcohol Involved,1,1,1.0,41.0,1,3,0,0,11,0,0,1,"West (MT, ID, WA, OR, CA, NV, NM, AZ, UT, CO, WY, AK, HI)",Urban Area,4,April,2,Monday,2023,12,12:00pm-12:59pm,5,5,12,Motor Vehicle In-Transport,1,Front-to-Rear,4,Y-Intersection,1,On Roadway,1,Clear,1,Daylight,1,28,1,1,1,41.66666666666666,0,0.18649255,1
202305361007,2,49,Toyota,2009,40,4,"4-door sedan, hardtop",13,Sedan/Saloon,12,12 Clock Point,1,Going Straight,501,"Intersecting Paths-Straight Paths, Striking from the Right",55,50,0,No Rollover,1,1,Dry,2,No Alcohol Involved,1,1,1.0,48.0,1,1,0,0,11,0,0,1,"West (MT, ID, WA, OR, CA, NV, NM, AZ, UT, CO, WY, AK, HI)",Urban Area,10,October,6,Friday,2023,14,2:00pm-2:59pm,25,25,12,Motor Vehicle In-Transport,6,Angle,2,Four-Way Intersection,1,On Roadway,1,Clear,1,Daylight,2,14,1,1,1,25.0,1,0.631138,1
202305623423,2,7,Dodge,2019,24,4,"4-door sedan, hardtop",13,Sedan/Saloon,12,12 Clock Point,1,Going Straight,402,"Changing Trafficway, Vehicle Turning-Turn Across Path, Initial Opposite Directions [Going Straight]",25,30,0,No Rollover,1,1,Dry,2,No Alcohol Involved,0,1,0.0,23.0,1,0,0,8,11,0,0,0,"South (MD, DE, DC, WV, VA, KY, TN, NC, SC, GA, FL, AL, MS, LA, AR, OK, TX)",Urban Area,12,December,6,Friday,2023,13,1:00pm-1:59pm,19,19,12,Motor Vehicle In-Transport,2,Front-to-Front,2,Four-Way Intersection,1,On Roadway,1,Clear,1,Daylight,0,4,1,0,1,10.0,0,0.4861976,0
202305138975,2,2,Jeep / Kaiser-Jeep / Willys- Jeep,2020,1,6,Station Wagon (excluding van and truck based),7,Sport Utility Vehicle (SUV)/Multi-Purpose Vehicle (MPV),6,6 Clock Point,5,Stopped in Roadway,201,"Same Trafficway, Same Direction-Rear End, Trailing Vehicle",35,0,0,No Rollover,4,1,Dry,2,No Alcohol Involved,0,4,0.0,20.5,2,1,8,0,11,0,0,0,"South (MD, DE, DC, WV, VA, KY, TN, NC, SC, GA, FL, AL, MS, LA, AR, OK, TX)",Urban Area,6,June,7,Saturday,2023,18,6:00pm-6:59pm,31,31,12,Motor Vehicle In-Transport,1,Front-to-Rear,2,Four-Way Intersection,1,On Roadway,1,Clear,1,Daylight,2,3,1,0,0,8.333333333333332,0,0.013839093,0
202304781508,3,20,Chevrolet,2019,481,34,Light Pickup,60,Pickup,11,11 Clock Point,1,Going Straight,998,Other Crash Type,35,35,0,No Rollover,1,3,Snow,2,No Alcohol Involved,0,1,0.0,43.0,1,0,0,0,11,0,0,0,"Midwest (OH, IN, IL, MI, WI, MN, ND, SD, NE, IA, MO, KS)",Rural Area,1,January,3,Tuesday,2023,8,8:00am-8:59am,27,27,12,Motor Vehicle In-Transport,9,Rear-to-Side,2,Four-Way Intersection,1,On Roadway,1,Clear,1,Daylight,0,4,1,1,1,11.666666666666666,0,0.25451756,0
202304840393,1,12,Ford,2013,3,1,"Convertible(excludes sun-roof,t-bar)",1,Convertible/Cabriolet,12,12 Clock Point,15,Changing Lanes,102,Single Driver-Left Roadside Departure,65,80,0,No Rollover,1,1,Dry,9,Reported as Unknown,1,1,1.0,20.0,1,3,8,0,11,0,0,1,"Midwest (OH, IN, IL, MI, WI, MN, ND, SD, NE, IA, MO, KS)",Urban Area,2,February,5,Thursday,2023,14,2:00pm-2:59pm,36,36,25,Concrete Traffic Barrier,0,The First Harmful Event was Not a Collision with a Motor Vehicle In-Transport,1,Not an Intersection,3,On Median,1,Clear,1,Daylight,1,10,1,1,1,51.66666666666667,1,0.6342604,1
202304666991,2,31,Alfa Romeo,2022,37,4,"4-door sedan, hardtop",13,Sedan/Saloon,62,Left-Front Side,1,Going Straight,209,"Same Trafficway, Same Direction-Sideswipe, Angle, Other or Unknown",65,55,0,No Rollover,1,1,Dry,2,No Alcohol Involved,0,1,0.0,77.0,1,0,0,0,11,0,0,0,"South (MD, DE, DC, WV, VA, KY, TN, NC, SC, GA, FL, AL, MS, LA, AR, OK, TX)",Urban Area,1,January,5,Thursday,2023,20,8:00pm-8:59pm,25,25,12,Motor Vehicle In-Transport,7,Sideswipe - Same Direction,1,Not an Intersection,1,On Roadway,1,Clear,3,Dark - Lighted,0,1,0,1,1,18.33333333333333,0,0.1582795,0
202305331073,1,49,Toyota,2014,40,4,"4-door sedan, hardtop",13,Sedan/Saloon,12,12 Clock Point,1,Going Straight,202,"Same Trafficway, Same Direction-Rear End, Lead Vehicle",65,65,0,No Rollover,1,1,Dry,2,No Alcohol Involved,1,1,1.0,26.0,1,0,0,0,11,0,0,1,"South (MD, DE, DC, WV, VA, KY, TN, NC, SC, GA, FL, AL, MS, LA, AR, OK, TX)",Rural Area,10,October,7,Saturday,2023,14,2:00pm-2:59pm,55,55,12,Motor Vehicle In-Transport,1,Front-to-Rear,1,Not an Intersection,1,On Roadway,1,Clear,1,Daylight,1,9,1,1,1,21.666666666666668,0,0.42319044,1
202305549225,1,48,Subaru,2014,45,6,Station Wagon (excluding van and truck based),7,Sport Utility Vehicle (SUV)/Multi-Purpose Vehicle (MPV),12,12 Clock Point,1,Going Straight,413,"Changing Trafficway, Vehicle Turning-Turn Into Path, Turn into Opposite Directions [Going Straight, Other Vehicle Turning Right]",25,25,0,No Rollover,1,1,Dry,9,Reported as Unknown,0,1,0.0,66.0,2,0,8,0,11,0,0,0,"South (MD, DE, DC, WV, VA, KY, TN, NC, SC, GA, FL, AL, MS, LA, AR, OK, TX)",Urban Area,10,October,1,Sunday,2023,14,2:00pm-2:59pm,1,1,12,Motor Vehicle In-Transport,2,Front-to-Front,3,T-Intersection,1,On Roadway,1,Clear,1,Daylight,0,9,1,0,1,8.333333333333332,1,0.503231,0
202305357840,2,23,GMC,2007,421,15,"Large utility (ANSI D16.1 Utility Vehicle Categories and ""Full Size"" and ""Large"")",7,Sport Utility Vehicle (SUV)/Multi-Purpose Vehicle (MPV),12,12 Clock Point,1,Going Straight,503,"Intersecting Paths-Straight Paths, Striking from the Left",0,20,0,No Rollover,1,98,Not Reported,2,No Alcohol Involved,0,1,0.0,30.0,1,0,0,0,11,0,0,0,"South (MD, DE, DC, WV, VA, KY, TN, NC, SC, GA, FL, AL, MS, LA, AR, OK, TX)",Urban Area,10,October,1,Sunday,2023,13,1:00pm-1:59pm,44,44,12,Motor Vehicle In-Transport,6,Angle,2,Four-Way Intersection,1,On Roadway,1,Clear,1,Daylight,0,16,1,0,0,6.666666666666667,0,0.30482176,0
202305470639,3,49,Toyota,2023,40,4,"4-door sedan, hardtop",13,Sedan/Saloon,6,6 Clock Point,5,Stopped in Roadway,998,Other Crash Type,45,0,0,No Rollover,2,1,Dry,2,No Alcohol Involved,0,2,0.0,39.0,2,0,8,0,11,0,0,0,"South (MD, DE, DC, WV, VA, KY, TN, NC, SC, GA, FL, AL, MS, LA, AR, OK, TX)",Rural Area,12,December,4,Wednesday,2023,13,1:00pm-1:59pm,55,55,12,Motor Vehicle In-Transport,1,Front-to-Rear,1,Not an Intersection,1,On Roadway,1,Clear,1,Daylight,1,0,1,0,0,0.0,0,0.027332598,0
202305053637,2,55,Hyundai,2014,33,4,"4-door sedan, hardtop",13,Sedan/Saloon,12,12 Clock Point,1,Going Straight,301,"Same Trafficway, Opposite Direction-Lateral Move [Left/Right], Head-On, Sideswipe, or Angle",45,45,0,No Rollover,1,1,Dry,2,No Alcohol Involved,1,1,1.0,53.0,1,3,0,0,11,0,0,1,"South (MD, DE, DC, WV, VA, KY, TN, NC, SC, GA, FL, AL, MS, LA, AR, OK, TX)",Urban Area,6,June,2,Monday,2023,13,1:00pm-1:59pm,45,45,12,Motor Vehicle In-Transport,2,Front-to-Front,1,Not an Intersection,1,On Roadway,1,Clear,1,Daylight,2,9,1,1,1,40.0,1,0.74271584,1
202305429143,1,73,Kawasaki,2021,705,80,Two Wheel Motorcycle (excluding motor scooters),80,Motorcycle - Sport,0,Non-Collision,14,Negotiating a Curve,998,Other Crash Type,45,48,8,Not Applicable,1,1,Dry,2,No Alcohol Involved,0,1,0.0,21.0,1,3,0,0,11,0,8,0,"West (MT, ID, WA, OR, CA, NV, NM, AZ, UT, CO, WY, AK, HI)",Urban Area,11,November,1,Sunday,2023,10,10:00am-10:59am,49,49,1,Rollover/Overturn,0,The First Harmful Event was Not a Collision with a Motor Vehicle In-Transport,1,Not an Intersection,1,On Roadway,1,Clear,1,Daylight,1,2,0,1,1,41.0,0,0.0035964688,0
202304917905,1,52,Mitsubishi,2020,882,62,"Single-unit straight truck or Cab-Chassis (GVWR range 19,501 to 26,000 lbs.)",63,Incomplete - Chassis Cab (Single Cab),12,12 Clock Point,1,Going Straight,202,"Same Trafficway, Same Direction-Rear End, Lead Vehicle",65,55,0,No Rollover,1,1,Dry,2,No Alcohol Involved,0,1,0.0,58.0,1,0,0,0,11,0,0,0,"South (MD, DE, DC, WV, VA, KY, TN, NC, SC, GA, FL, AL, MS, LA, AR, OK, TX)",Urban Area,2,February,3,Tuesday,2023,4,4:00am-4:59am,50,50,12,Motor Vehicle In-Transport,1,Front-to-Rear,1,Not an Intersection,1,On Roadway,1,Clear,3,Dark - Lighted,1,3,1,1,1,18.33333333333333,0,0.050141346,0
202305495362,3,48,Subaru,1987,31,4,"4-door sedan, hardtop",13,Sedan/Saloon,11,11 Clock Point,5,Stopped in Roadway,998,Other Crash Type,35,0,0,No Rollover,1,1,Dry,2,No Alcohol Involved,0,1,0.0,20.0,1,0,0,0,11,0,0,0,"South (MD, DE, DC, WV, VA, KY, TN, NC, SC, GA, FL, AL, MS, LA, AR, OK, TX)",Urban Area,11,November,7,Saturday,2023,16,4:00pm-4:59pm,30,30,12,Motor Vehicle In-Transport,6,Angle,2,Four-Way Intersection,1,On Roadway,1,Clear,1,Daylight,0,36,1,0,0,0.0,0,0.11022567,0
202305662172,2,49,Toyota,2021,40,4,"4-door sedan, hardtop",13,Sedan/Saloon,1,1 Clock Point,1,Going Straight,411,"Changing Trafficway, Vehicle Turning-Turn Into Path, Turn into Same Direction [Going Straight, Other Vehicle Turning Right]",40,35,0,No Rollover,1,1,Dry,2,No Alcohol Involved,0,1,0.0,23.0,1,0,0,8,11,0,0,0,"South (MD, DE, DC, WV, VA, KY, TN, NC, SC, GA, FL, AL, MS, LA, AR, OK, TX)",Urban Area,7,July,3,Tuesday,2023,20,8:00pm-8:59pm,40,40,12,Motor Vehicle In-Transport,6,Angle,1,Not an Intersection,1,On Roadway,1,Clear,3,Dark - Lighted,0,2,1,1,1,11.666666666666666,0,0.18571766,0
202304771368,1,54,Acura,2011,35,4,"4-door sedan, hardtop",13,Sedan/Saloon,1,1 Clock Point,15,Changing Lanes,207,"Same Trafficway, Same Direction-Sideswipe, Angle, Vehicle on Left",70,70,0,No Rollover,1,1,Dry,1,Alcohol Involved,1,1,1.0,43.0,1,3,1,2,11,0,0,1,"Midwest (OH, IN, IL, MI, WI, MN, ND, SD, NE, IA, MO, KS)",Rural Area,2,February,5,Thursday,2023,21,9:00pm-9:59pm,46,46,12,Motor Vehicle In-Transport,7,Sideswipe - Same Direction,1,Not an Intersection,1,On Roadway,10,Cloudy,2,Dark - Not Lighted,1,12,1,1,1,48.33333333333333,0,0.49185473,1
202304664655,2,49,Toyota,2019,405,14,"Compact Utility (Utility Vehicle Categories ""Small"" and ""Midsize"")",8,Crossover Utility Vehicle (CUV),12,12 Clock Point,5,Stopped in Roadway,998,Other Crash Type,60,0,0,No Rollover,1,1,Dry,2,No Alcohol Involved,0,1,0.0,37.0,2,0,0,0,11,0,0,0,"South (MD, DE, DC, WV, VA, KY, TN, NC, SC, GA, FL, AL, MS, LA, AR, OK, TX)",Urban Area,1,January,1,Sunday,2023,6,6:00am-6:59am,43,43,12,Motor Vehicle In-Transport,1,Front-to-Rear,1,Not an Intersection,1,On Roadway,10,Cloudy,4,Dawn,0,4,1,0,0,0.0,0,0.05173045,0
202305174570,1,49,Toyota,2006,40,4,"4-door sedan, hardtop",13,Sedan/Saloon,0,Non-Collision,17,Successful Avoidance Maneuver to a Previous Critical Event,102,Single Driver-Left Roadside Departure,55,58,3,Rollover,1,2,Wet,2,No Alcohol Involved,0,1,0.0,17.0,2,4,0,0,11,0,0,0,"South (MD, DE, DC, WV, VA, KY, TN, NC, SC, GA, FL, AL, MS, LA, AR, OK, TX)",Rural Area,8,August,6,Friday,2023,7,7:00am-7:59am,40,40,1,Rollover/Overturn,0,The First Harmful Event was Not a Collision with a Motor Vehicle In-Transport,2,Four-Way Intersection,4,On Roadside,2,Rain,1,Daylight,1,17,0,1,1,52.66666666666666,0,0.43191856,0
202304896312,2,41,Mazda,2021,51,4,"4-door sedan, hardtop",13,Sedan/Saloon,6,6 Clock Point,5,Stopped in Roadway,201,"Same Trafficway, Same Direction-Rear End, Trailing Vehicle",35,0,0,No Rollover,1,1,Dry,9,Reported as Unknown,0,1,0.0,23.0,1,0,8,0,11,0,0,0,"South (MD, DE, DC, WV, VA, KY, TN, NC, SC, GA, FL, AL, MS, LA, AR, OK, TX)",Urban Area,2,February,5,Thursday,2023,13,1:00pm-1:59pm,45,45,12,Motor Vehicle In-Transport,1,Front-to-Rear,2,Four-Way Intersection,1,On Roadway,1,Clear,1,Daylight,1,2,1,0,0,0.0,0,0.027420249,0
202305176944,2,37,Honda,2011,37,5,5-door/4-door hatchback,5,Hatchback/Liftback/Notchback,1,1 Clock Point,1,Going Straight,207,"Same Trafficway, Same Direction-Sideswipe, Angle, Vehicle on Left",30,15,0,No Rollover,1,1,Dry,2,No Alcohol Involved,0,1,0.0,49.0,1,0,0,0,11,0,0,0,"South (MD, DE, DC, WV, VA, KY, TN, NC, SC, GA, FL, AL, MS, LA, AR, OK, TX)",Urban Area,8,August,7,Saturday,2023,15,3:00pm-3:59pm,40,40,12,Motor Vehicle In-Transport,7,Sideswipe - Same Direction,1,Not an Intersection,1,On Roadway,98,Not Reported,1,Daylight,0,12,1,0,0,5.0,0,0.025498278,0
202304855865,2,22,Pontiac,2007,32,6,Station Wagon (excluding van and truck based),5,Hatchback/Liftback/Notchback,2,2 Clock Point,1,Going Straight,502,"Intersecting Paths-Straight Paths, Struck on the Right",98,5,0,No Rollover,1,98,Not Reported,2,No Alcohol Involved,0,1,0.0,26.0,2,0,0,0,11,0,0,0,"Northeast (PA, NJ, NY, NH, VT, RI, MA, ME, CT)",Urban Area,1,January,7,Saturday,2023,18,6:00pm-6:59pm,27,27,12,Motor Vehicle In-Transport,6,Angle,2,Four-Way Intersection,1,On Roadway,1,Clear,3,Dark - Lighted,0,16,1,0,0,1.6666666666666667,0,0.24538873,0
202304935227,2,18,Buick / Opel,2017,22,4,"4-door sedan, hardtop",13,Sedan/Saloon,2,2 Clock Point,1,Going Straight,415,"Changing Trafficway, Vehicle Turning-Turn Into Path, Turn into Opposite Directions [Going Straight, Other Vehicle Turning Left]",45,45,0,No Rollover,1,1,Dry,2,No Alcohol Involved,0,1,0.0,56.0,1,0,0,0,11,0,0,0,"South (MD, DE, DC, WV, VA, KY, TN, NC, SC, GA, FL, AL, MS, LA, AR, OK, TX)",Urban Area,5,May,4,Wednesday,2023,7,7:00am-7:59am,30,30,12,Motor Vehicle In-Transport,6,Angle,1,Not an Intersection,1,On Roadway,1,Clear,1,Daylight,0,6,1,1,1,15.0,0,0.32361883,0
202304810588,2,14,Mercury,2010,21,4,"4-door sedan, hardtop",13,Sedan/Saloon,12,12 Clock Point,1,Going Straight,202,"Same Trafficway, Same Direction-Rear End, Lead Vehicle",40,30,0,No Rollover,1,1,Dry,9,Reported as Unknown,0,1,0.0,22.0,1,0,8,0,11,0,0,0,"Midwest (OH, IN, IL, MI, WI, MN, ND, SD, NE, IA, MO, KS)",Urban Area,3,March,5,Thursday,2023,17,5:00pm-5:59pm,37,37,12,Motor Vehicle In-Transport,1,Front-to-Rear,1,Not an Intersection,1,On Roadway,1,Clear,1,Daylight,0,13,1,0,1,10.0,0,0.27265745,0
202305329717,1,12,Ford,2016,481,34,Light Pickup,60,Pickup,8,8 Clock Point,1,Going Straight,504,"Intersecting Paths-Straight Paths, Struck on the Left",65,20,3,Rollover,1,98,Not Reported,2,No Alcohol Involved,1,1,1.0,74.0,1,4,0,0,11,0,0,1,"Midwest (OH, IN, IL, MI, WI, MN, ND, SD, NE, IA, MO, KS)",Urban Area,10,October,5,Thursday,2023,12,12:00pm-12:59pm,2,2,12,Motor Vehicle In-Transport,6,Angle,2,Four-Way Intersection,1,On Roadway,10,Cloudy,1,Daylight,1,7,1,0,0,39.99999999999999,1,0.78256065,1
202305070152,1,41,Mazda,2016,50,4,"4-door sedan, hardtop",13,Sedan/Saloon,9,9 Clock Point,15,Changing Lanes,208,"Same Trafficway, Same Direction-Sideswipe, Angle, Vehicle on Right",45,25,0,No Rollover,1,1,Dry,2,No Alcohol Involved,0,1,0.0,59.0,2,0,0,8,11,0,0,0,"South (MD, DE, DC, WV, VA, KY, TN, NC, SC, GA, FL, AL, MS, LA, AR, OK, TX)",Urban Area,5,May,3,Tuesday,2023,10,10:00am-10:59am,5,5,12,Motor Vehicle In-Transport,6,Angle,1,Not an Intersection,1,On Roadway,1,Clear,1,Daylight,0,7,1,0,1,8.333333333333332,0,0.04043218,0
202304888346,2,18,Buick / Opel,2007,23,4,"4-door sedan, hardtop",13,Sedan/Saloon,10,10 Clock Point,11,Turning Left,416,"Changing Trafficway, Vehicle Turning-Turn into Path, Other or Unknown",35,15,0,No Rollover,1,1,Dry,9,Reported as Unknown,0,1,0.0,78.0,2,1,8,0,11,0,0,0,"South (MD, DE, DC, WV, VA, KY, TN, NC, SC, GA, FL, AL, MS, LA, AR, OK, TX)",Urban Area,1,January,2,Monday,2023,15,3:00pm-3:59pm,20,20,12,Motor Vehicle In-Transport,6,Angle,3,T-Intersection,1,On Roadway,1,Clear,1,Daylight,1,16,1,0,0,13.333333333333332,0,0.26332122,0
202304690129,2,7,Dodge,2013,422,15,"Large utility (ANSI D16.1 Utility Vehicle Categories and ""Full Size"" and ""Large"")",7,Sport Utility Vehicle (SUV)/Multi-Purpose Vehicle (MPV),6,6 Clock Point,1,Going Straight,201,"Same Trafficway, Same Direction-Rear End, Trailing Vehicle",65,65,0,No Rollover,5,1,Dry,9,Reported as Unknown,0,5,0.0,16.2,1,1,8,0,11,0,0,0,"Midwest (OH, IN, IL, MI, WI, MN, ND, SD, NE, IA, MO, KS)",Urban Area,1,January,6,Friday,2023,20,8:00pm-8:59pm,8,8,12,Motor Vehicle In-Transport,1,Front-to-Rear,1,Not an Intersection,1,On Roadway,10,Cloudy,3,Dark - Lighted,6,10,1,1,1,30.0,0,0.04991802,0
202305570486,1,20,Chevrolet,2021,406,14,"Compact Utility (Utility Vehicle Categories ""Small"" and ""Midsize"")",7,Sport Utility Vehicle (SUV)/Multi-Purpose Vehicle (MPV),12,12 Clock Point,1,Going Straight,103,Single Driver-Struck Object While Moving Forward,25,3,0,No Rollover,1,1,Dry,2,No Alcohol Involved,0,1,0.0,64.0,1,0,0,8,11,0,0,0,"South (MD, DE, DC, WV, VA, KY, TN, NC, SC, GA, FL, AL, MS, LA, AR, OK, TX)",Urban Area,11,November,3,Tuesday,2023,13,1:00pm-1:59pm,32,32,9,Pedalcyclist,0,The First Harmful Event was Not a Collision with a Motor Vehicle In-Transport,2,Four-Way Intersection,1,On Roadway,1,Clear,1,Daylight,1,2,1,0,0,1.0,0,0.005823669,0
202305041073,1,7,Dodge,2019,28,2,"2-door sedan,hardtop,coupe",13,Sedan/Saloon,83,Right-Back Side,15,Changing Lanes,209,"Same Trafficway, Same Direction-Sideswipe, Angle, Other or Unknown",65,65,0,No Rollover,1,1,Dry,2,No Alcohol Involved,0,1,0.0,35.0,1,0,0,0,11,0,0,0,"West (MT, ID, WA, OR, CA, NV, NM, AZ, UT, CO, WY, AK, HI)",Urban Area,6,June,4,Wednesday,2023,16,4:00pm-4:59pm,50,50,12,Motor Vehicle In-Transport,7,Sideswipe - Same Direction,1,Not an Intersection,1,On Roadway,1,Clear,1,Daylight,1,4,0,1,1,21.666666666666668,0,0.036846664,0
202305534041,1,49,Toyota,2001,40,4,"4-door sedan, hardtop",13,Sedan/Saloon,12,12 Clock Point,1,Going Straight,101,Single Driver-Right Roadside Departure,70,70,0,No Rollover,1,1,Dry,2,No Alcohol Involved,1,1,1.0,46.0,1,3,0,0,11,0,0,1,"West (MT, ID, WA, OR, CA, NV, NM, AZ, UT, CO, WY, AK, HI)",Urban Area,12,December,1,Sunday,2023,4,4:00am-4:59am,10,10,24,Guardrail Face,0,The First Harmful Event was Not a Collision with a Motor Vehicle In-Transport,1,Not an Intersection,4,On Roadside,1,Clear,2,Dark - Not Lighted,1,22,1,1,1,48.33333333333333,1,0.53574795,1
202304973196,1,12,Ford,2005,471,34,Light Pickup,60,Pickup,12,12 Clock Point,1,Going Straight,202,"Same Trafficway, Same Direction-Rear End, Lead Vehicle",25,15,0,No Rollover,1,1,Dry,9,Reported as Unknown,0,1,0.0,24.0,1,0,8,0,11,0,0,0,"Midwest (OH, IN, IL, MI, WI, MN, ND, SD, NE, IA, MO, KS)",Rural Area,5,May,4,Wednesday,2023,6,6:00am-6:59am,28,28,12,Motor Vehicle In-Transport,1,Front-to-Rear,3,T-Intersection,1,On Roadway,1,Clear,1,Daylight,1,18,1,0,0,5.0,0,0.01860288,0
202304894595,1,12,Ford,2011,23,4,"4-door sedan, hardtop",13,Sedan/Saloon,1,1 Clock Point,5,Stopped in Roadway,103,Single Driver-Struck Object While Moving Forward,0,0,0,No Rollover,1,0,Non-Trafficway or Driveway Access,2,No Alcohol Involved,0,1,0.0,40.0,1,0,0,0,11,0,0,0,"Midwest (OH, IN, IL, MI, WI, MN, ND, SD, NE, IA, MO, KS)",Urban Area,2,February,7,Saturday,2023,11,11:00am-11:59am,36,36,9,Pedalcyclist,0,The First Harmful Event was Not a Collision with a Motor Vehicle In-Transport,1,Not an Intersection,1,On Roadway,1,Clear,1,Daylight,1,12,1,0,0,0.0,0,0.01193409,0
202304660769,1,35,Nissan/Datsun,2020,404,14,"Compact Utility (Utility Vehicle Categories ""Small"" and ""Midsize"")",8,Crossover Utility Vehicle (CUV),12,12 Clock Point,11,Turning Left,414,"Changing Trafficway, Vehicle Turning-Turn Into Path, Turn into Opposite Directions [Turning Left]",55,3,0,No Rollover,1,98,Not Reported,9,Reported as Unknown,0,1,0.0,67.0,2,0,8,0,11,0,0,0,"Midwest (OH, IN, IL, MI, WI, MN, ND, SD, NE, IA, MO, KS)",Rural Area,1,January,7,Saturday,2023,9,9:00am-9:59am,5,5,12,Motor Vehicle In-Transport,6,Angle,2,Four-Way Intersection,1,On Roadway,10,Cloudy,1,Daylight,0,3,1,0,0,1.0,1,0.518236,0
202305177082,2,49,Toyota,2021,401,14,"Compact Utility (Utility Vehicle Categories ""Small"" and ""Midsize"")",7,Sport Utility Vehicle (SUV)/Multi-Purpose Vehicle (MPV),6,6 Clock Point,2,Decelerating in Road,201,"Same Trafficway, Same Direction-Rear End, Trailing Vehicle",65,15,0,No Rollover,1,1,Dry,2,No Alcohol Involved,0,1,0.0,35.0,2,0,0,0,11,0,0,0,"West (MT, ID, WA, OR, CA, NV, NM, AZ, UT, CO, WY, AK, HI)",Urban Area,8,August,5,Thursday,2023,7,7:00am-7:59am,55,55,12,Motor Vehicle In-Transport,1,Front-to-Rear,1,Not an Intersection,1,On Roadway,1,Clear,1,Daylight,3,2,1,0,0,5.0,0,0.037388764,0
202304871264,1,49,Toyota,1999,402,14,"Compact Utility (Utility Vehicle Categories ""Small"" and ""Midsize"")",7,Sport Utility Vehicle (SUV)/Multi-Purpose Vehicle (MPV),12,12 Clock Point,1,Going Straight,202,"Same Trafficway, Same Direction-Rear End, Lead Vehicle",45,45,0,No Rollover,1,1,Dry,2,No Alcohol Involved,1,1,1.0,50.0,1,1,0,0,11,0,0,1,"West (MT, ID, WA, OR, CA, NV, NM, AZ, UT, CO, WY, AK, HI)",Urban Area,4,April,4,Wednesday,2023,8,8:00am-8:59am,30,30,12,Motor Vehicle In-Transport,1,Front-to-Rear,1,Not an Intersection,1,On Roadway,1,Clear,1,Daylight,2,24,1,1,1,23.33333333333333,0,0.3090966,1
202305394376,2,45,Porsche,2014,42,5,5-door/4-door hatchback,13,Sedan/Saloon,6,6 Clock Point,1,Going Straight,201,"Same Trafficway, Same Direction-Rear End, Trailing Vehicle",40,5,0,No Rollover,1,98,Not Reported,2,No Alcohol Involved,0,1,0.0,52.0,1,0,0,8,11,0,0,0,"South (MD, DE, DC, WV, VA, KY, TN, NC, SC, GA, FL, AL, MS, LA, AR, OK, TX)",Urban Area,9,September,4,Wednesday,2023,15,3:00pm-3:59pm,5,5,12,Motor Vehicle In-Transport,1,Front-to-Rear,2,Four-Way Intersection,1,On Roadway,1,Clear,1,Daylight,0,9,1,0,0,1.6666666666666667,0,0.026107801,0
202305360308,1,20,Chevrolet,2020,9,2,"2-door sedan,hardtop,coupe",3,Coupe,1,1 Clock Point,1,Going Straight,209,"Same Trafficway, Same Direction-Sideswipe, Angle, Other or Unknown",45,45,0,No Rollover,1,2,Wet,2,No Alcohol Involved,0,1,0.0,31.0,2,0,0,8,11,0,0,0,"South (MD, DE, DC, WV, VA, KY, TN, NC, SC, GA, FL, AL, MS, LA, AR, OK, TX)",Urban Area,8,August,5,Thursday,2023,19,7:00pm-7:59pm,18,18,12,Motor Vehicle In-Transport,7,Sideswipe - Same Direction,2,Four-Way Intersection,1,On Roadway,1,Clear,1,Daylight,0,3,1,1,1,15.0,0,0.14183253,0
202305590464,2,35,Nissan/Datsun,2004,39,4,"4-door sedan, hardtop",13,Sedan/Saloon,6,6 Clock Point,5,Stopped in Roadway,201,"Same Trafficway, Same Direction-Rear End, Trailing Vehicle",45,0,0,No Rollover,1,1,Dry,2,No Alcohol Involved,0,1,0.0,47.0,2,0,0,0,11,0,0,0,"South (MD, DE, DC, WV, VA, KY, TN, NC, SC, GA, FL, AL, MS, LA, AR, OK, TX)",Urban Area,12,December,5,Thursday,2023,19,7:00pm-7:59pm,49,49,12,Motor Vehicle In-Transport,1,Front-to-Rear,1,Not an Intersection,1,On Roadway,1,Clear,1,Daylight,0,19,1,0,0,0.0,0,0.04959824,0
202305500332,2,2,Jeep / Kaiser-Jeep / Willys- Jeep,2016,408,14,"Compact Utility (Utility Vehicle Categories ""Small"" and ""Midsize"")",7,Sport Utility Vehicle (SUV)/Multi-Purpose Vehicle (MPV),62,Left-Front Side,1,Going Straight,402,"Changing Trafficway, Vehicle Turning-Turn Across Path, Initial Opposite Directions [Going Straight]",35,30,0,No Rollover,1,1,Dry,2,No Alcohol Involved,1,1,1.0,18.0,1,1,0,8,11,0,0,1,"West (MT, ID, WA, OR, CA, NV, NM, AZ, UT, CO, WY, AK, HI)",Rural Area,11,November,3,Tuesday,2023,9,9:00am-9:59am,35,35,12,Motor Vehicle In-Transport,6,Angle,3,T-Intersection,1,On Roadway,1,Clear,1,Daylight,3,7,0,0,1,18.33333333333333,0,0.28880578,1
202304786048,1,18,Buick / Opel,2009,24,6,Station Wagon (excluding van and truck based),7,Sport Utility Vehicle (SUV)/Multi-Purpose Vehicle (MPV),6,6 Clock Point,13,Backing Up (other than for Parking Position),992,Backing Vehicle,0,15,0,No Rollover,99,0,Non-Trafficway or Driveway Access,9,Reported as Unknown,0,1,0.0,38.0,1,0,8,0,11,0,0,0,"Midwest (OH, IN, IL, MI, WI, MN, ND, SD, NE, IA, MO, KS)",Rural Area,2,February,3,Tuesday,2023,7,7:00am-7:59am,41,41,12,Motor Vehicle In-Transport,9,Rear-to-Side,1,Not an Intersection,1,On Roadway,5,"Fog, Smog, Smoke",1,Daylight,0,14,1,0,0,5.0,0,0.028354213,0
202305490040,1,30,Volkswagen,2021,402,14,"Compact Utility (Utility Vehicle Categories ""Small"" and ""Midsize"")",7,Sport Utility Vehicle (SUV)/Multi-Purpose Vehicle (MPV),12,12 Clock Point,2,Decelerating in Road,103,Single Driver-Struck Object While Moving Forward,45,5,0,No Rollover,1,1,Dry,2,No Alcohol Involved,0,1,0.0,35.0,2,0,0,0,11,0,0,0,"South (MD, DE, DC, WV, VA, KY, TN, NC, SC, GA, FL, AL, MS, LA, AR, OK, TX)",Rural Area,12,December,5,Thursday,2023,18,6:00pm-6:59pm,26,26,11,Live Animal,0,The First Harmful Event was Not a Collision with a Motor Vehicle In-Transport,2,Four-Way Intersection,1,On Roadway,1,Clear,3,Dark - Lighted,0,2,1,0,0,1.6666666666666667,0,0.028325314,0
202304997832,1,6,Chrysler,2013,441,20,"Minivan (Chrysler Town and Country, Caravan, Grand Caravan, Voyager, Voyager, Honda-Odyssey, ...)",2,Minivan,11,11 Clock Point,10,Turning Right,407,"Changing Trafficway, Vehicle Turning-Turn Across Path, Other or Unknown",45,20,0,No Rollover,1,1,Dry,2,No Alcohol Involved,0,1,0.0,44.0,2,0,0,0,11,0,0,0,"South (MD, DE, DC, WV, VA, KY, TN, NC, SC, GA, FL, AL, MS, LA, AR, OK, TX)",Urban Area,5,May,4,Wednesday,2023,14,2:00pm-2:59pm,24,24,12,Motor Vehicle In-Transport,6,Angle,2,Four-Way Intersection,1,On Roadway,1,Clear,1,Daylight,0,10,1,0,0,6.666666666666667,0,0.14526986,0
202304766454,1,55,Hyundai,2009,401,14,"Compact Utility (Utility Vehicle Categories ""Small"" and ""Midsize"")",7,Sport Utility Vehicle (SUV)/Multi-Purpose Vehicle (MPV),12,12 Clock Point,1,Going Straight,202,"Same Trafficway, Same Direction-Rear End, Lead Vehicle",40,5,0,No Rollover,1,1,Dry,9,Reported as Unknown,0,1,0.0,65.0,1,0,8,0,11,0,0,0,"Midwest (OH, IN, IL, MI, WI, MN, ND, SD, NE, IA, MO, KS)",Urban Area,2,February,3,Tuesday,2023,14,2:00pm-2:59pm,35,35,12,Motor Vehicle In-Transport,1,Front-to-Rear,2,Four-Way Intersection,1,On Roadway,1,Clear,1,Daylight,2,14,1,0,0,1.6666666666666667,0,0.016354574,0
202305166500,2,63,KIA,2019,401,14,"Compact Utility (Utility Vehicle Categories ""Small"" and ""Midsize"")",7,Sport Utility Vehicle (SUV)/Multi-Purpose Vehicle (MPV),6,6 Clock Point,7,"Disabled or ""Parked"" in Travel lane",201,"Same Trafficway, Same Direction-Rear End, Trailing Vehicle",45,0,0,No Rollover,2,1,Dry,2,No Alcohol Involved,0,2,0.0,40.5,2,1,8,0,11,0,0,0,"Northeast (PA, NJ, NY, NH, VT, RI, MA, ME, CT)",Urban Area,1,January,7,Saturday,2023,11,11:00am-11:59am,23,23,12,Motor Vehicle In-Transport,1,Front-to-Rear,1,Not an Intersection,1,On Roadway,1,Clear,1,Daylight,2,4,1,0,0,8.333333333333332,0,0.023464127,0
202305255303,2,63,KIA,2023,38,4,"4-door sedan, hardtop",13,Sedan/Saloon,12,12 Clock Point,1,Going Straight,503,"Intersecting Paths-Straight Paths, Striking from the Left",55,55,0,No Rollover,1,1,Dry,2,No Alcohol Involved,1,1,1.0,20.0,1,0,0,0,11,0,0,1,"South (MD, DE, DC, WV, VA, KY, TN, NC, SC, GA, FL, AL, MS, LA, AR, OK, TX)",Urban Area,9,September,4,Wednesday,2023,17,5:00pm-5:59pm,18,18,12,Motor Vehicle In-Transport,6,Angle,2,Four-Way Intersection,1,On Roadway,1,Clear,1,Daylight,0,0,1,1,1,18.33333333333333,1,0.7137502,1
202304891295,2,20,Chevrolet,2022,40,5,5-door/4-door hatchback,5,Hatchback/Liftback/Notchback,6,6 Clock Point,5,Stopped in Roadway,201,"Same Trafficway, Same Direction-Rear End, Trailing Vehicle",65,0,0,No Rollover,1,1,Dry,9,Reported as Unknown,0,1,0.0,40.0,2,1,8,8,11,0,0,0,"West (MT, ID, WA, OR, CA, NV, NM, AZ, UT, CO, WY, AK, HI)",Urban Area,4,April,3,Tuesday,2023,17,5:00pm-5:59pm,3,3,12,Motor Vehicle In-Transport,1,Front-to-Rear,1,Not an Intersection,1,On Roadway,1,Clear,1,Daylight,1,1,1,0,0,8.333333333333332,0,0.08705659,0
202305177572,1,35,Nissan/Datsun,2013,47,4,"4-door sedan, hardtop",13,Sedan/Saloon,5,5 Clock Point,11,Turning Left,408,"Changing Trafficway, Vehicle Turning-Turn Into Path, Turn into Same Direction [Turning Left]",0,5,0,No Rollover,1,0,Non-Trafficway or Driveway Access,9,Reported as Unknown,0,1,0.0,61.0,2,0,8,0,11,0,0,0,"Midwest (OH, IN, IL, MI, WI, MN, ND, SD, NE, IA, MO, KS)",Urban Area,4,April,4,Wednesday,2023,15,3:00pm-3:59pm,58,58,12,Motor Vehicle In-Transport,6,Angle,1,Not an Intersection,1,On Roadway,1,Clear,1,Daylight,0,10,1,0,0,1.6666666666666667,0,0.12812409,0
202305295842,4,23,GMC,2019,402,14,"Compact Utility (Utility Vehicle Categories ""Small"" and ""Midsize"")",7,Sport Utility Vehicle (SUV)/Multi-Purpose Vehicle (MPV),12,12 Clock Point,1,Going Straight,998,Other Crash Type,65,50,0,No Rollover,4,98,Not Reported,2,No Alcohol Involved,0,4,0.0,40.5,2,3,8,0,11,0,0,0,"West (MT, ID, WA, OR, CA, NV, NM, AZ, UT, CO, WY, AK, HI)",Urban Area,9,September,6,Friday,2023,19,7:00pm-7:59pm,43,43,12,Motor Vehicle In-Transport,1,Front-to-Rear,1,Not an Intersection,1,On Roadway,1,Clear,2,Dark - Not Lighted,6,4,1,1,1,41.66666666666666,0,0.27162227,0
202304707920,1,7,Dodge,2021,24,4,"4-door sedan, hardtop",13,Sedan/Saloon,12,12 Clock Point,1,Going Straight,501,"Intersecting Paths-Straight Paths, Striking from the Right",25,40,3,Rollover,1,98,Not Reported,2,No Alcohol Involved,1,1,1.0,40.0,1,0,0,8,11,0,0,1,"South (MD, DE, DC, WV, VA, KY, TN, NC, SC, GA, FL, AL, MS, LA, AR, OK, TX)",Urban Area,1,January,3,Tuesday,2023,8,8:00am-8:59am,13,13,12,Motor Vehicle In-Transport,6,Angle,3,T-Intersection,1,On Roadway,1,Clear,1,Daylight,3,2,1,1,1,13.333333333333334,1,0.84255743,1
202305526922,1,34,BMW,2021,37,4,"4-door sedan, hardtop",13,Sedan/Saloon,1,1 Clock Point,11,Turning Left,408,"Changing Trafficway, Vehicle Turning-Turn Into Path, Turn into Same Direction [Turning Left]",25,5,0,No Rollover,1,1,Dry,2,No Alcohol Involved,0,1,0.0,75.0,1,0,0,0,11,0,0,0,"South (MD, DE, DC, WV, VA, KY, TN, NC, SC, GA, FL, AL, MS, LA, AR, OK, TX)",Rural Area,12,December,6,Friday,2023,17,5:00pm-5:59pm,28,28,12,Motor Vehicle In-Transport,6,Angle,2,Four-Way Intersection,1,On Roadway,1,Clear,3,Dark - Lighted,0,2,1,0,0,1.6666666666666667,0,0.08689846,0
202305204767,2,32,Audi,2014,44,4,"4-door sedan, hardtop",13,Sedan/Saloon,4,4 Clock Point,1,Going Straight,415,"Changing Trafficway, Vehicle Turning-Turn Into Path, Turn into Opposite Directions [Going Straight, Other Vehicle Turning Left]",45,45,0,No Rollover,1,1,Dry,9,Reported as Unknown,0,1,0.0,39.0,1,0,8,0,11,0,0,0,"Midwest (OH, IN, IL, MI, WI, MN, ND, SD, NE, IA, MO, KS)",Urban Area,8,August,3,Tuesday,2023,15,3:00pm-3:59pm,55,55,12,Motor Vehicle In-Transport,6,Angle,3,T-Intersection,1,On Roadway,1,Clear,1,Daylight,1,9,1,1,1,15.0,0,0.32469314,0
202304798721,1,49,Toyota,2007,40,4,"4-door sedan, hardtop",13,Sedan/Saloon,12,12 Clock Point,1,Going Straight,202,"Same Trafficway, Same Direction-Rear End, Lead Vehicle",98,5,0,No Rollover,1,2,Wet,2,No Alcohol Involved,0,1,0.0,42.0,1,0,0,0,11,0,0,0,"West (MT, ID, WA, OR, CA, NV, NM, AZ, UT, CO, WY, AK, HI)",Rural Area,3,March,6,Friday,2023,20,8:00pm-8:59pm,27,27,12,Motor Vehicle In-Transport,1,Front-to-Rear,2,Four-Way Intersection,1,On Roadway,10,Cloudy,3,Dark - Lighted,0,16,1,0,0,1.6666666666666667,0,0.025242778,0
202304811816,2,76,Yamaha,2022,705,80,Two Wheel Motorcycle (excluding motor scooters),80,Motorcycle - Sport,12,12 Clock Point,1,Going Straight,402,"Changing Trafficway, Vehicle Turning-Turn Across Path, Initial Opposite Directions [Going Straight]",35,25,8,Not Applicable,1,1,Dry,2,No Alcohol Involved,0,1,0.0,26.0,1,1,0,0,11,0,8,0,"West (MT, ID, WA, OR, CA, NV, NM, AZ, UT, CO, WY, AK, HI)",Urban Area,2,February,1,Sunday,2023,13,1:00pm-1:59pm,7,7,12,Motor Vehicle In-Transport,2,Front-to-Front,2,Four-Way Intersection,1,On Roadway,1,Clear,1,Daylight,1,1,1,0,1,16.666666666666664,0,0.0028904537,0
202305087473,1,42,Mercedes-Benz,2021,422,15,"Large utility (ANSI D16.1 Utility Vehicle Categories and ""Full Size"" and ""Large"")",7,Sport Utility Vehicle (SUV)/Multi-Purpose Vehicle (MPV),12,12 Clock Point,1,Going Straight,102,Single Driver-Left Roadside Departure,70,70,0,No Rollover,2,2,Wet,9,Reported as Unknown,0,2,0.0,28.5,2,2,8,0,11,0,0,0,"Midwest (OH, IN, IL, MI, WI, MN, ND, SD, NE, IA, MO, KS)",Urban Area,7,July,5,Thursday,2023,12,12:00pm-12:59pm,39,39,57,Cable Barrier,0,The First Harmful Event was Not a Collision with a Motor Vehicle In-Transport,1,Not an Intersection,3,On Median,2,Rain,1,Daylight,1,2,1,1,1,40.0,0,0.32272556,0
202305271033,2,12,Ford,2021,425,15,"Large utility (ANSI D16.1 Utility Vehicle Categories and ""Full Size"" and ""Large"")",7,Sport Utility Vehicle (SUV)/Multi-Purpose Vehicle (MPV),6,6 Clock Point,1,Going Straight,201,"Same Trafficway, Same Direction-Rear End, Trailing Vehicle",45,45,0,No Rollover,3,1,Dry,2,No Alcohol Involved,0,3,0.0,35.666666666666664,1,0,8,0,11,0,0,0,"South (MD, DE, DC, WV, VA, KY, TN, NC, SC, GA, FL, AL, MS, LA, AR, OK, TX)",Urban Area,9,September,5,Thursday,2023,15,3:00pm-3:59pm,20,20,12,Motor Vehicle In-Transport,1,Front-to-Rear,1,Not an Intersection,1,On Roadway,1,Clear,1,Daylight,0,2,1,1,1,15.0,0,0.034462456,0
202305065911,2,23,GMC,2022,402,14,"Compact Utility (Utility Vehicle Categories ""Small"" and ""Midsize"")",7,Sport Utility Vehicle (SUV)/Multi-Purpose Vehicle (MPV),6,6 Clock Point,5,Stopped in Roadway,201,"Same Trafficway, Same Direction-Rear End, Trailing Vehicle",45,0,0,No Rollover,2,1,Dry,2,No Alcohol Involved,0,2,0.0,26.0,1,0,8,8,11,0,0,0,"South (MD, DE, DC, WV, VA, KY, TN, NC, SC, GA, FL, AL, MS, LA, AR, OK, TX)",Urban Area,4,April,6,Friday,2023,0,0:00am-0:59am,12,12,12,Motor Vehicle In-Transport,1,Front-to-Rear,1,Not an Intersection,1,On Roadway,1,Clear,3,Dark - Lighted,1,1,1,0,0,0.0,0,0.035994876,0
202304744841,1,63,KIA,2017,38,4,"4-door sedan, hardtop",13,Sedan/Saloon,12,12 Clock Point,1,Going Straight,101,Single Driver-Right Roadside Departure,45,45,0,No Rollover,1,1,Dry,2,No Alcohol Involved,1,1,1.0,25.0,1,1,0,0,11,0,0,1,"South (MD, DE, DC, WV, VA, KY, TN, NC, SC, GA, FL, AL, MS, LA, AR, OK, TX)",Urban Area,2,February,6,Friday,2023,2,2:00am-2:59am,30,30,39,Wall,0,The First Harmful Event was Not a Collision with a Motor Vehicle In-Transport,1,Not an Intersection,4,On Roadside,10,Cloudy,3,Dark - Lighted,1,6,1,1,1,23.33333333333333,1,0.6047016,1
202304939876,2,7,Dodge,2015,28,2,"2-door sedan,hardtop,coupe",3,Coupe,12,12 Clock Point,2,Decelerating in Road,202,"Same Trafficway, Same Direction-Rear End, Lead Vehicle",55,55,0,No Rollover,1,1,Dry,2,No Alcohol Involved,1,1,1.0,39.0,2,0,0,8,11,0,0,1,"South (MD, DE, DC, WV, VA, KY, TN, NC, SC, GA, FL, AL, MS, LA, AR, OK, TX)",Urban Area,5,May,5,Thursday,2023,17,5:00pm-5:59pm,15,15,12,Motor Vehicle In-Transport,1,Front-to-Rear,1,Not an Intersection,1,On Roadway,98,Not Reported,1,Daylight,1,8,1,1,1,18.33333333333333,0,0.38521308,1
202304790309,2,12,Ford,2006,481,34,Light Pickup,60,Pickup,8,8 Clock Point,1,Going Straight,208,"Same Trafficway, Same Direction-Sideswipe, Angle, Vehicle on Right",65,65,0,No Rollover,1,1,Dry,2,No Alcohol Involved,0,1,0.0,29.0,1,0,0,0,11,0,0,0,"South (MD, DE, DC, WV, VA, KY, TN, NC, SC, GA, FL, AL, MS, LA, AR, OK, TX)",Urban Area,2,February,3,Tuesday,2023,6,6:00am-6:59am,59,59,12,Motor Vehicle In-Transport,7,Sideswipe - Same Direction,1,Not an Intersection,1,On Roadway,1,Clear,1,Daylight,0,17,1,1,1,21.666666666666668,0,0.039234333,0
202305538342,2,48,Subaru,2022,403,14,"Compact Utility (Utility Vehicle Categories ""Small"" and ""Midsize"")",7,Sport Utility Vehicle (SUV)/Multi-Purpose Vehicle (MPV),6,6 Clock Point,5,Stopped in Roadway,201,"Same Trafficway, Same Direction-Rear End, Trailing Vehicle",45,0,0,No Rollover,1,1,Dry,9,Reported as Unknown,0,1,0.0,33.0,1,0,8,0,11,0,0,0,"South (MD, DE, DC, WV, VA, KY, TN, NC, SC, GA, FL, AL, MS, LA, AR, OK, TX)",Urban Area,10,October,5,Thursday,2023,17,5:00pm-5:59pm,35,35,12,Motor Vehicle In-Transport,1,Front-to-Rear,1,Not an Intersection,1,On Roadway,1,Clear,3,Dark - Lighted,0,1,1,0,0,0.0,0,0.04034888,0
202305336037,2,12,Ford,2017,402,14,"Compact Utility (Utility Vehicle Categories ""Small"" and ""Midsize"")",7,Sport Utility Vehicle (SUV)/Multi-Purpose Vehicle (MPV),6,6 Clock Point,5,Stopped in Roadway,201,"Same Trafficway, Same Direction-Rear End, Trailing Vehicle",50,0,0,No Rollover,1,1,Dry,2,No Alcohol Involved,0,1,0.0,53.0,1,0,0,0,11,0,0,0,"South (MD, DE, DC, WV, VA, KY, TN, NC, SC, GA, FL, AL, MS, LA, AR, OK, TX)",Urban Area,9,September,6,Friday,2023,11,11:00am-11:59am,16,16,12,Motor Vehicle In-Transport,1,Front-to-Rear,2,Four-Way Intersection,1,On Roadway,1,Clear,1,Daylight,0,6,1,0,0,0.0,0,0.042383716,0
202305108199,1,35,Nissan/Datsun,2016,50,5,5-door/4-door hatchback,5,Hatchback/Liftback/Notchback,12,12 Clock Point,11,Turning Left,103,Single Driver-Struck Object While Moving Forward,0,15,0,No Rollover,1,0,Non-Trafficway or Driveway Access,2,No Alcohol Involved,0,1,0.0,79.0,2,0,0,0,11,0,0,0,"South (MD, DE, DC, WV, VA, KY, TN, NC, SC, GA, FL, AL, MS, LA, AR, OK, TX)",Urban Area,5,May,5,Thursday,2023,12,12:00pm-12:59pm,24,24,8,Pedestrian,0,The First Harmful Event was Not a Collision with a Motor Vehicle In-Transport,1,Not an Intersection,1,On Roadway,1,Clear,1,Daylight,1,7,1,0,0,5.0,0,0.009775467,0
202305451299,4,2,Jeep / Kaiser-Jeep / Willys- Jeep,2021,403,14,"Compact Utility (Utility Vehicle Categories ""Small"" and ""Midsize"")",7,Sport Utility Vehicle (SUV)/Multi-Purpose Vehicle (MPV),6,6 Clock Point,5,Stopped in Roadway,998,Other Crash Type,45,0,0,No Rollover,1,1,Dry,2,No Alcohol Involved,0,1,0.0,39.0,2,1,0,0,11,0,0,0,"South (MD, DE, DC, WV, VA, KY, TN, NC, SC, GA, FL, AL, MS, LA, AR, OK, TX)",Urban Area,11,November,5,Thursday,2023,14,2:00pm-2:59pm,45,45,12,Motor Vehicle In-Transport,1,Front-to-Rear,3,T-Intersection,1,On Roadway,1,Clear,1,Daylight,1,2,1,0,0,8.333333333333332,0,0.027473532,0
202305152668,2,49,Toyota,2022,402,14,"Compact Utility (Utility Vehicle Categories ""Small"" and ""Midsize"")",7,Sport Utility Vehicle (SUV)/Multi-Purpose Vehicle (MPV),6,6 Clock Point,2,Decelerating in Road,201,"Same Trafficway, Same Direction-Rear End, Trailing Vehicle",40,30,0,No Rollover,1,1,Dry,2,No Alcohol Involved,0,1,0.0,29.0,2,1,0,0,11,0,0,0,"South (MD, DE, DC, WV, VA, KY, TN, NC, SC, GA, FL, AL, MS, LA, AR, OK, TX)",Urban Area,8,August,7,Saturday,2023,13,1:00pm-1:59pm,55,55,12,Motor Vehicle In-Transport,1,Front-to-Rear,2,Four-Way Intersection,1,On Roadway,1,Clear,1,Daylight,1,1,1,0,1,18.33333333333333,0,0.05892672,0
202305407841,2,30,Volkswagen,2020,46,4,"4-door sedan, hardtop",13,Sedan/Saloon,12,12 Clock Point,1,Going Straight,415,"Changing Trafficway, Vehicle Turning-Turn Into Path, Turn into Opposite Directions [Going Straight, Other Vehicle Turning Left]",45,45,0,No Rollover,1,1,Dry,9,Reported as Unknown,0,1,0.0,20.0,2,0,8,8,11,0,0,0,"West (MT, ID, WA, OR, CA, NV, NM, AZ, UT, CO, WY, AK, HI)",Urban Area,10,October,5,Thursday,2023,17,5:00pm-5:59pm,28,28,12,Motor Vehicle In-Transport,6,Angle,3,T-Intersection,1,On Roadway,1,Clear,5,Dusk,0,3,1,1,1,15.0,1,0.6874395,0
202305455512,1,20,Chevrolet,2014,37,4,"4-door sedan, hardtop",13,Sedan/Saloon,12,12 Clock Point,1,Going Straight,202,"Same Trafficway, Same Direction-Rear End, Lead Vehicle",45,30,0,No Rollover,1,1,Dry,2,No Alcohol Involved,0,1,0.0,39.0,1,0,0,0,11,0,0,0,"South (MD, DE, DC, WV, VA, KY, TN, NC, SC, GA, FL, AL, MS, LA, AR, OK, TX)",Urban Area,10,October,2,Monday,2023,19,7:00pm-7:59pm,41,41,12,Motor Vehicle In-Transport,1,Front-to-Rear,1,Not an Intersection,1,On Roadway,10,Cloudy,5,Dusk,0,9,1,0,1,10.0,0,0.27407685,0
202305549568,2,49,Toyota,2019,403,14,"Compact Utility (Utility Vehicle Categories ""Small"" and ""Midsize"")",7,Sport Utility Vehicle (SUV)/Multi-Purpose Vehicle (MPV),9,9 Clock Point,1,Going Straight,504,"Intersecting Paths-Straight Paths, Struck on the Left",30,30,0,No Rollover,1,1,Dry,9,Reported as Unknown,1,1,1.0,71.0,1,3,8,0,11,0,0,1,"South (MD, DE, DC, WV, VA, KY, TN, NC, SC, GA, FL, AL, MS, LA, AR, OK, TX)",Urban Area,11,November,6,Friday,2023,16,4:00pm-4:59pm,12,12,12,Motor Vehicle In-Transport,6,Angle,2,Four-Way Intersection,1,On Roadway,1,Clear,1,Daylight,2,4,1,0,1,35.0,1,0.5441743,1
202304726272,2,48,Subaru,2020,421,15,"Large utility (ANSI D16.1 Utility Vehicle Categories and ""Full Size"" and ""Large"")",7,Sport Utility Vehicle (SUV)/Multi-Purpose Vehicle (MPV),6,6 Clock Point,2,Decelerating in Road,201,"Same Trafficway, Same Direction-Rear End, Trailing Vehicle",45,25,0,No Rollover,3,2,Wet,2,No Alcohol Involved,0,3,0.0,46.66666666666666,2,4,8,8,11,0,0,0,"South (MD, DE, DC, WV, VA, KY, TN, NC, SC, GA, FL, AL, MS, LA, AR, OK, TX)",Urban Area,2,February,4,Wednesday,2023,9,9:00am-9:59am,39,39,12,Motor Vehicle In-Transport,1,Front-to-Rear,1,Not an Intersection,1,On Roadway,2,Rain,1,Daylight,1,3,1,0,1,41.66666666666666,0,0.022031052,0
202305429920,1,18,Buick / Opel,2004,7,4,"4-door sedan, hardtop",13,Sedan/Saloon,12,12 Clock Point,1,Going Straight,202,"Same Trafficway, Same Direction-Rear End, Lead Vehicle",45,20,0,No Rollover,1,2,Wet,2,No Alcohol Involved,0,1,0.0,37.0,2,0,0,0,11,0,0,0,"South (MD, DE, DC, WV, VA, KY, TN, NC, SC, GA, FL, AL, MS, LA, AR, OK, TX)",Rural Area,11,November,3,Tuesday,2023,8,8:00am-8:59am,59,59,12,Motor Vehicle In-Transport,1,Front-to-Rear,2,Four-Way Intersection,1,On Roadway,2,Rain,1,Daylight,0,19,1,0,0,6.666666666666667,0,0.16532321,0
202305540049,2,42,Mercedes-Benz,2022,422,15,"Large utility (ANSI D16.1 Utility Vehicle Categories and ""Full Size"" and ""Large"")",7,Sport Utility Vehicle (SUV)/Multi-Purpose Vehicle (MPV),12,12 Clock Point,1,Going Straight,415,"Changing Trafficway, Vehicle Turning-Turn Into Path, Turn into Opposite Directions [Going Straight, Other Vehicle Turning Left]",45,45,0,No Rollover,1,1,Dry,2,No Alcohol Involved,1,1,1.0,20.0,1,1,0,8,11,0,0,1,"South (MD, DE, DC, WV, VA, KY, TN, NC, SC, GA, FL, AL, MS, LA, AR, OK, TX)",Urban Area,11,November,5,Thursday,2023,12,12:00pm-12:59pm,35,35,12,Motor Vehicle In-Transport,6,Angle,3,T-Intersection,1,On Roadway,1,Clear,1,Daylight,2,1,1,1,1,23.33333333333333,1,0.62646186,1
202305550726,1,6,Chrysler,2022,443,20,"Minivan (Chrysler Town and Country, Caravan, Grand Caravan, Voyager, Voyager, Honda-Odyssey, ...)",2,Minivan,1,1 Clock Point,14,Negotiating a Curve,207,"Same Trafficway, Same Direction-Sideswipe, Angle, Vehicle on Left",20,5,0,No Rollover,1,1,Dry,2,No Alcohol Involved,0,1,0.0,42.0,2,0,0,8,11,0,0,0,"South (MD, DE, DC, WV, VA, KY, TN, NC, SC, GA, FL, AL, MS, LA, AR, OK, TX)",Urban Area,11,November,3,Tuesday,2023,17,5:00pm-5:59pm,48,48,12,Motor Vehicle In-Transport,7,Sideswipe - Same Direction,5,Traffic Circle,1,On Roadway,1,Clear,1,Daylight,0,1,1,0,0,1.6666666666666667,0,0.016509546,0
202305087063,1,12,Ford,2022,880,67,"Medium/heavy Pickup (GVWR greater than 10,000 lbs.)",60,Pickup,12,12 Clock Point,1,Going Straight,202,"Same Trafficway, Same Direction-Rear End, Lead Vehicle",98,40,0,No Rollover,2,1,Dry,9,Reported as Unknown,0,2,0.0,34.5,1,0,8,8,11,0,0,0,"West (MT, ID, WA, OR, CA, NV, NM, AZ, UT, CO, WY, AK, HI)",Rural Area,7,July,1,Sunday,2023,16,4:00pm-4:59pm,35,35,12,Motor Vehicle In-Transport,1,Front-to-Rear,1,Not an Intersection,1,On Roadway,1,Clear,1,Daylight,0,1,1,1,1,13.333333333333334,0,0.025783222,0
202305040393,1,20,Chevrolet,2023,37,4,"4-door sedan, hardtop",13,Sedan/Saloon,83,Right-Back Side,6,Passing or Overtaking Another Vehicle,207,"Same Trafficway, Same Direction-Sideswipe, Angle, Vehicle on Left",30,5,0,No Rollover,1,1,Dry,2,No Alcohol Involved,0,1,0.0,69.0,1,0,0,8,11,0,0,0,"South (MD, DE, DC, WV, VA, KY, TN, NC, SC, GA, FL, AL, MS, LA, AR, OK, TX)",Urban Area,4,April,6,Friday,2023,12,12:00pm-12:59pm,10,10,12,Motor Vehicle In-Transport,7,Sideswipe - Same Direction,1,Not an Intersection,1,On Roadway,1,Clear,1,Daylight,0,0,0,0,0,1.6666666666666667,0,0.012943719,0
202305470839,1,45,Porsche,2022,42,5,5-door/4-door hatchback,5,Hatchback/Liftback/Notchback,1,1 Clock Point,16,Merging,207,"Same Trafficway, Same Direction-Sideswipe, Angle, Vehicle on Left",35,8,0,No Rollover,1,1,Dry,9,Reported as Unknown,0,1,0.0,83.0,8,0,9,0,11,0,0,0,"South (MD, DE, DC, WV, VA, KY, TN, NC, SC, GA, FL, AL, MS, LA, AR, OK, TX)",Urban Area,10,October,6,Friday,2023,18,6:00pm-6:59pm,13,13,12,Motor Vehicle In-Transport,7,Sideswipe - Same Direction,1,Not an Intersection,1,On Roadway,1,Clear,1,Daylight,0,1,1,0,0,2.666666666666667,0,0.024523105,0
202305220084,1,7,Dodge,2020,422,15,"Large utility (ANSI D16.1 Utility Vehicle Categories and ""Full Size"" and ""Large"")",7,Sport Utility Vehicle (SUV)/Multi-Purpose Vehicle (MPV),6,6 Clock Point,5,Stopped in Roadway,201,"Same Trafficway, Same Direction-Rear End, Trailing Vehicle",45,0,0,No Rollover,4,1,Dry,2,No Alcohol Involved,0,4,0.0,20.25,2,0,8,0,11,0,0,0,"South (MD, DE, DC, WV, VA, KY, TN, NC, SC, GA, FL, AL, MS, LA, AR, OK, TX)",Urban Area,8,August,7,Saturday,2023,14,2:00pm-2:59pm,41,41,12,Motor Vehicle In-Transport,1,Front-to-Rear,3,T-Intersection,1,On Roadway,1,Clear,1,Daylight,0,3,1,0,0,0.0,0,0.014871653,0
202304755052,1,23,GMC,2022,472,34,Light Pickup,60,Pickup,12,12 Clock Point,1,Going Straight,202,"Same Trafficway, Same Direction-Rear End, Lead Vehicle",60,60,0,No Rollover,2,2,Wet,2,No Alcohol Involved,2,2,1.0,18.0,1,1,8,0,11,0,0,1,"South (MD, DE, DC, WV, VA, KY, TN, NC, SC, GA, FL, AL, MS, LA, AR, OK, TX)",Urban Area,2,February,7,Saturday,2023,19,7:00pm-7:59pm,9,9,12,Motor Vehicle In-Transport,1,Front-to-Rear,1,Not an Intersection,1,On Roadway,2,Rain,2,Dark - Not Lighted,1,1,1,1,1,28.33333333333333,1,0.53302723,1
202305454345,1,12,Ford,2015,401,14,"Compact Utility (Utility Vehicle Categories ""Small"" and ""Midsize"")",7,Sport Utility Vehicle (SUV)/Multi-Purpose Vehicle (MPV),12,12 Clock Point,1,Going Straight,103,Single Driver-Struck Object While Moving Forward,55,50,0,No Rollover,2,1,Dry,2,No Alcohol Involved,2,2,1.0,74.5,1,1,8,0,11,0,0,1,"Northeast (PA, NJ, NY, NH, VT, RI, MA, ME, CT)",Rural Area,11,November,4,Wednesday,2023,17,5:00pm-5:59pm,7,7,11,Live Animal,0,The First Harmful Event was Not a Collision with a Motor Vehicle In-Transport,1,Not an Intersection,1,On Roadway,1,Clear,2,Dark - Not Lighted,1,8,1,1,1,25.0,0,0.09751879,1
202305328188,1,20,Chevrolet,2021,473,34,Light Pickup,60,Pickup,12,12 Clock Point,11,Turning Left,401,"Changing Trafficway, Vehicle Turning-Turn Across Path, Initial Opposite Directions [Left/Right]",45,45,0,No Rollover,1,2,Wet,9,Reported as Unknown,1,1,1.0,75.0,1,2,8,0,11,0,0,1,"Midwest (OH, IN, IL, MI, WI, MN, ND, SD, NE, IA, MO, KS)",Urban Area,10,October,3,Tuesday,2023,7,7:00am-7:59am,11,11,12,Motor Vehicle In-Transport,2,Front-to-Front,2,Four-Way Intersection,1,On Roadway,10,Cloudy,2,Dark - Not Lighted,2,2,1,1,1,31.666666666666664,1,0.79919577,1
202304846014,1,55,Hyundai,2018,43,4,"4-door sedan, hardtop",13,Sedan/Saloon,12,12 Clock Point,14,Negotiating a Curve,103,Single Driver-Struck Object While Moving Forward,25,25,0,No Rollover,1,1,Dry,9,Reported as Unknown,0,1,0.0,42.0,1,0,8,8,11,0,0,0,"West (MT, ID, WA, OR, CA, NV, NM, AZ, UT, CO, WY, AK, HI)",Urban Area,2,February,2,Monday,2023,17,5:00pm-5:59pm,36,36,14,Parked Motor Vehicle,0,The First Harmful Event was Not a Collision with a Motor Vehicle In-Transport,1,Not an Intersection,7,In Parking Lane/Zone,1,Clear,1,Daylight,0,5,1,0,1,8.333333333333332,0,0.39668187,0
202305203012,2,7,Dodge,2016,482,34,Light Pickup,60,Pickup,12,12 Clock Point,1,Going Straight,501,"Intersecting Paths-Straight Paths, Striking from the Right",40,20,0,No Rollover,2,1,Dry,9,Reported as Unknown,0,2,0.0,30.0,1,0,8,8,11,0,0,0,"West (MT, ID, WA, OR, CA, NV, NM, AZ, UT, CO, WY, AK, HI)",Urban Area,8,August,7,Saturday,2023,14,2:00pm-2:59pm,24,24,12,Motor Vehicle In-Transport,6,Angle,2,Four-Way Intersection,1,On Roadway,1,Clear,1,Daylight,1,7,1,0,0,6.666666666666667,0,0.14304914,0
202305327905,2,20,Chevrolet,1994,34,3,3-door/2-door hatchback,5,Hatchback/Liftback/Notchback,1,1 Clock Point,1,Going Straight,415,"Changing Trafficway, Vehicle Turning-Turn Into Path, Turn into Opposite Directions [Going Straight, Other Vehicle Turning Left]",98,59,0,No Rollover,2,1,Dry,9,Reported as Unknown,0,2,0.0,21.5,1,3,8,8,11,0,0,0,"West (MT, ID, WA, OR, CA, NV, NM, AZ, UT, CO, WY, AK, HI)",Rural Area,10,October,7,Saturday,2023,14,2:00pm-2:59pm,20,20,12,Motor Vehicle In-Transport,6,Angle,2,Four-Way Intersection,1,On Roadway,1,Clear,1,Daylight,1,29,1,1,1,44.66666666666666,0,0.35567176,0
202304986259,3,12,Ford,2006,461,21,"Large Van-Includes van-based buses (B150-B350, Sportsman, Royal Maxiwagon, Ram, Tradesman,...)",95,Cargo Van,6,6 Clock Point,5,Stopped in Roadway,998,Other Crash Type,55,0,0,No Rollover,1,1,Dry,2,No Alcohol Involved,0,1,0.0,61.0,1,0,0,2,11,0,0,0,"Midwest (OH, IN, IL, MI, WI, MN, ND, SD, NE, IA, MO, KS)",Urban Area,4,April,3,Tuesday,2023,16,4:00pm-4:59pm,31,31,12,Motor Vehicle In-Transport,1,Front-to-Rear,1,Not an Intersection,1,On Roadway,1,Clear,1,Daylight,0,17,1,0,0,0.0,0,0.02246747,0
202304706171,1,63,KIA,2017,38,4,"4-door sedan, hardtop",13,Sedan/Saloon,12,12 Clock Point,1,Going Straight,202,"Same Trafficway, Same Direction-Rear End, Lead Vehicle",70,70,0,No Rollover,2,1,Dry,2,No Alcohol Involved,0,2,0.0,40.0,1,0,8,0,11,0,0,0,"South (MD, DE, DC, WV, VA, KY, TN, NC, SC, GA, FL, AL, MS, LA, AR, OK, TX)",Urban Area,1,January,5,Thursday,2023,11,11:00am-11:59am,0,0,12,Motor Vehicle In-Transport,1,Front-to-Rear,1,Not an Intersection,1,On Roadway,1,Clear,1,Daylight,0,6,1,1,1,23.33333333333333,0,0.48286578,0
202305152272,1,20,Chevrolet,2005,441,20,"Minivan (Chrysler Town and Country, Caravan, Grand Caravan, Voyager, Voyager, Honda-Odyssey, ...)",95,Cargo Van,12,12 Clock Point,1,Going Straight,501,"Intersecting Paths-Straight Paths, Striking from the Right",35,35,0,No Rollover,1,1,Dry,9,Reported as Unknown,0,1,0.0,68.0,1,0,8,0,11,0,0,0,"Midwest (OH, IN, IL, MI, WI, MN, ND, SD, NE, IA, MO, KS)",Urban Area,8,August,6,Friday,2023,18,6:00pm-6:59pm,34,34,12,Motor Vehicle In-Transport,6,Angle,2,Four-Way Intersection,1,On Roadway,1,Clear,1,Daylight,1,18,1,1,1,11.666666666666666,0,0.39915332,0
202305312409,2,19,Cadillac,2021,421,15,"Large utility (ANSI D16.1 Utility Vehicle Categories and ""Full Size"" and ""Large"")",7,Sport Utility Vehicle (SUV)/Multi-Purpose Vehicle (MPV),12,12 Clock Point,1,Going Straight,402,"Changing Trafficway, Vehicle Turning-Turn Across Path, Initial Opposite Directions [Going Straight]",45,30,0,No Rollover,3,1,Dry,9,Reported as Unknown,2,2,1.0,17.0,1,1,8,0,13,0,0,1,"South (MD, DE, DC, WV, VA, KY, TN, NC, SC, GA, FL, AL, MS, LA, AR, OK, TX)",Urban Area,1,January,2,Monday,2023,8,8:00am-8:59am,52,52,12,Motor Vehicle In-Transport,6,Angle,2,Four-Way Intersection,1,On Roadway,1,Clear,1,Daylight,1,2,1,0,1,18.33333333333333,0,0.44350752,1
202305502949,1,49,Toyota,2016,442,20,"Minivan (Chrysler Town and Country, Caravan, Grand Caravan, Voyager, Voyager, Honda-Odyssey, ...)",2,Minivan,4,4 Clock Point,11,Turning Left,401,"Changing Trafficway, Vehicle Turning-Turn Across Path, Initial Opposite Directions [Left/Right]",40,3,0,No Rollover,1,1,Dry,2,No Alcohol Involved,1,1,1.0,54.0,2,0,0,0,11,0,0,1,"South (MD, DE, DC, WV, VA, KY, TN, NC, SC, GA, FL, AL, MS, LA, AR, OK, TX)",Urban Area,11,November,5,Thursday,2023,10,10:00am-10:59am,54,54,12,Motor Vehicle In-Transport,6,Angle,2,Four-Way Intersection,1,On Roadway,10,Cloudy,1,Daylight,1,7,1,0,0,1.0,0,0.41333324,1
202305056163,2,54,Acura,2019,402,14,"Compact Utility (Utility Vehicle Categories ""Small"" and ""Midsize"")",7,Sport Utility Vehicle (SUV)/Multi-Purpose Vehicle (MPV),6,6 Clock Point,1,Going Straight,201,"Same Trafficway, Same Direction-Rear End, Trailing Vehicle",65,70,0,No Rollover,1,1,Dry,2,No Alcohol Involved,0,1,0.0,53.0,1,0,0,0,11,0,0,0,"West (MT, ID, WA, OR, CA, NV, NM, AZ, UT, CO, WY, AK, HI)",Urban Area,6,June,1,Sunday,2023,2,2:00am-2:59am,46,46,12,Motor Vehicle In-Transport,1,Front-to-Rear,1,Not an Intersection,1,On Roadway,1,Clear,3,Dark - Lighted,1,4,1,1,1,23.33333333333333,0,0.22574456,0
202305341291,2,20,Chevrolet,2011,481,34,Light Pickup,60,Pickup,7,7 Clock Point,11,Turning Left,416,"Changing Trafficway, Vehicle Turning-Turn into Path, Other or Unknown",15,5,0,No Rollover,1,1,Dry,2,No Alcohol Involved,0,1,0.0,40.0,1,0,0,8,11,0,0,0,"South (MD, DE, DC, WV, VA, KY, TN, NC, SC, GA, FL, AL, MS, LA, AR, OK, TX)",Urban Area,8,August,1,Sunday,2023,18,6:00pm-6:59pm,45,45,12,Motor Vehicle In-Transport,6,Angle,1,Not an Intersection,1,On Roadway,1,Clear,1,Daylight,0,12,1,0,0,1.6666666666666667,0,0.031121803,0
202305330522,1,30,Volkswagen,2009,443,20,"Minivan (Chrysler Town and Country, Caravan, Grand Caravan, Voyager, Voyager, Honda-Odyssey, ...)",2,Minivan,12,12 Clock Point,1,Going Straight,102,Single Driver-Left Roadside Departure,65,60,0,No Rollover,9,1,Dry,9,Reported as Unknown,0,9,0.0,42.11111111111112,1,2,8,0,11,0,0,0,"Midwest (OH, IN, IL, MI, WI, MN, ND, SD, NE, IA, MO, KS)",Rural Area,10,October,5,Thursday,2023,6,6:00am-6:59am,35,35,34,Ditch,0,The First Harmful Event was Not a Collision with a Motor Vehicle In-Transport,2,Four-Way Intersection,3,On Median,1,Clear,2,Dark - Not Lighted,9,14,1,1,1,36.66666666666666,0,0.2767796,0
202304735131,3,35,Nissan/Datsun,2020,56,5,5-door/4-door hatchback,5,Hatchback/Liftback/Notchback,6,6 Clock Point,5,Stopped in Roadway,998,Other Crash Type,40,0,0,No Rollover,1,1,Dry,2,No Alcohol Involved,0,1,0.0,56.0,1,1,0,0,11,0,0,0,"South (MD, DE, DC, WV, VA, KY, TN, NC, SC, GA, FL, AL, MS, LA, AR, OK, TX)",Urban Area,2,February,2,Monday,2023,16,4:00pm-4:59pm,34,34,12,Motor Vehicle In-Transport,1,Front-to-Rear,1,Not an Intersection,1,On Roadway,1,Clear,1,Daylight,1,3,1,0,0,8.333333333333332,0,0.029704444,0
202305010176,1,35,Nissan/Datsun,2015,401,14,"Compact Utility (Utility Vehicle Categories ""Small"" and ""Midsize"")",8,Crossover Utility Vehicle (CUV),6,6 Clock Point,5,Stopped in Roadway,201,"Same Trafficway, Same Direction-Rear End, Trailing Vehicle",55,0,0,No Rollover,1,1,Dry,2,No Alcohol Involved,0,1,0.0,35.0,2,0,0,0,11,0,0,0,"Midwest (OH, IN, IL, MI, WI, MN, ND, SD, NE, IA, MO, KS)",Rural Area,5,May,4,Wednesday,2023,17,5:00pm-5:59pm,54,54,12,Motor Vehicle In-Transport,1,Front-to-Rear,1,Not an Intersection,1,On Roadway,1,Clear,1,Daylight,0,8,1,0,0,0.0,0,0.089215405,0
202304866188,1,37,Honda,2022,705,80,Two Wheel Motorcycle (excluding motor scooters),82,Motorcycle - Cruiser,12,12 Clock Point,1,Going Straight,202,"Same Trafficway, Same Direction-Rear End, Lead Vehicle",45,35,8,Not Applicable,1,1,Dry,9,Reported as Unknown,0,1,0.0,30.0,1,2,8,0,11,0,8,0,"Midwest (OH, IN, IL, MI, WI, MN, ND, SD, NE, IA, MO, KS)",Urban Area,4,April,5,Thursday,2023,11,11:00am-11:59am,28,28,12,Motor Vehicle In-Transport,1,Front-to-Rear,2,Four-Way Intersection,1,On Roadway,1,Clear,1,Daylight,1,1,1,1,1,28.33333333333333,0,0.0076872334,0
202304797356,2,12,Ford,2016,881,61,"Single-unit straight truck or Cab-Chassis (GVWR range 10,001 to 19,500 lbs.)",63,Incomplete - Chassis Cab (Single Cab),18,Cargo/Vehicle Parts Set-In-Motion,1,Going Straight,998,Other Crash Type,35,35,0,No Rollover,1,2,Wet,9,Reported as Unknown,0,1,0.0,20.0,1,0,8,0,11,0,0,0,"Midwest (OH, IN, IL, MI, WI, MN, ND, SD, NE, IA, MO, KS)",Urban Area,3,March,6,Friday,2023,12,12:00pm-12:59pm,10,10,54,"Motor Vehicle In-Transport Strikes or is Struck by Cargo, Persons or Objects Set-in-Motion from/by Another Motor Vehicle In Transport",11,Other,1,Not an Intersection,1,On Roadway,2,Rain,1,Daylight,0,7,0,1,1,11.666666666666666,0,0.085245974,0
202305288067,2,35,Nissan/Datsun,2020,401,14,"Compact Utility (Utility Vehicle Categories ""Small"" and ""Midsize"")",7,Sport Utility Vehicle (SUV)/Multi-Purpose Vehicle (MPV),8,8 Clock Point,14,Negotiating a Curve,402,"Changing Trafficway, Vehicle Turning-Turn Across Path, Initial Opposite Directions [Going Straight]",45,30,0,No Rollover,1,1,Dry,2,No Alcohol Involved,1,1,1.0,50.0,1,1,0,0,11,0,0,1,"South (MD, DE, DC, WV, VA, KY, TN, NC, SC, GA, FL, AL, MS, LA, AR, OK, TX)",Rural Area,10,October,1,Sunday,2023,22,10:00pm-10:59pm,0,0,12,Motor Vehicle In-Transport,6,Angle,3,T-Intersection,1,On Roadway,1,Clear,3,Dark - Lighted,1,3,1,0,1,18.33333333333333,0,0.4863463,1
202305623022,2,63,KIA,2016,37,6,Station Wagon (excluding van and truck based),7,Sport Utility Vehicle (SUV)/Multi-Purpose Vehicle (MPV),12,12 Clock Point,5,Stopped in Roadway,406,"Changing Trafficway, Vehicle Turning-Turn Across Path, Initial Same Directions [Going Straight, Other Vehicle Turning Left]",35,0,0,No Rollover,2,1,Dry,2,No Alcohol Involved,0,2,0.0,49.5,1,0,8,0,11,0,0,0,"South (MD, DE, DC, WV, VA, KY, TN, NC, SC, GA, FL, AL, MS, LA, AR, OK, TX)",Urban Area,12,December,4,Wednesday,2023,9,9:00am-9:59am,28,28,12,Motor Vehicle In-Transport,6,Angle,3,T-Intersection,1,On Roadway,1,Clear,1,Daylight,0,7,1,0,0,0.0,0,0.04692177,0
202304814096,3,37,Honda,2020,421,15,"Large utility (ANSI D16.1 Utility Vehicle Categories and ""Full Size"" and ""Large"")",7,Sport Utility Vehicle (SUV)/Multi-Purpose Vehicle (MPV),7,7 Clock Point,5,Stopped in Roadway,998,Other Crash Type,35,0,0,No Rollover,2,1,Dry,9,Reported as Unknown,0,2,0.0,43.5,1,0,8,8,11,0,0,0,"West (MT, ID, WA, OR, CA, NV, NM, AZ, UT, CO, WY, AK, HI)",Urban Area,2,February,6,Friday,2023,11,11:00am-11:59am,18,18,12,Motor Vehicle In-Transport,8,Sideswipe - Opposite Direction,3,T-Intersection,1,On Roadway,1,Clear,1,Daylight,0,3,1,0,0,0.0,0,0.0321191,0
202305476651,1,73,Kawasaki,2022,704,80,Two Wheel Motorcycle (excluding motor scooters),80,Motorcycle - Sport,12,12 Clock Point,1,Going Straight,503,"Intersecting Paths-Straight Paths, Striking from the Left",35,90,8,Not Applicable,1,1,Dry,2,No Alcohol Involved,0,1,0.0,21.0,1,4,0,0,11,0,8,0,"South (MD, DE, DC, WV, VA, KY, TN, NC, SC, GA, FL, AL, MS, LA, AR, OK, TX)",Urban Area,11,November,1,Sunday,2023,16,4:00pm-4:59pm,16,16,12,Motor Vehicle In-Transport,6,Angle,7,"Five Point, or More",1,On Roadway,1,Clear,1,Daylight,1,1,1,1,1,63.33333333333333,0,0.005075997,0
202304658761,2,49,Toyota,2023,40,4,"4-door sedan, hardtop",13,Sedan/Saloon,6,6 Clock Point,5,Stopped in Roadway,201,"Same Trafficway, Same Direction-Rear End, Trailing Vehicle",55,0,0,No Rollover,1,1,Dry,2,No Alcohol Involved,0,1,0.0,78.0,1,0,0,0,11,0,0,0,"South (MD, DE, DC, WV, VA, KY, TN, NC, SC, GA, FL, AL, MS, LA, AR, OK, TX)",Urban Area,1,January,7,Saturday,2023,19,7:00pm-7:59pm,30,30,12,Motor Vehicle In-Transport,1,Front-to-Rear,1,Not an Intersection,1,On Roadway,1,Clear,5,Dusk,0,0,1,0,0,0.0,0,0.0567925,0
202305577765,1,49,Toyota,2014,402,14,"Compact Utility (Utility Vehicle Categories ""Small"" and ""Midsize"")",7,Sport Utility Vehicle (SUV)/Multi-Purpose Vehicle (MPV),12,12 Clock Point,1,Going Straight,202,"Same Trafficway, Same Direction-Rear End, Lead Vehicle",35,33,0,No Rollover,1,1,Dry,2,No Alcohol Involved,0,1,0.0,31.0,2,0,0,0,11,0,0,0,"West (MT, ID, WA, OR, CA, NV, NM, AZ, UT, CO, WY, AK, HI)",Urban Area,11,November,5,Thursday,2023,11,11:00am-11:59am,6,6,12,Motor Vehicle In-Transport,1,Front-to-Rear,3,T-Intersection,1,On Roadway,1,Clear,1,Daylight,0,9,1,1,1,11.0,0,0.3824756,0
202305370350,1,87,Peterbilt,2013,884,64,Single-unit straight truck or Cab-Chassis (GVWR unknown),11,Truck,81,Right,10,Turning Right,403,"Changing Trafficway, Vehicle Turning-Turn Across Path, Initial Same Directions [Turning Right]",35,4,0,No Rollover,1,1,Dry,2,No Alcohol Involved,0,1,0.0,72.0,1,0,0,0,11,0,0,0,"West (MT, ID, WA, OR, CA, NV, NM, AZ, UT, CO, WY, AK, HI)",Urban Area,9,September,2,Monday,2023,16,4:00pm-4:59pm,0,0,12,Motor Vehicle In-Transport,7,Sideswipe - Same Direction,2,Four-Way Intersection,1,On Roadway,1,Clear,1,Daylight,1,10,0,0,0,1.3333333333333337,0,0.0048956373,0
202305531844,2,20,Chevrolet,2021,37,4,"4-door sedan, hardtop",13,Sedan/Saloon,12,12 Clock Point,1,Going Straight,998,Other Crash Type,65,64,0,No Rollover,1,2,Wet,2,No Alcohol Involved,1,1,1.0,53.0,2,2,0,0,11,0,0,1,"South (MD, DE, DC, WV, VA, KY, TN, NC, SC, GA, FL, AL, MS, LA, AR, OK, TX)",Urban Area,12,December,4,Wednesday,2023,5,5:00am-5:59am,4,4,26,Other Traffic Barrier,0,The First Harmful Event was Not a Collision with a Motor Vehicle In-Transport,1,Not an Intersection,3,On Median,2,Rain,3,Dark - Lighted,2,2,1,1,1,38.0,1,0.5768918,1
202305240685,2,20,Chevrolet,2023,404,14,"Compact Utility (Utility Vehicle Categories ""Small"" and ""Midsize"")",7,Sport Utility Vehicle (SUV)/Multi-Purpose Vehicle (MPV),12,12 Clock Point,14,Negotiating a Curve,302,"Same Trafficway, Opposite Direction-Lateral Move [Going Straight], Head-On, Sideswipe, or Angle",25,4,0,No Rollover,1,1,Dry,2,No Alcohol Involved,0,1,0.0,83.0,2,0,0,0,11,0,0,0,"South (MD, DE, DC, WV, VA, KY, TN, NC, SC, GA, FL, AL, MS, LA, AR, OK, TX)",Rural Area,9,September,7,Saturday,2023,14,2:00pm-2:59pm,2,2,12,Motor Vehicle In-Transport,2,Front-to-Front,6,Roundabout,1,On Roadway,1,Clear,1,Daylight,0,0,1,0,0,1.3333333333333337,0,0.474529,0
202304711020,1,20,Chevrolet,2005,441,20,"Minivan (Chrysler Town and Country, Caravan, Grand Caravan, Voyager, Voyager, Honda-Odyssey, ...)",9,Van,12,12 Clock Point,1,Going Straight,202,"Same Trafficway, Same Direction-Rear End, Lead Vehicle",45,30,0,No Rollover,1,1,Dry,2,No Alcohol Involved,0,1,0.0,48.0,1,0,0,8,11,0,0,0,"South (MD, DE, DC, WV, VA, KY, TN, NC, SC, GA, FL, AL, MS, LA, AR, OK, TX)",Urban Area,1,January,7,Saturday,2023,12,12:00pm-12:59pm,50,50,12,Motor Vehicle In-Transport,1,Front-to-Rear,1,Not an Intersection,1,On Roadway,1,Clear,1,Daylight,0,18,1,0,1,10.0,0,0.18550304,0
202305583914,1,12,Ford,2017,401,14,"Compact Utility (Utility Vehicle Categories ""Small"" and ""Midsize"")",7,Sport Utility Vehicle (SUV)/Multi-Purpose Vehicle (MPV),6,6 Clock Point,5,Stopped in Roadway,998,Other Crash Type,45,0,0,No Rollover,1,1,Dry,9,Reported as Unknown,0,1,0.0,47.0,1,0,8,0,11,0,0,0,"South (MD, DE, DC, WV, VA, KY, TN, NC, SC, GA, FL, AL, MS, LA, AR, OK, TX)",Urban Area,12,December,6,Friday,2023,13,1:00pm-1:59pm,15,15,12,Motor Vehicle In-Transport,1,Front-to-Rear,1,Not an Intersection,1,On Roadway,1,Clear,1,Daylight,0,6,1,0,0,0.0,0,0.02973442,0
202305164358,2,20,Chevrolet,2016,481,34,Light Pickup,60,Pickup,12,12 Clock Point,14,Negotiating a Curve,302,"Same Trafficway, Opposite Direction-Lateral Move [Going Straight], Head-On, Sideswipe, or Angle",45,45,0,No Rollover,3,1,Dry,9,Reported as Unknown,0,3,0.0,33.666666666666664,1,0,8,0,11,0,0,0,"South (MD, DE, DC, WV, VA, KY, TN, NC, SC, GA, FL, AL, MS, LA, AR, OK, TX)",Urban Area,6,June,1,Sunday,2023,18,6:00pm-6:59pm,50,50,12,Motor Vehicle In-Transport,2,Front-to-Front,1,Not an Intersection,1,On Roadway,1,Clear,1,Daylight,1,7,1,1,1,15.0,0,0.38148603,0
202304829358,2,37,Honda,2011,405,14,"Compact Utility (Utility Vehicle Categories ""Small"" and ""Midsize"")",8,Crossover Utility Vehicle (CUV),12,12 Clock Point,1,Going Straight,209,"Same Trafficway, Same Direction-Sideswipe, Angle, Other or Unknown",98,40,0,No Rollover,1,3,Snow,9,Reported as Unknown,0,1,0.0,61.0,2,0,8,8,11,0,0,0,"West (MT, ID, WA, OR, CA, NV, NM, AZ, UT, CO, WY, AK, HI)",Rural Area,3,March,1,Sunday,2023,10,10:00am-10:59am,0,0,12,Motor Vehicle In-Transport,6,Angle,1,Not an Intersection,1,On Roadway,4,Snow,1,Daylight,0,12,1,1,1,13.333333333333334,1,0.5103642,0
202305103863,2,20,Chevrolet,2019,481,34,Light Pickup,60,Pickup,1,1 Clock Point,11,Turning Left,401,"Changing Trafficway, Vehicle Turning-Turn Across Path, Initial Opposite Directions [Left/Right]",30,10,0,No Rollover,1,1,Dry,2,No Alcohol Involved,0,1,0.0,62.0,1,2,0,0,11,0,0,0,"South (MD, DE, DC, WV, VA, KY, TN, NC, SC, GA, FL, AL, MS, LA, AR, OK, TX)",Urban Area,3,March,3,Tuesday,2023,18,6:00pm-6:59pm,57,57,12,Motor Vehicle In-Transport,6,Angle,2,Four-Way Intersection,1,On Roadway,1,Clear,3,Dark - Lighted,2,4,1,0,0,20.0,0,0.28468493,0
202305314087,2,20,Chevrolet,2019,481,34,Light Pickup,60,Pickup,6,6 Clock Point,5,Stopped in Roadway,201,"Same Trafficway, Same Direction-Rear End, Trailing Vehicle",30,0,0,No Rollover,2,1,Dry,9,Reported as Unknown,0,2,0.0,76.5,1,1,8,8,11,0,0,0,"West (MT, ID, WA, OR, CA, NV, NM, AZ, UT, CO, WY, AK, HI)",Rural Area,9,September,5,Thursday,2023,15,3:00pm-3:59pm,55,55,12,Motor Vehicle In-Transport,1,Front-to-Rear,3,T-Intersection,1,On Roadway,1,Clear,1,Daylight,1,4,1,0,0,8.333333333333332,0,0.008151552,0
202305157522,2,72,Harley-Davidson,2010,706,80,Two Wheel Motorcycle (excluding motor scooters),81,Motorcycle - Touring / Sport Touring,12,12 Clock Point,1,Going Straight,402,"Changing Trafficway, Vehicle Turning-Turn Across Path, Initial Opposite Directions [Going Straight]",25,20,8,Not Applicable,1,1,Dry,9,Reported as Unknown,0,1,0.0,38.0,1,2,8,0,11,0,8,0,"Midwest (OH, IN, IL, MI, WI, MN, ND, SD, NE, IA, MO, KS)",Rural Area,8,August,7,Saturday,2023,11,11:00am-11:59am,27,27,12,Motor Vehicle In-Transport,6,Angle,2,Four-Way Intersection,1,On Roadway,1,Clear,1,Daylight,1,13,1,0,0,23.33333333333333,0,0.0029267,0
202305273552,2,49,Toyota,2005,472,34,Light Pickup,60,Pickup,6,6 Clock Point,5,Stopped in Roadway,201,"Same Trafficway, Same Direction-Rear End, Trailing Vehicle",55,0,0,No Rollover,1,1,Dry,9,Reported as Unknown,0,1,0.0,53.0,2,0,8,0,11,0,0,0,"South (MD, DE, DC, WV, VA, KY, TN, NC, SC, GA, FL, AL, MS, LA, AR, OK, TX)",Urban Area,9,September,3,Tuesday,2023,8,8:00am-8:59am,30,30,12,Motor Vehicle In-Transport,1,Front-to-Rear,3,T-Intersection,1,On Roadway,1,Clear,1,Daylight,0,18,1,0,0,0.0,0,0.032112204,0
202305169036,2,20,Chevrolet,2018,481,34,Light Pickup,60,Pickup,1,1 Clock Point,1,Going Straight,209,"Same Trafficway, Same Direction-Sideswipe, Angle, Other or Unknown",55,55,0,No Rollover,1,1,Dry,2,No Alcohol Involved,0,1,0.0,44.0,2,0,0,8,11,0,0,0,"South (MD, DE, DC, WV, VA, KY, TN, NC, SC, GA, FL, AL, MS, LA, AR, OK, TX)",Urban Area,8,August,3,Tuesday,2023,17,5:00pm-5:59pm,20,20,12,Motor Vehicle In-Transport,7,Sideswipe - Same Direction,1,Not an Intersection,1,On Roadway,98,Not Reported,1,Daylight,0,5,1,1,1,18.33333333333333,0,0.23163071,0
202305078287,1,72,Harley-Davidson,2021,706,80,Two Wheel Motorcycle (excluding motor scooters),94,Motorcycle - Custom,0,Non-Collision,1,Going Straight,998,Other Crash Type,35,30,8,Not Applicable,1,1,Dry,9,Reported as Unknown,0,1,0.0,31.0,2,2,8,0,11,0,8,0,"Midwest (OH, IN, IL, MI, WI, MN, ND, SD, NE, IA, MO, KS)",Urban Area,6,June,4,Wednesday,2023,19,7:00pm-7:59pm,3,3,1,Rollover/Overturn,0,The First Harmful Event was Not a Collision with a Motor Vehicle In-Transport,1,Not an Intersection,1,On Roadway,1,Clear,1,Daylight,1,2,0,0,1,26.666666666666664,0,0.002722492,0
202305148244,3,37,Honda,2022,32,4,"4-door sedan, hardtop",13,Sedan/Saloon,6,6 Clock Point,2,Decelerating in Road,201,"Same Trafficway, Same Direction-Rear End, Trailing Vehicle",60,25,0,No Rollover,1,2,Wet,2,No Alcohol Involved,0,1,0.0,58.0,1,0,0,0,11,0,0,0,"South (MD, DE, DC, WV, VA, KY, TN, NC, SC, GA, FL, AL, MS, LA, AR, OK, TX)",Urban Area,6,June,6,Friday,2023,17,5:00pm-5:59pm,35,35,12,Motor Vehicle In-Transport,1,Front-to-Rear,1,Not an Intersection,1,On Roadway,2,Rain,1,Daylight,0,1,1,0,1,8.333333333333332,0,0.054839432,0
202305026198,2,2,Jeep / Kaiser-Jeep / Willys- Jeep,2014,403,14,"Compact Utility (Utility Vehicle Categories ""Small"" and ""Midsize"")",7,Sport Utility Vehicle (SUV)/Multi-Purpose Vehicle (MPV),12,12 Clock Point,1,Going Straight,202,"Same Trafficway, Same Direction-Rear End, Lead Vehicle",40,37,0,No Rollover,1,1,Dry,2,No Alcohol Involved,0,1,0.0,17.0,2,0,0,0,11,0,0,0,"West (MT, ID, WA, OR, CA, NV, NM, AZ, UT, CO, WY, AK, HI)",Urban Area,4,April,3,Tuesday,2023,13,1:00pm-1:59pm,7,7,12,Motor Vehicle In-Transport,1,Front-to-Rear,1,Not an Intersection,1,On Roadway,1,Clear,1,Daylight,0,9,1,1,1,12.333333333333334,0,0.27296224,0
202304665087,2,49,Toyota,2022,40,4,"4-door sedan, hardtop",13,Sedan/Saloon,12,12 Clock Point,1,Going Straight,998,Other Crash Type,45,40,0,No Rollover,1,1,Dry,2,No Alcohol Involved,1,1,1.0,47.0,2,1,0,8,11,0,0,1,"South (MD, DE, DC, WV, VA, KY, TN, NC, SC, GA, FL, AL, MS, LA, AR, OK, TX)",Urban Area,1,January,3,Tuesday,2023,10,10:00am-10:59am,22,22,12,Motor Vehicle In-Transport,6,Angle,2,Four-Way Intersection,1,On Roadway,1,Clear,1,Daylight,2,1,1,1,1,21.666666666666664,1,0.5480804,1
202305529267,2,2,Jeep / Kaiser-Jeep / Willys- Jeep,2023,403,14,"Compact Utility (Utility Vehicle Categories ""Small"" and ""Midsize"")",7,Sport Utility Vehicle (SUV)/Multi-Purpose Vehicle (MPV),63,Left-Back Side,1,Going Straight,402,"Changing Trafficway, Vehicle Turning-Turn Across Path, Initial Opposite Directions [Going Straight]",45,35,0,No Rollover,1,98,Not Reported,2,No Alcohol Involved,0,1,0.0,60.0,1,0,0,8,11,0,0,0,"South (MD, DE, DC, WV, VA, KY, TN, NC, SC, GA, FL, AL, MS, LA, AR, OK, TX)",Urban Area,10,October,6,Friday,2023,13,1:00pm-1:59pm,48,48,12,Motor Vehicle In-Transport,6,Angle,2,Four-Way Intersection,1,On Roadway,1,Clear,1,Daylight,0,0,0,1,1,11.666666666666666,0,0.40556487,0
202305121779,1,12,Ford,2018,37,5,5-door/4-door hatchback,5,Hatchback/Liftback/Notchback,12,12 Clock Point,99,Unknown,416,"Changing Trafficway, Vehicle Turning-Turn into Path, Other or Unknown",0,10,0,No Rollover,2,0,Non-Trafficway or Driveway Access,9,Reported as Unknown,0,2,0.0,15.0,1,0,8,0,11,0,0,0,"Midwest (OH, IN, IL, MI, WI, MN, ND, SD, NE, IA, MO, KS)",Urban Area,7,July,1,Sunday,2023,10,10:00am-10:59am,32,32,12,Motor Vehicle In-Transport,6,Angle,1,Not an Intersection,1,On Roadway,1,Clear,1,Daylight,0,5,1,0,0,3.333333333333333,0,0.1772973,0
202304834453,2,49,Toyota,2022,482,34,Light Pickup,60,Pickup,12,12 Clock Point,1,Going Straight,402,"Changing Trafficway, Vehicle Turning-Turn Across Path, Initial Opposite Directions [Going Straight]",35,30,0,No Rollover,1,4,Ice/Frost,2,No Alcohol Involved,0,1,0.0,29.0,1,0,0,0,11,0,0,0,"West (MT, ID, WA, OR, CA, NV, NM, AZ, UT, CO, WY, AK, HI)",Urban Area,1,January,3,Tuesday,2023,20,8:00pm-8:59pm,14,14,12,Motor Vehicle In-Transport,6,Angle,3,T-Intersection,1,On Roadway,4,Snow,3,Dark - Lighted,1,1,1,0,1,10.0,0,0.49186268,0
202305227934,2,41,Mazda,2021,403,14,"Compact Utility (Utility Vehicle Categories ""Small"" and ""Midsize"")",7,Sport Utility Vehicle (SUV)/Multi-Purpose Vehicle (MPV),8,8 Clock Point,1,Going Straight,409,"Changing Trafficway, Vehicle Turning-Turn Into Path, Turn into Same Direction [Going Straight, Other Vehicle Turning Left]",40,20,0,No Rollover,2,98,Not Reported,2,No Alcohol Involved,0,2,0.0,60.5,1,0,8,8,11,0,0,0,"South (MD, DE, DC, WV, VA, KY, TN, NC, SC, GA, FL, AL, MS, LA, AR, OK, TX)",Urban Area,6,June,5,Thursday,2023,14,2:00pm-2:59pm,51,51,12,Motor Vehicle In-Transport,6,Angle,3,T-Intersection,1,On Roadway,1,Clear,1,Daylight,0,2,1,0,0,6.666666666666667,0,0.15582441,0
202304874206,1,34,BMW,2015,402,14,"Compact Utility (Utility Vehicle Categories ""Small"" and ""Midsize"")",7,Sport Utility Vehicle (SUV)/Multi-Purpose Vehicle (MPV),1,1 Clock Point,1,Going Straight,998,Other Crash Type,40,40,0,No Rollover,1,1,Dry,2,No Alcohol Involved,0,1,0.0,19.0,2,0,0,0,11,0,0,0,"South (MD, DE, DC, WV, VA, KY, TN, NC, SC, GA, FL, AL, MS, LA, AR, OK, TX)",Urban Area,4,April,7,Saturday,2023,22,10:00pm-10:59pm,38,38,12,Motor Vehicle In-Transport,7,Sideswipe - Same Direction,11,Other Intersection Type,1,On Roadway,98,Not Reported,3,Dark - Lighted,0,8,1,1,1,13.333333333333334,0,0.28709528,0
202305614551,2,35,Nissan/Datsun,2010,49,6,Station Wagon (excluding van and truck based),7,Sport Utility Vehicle (SUV)/Multi-Purpose Vehicle (MPV),1,1 Clock Point,1,Going Straight,209,"Same Trafficway, Same Direction-Sideswipe, Angle, Other or Unknown",35,20,0,No Rollover,1,1,Dry,2,No Alcohol Involved,0,1,0.0,58.0,1,0,0,8,11,0,0,0,"South (MD, DE, DC, WV, VA, KY, TN, NC, SC, GA, FL, AL, MS, LA, AR, OK, TX)",Urban Area,11,November,3,Tuesday,2023,21,9:00pm-9:59pm,30,30,12,Motor Vehicle In-Transport,7,Sideswipe - Same Direction,1,Not an Intersection,1,On Roadway,1,Clear,3,Dark - Lighted,0,13,1,0,0,6.666666666666667,0,0.039435826,0
202305365611,2,20,Chevrolet,2007,999,79,Unknown truck type (light/medium/heavy),60,Pickup,6,6 Clock Point,5,Stopped in Roadway,201,"Same Trafficway, Same Direction-Rear End, Trailing Vehicle",98,0,0,No Rollover,2,2,Wet,9,Reported as Unknown,0,2,0.0,35.5,1,1,8,8,11,0,0,0,"Northeast (PA, NJ, NY, NH, VT, RI, MA, ME, CT)",Rural Area,9,September,6,Friday,2023,8,8:00am-8:59am,34,34,12,Motor Vehicle In-Transport,1,Front-to-Rear,3,T-Intersection,1,On Roadway,2,Rain,1,Daylight,2,16,1,0,0,8.333333333333332,0,0.013800627,0
202304883715,2,20,Chevrolet,2008,421,15,"Large utility (ANSI D16.1 Utility Vehicle Categories and ""Full Size"" and ""Large"")",7,Sport Utility Vehicle (SUV)/Multi-Purpose Vehicle (MPV),6,6 Clock Point,5,Stopped in Roadway,201,"Same Trafficway, Same Direction-Rear End, Trailing Vehicle",60,0,0,No Rollover,4,1,Dry,2,No Alcohol Involved,0,4,0.0,20.5,1,1,8,0,11,0,0,0,"Midwest (OH, IN, IL, MI, WI, MN, ND, SD, NE, IA, MO, KS)",Urban Area,4,April,1,Sunday,2023,14,2:00pm-2:59pm,43,43,12,Motor Vehicle In-Transport,1,Front-to-Rear,1,Not an Intersection,1,On Roadway,10,Cloudy,1,Daylight,2,15,1,0,0,8.333333333333332,0,0.025563313,0
202305166120,4,35,Nissan/Datsun,2015,43,4,"4-door sedan, hardtop",13,Sedan/Saloon,6,6 Clock Point,5,Stopped in Roadway,998,Other Crash Type,65,0,0,No Rollover,1,1,Dry,9,Reported as Unknown,0,1,0.0,28.0,2,1,8,8,11,0,0,0,"West (MT, ID, WA, OR, CA, NV, NM, AZ, UT, CO, WY, AK, HI)",Urban Area,7,July,1,Sunday,2023,17,5:00pm-5:59pm,55,55,12,Motor Vehicle In-Transport,1,Front-to-Rear,1,Not an Intersection,1,On Roadway,1,Clear,1,Daylight,3,8,1,0,0,8.333333333333332,0,0.07937057,0
202304930163,2,18,Buick / Opel,2020,404,14,"Compact Utility (Utility Vehicle Categories ""Small"" and ""Midsize"")",7,Sport Utility Vehicle (SUV)/Multi-Purpose Vehicle (MPV),6,6 Clock Point,5,Stopped in Roadway,201,"Same Trafficway, Same Direction-Rear End, Trailing Vehicle",40,0,0,No Rollover,1,98,Not Reported,2,No Alcohol Involved,0,1,0.0,46.0,2,3,0,0,11,0,0,0,"West (MT, ID, WA, OR, CA, NV, NM, AZ, UT, CO, WY, AK, HI)",Urban Area,3,March,4,Wednesday,2023,12,12:00pm-12:59pm,42,42,12,Motor Vehicle In-Transport,1,Front-to-Rear,1,Not an Intersection,1,On Roadway,1,Clear,1,Daylight,3,3,1,0,0,25.0,0,0.031333286,0
202304768836,1,37,Honda,2003,32,4,"4-door sedan, hardtop",13,Sedan/Saloon,2,2 Clock Point,6,Passing or Overtaking Another Vehicle,207,"Same Trafficway, Same Direction-Sideswipe, Angle, Vehicle on Left",60,37,0,No Rollover,1,1,Dry,2,No Alcohol Involved,0,1,0.0,53.0,1,0,0,0,11,0,0,0,"West (MT, ID, WA, OR, CA, NV, NM, AZ, UT, CO, WY, AK, HI)",Urban Area,2,February,4,Wednesday,2023,5,5:00am-5:59am,25,25,12,Motor Vehicle In-Transport,7,Sideswipe - Same Direction,1,Not an Intersection,1,On Roadway,1,Clear,4,Dawn,0,20,1,1,1,12.333333333333334,0,0.051558547,0
202304772369,2,41,Mazda,2020,498,14,"Compact Utility (Utility Vehicle Categories ""Small"" and ""Midsize"")",7,Sport Utility Vehicle (SUV)/Multi-Purpose Vehicle (MPV),12,12 Clock Point,1,Going Straight,993,Other Vehicle,40,40,0,No Rollover,1,1,Dry,2,No Alcohol Involved,1,1,1.0,50.0,2,0,0,0,11,0,0,1,"South (MD, DE, DC, WV, VA, KY, TN, NC, SC, GA, FL, AL, MS, LA, AR, OK, TX)",Urban Area,2,February,2,Monday,2023,19,7:00pm-7:59pm,45,45,12,Motor Vehicle In-Transport,6,Angle,1,Not an Intersection,1,On Roadway,10,Cloudy,6,Dark - Unknown Lighting,0,3,1,1,1,13.333333333333334,1,0.6917182,1
202304909379,1,2,Jeep / Kaiser-Jeep / Willys- Jeep,2009,407,14,"Compact Utility (Utility Vehicle Categories ""Small"" and ""Midsize"")",7,Sport Utility Vehicle (SUV)/Multi-Purpose Vehicle (MPV),2,2 Clock Point,1,Going Straight,415,"Changing Trafficway, Vehicle Turning-Turn Into Path, Turn into Opposite Directions [Going Straight, Other Vehicle Turning Left]",45,35,0,No Rollover,1,1,Dry,9,Reported as Unknown,0,1,0.0,21.0,1,0,8,0,11,0,0,0,"South (MD, DE, DC, WV, VA, KY, TN, NC, SC, GA, FL, AL, MS, LA, AR, OK, TX)",Urban Area,3,March,6,Friday,2023,20,8:00pm-8:59pm,25,25,12,Motor Vehicle In-Transport,6,Angle,1,Not an Intersection,1,On Roadway,1,Clear,6,Dark - Unknown Lighting,0,14,1,1,1,11.666666666666666,0,0.16797608,0
202304870336,1,76,Yamaha,2002,706,80,Two Wheel Motorcycle (excluding motor scooters),80,Motorcycle - Sport,12,12 Clock Point,1,Going Straight,103,Single Driver-Struck Object While Moving Forward,45,50,8,Not Applicable,2,1,Dry,2,No Alcohol Involved,0,2,0.0,42.0,1,5,8,0,11,0,8,0,"Northeast (PA, NJ, NY, NH, VT, RI, MA, ME, CT)",Rural Area,2,February,3,Tuesday,2023,17,5:00pm-5:59pm,5,5,11,Live Animal,0,The First Harmful Event was Not a Collision with a Motor Vehicle In-Transport,1,Not an Intersection,1,On Roadway,1,Clear,1,Daylight,1,21,1,1,1,58.333333333333336,0,0.0031910753,0
202305308550,4,12,Ford,2018,24,6,Station Wagon (excluding van and truck based),7,Sport Utility Vehicle (SUV)/Multi-Purpose Vehicle (MPV),6,6 Clock Point,5,Stopped in Roadway,998,Other Crash Type,50,0,0,No Rollover,1,1,Dry,2,No Alcohol Involved,0,1,0.0,53.0,1,1,0,0,11,0,0,0,"South (MD, DE, DC, WV, VA, KY, TN, NC, SC, GA, FL, AL, MS, LA, AR, OK, TX)",Urban Area,7,July,5,Thursday,2023,17,5:00pm-5:59pm,40,40,12,Motor Vehicle In-Transport,1,Front-to-Rear,2,Four-Way Intersection,1,On Roadway,10,Cloudy,1,Daylight,3,5,1,0,0,8.333333333333332,0,0.02386226,0
202305258239,1,23,GMC,2023,421,15,"Large utility (ANSI D16.1 Utility Vehicle Categories and ""Full Size"" and ""Large"")",7,Sport Utility Vehicle (SUV)/Multi-Purpose Vehicle (MPV),62,Left-Front Side,8,Leaving a Parking Position,209,"Same Trafficway, Same Direction-Sideswipe, Angle, Other or Unknown",98,1,0,No Rollover,5,1,Dry,2,No Alcohol Involved,0,5,0.0,19.2,2,0,8,0,11,0,0,0,"West (MT, ID, WA, OR, CA, NV, NM, AZ, UT, CO, WY, AK, HI)",Urban Area,9,September,6,Friday,2023,14,2:00pm-2:59pm,30,30,12,Motor Vehicle In-Transport,7,Sideswipe - Same Direction,1,Not an Intersection,1,On Roadway,1,Clear,1,Daylight,0,0,0,0,0,0.3333333333333333,0,0.01618104,0
202305165756,1,49,Toyota,2015,402,14,"Compact Utility (Utility Vehicle Categories ""Small"" and ""Midsize"")",7,Sport Utility Vehicle (SUV)/Multi-Purpose Vehicle (MPV),12,12 Clock Point,14,Negotiating a Curve,103,Single Driver-Struck Object While Moving Forward,98,60,0,No Rollover,1,2,Wet,9,Reported as Unknown,0,1,0.0,72.0,1,0,8,8,11,0,0,0,"West (MT, ID, WA, OR, CA, NV, NM, AZ, UT, CO, WY, AK, HI)",Rural Area,8,August,3,Tuesday,2023,6,6:00am-6:59am,20,20,11,Live Animal,0,The First Harmful Event was Not a Collision with a Motor Vehicle In-Transport,1,Not an Intersection,1,On Roadway,2,Rain,2,Dark - Not Lighted,0,8,1,1,1,20.0,0,0.26633403,0
202305616075,3,29,Other Domestic Manufacturers,2018,5,5,5-door/4-door hatchback,5,Hatchback/Liftback/Notchback,12,12 Clock Point,1,Going Straight,998,Other Crash Type,55,40,0,No Rollover,1,1,Dry,2,No Alcohol Involved,1,1,1.0,40.0,1,0,0,0,11,0,0,1,"South (MD, DE, DC, WV, VA, KY, TN, NC, SC, GA, FL, AL, MS, LA, AR, OK, TX)",Urban Area,12,December,6,Friday,2023,11,11:00am-11:59am,45,45,12,Motor Vehicle In-Transport,1,Front-to-Rear,1,Not an Intersection,1,On Roadway,1,Clear,1,Daylight,1,5,1,1,1,13.333333333333334,0,0.2659343,1
202305150297,2,48,Subaru,2023,421,15,"Large utility (ANSI D16.1 Utility Vehicle Categories and ""Full Size"" and ""Large"")",7,Sport Utility Vehicle (SUV)/Multi-Purpose Vehicle (MPV),6,6 Clock Point,5,Stopped in Roadway,209,"Same Trafficway, Same Direction-Sideswipe, Angle, Other or Unknown",50,0,0,No Rollover,4,1,Dry,2,No Alcohol Involved,0,4,0.0,19.25,2,0,8,0,11,0,0,0,"Northeast (PA, NJ, NY, NH, VT, RI, MA, ME, CT)",Rural Area,8,August,4,Wednesday,2023,13,1:00pm-1:59pm,34,34,12,Motor Vehicle In-Transport,9,Rear-to-Side,1,Not an Intersection,1,On Roadway,1,Clear,1,Daylight,0,0,1,0,0,0.0,0,0.022085281,0
202305457462,2,35,Nissan/Datsun,2008,47,4,"4-door sedan, hardtop",13,Sedan/Saloon,6,6 Clock Point,5,Stopped in Roadway,201,"Same Trafficway, Same Direction-Rear End, Trailing Vehicle",35,0,0,No Rollover,1,1,Dry,2,No Alcohol Involved,0,1,0.0,18.0,1,0,0,0,11,0,0,0,"South (MD, DE, DC, WV, VA, KY, TN, NC, SC, GA, FL, AL, MS, LA, AR, OK, TX)",Urban Area,11,November,6,Friday,2023,12,12:00pm-12:59pm,3,3,12,Motor Vehicle In-Transport,1,Front-to-Rear,1,Not an Intersection,1,On Roadway,1,Clear,1,Daylight,0,15,1,0,0,0.0,0,0.029299859,0
202304851478,1,7,Dodge,2016,442,20,"Minivan (Chrysler Town and Country, Caravan, Grand Caravan, Voyager, Voyager, Honda-Odyssey, ...)",2,Minivan,7,7 Clock Point,11,Turning Left,414,"Changing Trafficway, Vehicle Turning-Turn Into Path, Turn into Opposite Directions [Turning Left]",40,20,0,No Rollover,1,1,Dry,9,Reported as Unknown,1,1,1.0,19.0,2,1,8,8,11,0,0,1,"West (MT, ID, WA, OR, CA, NV, NM, AZ, UT, CO, WY, AK, HI)",Urban Area,3,March,2,Monday,2023,14,2:00pm-2:59pm,12,12,12,Motor Vehicle In-Transport,6,Angle,2,Four-Way Intersection,1,On Roadway,1,Clear,1,Daylight,2,7,1,0,0,15.0,0,0.2847409,1
202305044719,1,39,Jaguar,2020,401,14,"Compact Utility (Utility Vehicle Categories ""Small"" and ""Midsize"")",7,Sport Utility Vehicle (SUV)/Multi-Purpose Vehicle (MPV),12,12 Clock Point,1,Going Straight,102,Single Driver-Left Roadside Departure,65,65,0,No Rollover,1,2,Wet,2,No Alcohol Involved,1,1,1.0,32.0,1,2,0,0,11,0,0,1,"South (MD, DE, DC, WV, VA, KY, TN, NC, SC, GA, FL, AL, MS, LA, AR, OK, TX)",Urban Area,4,April,1,Sunday,2023,20,8:00pm-8:59pm,22,22,25,Concrete Traffic Barrier,0,The First Harmful Event was Not a Collision with a Motor Vehicle In-Transport,1,Not an Intersection,3,On Median,2,Rain,5,Dusk,1,3,1,1,1,38.33333333333333,1,0.7064511,1
202305258999,3,51,Volvo,2018,401,14,"Compact Utility (Utility Vehicle Categories ""Small"" and ""Midsize"")",7,Sport Utility Vehicle (SUV)/Multi-Purpose Vehicle (MPV),6,6 Clock Point,5,Stopped in Roadway,998,Other Crash Type,35,0,0,No Rollover,2,98,Not Reported,2,No Alcohol Involved,0,2,0.0,19.0,2,0,0,0,11,0,0,0,"West (MT, ID, WA, OR, CA, NV, NM, AZ, UT, CO, WY, AK, HI)",Urban Area,9,September,6,Friday,2023,13,1:00pm-1:59pm,44,44,12,Motor Vehicle In-Transport,1,Front-to-Rear,2,Four-Way Intersection,1,On Roadway,1,Clear,1,Daylight,0,5,1,0,0,0.0,0,0.031218505,0
202305342684,1,49,Toyota,2019,402,14,"Compact Utility (Utility Vehicle Categories ""Small"" and ""Midsize"")",7,Sport Utility Vehicle (SUV)/Multi-Purpose Vehicle (MPV),3,3 Clock Point,11,Turning Left,401,"Changing Trafficway, Vehicle Turning-Turn Across Path, Initial Opposite Directions [Left/Right]",35,10,0,No Rollover,1,1,Dry,2,No Alcohol Involved,1,1,1.0,50.0,2,0,0,8,11,0,0,1,"South (MD, DE, DC, WV, VA, KY, TN, NC, SC, GA, FL, AL, MS, LA, AR, OK, TX)",Urban Area,8,August,4,Wednesday,2023,11,11:00am-11:59am,40,40,12,Motor Vehicle In-Transport,6,Angle,3,T-Intersection,1,On Roadway,1,Clear,1,Daylight,1,4,1,0,0,3.333333333333333,1,0.5744853,1
202305079803,1,35,Nissan/Datsun,2004,401,14,"Compact Utility (Utility Vehicle Categories ""Small"" and ""Midsize"")",7,Sport Utility Vehicle (SUV)/Multi-Purpose Vehicle (MPV),61,Left,6,Passing or Overtaking Another Vehicle,209,"Same Trafficway, Same Direction-Sideswipe, Angle, Other or Unknown",65,65,0,No Rollover,1,2,Wet,2,No Alcohol Involved,0,1,0.0,30.0,2,2,0,8,11,0,0,0,"South (MD, DE, DC, WV, VA, KY, TN, NC, SC, GA, FL, AL, MS, LA, AR, OK, TX)",Urban Area,7,July,7,Saturday,2023,19,7:00pm-7:59pm,47,47,12,Motor Vehicle In-Transport,7,Sideswipe - Same Direction,1,Not an Intersection,1,On Roadway,2,Rain,1,Daylight,1,19,0,1,1,38.33333333333333,0,0.18327676,0
202304896697,1,37,Honda,2009,705,80,Two Wheel Motorcycle (excluding motor scooters),94,Motorcycle - Custom,0,Non-Collision,14,Negotiating a Curve,998,Other Crash Type,45,35,8,Not Applicable,1,11,"Mud, Dirt or Gravel",2,No Alcohol Involved,0,1,0.0,24.0,2,2,0,0,11,0,8,0,"West (MT, ID, WA, OR, CA, NV, NM, AZ, UT, CO, WY, AK, HI)",Rural Area,4,April,1,Sunday,2023,18,6:00pm-6:59pm,46,46,1,Rollover/Overturn,0,The First Harmful Event was Not a Collision with a Motor Vehicle In-Transport,1,Not an Intersection,1,On Roadway,1,Clear,1,Daylight,1,14,0,1,1,28.33333333333333,0,0.00897269,0
202305200991,2,49,Toyota,2012,402,14,"Compact Utility (Utility Vehicle Categories ""Small"" and ""Midsize"")",7,Sport Utility Vehicle (SUV)/Multi-Purpose Vehicle (MPV),10,10 Clock Point,1,Going Straight,302,"Same Trafficway, Opposite Direction-Lateral Move [Going Straight], Head-On, Sideswipe, or Angle",35,35,0,No Rollover,1,1,Dry,9,Reported as Unknown,0,1,0.0,31.0,2,0,8,0,11,0,0,0,"Midwest (OH, IN, IL, MI, WI, MN, ND, SD, NE, IA, MO, KS)",Urban Area,8,August,4,Wednesday,2023,22,10:00pm-10:59pm,22,22,12,Motor Vehicle In-Transport,8,Sideswipe - Opposite Direction,3,T-Intersection,1,On Roadway,1,Clear,3,Dark - Lighted,0,11,1,1,1,11.666666666666666,0,0.27248797,0
202305372907,1,35,Nissan/Datsun,2019,404,14,"Compact Utility (Utility Vehicle Categories ""Small"" and ""Midsize"")",7,Sport Utility Vehicle (SUV)/Multi-Purpose Vehicle (MPV),11,11 Clock Point,1,Going Straight,301,"Same Trafficway, Opposite Direction-Lateral Move [Left/Right], Head-On, Sideswipe, or Angle",55,55,0,No Rollover,1,1,Dry,2,No Alcohol Involved,1,1,1.0,81.0,1,0,0,0,11,0,0,1,"South (MD, DE, DC, WV, VA, KY, TN, NC, SC, GA, FL, AL, MS, LA, AR, OK, TX)",Rural Area,10,October,1,Sunday,2023,18,6:00pm-6:59pm,50,50,12,Motor Vehicle In-Transport,8,Sideswipe - Opposite Direction,1,Not an Intersection,1,On Roadway,1,Clear,2,Dark - Not Lighted,0,4,1,1,1,18.33333333333333,1,0.7652879,1
202304683341,2,34,BMW,2018,403,14,"Compact Utility (Utility Vehicle Categories ""Small"" and ""Midsize"")",7,Sport Utility Vehicle (SUV)/Multi-Purpose Vehicle (MPV),12,12 Clock Point,1,Going Straight,402,"Changing Trafficway, Vehicle Turning-Turn Across Path, Initial Opposite Directions [Going Straight]",98,25,0,No Rollover,1,1,Dry,2,No Alcohol Involved,0,1,0.0,18.0,2,0,0,8,11,0,0,0,"South (MD, DE, DC, WV, VA, KY, TN, NC, SC, GA, FL, AL, MS, LA, AR, OK, TX)",Urban Area,1,January,4,Wednesday,2023,12,12:00pm-12:59pm,50,50,12,Motor Vehicle In-Transport,2,Front-to-Front,2,Four-Way Intersection,1,On Roadway,1,Clear,1,Daylight,0,5,1,0,1,8.333333333333332,0,0.49128208,0
202305532085,3,2,Jeep / Kaiser-Jeep / Willys- Jeep,2014,422,15,"Large utility (ANSI D16.1 Utility Vehicle Categories and ""Full Size"" and ""Large"")",7,Sport Utility Vehicle (SUV)/Multi-Purpose Vehicle (MPV),6,6 Clock Point,5,Stopped in Roadway,998,Other Crash Type,65,0,0,No Rollover,2,1,Dry,9,Reported as Unknown,0,2,0.0,23.5,1,0,8,8,11,0,0,0,"West (MT, ID, WA, OR, CA, NV, NM, AZ, UT, CO, WY, AK, HI)",Urban Area,12,December,6,Friday,2023,10,10:00am-10:59am,52,52,12,Motor Vehicle In-Transport,1,Front-to-Rear,1,Not an Intersection,1,On Roadway,1,Clear,1,Daylight,0,9,1,0,0,0.0,0,0.035566997,0
202305013519,2,35,Nissan/Datsun,2022,47,4,"4-door sedan, hardtop",13,Sedan/Saloon,6,6 Clock Point,5,Stopped in Roadway,201,"Same Trafficway, Same Direction-Rear End, Trailing Vehicle",45,0,0,No Rollover,1,1,Dry,2,No Alcohol Involved,0,1,0.0,57.0,2,0,0,0,11,0,0,0,"South (MD, DE, DC, WV, VA, KY, TN, NC, SC, GA, FL, AL, MS, LA, AR, OK, TX)",Urban Area,6,June,2,Monday,2023,16,4:00pm-4:59pm,54,54,12,Motor Vehicle In-Transport,1,Front-to-Rear,3,T-Intersection,1,On Roadway,1,Clear,1,Daylight,0,1,1,0,0,0.0,0,0.03418889,0
202305073792,1,51,Volvo,2022,47,4,"4-door sedan, hardtop",13,Sedan/Saloon,82,Right-Front Side,1,Going Straight,103,Single Driver-Struck Object While Moving Forward,45,25,0,No Rollover,1,1,Dry,2,No Alcohol Involved,0,1,0.0,26.0,2,0,0,0,11,0,0,0,"West (MT, ID, WA, OR, CA, NV, NM, AZ, UT, CO, WY, AK, HI)",Urban Area,3,March,1,Sunday,2023,19,7:00pm-7:59pm,40,40,8,Pedestrian,0,The First Harmful Event was Not a Collision with a Motor Vehicle In-Transport,1,Not an Intersection,1,On Roadway,1,Clear,3,Dark - Lighted,1,1,0,0,1,8.333333333333332,0,0.015925286,0
202305503945,1,7,Dodge,2023,463,21,"Large Van-Includes van-based buses (B150-B350, Sportsman, Royal Maxiwagon, Ram, Tradesman,...)",95,Cargo Van,11,11 Clock Point,10,Turning Right,410,"Changing Trafficway, Vehicle Turning-Turn Into Path, Turn into Same Direction [Turning Right]",45,45,0,No Rollover,1,1,Dry,2,No Alcohol Involved,0,1,0.0,38.0,1,0,0,0,11,0,0,0,"South (MD, DE, DC, WV, VA, KY, TN, NC, SC, GA, FL, AL, MS, LA, AR, OK, TX)",Urban Area,12,December,5,Thursday,2023,16,4:00pm-4:59pm,24,24,12,Motor Vehicle In-Transport,6,Angle,3,T-Intersection,1,On Roadway,1,Clear,1,Daylight,0,0,1,1,1,15.0,0,0.31277812,0
202305210277,1,2,Jeep / Kaiser-Jeep / Willys- Jeep,2015,403,14,"Compact Utility (Utility Vehicle Categories ""Small"" and ""Midsize"")",7,Sport Utility Vehicle (SUV)/Multi-Purpose Vehicle (MPV),12,12 Clock Point,1,Going Straight,202,"Same Trafficway, Same Direction-Rear End, Lead Vehicle",25,7,0,No Rollover,1,1,Dry,2,No Alcohol Involved,0,1,0.0,29.0,2,0,0,0,11,0,0,0,"South (MD, DE, DC, WV, VA, KY, TN, NC, SC, GA, FL, AL, MS, LA, AR, OK, TX)",Urban Area,8,August,5,Thursday,2023,16,4:00pm-4:59pm,35,35,12,Motor Vehicle In-Transport,1,Front-to-Rear,2,Four-Way Intersection,1,On Roadway,1,Clear,1,Daylight,0,8,1,0,0,2.333333333333333,0,0.014985319,0
202305663107,2,23,GMC,2016,423,15,"Large utility (ANSI D16.1 Utility Vehicle Categories and ""Full Size"" and ""Large"")",7,Sport Utility Vehicle (SUV)/Multi-Purpose Vehicle (MPV),1,1 Clock Point,1,Going Straight,415,"Changing Trafficway, Vehicle Turning-Turn Into Path, Turn into Opposite Directions [Going Straight, Other Vehicle Turning Left]",35,30,0,No Rollover,1,1,Dry,2,No Alcohol Involved,1,1,1.0,39.0,2,1,0,8,11,0,0,1,"South (MD, DE, DC, WV, VA, KY, TN, NC, SC, GA, FL, AL, MS, LA, AR, OK, TX)",Urban Area,12,December,2,Monday,2023,10,10:00am-10:59am,37,37,12,Motor Vehicle In-Transport,6,Angle,3,T-Intersection,1,On Roadway,1,Clear,1,Daylight,1,7,1,0,1,18.33333333333333,0,0.3204726,1
202305408878,1,20,Chevrolet,2020,481,34,Light Pickup,60,Pickup,11,11 Clock Point,1,Going Straight,998,Other Crash Type,55,50,0,No Rollover,2,1,Dry,9,Reported as Unknown,0,2,0.0,27.0,2,0,8,0,11,0,0,0,"Midwest (OH, IN, IL, MI, WI, MN, ND, SD, NE, IA, MO, KS)",Urban Area,11,November,1,Sunday,2023,14,2:00pm-2:59pm,16,16,54,"Motor Vehicle In-Transport Strikes or is Struck by Cargo, Persons or Objects Set-in-Motion from/by Another Motor Vehicle In Transport",11,Other,1,Not an Intersection,1,On Roadway,1,Clear,1,Daylight,0,3,1,1,1,16.666666666666664,0,0.1358221,0
202305230473,3,63,KIA,2018,38,4,"4-door sedan, hardtop",13,Sedan/Saloon,6,6 Clock Point,5,Stopped in Roadway,998,Other Crash Type,35,0,0,No Rollover,2,1,Dry,2,No Alcohol Involved,0,2,0.0,23.5,1,0,8,0,11,0,0,0,"South (MD, DE, DC, WV, VA, KY, TN, NC, SC, GA, FL, AL, MS, LA, AR, OK, TX)",Urban Area,9,September,4,Wednesday,2023,17,5:00pm-5:59pm,32,32,12,Motor Vehicle In-Transport,1,Front-to-Rear,1,Not an Intersection,1,On Roadway,1,Clear,1,Daylight,0,5,1,0,0,0.0,0,0.023718487,0
202305297209,1,37,Honda,2008,32,4,"4-door sedan, hardtop",13,Sedan/Saloon,9,9 Clock Point,15,Changing Lanes,208,"Same Trafficway, Same Direction-Sideswipe, Angle, Vehicle on Right",65,45,0,No Rollover,3,1,Dry,2,No Alcohol Involved,0,3,0.0,17.666666666666668,2,0,8,0,11,0,0,0,"West (MT, ID, WA, OR, CA, NV, NM, AZ, UT, CO, WY, AK, HI)",Urban Area,9,September,6,Friday,2023,17,5:00pm-5:59pm,33,33,12,Motor Vehicle In-Transport,7,Sideswipe - Same Direction,1,Not an Intersection,1,On Roadway,1,Clear,1,Daylight,1,15,1,1,1,15.0,0,0.03487769,0
202305346951,2,37,Honda,2012,441,20,"Minivan (Chrysler Town and Country, Caravan, Grand Caravan, Voyager, Voyager, Honda-Odyssey, ...)",2,Minivan,8,8 Clock Point,14,Negotiating a Curve,302,"Same Trafficway, Opposite Direction-Lateral Move [Going Straight], Head-On, Sideswipe, or Angle",35,30,0,No Rollover,1,1,Dry,9,Reported as Unknown,1,1,1.0,71.0,2,1,8,0,11,0,0,1,"South (MD, DE, DC, WV, VA, KY, TN, NC, SC, GA, FL, AL, MS, LA, AR, OK, TX)",Urban Area,9,September,4,Wednesday,2023,17,5:00pm-5:59pm,7,7,12,Motor Vehicle In-Transport,8,Sideswipe - Opposite Direction,1,Not an Intersection,1,On Roadway,1,Clear,1,Daylight,1,11,1,0,1,18.33333333333333,0,0.23278064,1
202305632180,2,20,Chevrolet,2022,422,15,"Large utility (ANSI D16.1 Utility Vehicle Categories and ""Full Size"" and ""Large"")",7,Sport Utility Vehicle (SUV)/Multi-Purpose Vehicle (MPV),6,6 Clock Point,1,Going Straight,201,"Same Trafficway, Same Direction-Rear End, Trailing Vehicle",45,5,0,No Rollover,1,2,Wet,2,No Alcohol Involved,0,1,0.0,26.0,2,0,0,8,11,0,0,0,"South (MD, DE, DC, WV, VA, KY, TN, NC, SC, GA, FL, AL, MS, LA, AR, OK, TX)",Urban Area,6,June,7,Saturday,2023,14,2:00pm-2:59pm,45,45,12,Motor Vehicle In-Transport,1,Front-to-Rear,3,T-Intersection,1,On Roadway,1,Clear,1,Daylight,0,1,1,0,0,1.6666666666666667,0,0.019696673,0
202305227387,2,20,Chevrolet,2011,481,34,Light Pickup,60,Pickup,82,Right-Front Side,1,Going Straight,209,"Same Trafficway, Same Direction-Sideswipe, Angle, Other or Unknown",30,30,0,No Rollover,1,1,Dry,2,No Alcohol Involved,0,1,0.0,26.0,1,0,0,8,11,0,0,0,"West (MT, ID, WA, OR, CA, NV, NM, AZ, UT, CO, WY, AK, HI)",Rural Area,4,April,6,Friday,2023,11,11:00am-11:59am,54,54,12,Motor Vehicle In-Transport,7,Sideswipe - Same Direction,1,Not an Intersection,1,On Roadway,1,Clear,1,Daylight,1,12,0,0,1,10.0,0,0.024732549,0
202304973389,1,12,Ford,2019,422,15,"Large utility (ANSI D16.1 Utility Vehicle Categories and ""Full Size"" and ""Large"")",7,Sport Utility Vehicle (SUV)/Multi-Purpose Vehicle (MPV),6,6 Clock Point,5,Stopped in Roadway,201,"Same Trafficway, Same Direction-Rear End, Trailing Vehicle",65,0,0,No Rollover,3,1,Dry,2,No Alcohol Involved,0,3,0.0,13.0,2,1,8,0,11,0,0,0,"Midwest (OH, IN, IL, MI, WI, MN, ND, SD, NE, IA, MO, KS)",Urban Area,5,May,6,Friday,2023,19,7:00pm-7:59pm,21,21,12,Motor Vehicle In-Transport,1,Front-to-Rear,2,Four-Way Intersection,1,On Roadway,1,Clear,1,Daylight,2,4,1,0,0,8.333333333333332,0,0.021408597,0
202305154452,2,12,Ford,2017,481,34,Light Pickup,60,Pickup,7,7 Clock Point,1,Going Straight,504,"Intersecting Paths-Straight Paths, Struck on the Left",40,40,0,No Rollover,1,98,Not Reported,9,Reported as Unknown,0,1,0.0,46.0,1,0,8,0,11,0,0,0,"South (MD, DE, DC, WV, VA, KY, TN, NC, SC, GA, FL, AL, MS, LA, AR, OK, TX)",Urban Area,5,May,2,Monday,2023,10,10:00am-10:59am,48,48,12,Motor Vehicle In-Transport,6,Angle,2,Four-Way Intersection,1,On Roadway,1,Clear,1,Daylight,0,6,1,1,1,13.333333333333334,0,0.28430375,0
202304845309,2,34,BMW,2011,34,4,"4-door sedan, hardtop",13,Sedan/Saloon,12,12 Clock Point,1,Going Straight,202,"Same Trafficway, Same Direction-Rear End, Lead Vehicle",98,10,0,No Rollover,1,1,Dry,2,No Alcohol Involved,0,1,0.0,55.0,1,1,0,0,11,0,0,0,"South (MD, DE, DC, WV, VA, KY, TN, NC, SC, GA, FL, AL, MS, LA, AR, OK, TX)",Urban Area,3,March,6,Friday,2023,11,11:00am-11:59am,38,38,12,Motor Vehicle In-Transport,1,Front-to-Rear,2,Four-Way Intersection,1,On Roadway,1,Clear,1,Daylight,1,12,1,0,0,11.666666666666666,0,0.034328163,0
202305037196,1,49,Toyota,2007,32,4,"4-door sedan, hardtop",13,Sedan/Saloon,12,12 Clock Point,15,Changing Lanes,207,"Same Trafficway, Same Direction-Sideswipe, Angle, Vehicle on Left",55,70,0,No Rollover,1,1,Dry,2,No Alcohol Involved,0,1,0.0,27.0,1,2,0,0,11,0,0,0,"Northeast (PA, NJ, NY, NH, VT, RI, MA, ME, CT)",Urban Area,5,May,5,Thursday,2023,20,8:00pm-8:59pm,11,11,12,Motor Vehicle In-Transport,6,Angle,1,Not an Intersection,1,On Roadway,1,Clear,1,Daylight,1,16,1,1,1,40.0,0,0.36790055,0
202305100028,1,37,Honda,2002,402,14,"Compact Utility (Utility Vehicle Categories ""Small"" and ""Midsize"")",7,Sport Utility Vehicle (SUV)/Multi-Purpose Vehicle (MPV),11,11 Clock Point,11,Turning Left,414,"Changing Trafficway, Vehicle Turning-Turn Into Path, Turn into Opposite Directions [Turning Left]",25,20,0,No Rollover,2,98,Not Reported,2,No Alcohol Involved,0,2,0.0,32.5,2,0,8,8,11,0,0,0,"South (MD, DE, DC, WV, VA, KY, TN, NC, SC, GA, FL, AL, MS, LA, AR, OK, TX)",Urban Area,5,May,2,Monday,2023,16,4:00pm-4:59pm,58,58,12,Motor Vehicle In-Transport,6,Angle,2,Four-Way Intersection,1,On Roadway,1,Clear,1,Daylight,0,21,1,0,0,6.666666666666667,0,0.18589559,0
202304921308,1,12,Ford,2017,23,4,"4-door sedan, hardtop",13,Sedan/Saloon,12,12 Clock Point,1,Going Straight,501,"Intersecting Paths-Straight Paths, Striking from the Right",40,45,0,No Rollover,2,1,Dry,9,Reported as Unknown,2,2,1.0,24.0,1,1,8,8,11,0,0,1,"West (MT, ID, WA, OR, CA, NV, NM, AZ, UT, CO, WY, AK, HI)",Urban Area,4,April,5,Thursday,2023,17,5:00pm-5:59pm,16,16,12,Motor Vehicle In-Transport,6,Angle,2,Four-Way Intersection,1,On Roadway,1,Clear,1,Daylight,3,6,1,1,1,23.33333333333333,1,0.6196669,1
202305368310,1,41,Mazda,2011,51,4,"4-door sedan, hardtop",13,Sedan/Saloon,1,1 Clock Point,15,Changing Lanes,207,"Same Trafficway, Same Direction-Sideswipe, Angle, Vehicle on Left",25,10,0,No Rollover,2,1,Dry,2,No Alcohol Involved,0,2,0.0,24.0,1,0,0,0,11,0,0,0,"West (MT, ID, WA, OR, CA, NV, NM, AZ, UT, CO, WY, AK, HI)",Urban Area,10,October,3,Tuesday,2023,13,1:00pm-1:59pm,11,11,12,Motor Vehicle In-Transport,6,Angle,1,Not an Intersection,1,On Roadway,1,Clear,1,Daylight,1,12,1,0,0,3.333333333333333,0,0.023576034,0
202305260694,2,72,Harley-Davidson,2012,706,80,Two Wheel Motorcycle (excluding motor scooters),81,Motorcycle - Touring / Sport Touring,6,6 Clock Point,2,Decelerating in Road,201,"Same Trafficway, Same Direction-Rear End, Trailing Vehicle",70,40,8,Not Applicable,1,1,Dry,9,Reported as Unknown,0,1,0.0,37.0,1,1,8,0,11,0,8,0,"Midwest (OH, IN, IL, MI, WI, MN, ND, SD, NE, IA, MO, KS)",Urban Area,9,September,7,Saturday,2023,12,12:00pm-12:59pm,46,46,12,Motor Vehicle In-Transport,1,Front-to-Rear,1,Not an Intersection,1,On Roadway,1,Clear,1,Daylight,3,11,1,1,1,21.666666666666664,0,0.0026447729,0
202304950519,2,49,Toyota,2015,43,4,"4-door sedan, hardtop",13,Sedan/Saloon,12,12 Clock Point,1,Going Straight,501,"Intersecting Paths-Straight Paths, Striking from the Right",30,10,0,No Rollover,2,98,Not Reported,2,No Alcohol Involved,0,2,0.0,38.0,1,0,8,8,11,0,0,0,"South (MD, DE, DC, WV, VA, KY, TN, NC, SC, GA, FL, AL, MS, LA, AR, OK, TX)",Urban Area,3,March,4,Wednesday,2023,11,11:00am-11:59am,55,55,12,Motor Vehicle In-Transport,6,Angle,2,Four-Way Intersection,1,On Roadway,10,Cloudy,1,Daylight,0,8,1,0,0,3.333333333333333,0,0.16149099,0
202305018470,1,63,KIA,2020,403,14,"Compact Utility (Utility Vehicle Categories ""Small"" and ""Midsize"")",7,Sport Utility Vehicle (SUV)/Multi-Purpose Vehicle (MPV),7,7 Clock Point,99,Unknown,416,"Changing Trafficway, Vehicle Turning-Turn into Path, Other or Unknown",98,8,0,No Rollover,1,98,Not Reported,2,No Alcohol Involved,0,1,0.0,55.0,1,0,0,0,11,0,0,0,"South (MD, DE, DC, WV, VA, KY, TN, NC, SC, GA, FL, AL, MS, LA, AR, OK, TX)",Urban Area,5,May,3,Tuesday,2023,12,12:00pm-12:59pm,3,3,12,Motor Vehicle In-Transport,6,Angle,3,T-Intersection,1,On Roadway,1,Clear,1,Daylight,0,3,1,0,0,2.666666666666667,0,0.21506889,0
202305264712,1,23,GMC,2002,471,34,Light Pickup,60,Pickup,6,6 Clock Point,6,Passing or Overtaking Another Vehicle,993,Other Vehicle,25,20,0,No Rollover,1,1,Dry,9,Reported as Unknown,0,1,0.0,69.0,1,0,8,8,11,0,0,0,"West (MT, ID, WA, OR, CA, NV, NM, AZ, UT, CO, WY, AK, HI)",Rural Area,8,August,2,Monday,2023,12,12:00pm-12:59pm,49,49,12,Motor Vehicle In-Transport,9,Rear-to-Side,1,Not an Intersection,1,On Roadway,1,Clear,1,Daylight,0,21,1,0,0,6.666666666666667,0,0.023778867,0
202304879939,1,20,Chevrolet,2007,37,4,"4-door sedan, hardtop",13,Sedan/Saloon,8,8 Clock Point,1,Going Straight,504,"Intersecting Paths-Straight Paths, Struck on the Left",55,20,0,No Rollover,2,98,Not Reported,9,Reported as Unknown,1,1,1.0,24.0,2,2,8,0,11,0,0,1,"Midwest (OH, IN, IL, MI, WI, MN, ND, SD, NE, IA, MO, KS)",Rural Area,4,April,2,Monday,2023,8,8:00am-8:59am,45,45,12,Motor Vehicle In-Transport,6,Angle,2,Four-Way Intersection,1,On Roadway,10,Cloudy,1,Daylight,3,16,1,0,0,23.33333333333333,0,0.36608922,1
202305056663,2,12,Ford,2008,402,14,"Compact Utility (Utility Vehicle Categories ""Small"" and ""Midsize"")",7,Sport Utility Vehicle (SUV)/Multi-Purpose Vehicle (MPV),6,6 Clock Point,5,Stopped in Roadway,201,"Same Trafficway, Same Direction-Rear End, Trailing Vehicle",65,0,0,No Rollover,1,1,Dry,2,No Alcohol Involved,0,1,0.0,74.0,2,3,0,0,11,0,0,0,"Midwest (OH, IN, IL, MI, WI, MN, ND, SD, NE, IA, MO, KS)",Rural Area,6,June,3,Tuesday,2023,13,1:00pm-1:59pm,10,10,12,Motor Vehicle In-Transport,1,Front-to-Rear,2,Four-Way Intersection,1,On Roadway,1,Clear,1,Daylight,2,15,1,0,0,25.0,0,0.022321321,0
202305621224,2,2,Jeep / Kaiser-Jeep / Willys- Jeep,2016,404,14,"Compact Utility (Utility Vehicle Categories ""Small"" and ""Midsize"")",7,Sport Utility Vehicle (SUV)/Multi-Purpose Vehicle (MPV),6,6 Clock Point,5,Stopped in Roadway,201,"Same Trafficway, Same Direction-Rear End, Trailing Vehicle",65,0,0,No Rollover,1,1,Dry,2,No Alcohol Involved,0,1,0.0,60.0,2,0,0,0,11,0,0,0,"South (MD, DE, DC, WV, VA, KY, TN, NC, SC, GA, FL, AL, MS, LA, AR, OK, TX)",Urban Area,12,December,3,Tuesday,2023,18,6:00pm-6:59pm,20,20,12,Motor Vehicle In-Transport,1,Front-to-Rear,1,Not an Intersection,1,On Roadway,1,Clear,3,Dark - Lighted,0,7,1,0,0,0.0,0,0.2794858,0
202305153117,1,18,Buick / Opel,2021,421,15,"Large utility (ANSI D16.1 Utility Vehicle Categories and ""Full Size"" and ""Large"")",7,Sport Utility Vehicle (SUV)/Multi-Purpose Vehicle (MPV),1,1 Clock Point,11,Turning Left,408,"Changing Trafficway, Vehicle Turning-Turn Into Path, Turn into Same Direction [Turning Left]",30,30,0,No Rollover,1,98,Not Reported,2,No Alcohol Involved,0,1,0.0,39.0,2,0,0,8,11,0,0,0,"South (MD, DE, DC, WV, VA, KY, TN, NC, SC, GA, FL, AL, MS, LA, AR, OK, TX)",Urban Area,5,May,6,Friday,2023,9,9:00am-9:59am,13,13,12,Motor Vehicle In-Transport,7,Sideswipe - Same Direction,2,Four-Way Intersection,1,On Roadway,1,Clear,1,Daylight,1,2,1,0,1,10.0,0,0.06565908,0
202305197536,1,58,Infiniti,2019,403,14,"Compact Utility (Utility Vehicle Categories ""Small"" and ""Midsize"")",7,Sport Utility Vehicle (SUV)/Multi-Purpose Vehicle (MPV),1,1 Clock Point,1,Going Straight,101,Single Driver-Right Roadside Departure,65,90,0,No Rollover,1,1,Dry,2,No Alcohol Involved,1,1,1.0,55.0,2,3,0,0,11,0,0,1,"South (MD, DE, DC, WV, VA, KY, TN, NC, SC, GA, FL, AL, MS, LA, AR, OK, TX)",Urban Area,6,June,5,Thursday,2023,19,7:00pm-7:59pm,46,46,25,Concrete Traffic Barrier,0,The First Harmful Event was Not a Collision with a Motor Vehicle In-Transport,1,Not an Intersection,4,On Roadside,1,Clear,1,Daylight,1,4,1,1,1,55.0,1,0.67622113,1
202305499576,2,35,Nissan/Datsun,2005,401,14,"Compact Utility (Utility Vehicle Categories ""Small"" and ""Midsize"")",7,Sport Utility Vehicle (SUV)/Multi-Purpose Vehicle (MPV),12,12 Clock Point,1,Going Straight,415,"Changing Trafficway, Vehicle Turning-Turn Into Path, Turn into Opposite Directions [Going Straight, Other Vehicle Turning Left]",55,5,0,No Rollover,2,1,Dry,9,Reported as Unknown,0,2,0.0,25.5,1,0,8,0,11,0,0,0,"Midwest (OH, IN, IL, MI, WI, MN, ND, SD, NE, IA, MO, KS)",Rural Area,3,March,5,Thursday,2023,12,12:00pm-12:59pm,50,50,12,Motor Vehicle In-Transport,6,Angle,2,Four-Way Intersection,1,On Roadway,1,Clear,1,Daylight,0,18,1,0,0,1.6666666666666667,0,0.09296913,0
202305645368,2,37,Honda,2019,402,14,"Compact Utility (Utility Vehicle Categories ""Small"" and ""Midsize"")",7,Sport Utility Vehicle (SUV)/Multi-Purpose Vehicle (MPV),12,12 Clock Point,11,Turning Left,401,"Changing Trafficway, Vehicle Turning-Turn Across Path, Initial Opposite Directions [Left/Right]",45,5,0,No Rollover,2,1,Dry,2,No Alcohol Involved,2,2,1.0,79.5,1,1,8,0,11,0,0,1,"South (MD, DE, DC, WV, VA, KY, TN, NC, SC, GA, FL, AL, MS, LA, AR, OK, TX)",Urban Area,12,December,3,Tuesday,2023,18,6:00pm-6:59pm,5,5,12,Motor Vehicle In-Transport,6,Angle,2,Four-Way Intersection,1,On Roadway,1,Clear,2,Dark - Not Lighted,2,4,1,0,0,9.999999999999998,1,0.58755136,1
202304776115,1,7,Dodge,2008,482,34,Light Pickup,60,Pickup,1,1 Clock Point,1,Going Straight,503,"Intersecting Paths-Straight Paths, Striking from the Left",98,45,0,No Rollover,1,98,Not Reported,2,No Alcohol Involved,0,1,0.0,55.0,1,2,0,0,11,0,0,0,"South (MD, DE, DC, WV, VA, KY, TN, NC, SC, GA, FL, AL, MS, LA, AR, OK, TX)",Urban Area,1,January,5,Thursday,2023,20,8:00pm-8:59pm,20,20,12,Motor Vehicle In-Transport,6,Angle,2,Four-Way Intersection,1,On Roadway,1,Clear,3,Dark - Lighted,2,15,1,1,1,31.666666666666664,0,0.29485932,0
202305662307,1,24,Saturn,2007,9,4,"4-door sedan, hardtop",13,Sedan/Saloon,12,12 Clock Point,1,Going Straight,503,"Intersecting Paths-Straight Paths, Striking from the Left",98,25,0,No Rollover,3,1,Dry,2,No Alcohol Involved,1,2,0.5,20.0,2,1,8,8,11,0,0,0,"South (MD, DE, DC, WV, VA, KY, TN, NC, SC, GA, FL, AL, MS, LA, AR, OK, TX)",Urban Area,7,July,2,Monday,2023,7,7:00am-7:59am,35,35,12,Motor Vehicle In-Transport,6,Angle,2,Four-Way Intersection,1,On Roadway,10,Cloudy,1,Daylight,2,16,1,0,1,16.666666666666664,0,0.37351882,0
202305518053,2,23,GMC,2020,481,34,Light Pickup,60,Pickup,6,6 Clock Point,2,Decelerating in Road,201,"Same Trafficway, Same Direction-Rear End, Trailing Vehicle",60,15,0,No Rollover,1,1,Dry,2,No Alcohol Involved,0,1,0.0,41.0,1,0,0,0,11,0,0,0,"West (MT, ID, WA, OR, CA, NV, NM, AZ, UT, CO, WY, AK, HI)",Urban Area,12,December,6,Friday,2023,19,7:00pm-7:59pm,20,20,12,Motor Vehicle In-Transport,1,Front-to-Rear,1,Not an Intersection,1,On Roadway,1,Clear,3,Dark - Lighted,0,3,1,0,0,5.0,0,0.045241937,0
202305308550,1,58,Infiniti,2015,41,4,"4-door sedan, hardtop",13,Sedan/Saloon,12,12 Clock Point,1,Going Straight,202,"Same Trafficway, Same Direction-Rear End, Lead Vehicle",50,50,0,No Rollover,1,1,Dry,1,Alcohol Involved,1,1,1.0,31.0,2,0,1,8,11,0,0,1,"South (MD, DE, DC, WV, VA, KY, TN, NC, SC, GA, FL, AL, MS, LA, AR, OK, TX)",Urban Area,7,July,5,Thursday,2023,17,5:00pm-5:59pm,40,40,12,Motor Vehicle In-Transport,1,Front-to-Rear,2,Four-Way Intersection,1,On Roadway,10,Cloudy,1,Daylight,3,8,1,1,1,16.666666666666664,1,0.6051782,1
202305454537,1,37,Honda,2023,31,5,5-door/4-door hatchback,5,Hatchback/Liftback/Notchback,1,1 Clock Point,5,Stopped in Roadway,103,Single Driver-Struck Object While Moving Forward,30,0,0,No Rollover,1,2,Wet,2,No Alcohol Involved,0,1,0.0,62.0,1,0,0,8,11,0,0,0,"South (MD, DE, DC, WV, VA, KY, TN, NC, SC, GA, FL, AL, MS, LA, AR, OK, TX)",Urban Area,9,September,4,Wednesday,2023,16,4:00pm-4:59pm,55,55,15,Non-Motorist on Personal Conveyance,0,The First Harmful Event was Not a Collision with a Motor Vehicle In-Transport,1,Not an Intersection,2,On Shoulder,2,Rain,1,Daylight,1,0,1,0,0,0.0,0,0.02992209,0
202305382749,2,49,Toyota,2005,442,20,"Minivan (Chrysler Town and Country, Caravan, Grand Caravan, Voyager, Voyager, Honda-Odyssey, ...)",2,Minivan,6,6 Clock Point,5,Stopped in Roadway,201,"Same Trafficway, Same Direction-Rear End, Trailing Vehicle",40,0,0,No Rollover,2,1,Dry,2,No Alcohol Involved,0,1,0.0,46.0,1,0,0,0,11,0,0,0,"South (MD, DE, DC, WV, VA, KY, TN, NC, SC, GA, FL, AL, MS, LA, AR, OK, TX)",Rural Area,8,August,1,Sunday,2023,19,7:00pm-7:59pm,48,48,12,Motor Vehicle In-Transport,1,Front-to-Rear,2,Four-Way Intersection,1,On Roadway,1,Clear,1,Daylight,1,18,1,0,0,0.0,0,0.015336569,0
202305567653,1,12,Ford,2002,3,2,"2-door sedan,hardtop,coupe",3,Coupe,12,12 Clock Point,1,Going Straight,101,Single Driver-Right Roadside Departure,55,55,0,No Rollover,1,1,Dry,2,No Alcohol Involved,1,1,1.0,24.0,1,0,0,0,11,0,0,1,"South (MD, DE, DC, WV, VA, KY, TN, NC, SC, GA, FL, AL, MS, LA, AR, OK, TX)",Urban Area,12,December,1,Sunday,2023,18,6:00pm-6:59pm,39,39,34,Ditch,0,The First Harmful Event was Not a Collision with a Motor Vehicle In-Transport,1,Not an Intersection,4,On Roadside,1,Clear,2,Dark - Not Lighted,0,21,1,1,1,18.33333333333333,1,0.6602453,1
202304993520,1,37,Honda,2019,31,4,"4-door sedan, hardtop",13,Sedan/Saloon,11,11 Clock Point,10,Turning Right,410,"Changing Trafficway, Vehicle Turning-Turn Into Path, Turn into Same Direction [Turning Right]",15,10,0,No Rollover,3,98,Not Reported,2,No Alcohol Involved,0,3,0.0,25.666666666666668,2,1,8,8,11,0,0,0,"South (MD, DE, DC, WV, VA, KY, TN, NC, SC, GA, FL, AL, MS, LA, AR, OK, TX)",Urban Area,3,March,4,Wednesday,2023,14,2:00pm-2:59pm,50,50,12,Motor Vehicle In-Transport,6,Angle,3,T-Intersection,1,On Roadway,1,Clear,1,Daylight,5,4,1,0,0,11.666666666666666,0,0.16879526,0
202304709067,2,59,Lexus,2004,31,4,"4-door sedan, hardtop",13,Sedan/Saloon,12,12 Clock Point,1,Going Straight,409,"Changing Trafficway, Vehicle Turning-Turn Into Path, Turn into Same Direction [Going Straight, Other Vehicle Turning Left]",45,45,0,No Rollover,1,1,Dry,2,No Alcohol Involved,1,1,1.0,24.0,1,3,0,8,11,0,0,1,"South (MD, DE, DC, WV, VA, KY, TN, NC, SC, GA, FL, AL, MS, LA, AR, OK, TX)",Urban Area,1,January,1,Sunday,2023,8,8:00am-8:59am,55,55,12,Motor Vehicle In-Transport,6,Angle,2,Four-Way Intersection,1,On Roadway,1,Clear,1,Daylight,2,19,1,1,1,40.0,1,0.5138486,1
202305582117,1,54,Acura,2022,421,15,"Large utility (ANSI D16.1 Utility Vehicle Categories and ""Full Size"" and ""Large"")",7,Sport Utility Vehicle (SUV)/Multi-Purpose Vehicle (MPV),1,1 Clock Point,6,Passing or Overtaking Another Vehicle,207,"Same Trafficway, Same Direction-Sideswipe, Angle, Vehicle on Left",40,10,0,No Rollover,1,1,Dry,2,No Alcohol Involved,0,1,0.0,35.0,2,0,0,8,11,0,0,0,"South (MD, DE, DC, WV, VA, KY, TN, NC, SC, GA, FL, AL, MS, LA, AR, OK, TX)",Urban Area,10,October,2,Monday,2023,13,1:00pm-1:59pm,20,20,12,Motor Vehicle In-Transport,7,Sideswipe - Same Direction,1,Not an Intersection,1,On Roadway,1,Clear,1,Daylight,0,1,1,0,0,3.333333333333333,0,0.011636837,0
202305077474,1,73,Kawasaki,2007,705,80,Two Wheel Motorcycle (excluding motor scooters),80,Motorcycle - Sport,12,12 Clock Point,15,Changing Lanes,409,"Changing Trafficway, Vehicle Turning-Turn Into Path, Turn into Same Direction [Going Straight, Other Vehicle Turning Left]",50,55,8,Not Applicable,1,1,Dry,9,Reported as Unknown,0,1,0.0,40.0,1,3,8,0,11,0,8,0,"Midwest (OH, IN, IL, MI, WI, MN, ND, SD, NE, IA, MO, KS)",Urban Area,6,June,4,Wednesday,2023,18,6:00pm-6:59pm,6,6,12,Motor Vehicle In-Transport,6,Angle,3,T-Intersection,1,On Roadway,1,Clear,1,Daylight,1,16,1,1,1,43.33333333333333,0,0.0042869253,0
202305075137,1,20,Chevrolet,2018,870,61,"Single-unit straight truck or Cab-Chassis (GVWR range 10,001 to 19,500 lbs.)",62,Incomplete - Cutaway,3,3 Clock Point,11,Turning Left,401,"Changing Trafficway, Vehicle Turning-Turn Across Path, Initial Opposite Directions [Left/Right]",45,15,0,No Rollover,1,1,Dry,2,No Alcohol Involved,0,1,0.0,23.0,1,0,0,0,11,0,0,0,"South (MD, DE, DC, WV, VA, KY, TN, NC, SC, GA, FL, AL, MS, LA, AR, OK, TX)",Urban Area,5,May,6,Friday,2023,14,2:00pm-2:59pm,23,23,12,Motor Vehicle In-Transport,6,Angle,3,T-Intersection,1,On Roadway,1,Clear,1,Daylight,1,5,1,0,0,5.0,0,0.046837144,0
202304874902,1,72,Harley-Davidson,2008,706,80,Two Wheel Motorcycle (excluding motor scooters),81,Motorcycle - Touring / Sport Touring,0,Non-Collision,1,Going Straight,0,No Impact,35,30,8,Not Applicable,1,1,Dry,9,Reported as Unknown,0,1,0.0,47.0,1,3,8,0,11,0,8,0,"Midwest (OH, IN, IL, MI, WI, MN, ND, SD, NE, IA, MO, KS)",Urban Area,4,April,5,Thursday,2023,13,1:00pm-1:59pm,30,30,16,Thrown or Falling Object,0,The First Harmful Event was Not a Collision with a Motor Vehicle In-Transport,1,Not an Intersection,1,On Roadway,1,Clear,1,Daylight,1,15,0,0,1,35.0,0,0.00261823,0
202305319902,1,32,Audi,2016,402,14,"Compact Utility (Utility Vehicle Categories ""Small"" and ""Midsize"")",7,Sport Utility Vehicle (SUV)/Multi-Purpose Vehicle (MPV),12,12 Clock Point,1,Going Straight,202,"Same Trafficway, Same Direction-Rear End, Lead Vehicle",60,45,0,No Rollover,2,1,Dry,2,No Alcohol Involved,0,2,0.0,28.0,1,0,8,0,11,0,0,0,"South (MD, DE, DC, WV, VA, KY, TN, NC, SC, GA, FL, AL, MS, LA, AR, OK, TX)",Urban Area,10,October,6,Friday,2023,16,4:00pm-4:59pm,43,43,12,Motor Vehicle In-Transport,1,Front-to-Rear,1,Not an Intersection,1,On Roadway,1,Clear,1,Daylight,1,7,1,1,1,15.0,0,0.37650263,0
202305230740,3,42,Mercedes-Benz,2023,423,15,"Large utility (ANSI D16.1 Utility Vehicle Categories and ""Full Size"" and ""Large"")",7,Sport Utility Vehicle (SUV)/Multi-Purpose Vehicle (MPV),6,6 Clock Point,5,Stopped in Roadway,998,Other Crash Type,45,0,0,No Rollover,1,1,Dry,2,No Alcohol Involved,0,1,0.0,55.0,1,0,0,0,11,0,0,0,"South (MD, DE, DC, WV, VA, KY, TN, NC, SC, GA, FL, AL, MS, LA, AR, OK, TX)",Rural Area,9,September,3,Tuesday,2023,16,4:00pm-4:59pm,0,0,12,Motor Vehicle In-Transport,1,Front-to-Rear,2,Four-Way Intersection,1,On Roadway,1,Clear,1,Daylight,0,0,1,0,0,0.0,0,0.021647913,0
202305511425,1,58,Infiniti,2017,422,15,"Large utility (ANSI D16.1 Utility Vehicle Categories and ""Full Size"" and ""Large"")",7,Sport Utility Vehicle (SUV)/Multi-Purpose Vehicle (MPV),12,12 Clock Point,1,Going Straight,103,Single Driver-Struck Object While Moving Forward,45,15,0,No Rollover,2,1,Dry,2,No Alcohol Involved,0,2,0.0,27.5,2,0,8,8,11,0,0,0,"South (MD, DE, DC, WV, VA, KY, TN, NC, SC, GA, FL, AL, MS, LA, AR, OK, TX)",Urban Area,10,October,6,Friday,2023,7,7:00am-7:59am,52,52,15,Non-Motorist on Personal Conveyance,0,The First Harmful Event was Not a Collision with a Motor Vehicle In-Transport,2,Four-Way Intersection,1,On Roadway,1,Clear,1,Daylight,1,6,1,0,0,5.0,0,0.022464711,0
202305147442,2,49,Toyota,2021,442,20,"Minivan (Chrysler Town and Country, Caravan, Grand Caravan, Voyager, Voyager, Honda-Odyssey, ...)",2,Minivan,3,3 Clock Point,1,Going Straight,411,"Changing Trafficway, Vehicle Turning-Turn Into Path, Turn into Same Direction [Going Straight, Other Vehicle Turning Right]",35,20,0,No Rollover,1,1,Dry,9,Reported as Unknown,0,1,0.0,39.0,1,0,8,0,11,0,0,0,"South (MD, DE, DC, WV, VA, KY, TN, NC, SC, GA, FL, AL, MS, LA, AR, OK, TX)",Urban Area,6,June,7,Saturday,2023,10,10:00am-10:59am,0,0,12,Motor Vehicle In-Transport,6,Angle,3,T-Intersection,1,On Roadway,1,Clear,1,Daylight,0,2,1,0,0,6.666666666666667,0,0.17849877,0
202305601323,1,20,Chevrolet,2013,25,4,"4-door sedan, hardtop",13,Sedan/Saloon,12,12 Clock Point,1,Going Straight,202,"Same Trafficway, Same Direction-Rear End, Lead Vehicle",60,50,0,No Rollover,1,1,Dry,2,No Alcohol Involved,1,1,1.0,18.0,2,1,0,0,11,0,0,1,"South (MD, DE, DC, WV, VA, KY, TN, NC, SC, GA, FL, AL, MS, LA, AR, OK, TX)",Urban Area,11,November,5,Thursday,2023,15,3:00pm-3:59pm,58,58,12,Motor Vehicle In-Transport,1,Front-to-Rear,1,Not an Intersection,1,On Roadway,1,Clear,1,Daylight,1,10,1,1,1,25.0,0,0.41575983,1
202305418384,2,59,Lexus,2022,31,4,"4-door sedan, hardtop",13,Sedan/Saloon,12,12 Clock Point,1,Going Straight,998,Other Crash Type,65,60,0,No Rollover,3,1,Dry,2,No Alcohol Involved,3,3,1.0,18.33333333333333,1,1,8,0,11,0,0,1,"South (MD, DE, DC, WV, VA, KY, TN, NC, SC, GA, FL, AL, MS, LA, AR, OK, TX)",Urban Area,11,November,6,Friday,2023,6,6:00am-6:59am,0,0,20,Impact Attenuator/Crash Cushion,0,The First Harmful Event was Not a Collision with a Motor Vehicle In-Transport,1,Not an Intersection,3,On Median,1,Clear,2,Dark - Not Lighted,4,1,1,1,1,28.33333333333333,0,0.47365102,1
202305545821,2,20,Chevrolet,2022,473,34,Light Pickup,60,Pickup,6,6 Clock Point,5,Stopped in Roadway,201,"Same Trafficway, Same Direction-Rear End, Trailing Vehicle",50,0,0,No Rollover,1,1,Dry,2,No Alcohol Involved,0,1,0.0,25.0,1,0,0,0,11,0,0,0,"South (MD, DE, DC, WV, VA, KY, TN, NC, SC, GA, FL, AL, MS, LA, AR, OK, TX)",Urban Area,11,November,7,Saturday,2023,16,4:00pm-4:59pm,57,57,12,Motor Vehicle In-Transport,1,Front-to-Rear,2,Four-Way Intersection,1,On Roadway,1,Clear,1,Daylight,0,1,1,0,0,0.0,0,0.029322483,0
202305103999,1,55,Hyundai,2019,36,4,"4-door sedan, hardtop",13,Sedan/Saloon,12,12 Clock Point,1,Going Straight,503,"Intersecting Paths-Straight Paths, Striking from the Left",25,40,0,No Rollover,1,1,Dry,2,No Alcohol Involved,1,1,1.0,38.0,2,2,0,8,11,0,0,1,"South (MD, DE, DC, WV, VA, KY, TN, NC, SC, GA, FL, AL, MS, LA, AR, OK, TX)",Urban Area,7,July,7,Saturday,2023,18,6:00pm-6:59pm,20,20,12,Motor Vehicle In-Transport,6,Angle,2,Four-Way Intersection,1,On Roadway,98,Not Reported,1,Daylight,2,4,1,1,1,30.0,1,0.6865834,1
202304787716,2,7,Dodge,2018,880,67,"Medium/heavy Pickup (GVWR greater than 10,000 lbs.)",60,Pickup,6,6 Clock Point,5,Stopped in Roadway,201,"Same Trafficway, Same Direction-Rear End, Trailing Vehicle",45,0,0,No Rollover,1,1,Dry,2,No Alcohol Involved,0,1,0.0,42.0,1,0,0,0,11,0,0,0,"South (MD, DE, DC, WV, VA, KY, TN, NC, SC, GA, FL, AL, MS, LA, AR, OK, TX)",Urban Area,2,February,3,Tuesday,2023,15,3:00pm-3:59pm,8,8,12,Motor Vehicle In-Transport,1,Front-to-Rear,1,Not an Intersection,1,On Roadway,1,Clear,1,Daylight,0,5,1,0,0,0.0,0,0.008936759,0
202304918442,1,20,Chevrolet,2013,25,4,"4-door sedan, hardtop",13,Sedan/Saloon,12,12 Clock Point,1,Going Straight,202,"Same Trafficway, Same Direction-Rear End, Lead Vehicle",35,15,0,No Rollover,1,1,Dry,2,No Alcohol Involved,0,1,0.0,46.0,2,0,0,0,11,0,0,0,"Midwest (OH, IN, IL, MI, WI, MN, ND, SD, NE, IA, MO, KS)",Rural Area,4,April,5,Thursday,2023,15,3:00pm-3:59pm,23,23,12,Motor Vehicle In-Transport,1,Front-to-Rear,2,Four-Way Intersection,1,On Roadway,1,Clear,1,Daylight,0,10,1,0,0,5.0,0,0.055012144,0
202304889052,2,7,Dodge,2015,482,34,Light Pickup,60,Pickup,6,6 Clock Point,2,Decelerating in Road,201,"Same Trafficway, Same Direction-Rear End, Trailing Vehicle",65,35,0,No Rollover,1,1,Dry,2,No Alcohol Involved,0,1,0.0,59.0,1,1,0,0,11,0,0,0,"West (MT, ID, WA, OR, CA, NV, NM, AZ, UT, CO, WY, AK, HI)",Urban Area,4,April,2,Monday,2023,15,3:00pm-3:59pm,10,10,12,Motor Vehicle In-Transport,1,Front-to-Rear,1,Not an Intersection,1,On Roadway,1,Clear,1,Daylight,1,8,1,1,1,20.0,0,0.025548173,0
202304685997,2,49,Toyota,2014,32,4,"4-door sedan, hardtop",13,Sedan/Saloon,6,6 Clock Point,1,Going Straight,201,"Same Trafficway, Same Direction-Rear End, Trailing Vehicle",70,73,0,No Rollover,1,1,Dry,2,No Alcohol Involved,0,1,0.0,34.0,1,3,0,0,11,0,0,0,"South (MD, DE, DC, WV, VA, KY, TN, NC, SC, GA, FL, AL, MS, LA, AR, OK, TX)",Rural Area,1,January,7,Saturday,2023,3,3:00am-3:59am,25,25,12,Motor Vehicle In-Transport,1,Front-to-Rear,1,Not an Intersection,1,On Roadway,1,Clear,2,Dark - Not Lighted,2,9,1,1,1,49.333333333333336,0,0.18150635,0
202304951547,2,7,Dodge,2016,482,34,Light Pickup,60,Pickup,12,12 Clock Point,1,Going Straight,402,"Changing Trafficway, Vehicle Turning-Turn Across Path, Initial Opposite Directions [Going Straight]",35,20,0,No Rollover,1,1,Dry,2,No Alcohol Involved,0,1,0.0,83.0,1,0,0,8,11,0,0,0,"West (MT, ID, WA, OR, CA, NV, NM, AZ, UT, CO, WY, AK, HI)",Urban Area,4,April,5,Thursday,2023,7,7:00am-7:59am,43,43,12,Motor Vehicle In-Transport,6,Angle,2,Four-Way Intersection,1,On Roadway,1,Clear,1,Daylight,0,7,1,0,0,6.666666666666667,0,0.15934685,0
202304937023,2,7,Dodge,2019,880,67,"Medium/heavy Pickup (GVWR greater than 10,000 lbs.)",60,Pickup,11,11 Clock Point,1,Going Straight,998,Other Crash Type,65,65,0,No Rollover,1,1,Dry,2,No Alcohol Involved,0,1,0.0,35.0,1,0,0,2,11,0,0,0,"Midwest (OH, IN, IL, MI, WI, MN, ND, SD, NE, IA, MO, KS)",Rural Area,4,April,7,Saturday,2023,19,7:00pm-7:59pm,34,34,12,Motor Vehicle In-Transport,7,Sideswipe - Same Direction,1,Not an Intersection,1,On Roadway,1,Clear,5,Dusk,0,4,1,1,1,21.666666666666668,0,0.04830831,0
202305112426,1,23,GMC,2001,421,15,"Large utility (ANSI D16.1 Utility Vehicle Categories and ""Full Size"" and ""Large"")",7,Sport Utility Vehicle (SUV)/Multi-Purpose Vehicle (MPV),0,Non-Collision,1,Going Straight,101,Single Driver-Right Roadside Departure,70,60,3,Rollover,1,1,Dry,2,No Alcohol Involved,0,1,0.0,35.0,1,1,0,0,11,0,0,0,"West (MT, ID, WA, OR, CA, NV, NM, AZ, UT, CO, WY, AK, HI)",Urban Area,7,July,5,Thursday,2023,5,5:00am-5:59am,10,10,1,Rollover/Overturn,0,The First Harmful Event was Not a Collision with a Motor Vehicle In-Transport,1,Not an Intersection,4,On Roadside,1,Clear,1,Daylight,1,22,0,1,1,28.33333333333333,0,0.102966234,0
202305483849,1,37,Honda,2018,31,4,"4-door sedan, hardtop",13,Sedan/Saloon,1,1 Clock Point,1,Going Straight,101,Single Driver-Right Roadside Departure,55,55,0,No Rollover,1,1,Dry,1,Alcohol Involved,1,1,1.0,34.0,1,0,1,2,11,0,0,1,"Midwest (OH, IN, IL, MI, WI, MN, ND, SD, NE, IA, MO, KS)",Rural Area,12,December,3,Tuesday,2023,20,8:00pm-8:59pm,59,59,34,Ditch,0,The First Harmful Event was Not a Collision with a Motor Vehicle In-Transport,1,Not an Intersection,4,On Roadside,1,Clear,2,Dark - Not Lighted,0,5,1,1,1,18.33333333333333,1,0.567445,1
202305490989,2,55,Hyundai,2012,33,4,"4-door sedan, hardtop",13,Sedan/Saloon,6,6 Clock Point,1,Going Straight,201,"Same Trafficway, Same Direction-Rear End, Trailing Vehicle",55,10,0,No Rollover,1,1,Dry,2,No Alcohol Involved,1,1,1.0,22.0,2,0,0,0,11,0,0,1,"South (MD, DE, DC, WV, VA, KY, TN, NC, SC, GA, FL, AL, MS, LA, AR, OK, TX)",Urban Area,10,October,4,Wednesday,2023,6,6:00am-6:59am,39,39,12,Motor Vehicle In-Transport,1,Front-to-Rear,1,Not an Intersection,1,On Roadway,10,Cloudy,4,Dawn,0,11,1,0,0,3.333333333333333,0,0.08739787,1
202305051348,1,35,Nissan/Datsun,2015,51,6,Station Wagon (excluding van and truck based),8,Crossover Utility Vehicle (CUV),4,4 Clock Point,3,Accelerating in Road,502,"Intersecting Paths-Straight Paths, Struck on the Right",30,15,0,No Rollover,2,2,Wet,2,No Alcohol Involved,0,2,0.0,54.5,1,0,8,8,11,0,0,0,"South (MD, DE, DC, WV, VA, KY, TN, NC, SC, GA, FL, AL, MS, LA, AR, OK, TX)",Urban Area,4,April,2,Monday,2023,7,7:00am-7:59am,23,23,12,Motor Vehicle In-Transport,6,Angle,2,Four-Way Intersection,1,On Roadway,10,Cloudy,1,Daylight,0,8,1,0,0,5.0,0,0.25150242,0
202305202386,1,59,Lexus,2021,403,14,"Compact Utility (Utility Vehicle Categories ""Small"" and ""Midsize"")",7,Sport Utility Vehicle (SUV)/Multi-Purpose Vehicle (MPV),12,12 Clock Point,1,Going Straight,202,"Same Trafficway, Same Direction-Rear End, Lead Vehicle",70,50,0,No Rollover,1,1,Dry,2,No Alcohol Involved,0,1,0.0,65.0,1,0,0,0,11,0,0,0,"West (MT, ID, WA, OR, CA, NV, NM, AZ, UT, CO, WY, AK, HI)",Urban Area,8,August,5,Thursday,2023,13,1:00pm-1:59pm,40,40,12,Motor Vehicle In-Transport,1,Front-to-Rear,1,Not an Intersection,1,On Roadway,1,Clear,1,Daylight,0,2,1,1,1,16.666666666666664,0,0.43296131,0
202305056549,1,7,Dodge,1999,482,34,Light Pickup,60,Pickup,12,12 Clock Point,1,Going Straight,202,"Same Trafficway, Same Direction-Rear End, Lead Vehicle",35,30,0,No Rollover,1,2,Wet,9,Reported as Unknown,0,1,0.0,22.0,1,0,8,0,11,0,0,0,"Midwest (OH, IN, IL, MI, WI, MN, ND, SD, NE, IA, MO, KS)",Urban Area,6,June,2,Monday,2023,16,4:00pm-4:59pm,59,59,12,Motor Vehicle In-Transport,1,Front-to-Rear,2,Four-Way Intersection,1,On Roadway,2,Rain,1,Daylight,0,24,1,0,1,10.0,0,0.09472705,0
202305294465,1,63,KIA,2019,38,4,"4-door sedan, hardtop",13,Sedan/Saloon,12,12 Clock Point,14,Negotiating a Curve,101,Single Driver-Right Roadside Departure,35,35,0,No Rollover,1,1,Dry,9,Reported as Unknown,1,1,1.0,68.0,1,2,8,0,11,0,0,1,"Midwest (OH, IN, IL, MI, WI, MN, ND, SD, NE, IA, MO, KS)",Urban Area,10,October,2,Monday,2023,14,2:00pm-2:59pm,7,7,30,Utility Pole/Light Support,0,The First Harmful Event was Not a Collision with a Motor Vehicle In-Transport,1,Not an Intersection,4,On Roadside,10,Cloudy,1,Daylight,1,4,1,1,1,28.33333333333333,1,0.6165744,1
202304938660,1,59,Lexus,2005,31,4,"4-door sedan, hardtop",13,Sedan/Saloon,11,11 Clock Point,15,Changing Lanes,208,"Same Trafficway, Same Direction-Sideswipe, Angle, Vehicle on Right",45,45,0,No Rollover,1,1,Dry,9,Reported as Unknown,0,1,0.0,42.0,2,0,8,8,11,0,0,0,"West (MT, ID, WA, OR, CA, NV, NM, AZ, UT, CO, WY, AK, HI)",Urban Area,5,May,3,Tuesday,2023,14,2:00pm-2:59pm,54,54,12,Motor Vehicle In-Transport,7,Sideswipe - Same Direction,1,Not an Intersection,1,On Roadway,1,Clear,1,Daylight,0,18,1,1,1,15.0,0,0.04359854,0
202305065250,2,41,Mazda,2017,51,4,"4-door sedan, hardtop",13,Sedan/Saloon,12,12 Clock Point,1,Going Straight,993,Other Vehicle,25,5,0,No Rollover,1,1,Dry,2,No Alcohol Involved,0,1,0.0,44.0,2,0,0,0,11,0,0,0,"South (MD, DE, DC, WV, VA, KY, TN, NC, SC, GA, FL, AL, MS, LA, AR, OK, TX)",Rural Area,6,June,2,Monday,2023,12,12:00pm-12:59pm,13,13,12,Motor Vehicle In-Transport,1,Front-to-Rear,1,Not an Intersection,1,On Roadway,1,Clear,1,Daylight,0,6,1,0,0,1.6666666666666667,0,0.022454327,0
202304816536,1,49,Toyota,1995,38,2,"2-door sedan,hardtop,coupe",13,Sedan/Saloon,12,12 Clock Point,1,Going Straight,202,"Same Trafficway, Same Direction-Rear End, Lead Vehicle",65,65,0,No Rollover,1,1,Dry,2,No Alcohol Involved,1,1,1.0,47.0,1,2,0,0,11,0,0,1,"West (MT, ID, WA, OR, CA, NV, NM, AZ, UT, CO, WY, AK, HI)",Urban Area,3,March,4,Wednesday,2023,19,7:00pm-7:59pm,50,50,12,Motor Vehicle In-Transport,1,Front-to-Rear,1,Not an Intersection,1,On Roadway,1,Clear,3,Dark - Lighted,2,28,1,1,1,38.33333333333333,0,0.4910893,1
202304833956,1,12,Ford,2020,462,21,"Large Van-Includes van-based buses (B150-B350, Sportsman, Royal Maxiwagon, Ram, Tradesman,...)",95,Cargo Van,3,3 Clock Point,11,Turning Left,401,"Changing Trafficway, Vehicle Turning-Turn Across Path, Initial Opposite Directions [Left/Right]",45,5,0,No Rollover,1,1,Dry,9,Reported as Unknown,0,1,0.0,33.0,1,3,8,0,11,0,0,0,"Midwest (OH, IN, IL, MI, WI, MN, ND, SD, NE, IA, MO, KS)",Urban Area,3,March,2,Monday,2023,10,10:00am-10:59am,48,48,12,Motor Vehicle In-Transport,6,Angle,2,Four-Way Intersection,1,On Roadway,10,Cloudy,1,Daylight,2,3,1,0,0,26.666666666666668,0,0.28273353,0
202305184201,2,6,Chrysler,2022,443,20,"Minivan (Chrysler Town and Country, Caravan, Grand Caravan, Voyager, Voyager, Honda-Odyssey, ...)",2,Minivan,1,1 Clock Point,15,Changing Lanes,207,"Same Trafficway, Same Direction-Sideswipe, Angle, Vehicle on Left",40,12,0,No Rollover,4,1,Dry,9,Reported as Unknown,0,4,0.0,53.5,1,0,8,0,11,0,0,0,"South (MD, DE, DC, WV, VA, KY, TN, NC, SC, GA, FL, AL, MS, LA, AR, OK, TX)",Urban Area,5,May,2,Monday,2023,14,2:00pm-2:59pm,24,24,12,Motor Vehicle In-Transport,7,Sideswipe - Same Direction,1,Not an Intersection,1,On Roadway,1,Clear,1,Daylight,0,1,1,0,0,4.0,0,0.019392693,0
202304666061,2,12,Ford,2021,402,14,"Compact Utility (Utility Vehicle Categories ""Small"" and ""Midsize"")",7,Sport Utility Vehicle (SUV)/Multi-Purpose Vehicle (MPV),7,7 Clock Point,1,Going Straight,208,"Same Trafficway, Same Direction-Sideswipe, Angle, Vehicle on Right",65,65,0,No Rollover,1,2,Wet,2,No Alcohol Involved,0,1,0.0,56.0,1,0,0,0,11,0,0,0,"West (MT, ID, WA, OR, CA, NV, NM, AZ, UT, CO, WY, AK, HI)",Urban Area,1,January,2,Monday,2023,20,8:00pm-8:59pm,10,10,12,Motor Vehicle In-Transport,6,Angle,1,Not an Intersection,1,On Roadway,2,Rain,2,Dark - Not Lighted,1,2,1,1,1,21.666666666666668,0,0.24808139,0
202304861594,1,12,Ford,2009,17,4,"4-door sedan, hardtop",13,Sedan/Saloon,62,Left-Front Side,1,Going Straight,103,Single Driver-Struck Object While Moving Forward,25,10,0,No Rollover,1,1,Dry,2,No Alcohol Involved,0,1,0.0,22.0,1,0,0,0,11,0,0,0,"West (MT, ID, WA, OR, CA, NV, NM, AZ, UT, CO, WY, AK, HI)",Urban Area,2,February,6,Friday,2023,16,4:00pm-4:59pm,4,4,9,Pedalcyclist,0,The First Harmful Event was Not a Collision with a Motor Vehicle In-Transport,2,Four-Way Intersection,1,On Roadway,1,Clear,1,Daylight,1,14,0,0,0,3.333333333333333,0,0.013514756,0
202304676042,2,12,Ford,2016,32,4,"4-door sedan, hardtop",13,Sedan/Saloon,6,6 Clock Point,5,Stopped in Roadway,201,"Same Trafficway, Same Direction-Rear End, Trailing Vehicle",65,0,0,No Rollover,1,1,Dry,2,No Alcohol Involved,0,1,0.0,56.0,2,0,0,0,11,0,0,0,"South (MD, DE, DC, WV, VA, KY, TN, NC, SC, GA, FL, AL, MS, LA, AR, OK, TX)",Urban Area,1,January,7,Saturday,2023,17,5:00pm-5:59pm,45,45,12,Motor Vehicle In-Transport,1,Front-to-Rear,2,Four-Way Intersection,1,On Roadway,1,Clear,3,Dark - Lighted,0,7,1,0,0,0.0,0,0.060621366,0
202304900317,1,49,Toyota,2013,40,4,"4-door sedan, hardtop",13,Sedan/Saloon,12,12 Clock Point,11,Turning Left,408,"Changing Trafficway, Vehicle Turning-Turn Into Path, Turn into Same Direction [Turning Left]",35,20,0,No Rollover,1,2,Wet,2,No Alcohol Involved,0,1,0.0,21.0,2,0,0,0,11,0,0,0,"South (MD, DE, DC, WV, VA, KY, TN, NC, SC, GA, FL, AL, MS, LA, AR, OK, TX)",Urban Area,4,April,1,Sunday,2023,20,8:00pm-8:59pm,51,51,12,Motor Vehicle In-Transport,6,Angle,2,Four-Way Intersection,1,On Roadway,1,Clear,3,Dark - Lighted,0,10,1,0,0,6.666666666666667,0,0.2563922,0
202304793356,1,20,Chevrolet,2013,422,15,"Large utility (ANSI D16.1 Utility Vehicle Categories and ""Full Size"" and ""Large"")",7,Sport Utility Vehicle (SUV)/Multi-Purpose Vehicle (MPV),6,6 Clock Point,5,Stopped in Roadway,201,"Same Trafficway, Same Direction-Rear End, Trailing Vehicle",45,0,0,No Rollover,1,1,Dry,2,No Alcohol Involved,0,1,0.0,36.0,2,0,0,0,11,0,0,0,"South (MD, DE, DC, WV, VA, KY, TN, NC, SC, GA, FL, AL, MS, LA, AR, OK, TX)",Urban Area,3,March,4,Wednesday,2023,7,7:00am-7:59am,0,0,12,Motor Vehicle In-Transport,1,Front-to-Rear,1,Not an Intersection,1,On Roadway,98,Not Reported,1,Daylight,1,10,1,0,0,0.0,0,0.029093323,0
202305027950,2,12,Ford,2017,23,4,"4-door sedan, hardtop",13,Sedan/Saloon,12,12 Clock Point,1,Going Straight,303,"Same Trafficway, Opposite Direction-Lateral Move, Other or Unknown",45,35,0,No Rollover,1,1,Dry,1,Alcohol Involved,1,1,1.0,23.0,1,0,1,2,11,0,0,1,"Midwest (OH, IN, IL, MI, WI, MN, ND, SD, NE, IA, MO, KS)",Urban Area,6,June,6,Friday,2023,3,3:00am-3:59am,28,28,12,Motor Vehicle In-Transport,2,Front-to-Front,1,Not an Intersection,1,On Roadway,10,Cloudy,2,Dark - Not Lighted,0,6,1,1,1,11.666666666666666,1,0.81320435,1
202305440371,1,2,Jeep / Kaiser-Jeep / Willys- Jeep,2009,403,14,"Compact Utility (Utility Vehicle Categories ""Small"" and ""Midsize"")",7,Sport Utility Vehicle (SUV)/Multi-Purpose Vehicle (MPV),12,12 Clock Point,1,Going Straight,103,Single Driver-Struck Object While Moving Forward,45,40,0,No Rollover,1,1,Dry,2,No Alcohol Involved,0,1,0.0,26.0,2,0,0,0,11,0,0,0,"West (MT, ID, WA, OR, CA, NV, NM, AZ, UT, CO, WY, AK, HI)",Rural Area,11,November,5,Thursday,2023,20,8:00pm-8:59pm,17,17,8,Pedestrian,0,The First Harmful Event was Not a Collision with a Motor Vehicle In-Transport,2,Four-Way Intersection,1,On Roadway,1,Clear,2,Dark - Not Lighted,1,14,1,1,1,13.333333333333334,0,0.028261058,0
202304892062,3,49,Toyota,2012,32,4,"4-door sedan, hardtop",13,Sedan/Saloon,6,6 Clock Point,5,Stopped in Roadway,998,Other Crash Type,25,0,0,No Rollover,1,2,Wet,2,No Alcohol Involved,0,1,0.0,52.0,1,0,0,0,11,0,0,0,"South (MD, DE, DC, WV, VA, KY, TN, NC, SC, GA, FL, AL, MS, LA, AR, OK, TX)",Rural Area,4,April,1,Sunday,2023,1,1:00am-1:59am,40,40,12,Motor Vehicle In-Transport,1,Front-to-Rear,3,T-Intersection,1,On Roadway,2,Rain,3,Dark - Lighted,0,11,1,0,0,0.0,0,0.029224144,0
202305432436,2,7,Dodge,2019,442,20,"Minivan (Chrysler Town and Country, Caravan, Grand Caravan, Voyager, Voyager, Honda-Odyssey, ...)",2,Minivan,6,6 Clock Point,5,Stopped in Roadway,201,"Same Trafficway, Same Direction-Rear End, Trailing Vehicle",45,0,0,No Rollover,2,1,Dry,2,No Alcohol Involved,0,2,0.0,50.0,1,1,8,0,11,0,0,0,"South (MD, DE, DC, WV, VA, KY, TN, NC, SC, GA, FL, AL, MS, LA, AR, OK, TX)",Urban Area,11,November,1,Sunday,2023,11,11:00am-11:59am,5,5,12,Motor Vehicle In-Transport,1,Front-to-Rear,2,Four-Way Intersection,1,On Roadway,1,Clear,1,Daylight,1,4,1,0,0,8.333333333333332,0,0.01445802,0
202305516382,2,20,Chevrolet,2007,481,34,Light Pickup,60,Pickup,12,12 Clock Point,14,Negotiating a Curve,302,"Same Trafficway, Opposite Direction-Lateral Move [Going Straight], Head-On, Sideswipe, or Angle",35,37,0,No Rollover,1,1,Dry,2,No Alcohol Involved,1,1,1.0,64.0,1,4,0,2,11,0,0,1,"West (MT, ID, WA, OR, CA, NV, NM, AZ, UT, CO, WY, AK, HI)",Rural Area,12,December,7,Saturday,2023,15,3:00pm-3:59pm,59,59,12,Motor Vehicle In-Transport,2,Front-to-Front,1,Not an Intersection,1,On Roadway,1,Clear,1,Daylight,3,16,1,1,1,45.66666666666666,1,0.53486353,1
202305463807,2,12,Ford,2022,498,34,Light Pickup,60,Pickup,6,6 Clock Point,2,Decelerating in Road,201,"Same Trafficway, Same Direction-Rear End, Trailing Vehicle",35,15,0,No Rollover,1,1,Dry,2,No Alcohol Involved,0,1,0.0,23.0,2,0,0,0,11,0,0,0,"Midwest (OH, IN, IL, MI, WI, MN, ND, SD, NE, IA, MO, KS)",Rural Area,10,October,5,Thursday,2023,16,4:00pm-4:59pm,19,19,12,Motor Vehicle In-Transport,1,Front-to-Rear,1,Not an Intersection,1,On Roadway,10,Cloudy,1,Daylight,2,1,1,0,0,5.0,0,0.017267035,0
202304892106,2,35,Nissan/Datsun,2008,51,6,Station Wagon (excluding van and truck based),7,Sport Utility Vehicle (SUV)/Multi-Purpose Vehicle (MPV),12,12 Clock Point,1,Going Straight,415,"Changing Trafficway, Vehicle Turning-Turn Into Path, Turn into Opposite Directions [Going Straight, Other Vehicle Turning Left]",25,35,0,No Rollover,1,1,Dry,2,No Alcohol Involved,0,1,0.0,51.0,1,0,0,8,11,0,0,0,"South (MD, DE, DC, WV, VA, KY, TN, NC, SC, GA, FL, AL, MS, LA, AR, OK, TX)",Urban Area,4,April,6,Friday,2023,10,10:00am-10:59am,0,0,12,Motor Vehicle In-Transport,6,Angle,3,T-Intersection,1,On Roadway,98,Not Reported,1,Daylight,1,15,1,1,1,11.666666666666666,0,0.49299037,0
202305179116,1,37,Honda,2014,32,4,"4-door sedan, hardtop",13,Sedan/Saloon,12,12 Clock Point,11,Turning Left,414,"Changing Trafficway, Vehicle Turning-Turn Into Path, Turn into Opposite Directions [Turning Left]",25,15,0,No Rollover,1,98,Not Reported,2,No Alcohol Involved,0,1,0.0,52.0,2,0,0,0,11,0,0,0,"South (MD, DE, DC, WV, VA, KY, TN, NC, SC, GA, FL, AL, MS, LA, AR, OK, TX)",Urban Area,8,August,1,Sunday,2023,15,3:00pm-3:59pm,14,14,12,Motor Vehicle In-Transport,6,Angle,2,Four-Way Intersection,1,On Roadway,1,Clear,1,Daylight,0,9,1,0,0,5.0,0,0.34587786,0
202305265208,1,12,Ford,2003,481,34,Light Pickup,60,Pickup,11,11 Clock Point,16,Merging,208,"Same Trafficway, Same Direction-Sideswipe, Angle, Vehicle on Right",55,20,0,No Rollover,4,2,Wet,2,No Alcohol Involved,1,1,1.0,29.0,1,2,0,8,11,0,0,1,"South (MD, DE, DC, WV, VA, KY, TN, NC, SC, GA, FL, AL, MS, LA, AR, OK, TX)",Urban Area,9,September,7,Saturday,2023,14,2:00pm-2:59pm,10,10,12,Motor Vehicle In-Transport,7,Sideswipe - Same Direction,1,Not an Intersection,1,On Roadway,2,Rain,1,Daylight,6,20,1,0,0,23.33333333333333,0,0.013415848,1
202304742806,1,49,Toyota,2005,40,4,"4-door sedan, hardtop",13,Sedan/Saloon,12,12 Clock Point,11,Turning Left,401,"Changing Trafficway, Vehicle Turning-Turn Across Path, Initial Opposite Directions [Left/Right]",45,30,0,No Rollover,1,1,Dry,2,No Alcohol Involved,1,1,1.0,26.0,2,0,0,0,11,0,0,1,"South (MD, DE, DC, WV, VA, KY, TN, NC, SC, GA, FL, AL, MS, LA, AR, OK, TX)",Urban Area,1,January,4,Wednesday,2023,17,5:00pm-5:59pm,40,40,12,Motor Vehicle In-Transport,6,Angle,2,Four-Way Intersection,1,On Roadway,10,Cloudy,1,Daylight,1,18,1,0,1,10.0,0,0.40734774,1
202305047428,1,35,Nissan/Datsun,2015,43,4,"4-door sedan, hardtop",13,Sedan/Saloon,12,12 Clock Point,1,Going Straight,101,Single Driver-Right Roadside Departure,45,45,0,No Rollover,1,2,Wet,2,No Alcohol Involved,0,1,0.0,20.0,2,0,0,0,11,0,0,0,"South (MD, DE, DC, WV, VA, KY, TN, NC, SC, GA, FL, AL, MS, LA, AR, OK, TX)",Urban Area,6,June,3,Tuesday,2023,18,6:00pm-6:59pm,54,54,34,Ditch,0,The First Harmful Event was Not a Collision with a Motor Vehicle In-Transport,1,Not an Intersection,4,On Roadside,1,Clear,1,Daylight,0,8,1,1,1,15.0,1,0.5390886,0
202304934638,1,18,Buick / Opel,2019,404,14,"Compact Utility (Utility Vehicle Categories ""Small"" and ""Midsize"")",7,Sport Utility Vehicle (SUV)/Multi-Purpose Vehicle (MPV),12,12 Clock Point,3,Accelerating in Road,202,"Same Trafficway, Same Direction-Rear End, Lead Vehicle",40,5,0,No Rollover,1,1,Dry,2,No Alcohol Involved,0,1,0.0,76.0,2,0,0,8,11,0,0,0,"South (MD, DE, DC, WV, VA, KY, TN, NC, SC, GA, FL, AL, MS, LA, AR, OK, TX)",Urban Area,3,March,3,Tuesday,2023,17,5:00pm-5:59pm,15,15,12,Motor Vehicle In-Transport,1,Front-to-Rear,2,Four-Way Intersection,1,On Roadway,1,Clear,1,Daylight,0,4,1,0,0,1.6666666666666667,0,0.012835623,0
202305282248,1,99,Unknown Make,2015,399,4,"4-door sedan, hardtop",13,Sedan/Saloon,12,12 Clock Point,99,Unknown,501,"Intersecting Paths-Straight Paths, Striking from the Right",0,15,0,No Rollover,1,0,Non-Trafficway or Driveway Access,2,No Alcohol Involved,0,1,0.0,44.0,2,0,0,8,11,0,0,0,"South (MD, DE, DC, WV, VA, KY, TN, NC, SC, GA, FL, AL, MS, LA, AR, OK, TX)",Urban Area,7,July,6,Friday,2023,11,11:00am-11:59am,35,35,12,Motor Vehicle In-Transport,6,Angle,1,Not an Intersection,1,On Roadway,1,Clear,1,Daylight,0,8,1,0,0,5.0,0,0.11919987,0
202304957119,2,42,Mercedes-Benz,2008,421,15,"Large utility (ANSI D16.1 Utility Vehicle Categories and ""Full Size"" and ""Large"")",7,Sport Utility Vehicle (SUV)/Multi-Purpose Vehicle (MPV),12,12 Clock Point,1,Going Straight,415,"Changing Trafficway, Vehicle Turning-Turn Into Path, Turn into Opposite Directions [Going Straight, Other Vehicle Turning Left]",98,55,0,No Rollover,2,1,Dry,2,No Alcohol Involved,1,1,1.0,13.0,1,0,8,0,13,0,0,1,"West (MT, ID, WA, OR, CA, NV, NM, AZ, UT, CO, WY, AK, HI)",Rural Area,5,May,7,Saturday,2023,19,7:00pm-7:59pm,0,0,12,Motor Vehicle In-Transport,6,Angle,3,T-Intersection,1,On Roadway,1,Clear,1,Daylight,1,15,1,1,1,18.33333333333333,1,0.6192454,1
202305483828,1,20,Chevrolet,2020,406,14,"Compact Utility (Utility Vehicle Categories ""Small"" and ""Midsize"")",7,Sport Utility Vehicle (SUV)/Multi-Purpose Vehicle (MPV),1,1 Clock Point,1,Going Straight,103,Single Driver-Struck Object While Moving Forward,35,35,0,No Rollover,1,2,Wet,9,Reported as Unknown,1,1,1.0,73.0,1,0,8,0,11,0,0,1,"Midwest (OH, IN, IL, MI, WI, MN, ND, SD, NE, IA, MO, KS)",Urban Area,12,December,7,Saturday,2023,21,9:00pm-9:59pm,27,27,14,Parked Motor Vehicle,0,The First Harmful Event was Not a Collision with a Motor Vehicle In-Transport,1,Not an Intersection,7,In Parking Lane/Zone,2,Rain,3,Dark - Lighted,0,3,1,1,1,11.666666666666666,0,0.4415187,1
202305292909,2,2,Jeep / Kaiser-Jeep / Willys- Jeep,2017,404,14,"Compact Utility (Utility Vehicle Categories ""Small"" and ""Midsize"")",7,Sport Utility Vehicle (SUV)/Multi-Purpose Vehicle (MPV),81,Right,1,Going Straight,207,"Same Trafficway, Same Direction-Sideswipe, Angle, Vehicle on Left",45,45,0,No Rollover,1,1,Dry,2,No Alcohol Involved,0,1,0.0,44.0,1,0,0,0,11,0,0,0,"South (MD, DE, DC, WV, VA, KY, TN, NC, SC, GA, FL, AL, MS, LA, AR, OK, TX)",Urban Area,10,October,5,Thursday,2023,17,5:00pm-5:59pm,54,54,12,Motor Vehicle In-Transport,7,Sideswipe - Same Direction,3,T-Intersection,1,On Roadway,1,Clear,1,Daylight,0,6,0,1,1,15.0,0,0.052987896,0
202304780254,2,12,Ford,2012,481,34,Light Pickup,60,Pickup,61,Left,5,Stopped in Roadway,302,"Same Trafficway, Opposite Direction-Lateral Move [Going Straight], Head-On, Sideswipe, or Angle",35,0,0,No Rollover,1,1,Dry,9,Reported as Unknown,0,1,0.0,65.0,2,0,8,0,11,0,0,0,"South (MD, DE, DC, WV, VA, KY, TN, NC, SC, GA, FL, AL, MS, LA, AR, OK, TX)",Rural Area,2,February,1,Sunday,2023,13,1:00pm-1:59pm,50,50,12,Motor Vehicle In-Transport,8,Sideswipe - Opposite Direction,1,Not an Intersection,1,On Roadway,10,Cloudy,1,Daylight,0,11,0,0,0,0.0,0,0.034031063,0
202304931935,2,12,Ford,2019,880,67,"Medium/heavy Pickup (GVWR greater than 10,000 lbs.)",60,Pickup,63,Left-Back Side,1,Going Straight,208,"Same Trafficway, Same Direction-Sideswipe, Angle, Vehicle on Right",55,55,0,No Rollover,1,1,Dry,2,No Alcohol Involved,0,1,0.0,65.0,1,0,0,8,11,0,0,0,"South (MD, DE, DC, WV, VA, KY, TN, NC, SC, GA, FL, AL, MS, LA, AR, OK, TX)",Urban Area,2,February,2,Monday,2023,13,1:00pm-1:59pm,20,20,12,Motor Vehicle In-Transport,7,Sideswipe - Same Direction,1,Not an Intersection,1,On Roadway,1,Clear,1,Daylight,0,4,0,1,1,18.33333333333333,0,0.055186532,0
202305409967,1,42,Mercedes-Benz,2019,42,2,"2-door sedan,hardtop,coupe",1,Convertible/Cabriolet,12,12 Clock Point,10,Turning Right,410,"Changing Trafficway, Vehicle Turning-Turn Into Path, Turn into Same Direction [Turning Right]",10,10,0,No Rollover,1,1,Dry,2,No Alcohol Involved,0,1,0.0,65.0,1,0,0,8,11,0,0,0,"South (MD, DE, DC, WV, VA, KY, TN, NC, SC, GA, FL, AL, MS, LA, AR, OK, TX)",Urban Area,9,September,7,Saturday,2023,19,7:00pm-7:59pm,28,28,12,Motor Vehicle In-Transport,6,Angle,3,T-Intersection,1,On Roadway,1,Clear,1,Daylight,0,4,1,0,0,3.333333333333333,0,0.094108894,0
202304734256,4,34,BMW,2015,403,14,"Compact Utility (Utility Vehicle Categories ""Small"" and ""Midsize"")",7,Sport Utility Vehicle (SUV)/Multi-Purpose Vehicle (MPV),6,6 Clock Point,5,Stopped in Roadway,998,Other Crash Type,55,0,0,No Rollover,1,1,Dry,2,No Alcohol Involved,0,1,0.0,43.0,2,0,0,0,11,0,0,0,"South (MD, DE, DC, WV, VA, KY, TN, NC, SC, GA, FL, AL, MS, LA, AR, OK, TX)",Urban Area,1,January,4,Wednesday,2023,18,6:00pm-6:59pm,9,9,12,Motor Vehicle In-Transport,6,Angle,1,Not an Intersection,1,On Roadway,1,Clear,3,Dark - Lighted,0,8,1,0,0,0.0,0,0.16816668,0
202304942424,1,98,Other Make,2019,804,78,Unknown medium/heavy truck type,64,Incomplete - Glider,83,Right-Back Side,10,Turning Right,403,"Changing Trafficway, Vehicle Turning-Turn Across Path, Initial Same Directions [Turning Right]",55,10,0,No Rollover,1,1,Dry,2,No Alcohol Involved,0,1,0.0,25.0,1,0,0,0,11,0,0,0,"South (MD, DE, DC, WV, VA, KY, TN, NC, SC, GA, FL, AL, MS, LA, AR, OK, TX)",Urban Area,5,May,3,Tuesday,2023,10,10:00am-10:59am,18,18,12,Motor Vehicle In-Transport,7,Sideswipe - Same Direction,2,Four-Way Intersection,1,On Roadway,1,Clear,1,Daylight,0,4,0,0,0,3.333333333333333,0,0.005372772,0
202304879264,2,35,Nissan/Datsun,2015,47,4,"4-door sedan, hardtop",13,Sedan/Saloon,6,6 Clock Point,5,Stopped in Roadway,201,"Same Trafficway, Same Direction-Rear End, Trailing Vehicle",45,0,0,No Rollover,1,1,Dry,9,Reported as Unknown,0,1,0.0,17.0,1,2,8,8,11,0,0,0,"West (MT, ID, WA, OR, CA, NV, NM, AZ, UT, CO, WY, AK, HI)",Urban Area,4,April,2,Monday,2023,17,5:00pm-5:59pm,20,20,12,Motor Vehicle In-Transport,1,Front-to-Rear,1,Not an Intersection,1,On Roadway,1,Clear,1,Daylight,2,8,1,0,0,16.666666666666664,0,0.029184764,0
202304878378,1,20,Chevrolet,2020,29,5,5-door/4-door hatchback,5,Hatchback/Liftback/Notchback,12,12 Clock Point,2,Decelerating in Road,202,"Same Trafficway, Same Direction-Rear End, Lead Vehicle",35,35,0,No Rollover,1,1,Dry,9,Reported as Unknown,1,1,1.0,20.0,2,0,8,0,11,0,0,1,"Midwest (OH, IN, IL, MI, WI, MN, ND, SD, NE, IA, MO, KS)",Urban Area,4,April,3,Tuesday,2023,17,5:00pm-5:59pm,41,41,12,Motor Vehicle In-Transport,1,Front-to-Rear,3,T-Intersection,1,On Roadway,1,Clear,1,Daylight,0,3,1,1,1,11.666666666666666,0,0.4408394,1
202304793375,2,55,Hyundai,2022,401,14,"Compact Utility (Utility Vehicle Categories ""Small"" and ""Midsize"")",7,Sport Utility Vehicle (SUV)/Multi-Purpose Vehicle (MPV),6,6 Clock Point,5,Stopped in Roadway,201,"Same Trafficway, Same Direction-Rear End, Trailing Vehicle",35,0,0,No Rollover,1,1,Dry,2,No Alcohol Involved,0,1,0.0,48.0,2,0,0,0,11,0,0,0,"South (MD, DE, DC, WV, VA, KY, TN, NC, SC, GA, FL, AL, MS, LA, AR, OK, TX)",Urban Area,3,March,7,Saturday,2023,11,11:00am-11:59am,10,10,12,Motor Vehicle In-Transport,1,Front-to-Rear,2,Four-Way Intersection,1,On Roadway,1,Clear,1,Daylight,0,1,1,0,0,0.0,0,0.029087242,0
202305377584,1,37,Honda,2017,404,14,"Compact Utility (Utility Vehicle Categories ""Small"" and ""Midsize"")",7,Sport Utility Vehicle (SUV)/Multi-Purpose Vehicle (MPV),6,6 Clock Point,5,Stopped in Roadway,998,Other Crash Type,45,0,0,No Rollover,3,1,Dry,9,Reported as Unknown,0,3,0.0,49.66666666666666,1,0,8,0,11,0,0,0,"Midwest (OH, IN, IL, MI, WI, MN, ND, SD, NE, IA, MO, KS)",Urban Area,11,November,7,Saturday,2023,12,12:00pm-12:59pm,53,53,12,Motor Vehicle In-Transport,1,Front-to-Rear,3,T-Intersection,1,On Roadway,1,Clear,1,Daylight,1,6,1,0,0,0.0,0,0.019245282,0
202305344212,1,42,Mercedes-Benz,2016,42,4,"4-door sedan, hardtop",13,Sedan/Saloon,1,1 Clock Point,11,Turning Left,401,"Changing Trafficway, Vehicle Turning-Turn Across Path, Initial Opposite Directions [Left/Right]",40,20,0,No Rollover,2,1,Dry,2,No Alcohol Involved,2,2,1.0,38.5,1,1,8,8,11,0,0,1,"South (MD, DE, DC, WV, VA, KY, TN, NC, SC, GA, FL, AL, MS, LA, AR, OK, TX)",Urban Area,8,August,1,Sunday,2023,22,10:00pm-10:59pm,25,25,12,Motor Vehicle In-Transport,6,Angle,3,T-Intersection,1,On Roadway,1,Clear,3,Dark - Lighted,3,7,1,0,0,15.0,1,0.6016896,1
202305161196,2,23,GMC,2018,422,15,"Large utility (ANSI D16.1 Utility Vehicle Categories and ""Full Size"" and ""Large"")",7,Sport Utility Vehicle (SUV)/Multi-Purpose Vehicle (MPV),6,6 Clock Point,5,Stopped in Roadway,201,"Same Trafficway, Same Direction-Rear End, Trailing Vehicle",70,0,0,No Rollover,1,1,Dry,2,No Alcohol Involved,0,1,0.0,48.0,1,0,0,0,11,0,0,0,"South (MD, DE, DC, WV, VA, KY, TN, NC, SC, GA, FL, AL, MS, LA, AR, OK, TX)",Urban Area,6,June,3,Tuesday,2023,6,6:00am-6:59am,21,21,12,Motor Vehicle In-Transport,1,Front-to-Rear,1,Not an Intersection,1,On Roadway,1,Clear,1,Daylight,0,5,1,0,0,0.0,0,0.05728133,0
202305183472,1,49,Toyota,2022,403,14,"Compact Utility (Utility Vehicle Categories ""Small"" and ""Midsize"")",7,Sport Utility Vehicle (SUV)/Multi-Purpose Vehicle (MPV),12,12 Clock Point,1,Going Straight,501,"Intersecting Paths-Straight Paths, Striking from the Right",45,50,0,No Rollover,1,1,Dry,2,No Alcohol Involved,1,1,1.0,42.0,1,2,0,0,11,0,0,1,"West (MT, ID, WA, OR, CA, NV, NM, AZ, UT, CO, WY, AK, HI)",Urban Area,7,July,6,Friday,2023,10,10:00am-10:59am,45,45,12,Motor Vehicle In-Transport,6,Angle,2,Four-Way Intersection,1,On Roadway,1,Clear,1,Daylight,2,1,1,1,1,33.33333333333333,1,0.7055714,1
202304941561,3,42,Mercedes-Benz,2016,462,20,"Minivan (Chrysler Town and Country, Caravan, Grand Caravan, Voyager, Voyager, Honda-Odyssey, ...)",95,Cargo Van,11,11 Clock Point,5,Stopped in Roadway,998,Other Crash Type,45,0,0,No Rollover,1,1,Dry,2,No Alcohol Involved,0,1,0.0,29.0,1,0,0,0,11,0,0,0,"Midwest (OH, IN, IL, MI, WI, MN, ND, SD, NE, IA, MO, KS)",Urban Area,5,May,2,Monday,2023,18,6:00pm-6:59pm,54,54,12,Motor Vehicle In-Transport,6,Angle,2,Four-Way Intersection,1,On Roadway,1,Clear,1,Daylight,2,7,1,0,0,0.0,0,0.09035522,0
202305270729,1,37,Honda,2023,32,4,"4-door sedan, hardtop",13,Sedan/Saloon,10,10 Clock Point,1,Going Straight,402,"Changing Trafficway, Vehicle Turning-Turn Across Path, Initial Opposite Directions [Going Straight]",45,45,0,No Rollover,1,1,Dry,2,No Alcohol Involved,0,1,0.0,36.0,1,0,0,0,11,0,0,0,"South (MD, DE, DC, WV, VA, KY, TN, NC, SC, GA, FL, AL, MS, LA, AR, OK, TX)",Urban Area,9,September,3,Tuesday,2023,20,8:00pm-8:59pm,25,25,12,Motor Vehicle In-Transport,6,Angle,2,Four-Way Intersection,1,On Roadway,1,Clear,2,Dark - Not Lighted,0,0,1,1,1,15.0,1,0.7205072,0
202305394368,1,38,Isuzu,2020,882,61,"Single-unit straight truck or Cab-Chassis (GVWR range 10,001 to 19,500 lbs.)",63,Incomplete - Chassis Cab (Single Cab),9,9 Clock Point,1,Going Straight,504,"Intersecting Paths-Straight Paths, Struck on the Left",25,10,0,No Rollover,1,98,Not Reported,2,No Alcohol Involved,0,1,0.0,19.0,1,0,0,8,11,0,0,0,"South (MD, DE, DC, WV, VA, KY, TN, NC, SC, GA, FL, AL, MS, LA, AR, OK, TX)",Urban Area,9,September,3,Tuesday,2023,10,10:00am-10:59am,57,57,12,Motor Vehicle In-Transport,6,Angle,2,Four-Way Intersection,1,On Roadway,1,Clear,1,Daylight,0,3,1,0,0,3.333333333333333,0,0.042937845,0
202305489978,1,20,Chevrolet,2021,404,14,"Compact Utility (Utility Vehicle Categories ""Small"" and ""Midsize"")",7,Sport Utility Vehicle (SUV)/Multi-Purpose Vehicle (MPV),12,12 Clock Point,11,Turning Left,414,"Changing Trafficway, Vehicle Turning-Turn Into Path, Turn into Opposite Directions [Turning Left]",40,5,0,No Rollover,1,1,Dry,2,No Alcohol Involved,0,1,0.0,40.0,1,0,0,0,11,0,0,0,"South (MD, DE, DC, WV, VA, KY, TN, NC, SC, GA, FL, AL, MS, LA, AR, OK, TX)",Rural Area,12,December,5,Thursday,2023,19,7:00pm-7:59pm,30,30,12,Motor Vehicle In-Transport,6,Angle,3,T-Intersection,1,On Roadway,1,Clear,3,Dark - Lighted,0,2,1,0,0,1.6666666666666667,0,0.3274588,0
202304942475,3,20,Chevrolet,2016,473,34,Light Pickup,60,Pickup,6,6 Clock Point,2,Decelerating in Road,998,Other Crash Type,45,45,0,No Rollover,1,1,Dry,2,No Alcohol Involved,0,1,0.0,34.0,1,0,0,0,11,0,0,0,"South (MD, DE, DC, WV, VA, KY, TN, NC, SC, GA, FL, AL, MS, LA, AR, OK, TX)",Urban Area,5,May,3,Tuesday,2023,17,5:00pm-5:59pm,17,17,12,Motor Vehicle In-Transport,1,Front-to-Rear,1,Not an Intersection,1,On Roadway,1,Clear,1,Daylight,0,7,1,1,1,15.0,0,0.04408834,0
